ag151024,linearsvc_C0.0001,265636,1.0,0.555555555556,0.0,0.0,0.0,undefined,0.0,128.596284866
ag151024,linearsvc_C0.0001,252355,0.95000301164,0.555555555556,0.0,0.0,0.0,undefined,0.0,101.510407925
ag151024,linearsvc_C0.0001,239738,0.90250568447,0.555555555556,0.0,0.0,0.0,undefined,0.0,99.1915991306
ag151024,linearsvc_C0.0001,227752,0.857383788342,0.555555555556,0.0,0.0,0.0,undefined,0.0,78.8863461018
ag151024,linearsvc_C0.0001,216365,0.814516857655,0.555555555556,0.0,0.0,0.0,undefined,0.0,72.8957669735
ag151024,linearsvc_C0.0001,205547,0.77379195591,0.555555555556,0.0,0.0,0.0,undefined,0.0,80.3714468479
ag151024,linearsvc_C0.0001,195270,0.735103675707,0.555555555556,0.0,0.0,0.0,undefined,0.0,57.3997108936
ag151024,linearsvc_C0.0001,185507,0.698350374196,0.555555555556,0.0,0.0,0.0,undefined,0.0,58.4819021225
ag151024,linearsvc_C0.0001,176232,0.663434173079,0.555555555556,0.0,0.0,0.0,undefined,0.0,40.8548791409
ag151024,linearsvc_C0.0001,167421,0.630264723155,0.555555555556,0.0,0.0,0.0,undefined,0.0,52.9608829021
ag151024,linearsvc_C0.0001,159050,0.598751675225,0.555555555556,0.0,0.0,0.0,undefined,0.0,45.3532941341
ag151024,linearsvc_C0.0001,151098,0.568815973738,0.555555555556,0.0,0.0,0.0,undefined,0.0,44.1614170074
ag151024,linearsvc_C0.0001,143544,0.540378563147,0.555555555556,0.0,0.0,0.0,undefined,0.0,40.8420751095
ag151024,linearsvc_C0.0001,136367,0.513360387899,0.555555555556,0.0,0.0,0.0,undefined,0.0,34.315418005
ag151024,linearsvc_C0.0001,129549,0.487693686097,0.555555555556,0.0,0.0,0.0,undefined,0.0,32.6235079765
ag151024,linearsvc_C0.0001,123072,0.463310695839,0.5,0.0,0.0,0.0,undefined,0.0,24.9796080589
ag151024,linearsvc_C0.0001,116919,0.440147419777,0.5,0.0,0.0,0.0,undefined,0.0,26.4326150417
ag151024,linearsvc_C0.0001,111074,0.418143625111,0.5,0.0,0.0,0.0,undefined,0.0,26.3685109615
ag151024,linearsvc_C0.0001,105521,0.39723907904,0.5,0.0,0.0,0.0,undefined,0.0,22.0587799549
ag151024,linearsvc_C0.0001,100245,0.377377313316,0.5,0.0,0.0,0.0,undefined,0.0,14.7828099728
ag151024,linearsvc_C0.0001,95233,0.358509388788,0.5,0.0,0.0,0.0,undefined,0.0,14.5315670967
ag151024,linearsvc_C0.0001,90472,0.340586366306,0.5,0.0,0.0,0.0,undefined,0.0,17.4460349083
ag151024,linearsvc_C0.0001,85949,0.32355930672,0.5,0.0,0.0,0.0,undefined,0.0,14.4133708477
ag151024,linearsvc_C0.0001,81652,0.307383035432,0.5,0.0,0.0,0.0,undefined,0.0,13.981621027
ag151024,linearsvc_C0.0001,77570,0.29201614239,0.5,0.0,0.0,0.0,undefined,0.0,12.1977789402
ag151024,linearsvc_C0.0001,73692,0.277417217546,0.5,0.0,0.0,0.0,undefined,0.0,11.2621150017
ag151024,linearsvc_C0.0001,70008,0.263548615399,0.5,0.0,0.0,0.0,undefined,0.0,10.7819020748
ag151024,linearsvc_C0.0001,66508,0.250372690449,0.5,0.0,0.0,0.0,undefined,0.0,8.53871703148
ag151024,linearsvc_C0.0001,63183,0.237855561746,0.5,0.0,0.0,0.0,undefined,0.0,8.64672589302
ag151024,linearsvc_C0.0001,60024,0.225963348341,0.5,0.0,0.0,0.0,undefined,0.0,7.48480916023
ag151024,linearsvc_C0.0001,57023,0.214665933834,0.5,0.0,0.0,0.0,undefined,0.0,6.3821439743
ag151024,linearsvc_C0.0001,54172,0.203933201825,0.444444444444,0.0,0.0,0.0,undefined,0.0,6.60233283043
ag151024,linearsvc_C0.0001,51464,0.193738800464,0.444444444444,0.0,0.0,0.0,undefined,0.0,5.48079705238
ag151024,linearsvc_C0.0001,48891,0.184052613351,0.444444444444,0.0,0.0,0.0,undefined,0.0,5.91242289543
ag151024,linearsvc_C0.0001,46447,0.174852053186,0.444444444444,0.0,0.0,0.0,undefined,0.0,5.20551586151
ag151024,linearsvc_C0.0001,44125,0.166110768119,0.444444444444,0.0,0.0,0.0,undefined,0.0,4.63944411278
ag151024,linearsvc_C0.0001,41919,0.15780617085,0.444444444444,0.0,0.0,0.0,undefined,0.0,4.15998101234
ag151024,linearsvc_C0.0001,39824,0.14991943863,0.444444444444,0.0,0.0,0.0,undefined,0.0,3.62052702904
ag151024,linearsvc_C0.0001,37833,0.142424219609,0.444444444444,0.0,0.0,0.0,undefined,0.0,3.50626182556
ag151024,linearsvc_C0.0001,35942,0.135305455586,0.444444444444,0.0,0.0,0.0,undefined,0.0,2.7724108696
ag151024,linearsvc_C0.0001,34145,0.128540559262,0.444444444444,0.0,0.0,0.0,undefined,0.0,2.78694915771
ag151024,linearsvc_C0.0001,32438,0.122114472436,0.444444444444,0.0,0.0,0.0,undefined,0.0,2.76734995842
ag151024,linearsvc_C0.0001,30817,0.116012136909,0.444444444444,0.0,0.0,0.0,undefined,0.0,2.5495839119
ag151024,linearsvc_C0.0001,29277,0.110214729931,0.388888888889,0.0,0.0,0.0,undefined,0.0,2.32837104797
ag151024,linearsvc_C0.0001,27814,0.104707193302,0.388888888889,0.0,0.0,0.0,undefined,0.0,1.96999907494
ag151024,linearsvc_C0.0001,26424,0.099474468822,0.388888888889,0.0,0.0,0.0,undefined,0.0,1.78337788582
ag151024,linearsvc_C0.0001,25103,0.0945014982909,0.388888888889,0.0,0.0,0.0,undefined,0.0,1.63523292542
ag151024,linearsvc_C0.0001,23848,0.0897769880588,0.388888888889,0.0,0.0,0.0,undefined,0.0,1.58704185486
ag151024,linearsvc_C0.0001,22656,0.0852896444759,0.388888888889,0.0,0.0,0.0,undefined,0.0,1.51059293747
ag151024,linearsvc_C0.0001,21524,0.0810281738921,0.388888888889,0.0,0.0,0.0,undefined,0.0,1.32279706001
ag151024,linearsvc_C0.0001,20448,0.0769775181075,0.388888888889,0.0,0.0,0.0,undefined,0.0,1.19339489937
ag151024,linearsvc_C0.0001,19426,0.0731301480221,0.388888888889,0.0,0.0,0.0,undefined,0.0,0.936855077744
ag151024,linearsvc_C0.0001,18455,0.069474769986,0.388888888889,0.0,0.0,0.0,undefined,0.0,0.965188980103
ag151024,linearsvc_C0.0001,17533,0.0660038548992,0.388888888889,0.0,0.0,0.0,undefined,0.0,0.922981977463
ag151024,linearsvc_C0.0001,16657,0.0627061091117,0.388888888889,0.0,0.0,0.0,undefined,0.0,0.778794050217
ag151024,linearsvc_C0.0001,15825,0.0595740035236,0.388888888889,0.0,0.0,0.0,undefined,0.0,0.777585029602
ag151024,linearsvc_C0.0001,15034,0.0565962444849,0.388888888889,0.0,0.0,0.0,undefined,0.0,0.698031902313
ag151024,linearsvc_C0.0001,14283,0.0537690674457,0.388888888889,0.0,0.0,0.0,undefined,0.0,0.660887956619
ag151024,linearsvc_C0.0001,13569,0.0510811787559,0.388888888889,0.0,0.0,0.0,undefined,0.0,0.578082799911
ag151024,linearsvc_C0.0001,12891,0.0485288138656,0.388888888889,0.0,0.0,0.0,undefined,0.0,0.52072095871
ag151024,linearsvc_C0.0001,12247,0.0461044436748,0.388888888889,0.0,0.0,0.0,undefined,0.0,0.500347137451
ag151024,linearsvc_C0.0001,11635,0.0438005390836,0.333333333333,0.0,0.0,0.0,undefined,0.0,0.435538053513
ag151024,linearsvc_C0.0001,11054,0.0416133355419,0.333333333333,0.0,0.0,0.0,undefined,0.0,0.432699918747
ag151024,linearsvc_C0.0001,10502,0.0395353039498,0.333333333333,0.0,0.0,0.0,undefined,0.0,0.36780500412
ag151024,linearsvc_C0.0001,9977,0.0375589152073,0.333333333333,0.0,0.0,0.0,undefined,0.0,0.365168094635
ag151024,linearsvc_C0.0001,9479,0.0356841693144,0.333333333333,0.0,0.0,0.0,undefined,0.0,0.320379018784
ag151024,linearsvc_C0.0001,9006,0.0339035371712,0.333333333333,0.0,0.0,0.0,undefined,0.0,0.298182010651
ag151024,linearsvc_C0.0001,8556,0.0322094896776,0.333333333333,0.0,0.0,0.0,undefined,0.0,0.279555797577
ag151024,linearsvc_C0.0001,8129,0.0306020268337,0.333333333333,0.0,0.0,0.0,undefined,0.0,0.254111051559
ag151024,linearsvc_C0.0001,7723,0.0290736195395,0.333333333333,0.0,0.0,0.0,undefined,0.0,0.19727396965
ag151024,linearsvc_C0.0001,7337,0.027620503245,0.333333333333,0.0,0.0,0.0,undefined,0.0,0.203583955765
ag151024,linearsvc_C0.0001,6971,0.0262426779503,0.333333333333,0.0,0.0,0.0,undefined,0.0,0.180161952972
ag151024,linearsvc_C0.0001,6623,0.0249326145553,0.333333333333,0.0,0.0,0.0,undefined,0.0,0.170537948608
ag151024,linearsvc_C0.0001,6292,0.02368654851,0.333333333333,0.0,0.0,0.0,undefined,0.0,0.162404060364
ag151024,linearsvc_C0.0001,5978,0.0225044798145,0.333333333333,0.0,0.0,0.0,undefined,0.0,0.15466594696
ag151024,linearsvc_C0.0001,5680,0.0213826439187,0.333333333333,0.0,0.0,0.0,undefined,0.0,0.128778934479
ag151024,linearsvc_C0.0001,5396,0.0203135117228,0.333333333333,0.0,0.0,0.0,undefined,0.0,0.116904973984
ag151024,linearsvc_C0.0001,5127,0.0193008477767,0.333333333333,0.0,0.0,0.0,undefined,0.0,0.110706090927
ag151024,linearsvc_C0.0001,4871,0.0183371229803,0.333333333333,0.0,0.0,0.0,undefined,0.0,0.105240106583
ag151024,linearsvc_C0.0001,4628,0.0174223373338,0.333333333333,0.0,0.0,0.0,undefined,0.0,0.0999000072479
ag151024,linearsvc_C0.0001,4397,0.0165527262871,0.333333333333,0.0,0.0,0.0,undefined,0.0,0.0940279960632
ag151024,linearsvc_C0.0001,4178,0.0157282898402,0.277777777778,0.0,0.0,0.0,undefined,0.0,0.0849840641022
ag151024,linearsvc_C0.0001,3970,0.0149452634432,0.277777777778,0.0,0.0,0.0,undefined,0.0,0.0763499736786
ag151024,linearsvc_C0.0001,3772,0.014199882546,0.277777777778,0.0,0.0,0.0,undefined,0.0,0.0875990390778
ag151024,linearsvc_C0.0001,3584,0.0134921471487,0.277777777778,0.0,0.0,0.0,undefined,0.0,0.0888230800629
ag151024,linearsvc_C0.0001,3405,0.0128182927013,0.277777777778,0.0,0.0,0.0,undefined,0.0,0.0784959793091
ag151024,linearsvc_C0.0001,3235,0.0121783192037,0.277777777778,0.0,0.0,0.0,undefined,0.0,0.0826961994171
ag151024,linearsvc_C0.0001,3074,0.011572226656,0.277777777778,0.0,0.0,0.0,undefined,0.0,0.0709838867188
ag151024,linearsvc_C0.0001,2921,0.0109962505082,0.277777777778,0.0,0.0,0.0,undefined,0.0,0.0670099258423
ag151024,linearsvc_C0.0001,2775,0.0104466262103,0.277777777778,0.0,0.0,0.0,undefined,0.0,0.0666999816895
ag151024,linearsvc_C0.0001,2637,0.00992711831228,0.222222222222,0.0,0.0,0.0,undefined,0.0,0.06214594841
ag151024,linearsvc_C0.0001,2506,0.00943396226415,0.222222222222,0.0,0.0,0.0,undefined,0.0,0.0578780174255
ag151024,linearsvc_C0.0001,2381,0.00896339351594,0.222222222222,0.0,0.0,0.0,undefined,0.0,0.0531430244446
ag151024,linearsvc_C0.0001,2262,0.00851541206764,0.277777777778,0.0,0.0,0.0,undefined,0.0,0.0552110671997
ag151024,linearsvc_C0.0001,2149,0.00809001791926,0.166666666667,0.0,0.0,0.0,undefined,0.0,0.0518050193787
ag151024,linearsvc_C0.0001,2042,0.00768721107079,0.166666666667,0.0,0.0,0.0,undefined,0.0,0.0851449966431
ag151024,linearsvc_C0.0001,1940,0.00730322697225,0.277777777778,0.0,0.0,0.0,undefined,0.0,0.0810348987579
ag151024,linearsvc_C0.0001,1843,0.00693806562364,0.277777777778,0.0,0.0,0.0,undefined,0.0,0.0804069042206
ag151024,linearsvc_C0.0001,1751,0.00659172702495,0.222222222222,0.0,0.0,0.0,undefined,0.0,0.0784230232239
ag151024,linearsvc_C0.0001,1664,0.0062642111762,0.111111111111,0.0,0.0,0.0,undefined,0.0,0.0775980949402
ag151024,linearsvc_C0.0001,1581,0.00595175352738,0.111111111111,0.0,0.0,0.0,undefined,0.0,0.0755848884583
ag151024,linearsvc_C0.0001,1502,0.00565435407851,0.222222222222,0.0,0.0,0.0,undefined,0.0,0.0743160247803
ag151024,linearsvc_C0.0001,1427,0.00537201282959,0.166666666667,0.0,0.0,0.0,undefined,0.0,0.073117017746
ag151024,linearsvc_C0.0001,1356,0.0051047297806,0.166666666667,0.0,0.0,0.0,undefined,0.0,0.0689849853516
ag151024,linearsvc_C0.001,265636,1.0,0.444444444444,0.0,0.0,0.0,undefined,0.0,301.261360884
ag151024,linearsvc_C0.001,252355,0.95000301164,0.444444444444,0.0,0.0,0.0,undefined,0.0,284.636924982
ag151024,linearsvc_C0.001,239738,0.90250568447,0.444444444444,0.0,0.0,0.0,undefined,0.0,267.519707918
ag151024,linearsvc_C0.001,227752,0.857383788342,0.444444444444,0.0,0.0,0.0,undefined,0.0,258.266555786
ag151024,linearsvc_C0.001,216365,0.814516857655,0.444444444444,0.0,0.0,0.0,undefined,0.0,245.818516016
ag151024,linearsvc_C0.001,205547,0.77379195591,0.444444444444,0.0,0.0,0.0,undefined,0.0,231.889292955
ag151024,linearsvc_C0.001,195270,0.735103675707,0.444444444444,0.0,0.0,0.0,undefined,0.0,218.189540148
ag151024,linearsvc_C0.001,185507,0.698350374196,0.444444444444,0.0,0.0,0.0,undefined,0.0,211.029906988
ag151024,linearsvc_C0.001,176232,0.663434173079,0.444444444444,0.0,0.0,0.0,undefined,0.0,196.449913025
ag151024,linearsvc_C0.001,167421,0.630264723155,0.444444444444,0.0,0.0,0.0,undefined,0.0,190.049550056
ag151024,linearsvc_C0.001,159050,0.598751675225,0.444444444444,0.0,0.0,0.0,undefined,0.0,177.145525932
ag151024,linearsvc_C0.001,151098,0.568815973738,0.444444444444,0.0,0.0,0.0,undefined,0.0,172.097971916
ag151024,linearsvc_C0.001,143544,0.540378563147,0.444444444444,0.0,0.0,0.0,undefined,0.0,144.147472143
ag151024,linearsvc_C0.001,136367,0.513360387899,0.444444444444,0.0,0.0,0.0,undefined,0.0,155.728415012
ag151024,linearsvc_C0.001,129549,0.487693686097,0.444444444444,0.0,0.0,0.0,undefined,0.0,144.883492947
ag151024,linearsvc_C0.001,123072,0.463310695839,0.444444444444,0.0,0.0,0.0,undefined,0.0,115.716605902
ag151024,linearsvc_C0.001,116919,0.440147419777,0.444444444444,0.0,0.0,0.0,undefined,0.0,104.944705009
ag151024,linearsvc_C0.001,111074,0.418143625111,0.444444444444,0.0,0.0,0.0,undefined,0.0,90.397550106
ag151024,linearsvc_C0.001,105521,0.39723907904,0.444444444444,0.0,0.0,0.0,undefined,0.0,105.084305048
ag151024,linearsvc_C0.001,100245,0.377377313316,0.444444444444,0.0,0.0,0.0,undefined,0.0,92.6040780544
ag151024,linearsvc_C0.001,95233,0.358509388788,0.444444444444,0.0,0.0,0.0,undefined,0.0,82.7668969631
ag151024,linearsvc_C0.001,90472,0.340586366306,0.444444444444,0.0,0.0,0.0,undefined,0.0,75.7057361603
ag151024,linearsvc_C0.001,85949,0.32355930672,0.444444444444,0.0,0.0,0.0,undefined,0.0,61.6214859486
ag151024,linearsvc_C0.001,81652,0.307383035432,0.444444444444,0.0,0.0,0.0,undefined,0.0,62.7170348167
ag151024,linearsvc_C0.001,77570,0.29201614239,0.444444444444,0.0,0.0,0.0,undefined,0.0,49.1571178436
ag151024,linearsvc_C0.001,73692,0.277417217546,0.444444444444,0.0,0.0,0.0,undefined,0.0,53.9857912064
ag151024,linearsvc_C0.001,70008,0.263548615399,0.444444444444,0.0,0.0,0.0,undefined,0.0,62.410410881
ag151024,linearsvc_C0.001,66508,0.250372690449,0.444444444444,0.0,0.0,0.0,undefined,0.0,44.7341730595
ag151024,linearsvc_C0.001,63183,0.237855561746,0.444444444444,0.0,0.0,0.0,undefined,0.0,39.2284748554
ag151024,linearsvc_C0.001,60024,0.225963348341,0.444444444444,0.0,0.0,0.0,undefined,0.0,28.4962890148
ag151024,linearsvc_C0.001,57023,0.214665933834,0.444444444444,0.0,0.0,0.0,undefined,0.0,32.3647830486
ag151024,linearsvc_C0.001,54172,0.203933201825,0.444444444444,0.0,0.0,0.0,undefined,0.0,30.5977110863
ag151024,linearsvc_C0.001,51464,0.193738800464,0.444444444444,0.0,0.0,0.0,undefined,0.0,21.8749690056
ag151024,linearsvc_C0.001,48891,0.184052613351,0.444444444444,0.0,0.0,0.0,undefined,0.0,42.8112518787
ag151024,linearsvc_C0.001,46447,0.174852053186,0.444444444444,0.0,0.0,0.0,undefined,0.0,22.2332980633
ag151024,linearsvc_C0.001,44125,0.166110768119,0.444444444444,0.0,0.0,0.0,undefined,0.0,32.9937779903
ag151024,linearsvc_C0.001,41919,0.15780617085,0.444444444444,0.0,0.0,0.0,undefined,0.0,19.1862251759
ag151024,linearsvc_C0.001,39824,0.14991943863,0.388888888889,0.0,0.0,0.0,undefined,0.0,17.3404860497
ag151024,linearsvc_C0.001,37833,0.142424219609,0.388888888889,0.0,0.0,0.0,undefined,0.0,16.1279811859
ag151024,linearsvc_C0.001,35942,0.135305455586,0.388888888889,0.0,0.0,0.0,undefined,0.0,14.4683930874
ag151024,linearsvc_C0.001,34145,0.128540559262,0.388888888889,0.0,0.0,0.0,undefined,0.0,12.8329668045
ag151024,linearsvc_C0.001,32438,0.122114472436,0.388888888889,0.0,0.0,0.0,undefined,0.0,11.0717830658
ag151024,linearsvc_C0.001,30817,0.116012136909,0.388888888889,0.0,0.0,0.0,undefined,0.0,10.5581791401
ag151024,linearsvc_C0.001,29277,0.110214729931,0.388888888889,0.0,0.0,0.0,undefined,0.0,10.3666579723
ag151024,linearsvc_C0.001,27814,0.104707193302,0.388888888889,0.0,0.0,0.0,undefined,0.0,8.76159310341
ag151024,linearsvc_C0.001,26424,0.099474468822,0.388888888889,0.0,0.0,0.0,undefined,0.0,7.13602304459
ag151024,linearsvc_C0.001,25103,0.0945014982909,0.333333333333,0.0,0.0,0.0,undefined,0.0,5.65357899666
ag151024,linearsvc_C0.001,23848,0.0897769880588,0.333333333333,0.0,0.0,0.0,undefined,0.0,6.08244419098
ag151024,linearsvc_C0.001,22656,0.0852896444759,0.333333333333,0.0,0.0,0.0,undefined,0.0,5.63225483894
ag151024,linearsvc_C0.001,21524,0.0810281738921,0.333333333333,0.0,0.0,0.0,undefined,0.0,4.73835897446
ag151024,linearsvc_C0.001,20448,0.0769775181075,0.333333333333,0.0,0.0,0.0,undefined,0.0,5.20437383652
ag151024,linearsvc_C0.001,19426,0.0731301480221,0.333333333333,0.0,0.0,0.0,undefined,0.0,4.18979692459
ag151024,linearsvc_C0.001,18455,0.069474769986,0.333333333333,0.0,0.0,0.0,undefined,0.0,4.31266498566
ag151024,linearsvc_C0.001,17533,0.0660038548992,0.333333333333,0.0,0.0,0.0,undefined,0.0,3.89387989044
ag151024,linearsvc_C0.001,16657,0.0627061091117,0.333333333333,0.0,0.0,0.0,undefined,0.0,3.41468501091
ag151024,linearsvc_C0.001,15825,0.0595740035236,0.333333333333,0.0,0.0,0.0,undefined,0.0,2.76346802711
ag151024,linearsvc_C0.001,15034,0.0565962444849,0.333333333333,0.0,0.0,0.0,undefined,0.0,2.80588006973
ag151024,linearsvc_C0.001,14283,0.0537690674457,0.333333333333,0.0,0.0,0.0,undefined,0.0,2.86994099617
ag151024,linearsvc_C0.001,13569,0.0510811787559,0.333333333333,0.0,0.0,0.0,undefined,0.0,2.44861483574
ag151024,linearsvc_C0.001,12891,0.0485288138656,0.333333333333,0.0,0.0,0.0,undefined,0.0,1.82149195671
ag151024,linearsvc_C0.001,12247,0.0461044436748,0.333333333333,0.0,0.0,0.0,undefined,0.0,1.85390090942
ag151024,linearsvc_C0.001,11635,0.0438005390836,0.333333333333,0.0,0.0,0.0,undefined,0.0,1.55879807472
ag151024,linearsvc_C0.001,11054,0.0416133355419,0.333333333333,0.0,0.0,0.0,undefined,0.0,1.5248260498
ag151024,linearsvc_C0.001,10502,0.0395353039498,0.333333333333,0.0,0.0,0.0,undefined,0.0,1.3960108757
ag151024,linearsvc_C0.001,9977,0.0375589152073,0.333333333333,0.0,0.0,0.0,undefined,0.0,1.39612483978
ag151024,linearsvc_C0.001,9479,0.0356841693144,0.277777777778,0.0,0.0,0.0,undefined,0.0,1.34540581703
ag151024,linearsvc_C0.001,9006,0.0339035371712,0.277777777778,0.0,0.0,0.0,undefined,0.0,1.12891817093
ag151024,linearsvc_C0.001,8556,0.0322094896776,0.277777777778,0.0,0.0,0.0,undefined,0.0,1.09224796295
ag151024,linearsvc_C0.001,8129,0.0306020268337,0.277777777778,0.0,0.0,0.0,undefined,0.0,0.876958847046
ag151024,linearsvc_C0.001,7723,0.0290736195395,0.277777777778,0.0,0.0,0.0,undefined,0.0,0.745539188385
ag151024,linearsvc_C0.001,7337,0.027620503245,0.277777777778,0.0,0.0,0.0,undefined,0.0,0.799977779388
ag151024,linearsvc_C0.001,6971,0.0262426779503,0.277777777778,0.0,0.0,0.0,undefined,0.0,0.714461803436
ag151024,linearsvc_C0.001,6623,0.0249326145553,0.277777777778,0.0,0.0,0.0,undefined,0.0,0.620296955109
ag151024,linearsvc_C0.001,6292,0.02368654851,0.277777777778,0.0,0.0,0.0,undefined,0.0,0.595118999481
ag151024,linearsvc_C0.001,5978,0.0225044798145,0.277777777778,0.0,0.0,0.0,undefined,0.0,0.514124155045
ag151024,linearsvc_C0.001,5680,0.0213826439187,0.222222222222,0.0,0.0,0.0,undefined,0.0,0.43723487854
ag151024,linearsvc_C0.001,5396,0.0203135117228,0.222222222222,0.0,0.0,0.0,undefined,0.0,0.347838163376
ag151024,linearsvc_C0.001,5127,0.0193008477767,0.222222222222,0.0,0.0,0.0,undefined,0.0,0.377478837967
ag151024,linearsvc_C0.001,4871,0.0183371229803,0.222222222222,0.0,0.0,0.0,undefined,0.0,0.353706121445
ag151024,linearsvc_C0.001,4628,0.0174223373338,0.222222222222,0.0,0.0,0.0,undefined,0.0,0.312832117081
ag151024,linearsvc_C0.001,4397,0.0165527262871,0.222222222222,0.0,0.0,0.0,undefined,0.0,0.270810127258
ag151024,linearsvc_C0.001,4178,0.0157282898402,0.222222222222,0.0,0.0,0.0,undefined,0.0,0.251935958862
ag151024,linearsvc_C0.001,3970,0.0149452634432,0.222222222222,0.0,0.0,0.0,undefined,0.0,0.276490211487
ag151024,linearsvc_C0.001,3772,0.014199882546,0.222222222222,0.0,0.0,0.0,undefined,0.0,0.204413890839
ag151024,linearsvc_C0.001,3584,0.0134921471487,0.222222222222,0.0,0.0,0.0,undefined,0.0,0.203025102615
ag151024,linearsvc_C0.001,3405,0.0128182927013,0.222222222222,0.0,0.0,0.0,undefined,0.0,0.196882009506
ag151024,linearsvc_C0.001,3235,0.0121783192037,0.222222222222,0.0,0.0,0.0,undefined,0.0,0.187845945358
ag151024,linearsvc_C0.001,3074,0.011572226656,0.222222222222,0.0,0.0,0.0,undefined,0.0,0.18940782547
ag151024,linearsvc_C0.001,2921,0.0109962505082,0.222222222222,0.0,0.0,0.0,undefined,0.0,0.14198589325
ag151024,linearsvc_C0.001,2775,0.0104466262103,0.222222222222,0.0,0.0,0.0,undefined,0.0,0.151306152344
ag151024,linearsvc_C0.001,2637,0.00992711831228,0.222222222222,0.0,0.0,0.0,undefined,0.0,0.118448019028
ag151024,linearsvc_C0.001,2506,0.00943396226415,0.222222222222,0.0,0.0,0.0,undefined,0.0,0.125673055649
ag151024,linearsvc_C0.001,2381,0.00896339351594,0.166666666667,0.0,0.0,0.0,undefined,0.0,0.104709863663
ag151024,linearsvc_C0.001,2262,0.00851541206764,0.166666666667,0.0,0.0,0.0,undefined,0.0,0.11279797554
ag151024,linearsvc_C0.001,2149,0.00809001791926,0.166666666667,0.0,0.0,0.0,undefined,0.0,0.0938041210175
ag151024,linearsvc_C0.001,2042,0.00768721107079,0.166666666667,0.0,0.0,0.0,undefined,0.0,0.0873990058899
ag151024,linearsvc_C0.001,1940,0.00730322697225,0.222222222222,0.0,0.0,0.0,undefined,0.0,0.0877878665924
ag151024,linearsvc_C0.001,1843,0.00693806562364,0.222222222222,0.0,0.0,0.0,undefined,0.0,0.12330698967
ag151024,linearsvc_C0.001,1751,0.00659172702495,0.222222222222,0.0,0.0,0.0,undefined,0.0,0.108150005341
ag151024,linearsvc_C0.001,1664,0.0062642111762,0.222222222222,0.0,0.0,0.0,undefined,0.0,0.0984199047089
ag151024,linearsvc_C0.001,1581,0.00595175352738,0.277777777778,0.0,0.0,0.0,undefined,0.0,0.103443145752
ag151024,linearsvc_C0.001,1502,0.00565435407851,0.277777777778,0.0,0.0,0.0,undefined,0.0,0.0932950973511
ag151024,linearsvc_C0.001,1427,0.00537201282959,0.277777777778,0.0,0.0,0.0,undefined,0.0,0.100721120834
ag151024,linearsvc_C0.001,1356,0.0051047297806,0.277777777778,0.0,0.0,0.0,undefined,0.0,0.0915231704712
ag151024,linearsvc_C0.01,265636,1.0,0.611111111111,0.0,0.0,0.0,undefined,0.0,311.240303993
ag151024,linearsvc_C0.01,252355,0.95000301164,0.611111111111,0.0,0.0,0.0,undefined,0.0,297.245071888
ag151024,linearsvc_C0.01,239738,0.90250568447,0.611111111111,0.0,0.0,0.0,undefined,0.0,283.035757065
ag151024,linearsvc_C0.01,227752,0.857383788342,0.611111111111,0.0,0.0,0.0,undefined,0.0,267.990156889
ag151024,linearsvc_C0.01,216365,0.814516857655,0.611111111111,0.0,0.0,0.0,undefined,0.0,251.091780901
ag151024,linearsvc_C0.01,205547,0.77379195591,0.555555555556,0.0,0.0,0.0,undefined,0.0,239.453794003
ag151024,linearsvc_C0.01,195270,0.735103675707,0.555555555556,0.0,0.0,0.0,undefined,0.0,225.541975021
ag151024,linearsvc_C0.01,185507,0.698350374196,0.555555555556,0.0,0.0,0.0,undefined,0.0,214.77694416
ag151024,linearsvc_C0.01,176232,0.663434173079,0.611111111111,0.0,0.0,0.0,undefined,0.0,204.504976988
ag151024,linearsvc_C0.01,167421,0.630264723155,0.611111111111,0.0,0.0,0.0,undefined,0.0,191.244400978
ag151024,linearsvc_C0.01,159050,0.598751675225,0.611111111111,0.0,0.0,0.0,undefined,0.0,183.20282793
ag151024,linearsvc_C0.01,151098,0.568815973738,0.611111111111,0.0,0.0,0.0,undefined,0.0,173.707026005
ag151024,linearsvc_C0.01,143544,0.540378563147,0.555555555556,0.0,0.0,0.0,undefined,0.0,168.289080858
ag151024,linearsvc_C0.01,136367,0.513360387899,0.555555555556,0.0,0.0,0.0,undefined,0.0,157.675647974
ag151024,linearsvc_C0.01,129549,0.487693686097,0.611111111111,0.0,0.0,0.0,undefined,0.0,149.257487059
ag151024,linearsvc_C0.01,123072,0.463310695839,0.555555555556,0.0,0.0,0.0,undefined,0.0,144.120419979
ag151024,linearsvc_C0.01,116919,0.440147419777,0.555555555556,0.0,0.0,0.0,undefined,0.0,134.587713003
ag151024,linearsvc_C0.01,111074,0.418143625111,0.555555555556,0.0,0.0,0.0,undefined,0.0,127.219065905
ag151024,linearsvc_C0.01,105521,0.39723907904,0.555555555556,0.0,0.0,0.0,undefined,0.0,123.747859955
ag151024,linearsvc_C0.01,100245,0.377377313316,0.555555555556,0.0,0.0,0.0,undefined,0.0,115.61260891
ag151024,linearsvc_C0.01,95233,0.358509388788,0.555555555556,0.0,0.0,0.0,undefined,0.0,108.781558037
ag151024,linearsvc_C0.01,90472,0.340586366306,0.555555555556,0.0,0.0,0.0,undefined,0.0,103.236405134
ag151024,linearsvc_C0.01,85949,0.32355930672,0.5,0.0,0.0,0.0,undefined,0.0,100.237821817
ag151024,linearsvc_C0.01,81652,0.307383035432,0.5,0.0,0.0,0.0,undefined,0.0,92.8092708588
ag151024,linearsvc_C0.01,77570,0.29201614239,0.5,0.0,0.0,0.0,undefined,0.0,86.6785268784
ag151024,linearsvc_C0.01,73692,0.277417217546,0.5,0.0,0.0,0.0,undefined,0.0,83.1805200577
ag151024,linearsvc_C0.01,70008,0.263548615399,0.5,0.0,0.0,0.0,undefined,0.0,79.3583400249
ag151024,linearsvc_C0.01,66508,0.250372690449,0.5,0.0,0.0,0.0,undefined,0.0,76.7291531563
ag151024,linearsvc_C0.01,63183,0.237855561746,0.5,0.0,0.0,0.0,undefined,0.0,71.2091679573
ag151024,linearsvc_C0.01,60024,0.225963348341,0.5,0.0,0.0,0.0,undefined,0.0,67.5238959789
ag151024,linearsvc_C0.01,57023,0.214665933834,0.5,0.0,0.0,0.0,undefined,0.0,64.3459990025
ag151024,linearsvc_C0.01,54172,0.203933201825,0.5,0.0,0.0,0.0,undefined,0.0,60.9055728912
ag151024,linearsvc_C0.01,51464,0.193738800464,0.5,0.0,0.0,0.0,undefined,0.0,59.9294419289
ag151024,linearsvc_C0.01,48891,0.184052613351,0.5,0.0,0.0,0.0,undefined,0.0,55.0980539322
ag151024,linearsvc_C0.01,46447,0.174852053186,0.5,0.0,0.0,0.0,undefined,0.0,51.8732838631
ag151024,linearsvc_C0.01,44125,0.166110768119,0.5,0.0,0.0,0.0,undefined,0.0,49.3037719727
ag151024,linearsvc_C0.01,41919,0.15780617085,0.5,0.0,0.0,0.0,undefined,0.0,47.2762708664
ag151024,linearsvc_C0.01,39824,0.14991943863,0.5,0.0,0.0,0.0,undefined,0.0,44.6587109566
ag151024,linearsvc_C0.01,37833,0.142424219609,0.5,0.0,0.0,0.0,undefined,0.0,40.7178888321
ag151024,linearsvc_C0.01,35942,0.135305455586,0.5,0.0,0.0,0.0,undefined,0.0,40.3416259289
ag151024,linearsvc_C0.01,34145,0.128540559262,0.5,0.0,0.0,0.0,undefined,0.0,39.5287640095
ag151024,linearsvc_C0.01,32438,0.122114472436,0.5,0.0,0.0,0.0,undefined,0.0,36.1107809544
ag151024,linearsvc_C0.01,30817,0.116012136909,0.5,0.0,0.0,0.0,undefined,0.0,34.4604520798
ag151024,linearsvc_C0.01,29277,0.110214729931,0.5,0.0,0.0,0.0,undefined,0.0,32.2384200096
ag151024,linearsvc_C0.01,27814,0.104707193302,0.444444444444,0.0,0.0,0.0,undefined,0.0,30.9933540821
ag151024,linearsvc_C0.01,26424,0.099474468822,0.444444444444,0.0,0.0,0.0,undefined,0.0,29.4677631855
ag151024,linearsvc_C0.01,25103,0.0945014982909,0.444444444444,0.0,0.0,0.0,undefined,0.0,27.4962148666
ag151024,linearsvc_C0.01,23848,0.0897769880588,0.444444444444,0.0,0.0,0.0,undefined,0.0,26.5946638584
ag151024,linearsvc_C0.01,22656,0.0852896444759,0.5,0.0,0.0,0.0,undefined,0.0,25.14478302
ag151024,linearsvc_C0.01,21524,0.0810281738921,0.5,0.0,0.0,0.0,undefined,0.0,23.7985830307
ag151024,linearsvc_C0.01,20448,0.0769775181075,0.5,0.0,0.0,0.0,undefined,0.0,22.2696490288
ag151024,linearsvc_C0.01,19426,0.0731301480221,0.5,0.0,0.0,0.0,undefined,0.0,21.110517025
ag151024,linearsvc_C0.01,18455,0.069474769986,0.5,0.0,0.0,0.0,undefined,0.0,20.3940680027
ag151024,linearsvc_C0.01,17533,0.0660038548992,0.5,0.0,0.0,0.0,undefined,0.0,19.7640550137
ag151024,linearsvc_C0.01,16657,0.0627061091117,0.5,0.0,0.0,0.0,undefined,0.0,19.0154049397
ag151024,linearsvc_C0.01,15825,0.0595740035236,0.5,0.0,0.0,0.0,undefined,0.0,17.2065908909
ag151024,linearsvc_C0.01,15034,0.0565962444849,0.388888888889,0.0,0.0,0.0,undefined,0.0,13.963750124
ag151024,linearsvc_C0.01,14283,0.0537690674457,0.388888888889,0.0,0.0,0.0,undefined,0.0,8.63878798485
ag151024,linearsvc_C0.01,13569,0.0510811787559,0.444444444444,0.0,0.0,0.0,undefined,0.0,13.173979044
ag151024,linearsvc_C0.01,12891,0.0485288138656,0.444444444444,0.0,0.0,0.0,undefined,0.0,12.3738441467
ag151024,linearsvc_C0.01,12247,0.0461044436748,0.444444444444,0.0,0.0,0.0,undefined,0.0,7.77158498764
ag151024,linearsvc_C0.01,11635,0.0438005390836,0.444444444444,0.0,0.0,0.0,undefined,0.0,9.72892904282
ag151024,linearsvc_C0.01,11054,0.0416133355419,0.444444444444,0.0,0.0,0.0,undefined,0.0,8.04471683502
ag151024,linearsvc_C0.01,10502,0.0395353039498,0.444444444444,0.0,0.0,0.0,undefined,0.0,8.21582388878
ag151024,linearsvc_C0.01,9977,0.0375589152073,0.444444444444,0.0,0.0,0.0,undefined,0.0,7.87862706184
ag151024,linearsvc_C0.01,9479,0.0356841693144,0.444444444444,0.0,0.0,0.0,undefined,0.0,5.65012192726
ag151024,linearsvc_C0.01,9006,0.0339035371712,0.444444444444,0.0,0.0,0.0,undefined,0.0,4.79384684563
ag151024,linearsvc_C0.01,8556,0.0322094896776,0.444444444444,0.0,0.0,0.0,undefined,0.0,6.40033078194
ag151024,linearsvc_C0.01,8129,0.0306020268337,0.444444444444,0.0,0.0,0.0,undefined,0.0,4.87960290909
ag151024,linearsvc_C0.01,7723,0.0290736195395,0.444444444444,0.0,0.0,0.0,undefined,0.0,3.9601650238
ag151024,linearsvc_C0.01,7337,0.027620503245,0.444444444444,0.0,0.0,0.0,undefined,0.0,3.17779898643
ag151024,linearsvc_C0.01,6971,0.0262426779503,0.444444444444,0.0,0.0,0.0,undefined,0.0,4.15065908432
ag151024,linearsvc_C0.01,6623,0.0249326145553,0.444444444444,0.0,0.0,0.0,undefined,0.0,2.85826516151
ag151024,linearsvc_C0.01,6292,0.02368654851,0.444444444444,0.0,0.0,0.0,undefined,0.0,3.07393288612
ag151024,linearsvc_C0.01,5978,0.0225044798145,0.444444444444,0.0,0.0,0.0,undefined,0.0,2.46349191666
ag151024,linearsvc_C0.01,5680,0.0213826439187,0.444444444444,0.0,0.0,0.0,undefined,0.0,2.24424695969
ag151024,linearsvc_C0.01,5396,0.0203135117228,0.444444444444,0.0,0.0,0.0,undefined,0.0,3.33417415619
ag151024,linearsvc_C0.01,5127,0.0193008477767,0.388888888889,0.0,0.0,0.0,undefined,0.0,2.42795777321
ag151024,linearsvc_C0.01,4871,0.0183371229803,0.444444444444,0.0,0.0,0.0,undefined,0.0,2.14702010155
ag151024,linearsvc_C0.01,4628,0.0174223373338,0.388888888889,0.0,0.0,0.0,undefined,0.0,1.48847699165
ag151024,linearsvc_C0.01,4397,0.0165527262871,0.444444444444,0.0,0.0,0.0,undefined,0.0,1.51233792305
ag151024,linearsvc_C0.01,4178,0.0157282898402,0.388888888889,0.0,0.0,0.0,undefined,0.0,1.24418902397
ag151024,linearsvc_C0.01,3970,0.0149452634432,0.333333333333,0.0,0.0,0.0,undefined,0.0,1.45892906189
ag151024,linearsvc_C0.01,3772,0.014199882546,0.333333333333,0.0,0.0,0.0,undefined,0.0,1.45391201973
ag151024,linearsvc_C0.01,3584,0.0134921471487,0.388888888889,0.0,0.0,0.0,undefined,0.0,0.945456981659
ag151024,linearsvc_C0.01,3405,0.0128182927013,0.388888888889,0.0,0.0,0.0,undefined,0.0,1.15598297119
ag151024,linearsvc_C0.01,3235,0.0121783192037,0.444444444444,0.0,0.0,0.0,undefined,0.0,0.909076929092
ag151024,linearsvc_C0.01,3074,0.011572226656,0.444444444444,0.0,0.0,0.0,undefined,0.0,0.939218997955
ag151024,linearsvc_C0.01,2921,0.0109962505082,0.444444444444,0.0,0.0,0.0,undefined,0.0,0.754826784134
ag151024,linearsvc_C0.01,2775,0.0104466262103,0.388888888889,0.0,0.0,0.0,undefined,0.0,0.742748975754
ag151024,linearsvc_C0.01,2637,0.00992711831228,0.444444444444,0.0,0.0,0.0,undefined,0.0,0.537950992584
ag151024,linearsvc_C0.01,2506,0.00943396226415,0.5,0.0,0.0,0.0,undefined,0.0,0.448768854141
ag151024,linearsvc_C0.01,2381,0.00896339351594,0.444444444444,0.0,0.0,0.0,undefined,0.0,0.518453836441
ag151024,linearsvc_C0.01,2262,0.00851541206764,0.5,0.0,0.0,0.0,undefined,0.0,0.471778154373
ag151024,linearsvc_C0.01,2149,0.00809001791926,0.5,0.0,0.0,0.0,undefined,0.0,0.402833938599
ag151024,linearsvc_C0.01,2042,0.00768721107079,0.5,0.0,0.0,0.0,undefined,0.0,0.352613925934
ag151024,linearsvc_C0.01,1940,0.00730322697225,0.555555555556,0.0,0.0,0.0,undefined,0.0,0.410051107407
ag151024,linearsvc_C0.01,1843,0.00693806562364,0.555555555556,0.0,0.0,0.0,undefined,0.0,0.357794046402
ag151024,linearsvc_C0.01,1751,0.00659172702495,0.555555555556,0.0,0.0,0.0,undefined,0.0,0.315061092377
ag151024,linearsvc_C0.01,1664,0.0062642111762,0.5,0.0,0.0,0.0,undefined,0.0,0.314655065536
ag151024,linearsvc_C0.01,1581,0.00595175352738,0.555555555556,0.0,0.0,0.0,undefined,0.0,0.263408899307
ag151024,linearsvc_C0.01,1502,0.00565435407851,0.555555555556,0.0,0.0,0.0,undefined,0.0,0.235357046127
ag151024,linearsvc_C0.01,1427,0.00537201282959,0.555555555556,0.0,0.0,0.0,undefined,0.0,0.261442899704
ag151024,linearsvc_C0.01,1356,0.0051047297806,0.5,0.0,0.0,0.0,undefined,0.0,0.227677106857
ag151024,linearsvc_C0.1,265636,1.0,0.388888888889,0.0,0.0,0.0,undefined,0.0,86.6574969292
ag151024,linearsvc_C0.1,252355,0.95000301164,0.388888888889,0.0,0.0,0.0,undefined,0.0,25.9911258221
ag151024,linearsvc_C0.1,239738,0.90250568447,0.388888888889,0.0,0.0,0.0,undefined,0.0,285.600857019
ag151024,linearsvc_C0.1,227752,0.857383788342,0.388888888889,0.0,0.0,0.0,undefined,0.0,268.01067996
ag151024,linearsvc_C0.1,216365,0.814516857655,0.388888888889,0.0,0.0,0.0,undefined,0.0,214.476515055
ag151024,linearsvc_C0.1,205547,0.77379195591,0.444444444444,0.0,0.0,0.0,undefined,0.0,242.366306067
ag151024,linearsvc_C0.1,195270,0.735103675707,0.444444444444,0.0,0.0,0.0,undefined,0.0,230.060376167
ag151024,linearsvc_C0.1,185507,0.698350374196,0.388888888889,0.0,0.0,0.0,undefined,0.0,42.2390880585
ag151024,linearsvc_C0.1,176232,0.663434173079,0.388888888889,0.0,0.0,0.0,undefined,0.0,20.5458230972
ag151024,linearsvc_C0.1,167421,0.630264723155,0.388888888889,0.0,0.0,0.0,undefined,0.0,197.343656063
ag151024,linearsvc_C0.1,159050,0.598751675225,0.388888888889,0.0,0.0,0.0,undefined,0.0,136.162203074
ag151024,linearsvc_C0.1,151098,0.568815973738,0.388888888889,0.0,0.0,0.0,undefined,0.0,178.414515972
ag151024,linearsvc_C0.1,143544,0.540378563147,0.388888888889,0.0,0.0,0.0,undefined,0.0,167.243194103
ag151024,linearsvc_C0.1,136367,0.513360387899,0.388888888889,0.0,0.0,0.0,undefined,0.0,158.963178158
ag151024,linearsvc_C0.1,129549,0.487693686097,0.388888888889,0.0,0.0,0.0,undefined,0.0,153.472872019
ag151024,linearsvc_C0.1,123072,0.463310695839,0.388888888889,0.0,0.0,0.0,undefined,0.0,142.749973059
ag151024,linearsvc_C0.1,116919,0.440147419777,0.388888888889,0.0,0.0,0.0,undefined,0.0,138.30745697
ag151024,linearsvc_C0.1,111074,0.418143625111,0.388888888889,0.0,0.0,0.0,undefined,0.0,128.491693974
ag151024,linearsvc_C0.1,105521,0.39723907904,0.388888888889,0.0,0.0,0.0,undefined,0.0,121.694668055
ag151024,linearsvc_C0.1,100245,0.377377313316,0.388888888889,0.0,0.0,0.0,undefined,0.0,116.091125011
ag151024,linearsvc_C0.1,95233,0.358509388788,0.388888888889,0.0,0.0,0.0,undefined,0.0,112.375928879
ag151024,linearsvc_C0.1,90472,0.340586366306,0.388888888889,0.0,0.0,0.0,undefined,0.0,104.409910917
ag151024,linearsvc_C0.1,85949,0.32355930672,0.388888888889,0.0,0.0,0.0,undefined,0.0,99.0064060688
ag151024,linearsvc_C0.1,81652,0.307383035432,0.388888888889,0.0,0.0,0.0,undefined,0.0,93.9829502106
ag151024,linearsvc_C0.1,77570,0.29201614239,0.388888888889,0.0,0.0,0.0,undefined,0.0,89.1867871284
ag151024,linearsvc_C0.1,73692,0.277417217546,0.388888888889,0.0,0.0,0.0,undefined,0.0,84.7763240337
ag151024,linearsvc_C0.1,70008,0.263548615399,0.388888888889,0.0,0.0,0.0,undefined,0.0,82.63976717
ag151024,linearsvc_C0.1,66508,0.250372690449,0.388888888889,0.0,0.0,0.0,undefined,0.0,76.3213851452
ag151024,linearsvc_C0.1,63183,0.237855561746,0.388888888889,0.0,0.0,0.0,undefined,0.0,72.4050660133
ag151024,linearsvc_C0.1,60024,0.225963348341,0.388888888889,0.0,0.0,0.0,undefined,0.0,69.0349948406
ag151024,linearsvc_C0.1,57023,0.214665933834,0.388888888889,0.0,0.0,0.0,undefined,0.0,65.3543829918
ag151024,linearsvc_C0.1,54172,0.203933201825,0.388888888889,0.0,0.0,0.0,undefined,0.0,62.1353559494
ag151024,linearsvc_C0.1,51464,0.193738800464,0.388888888889,0.0,0.0,0.0,undefined,0.0,60.8774678707
ag151024,linearsvc_C0.1,48891,0.184052613351,0.388888888889,0.0,0.0,0.0,undefined,0.0,56.1517651081
ag151024,linearsvc_C0.1,46447,0.174852053186,0.388888888889,0.0,0.0,0.0,undefined,0.0,53.3062491417
ag151024,linearsvc_C0.1,44125,0.166110768119,0.388888888889,0.0,0.0,0.0,undefined,0.0,50.3691990376
ag151024,linearsvc_C0.1,41919,0.15780617085,0.388888888889,0.0,0.0,0.0,undefined,0.0,48.2013790607
ag151024,linearsvc_C0.1,39824,0.14991943863,0.388888888889,0.0,0.0,0.0,undefined,0.0,45.5273590088
ag151024,linearsvc_C0.1,37833,0.142424219609,0.388888888889,0.0,0.0,0.0,undefined,0.0,43.4404270649
ag151024,linearsvc_C0.1,35942,0.135305455586,0.388888888889,0.0,0.0,0.0,undefined,0.0,41.0548090935
ag151024,linearsvc_C0.1,34145,0.128540559262,0.388888888889,0.0,0.0,0.0,undefined,0.0,39.2429349422
ag151024,linearsvc_C0.1,32438,0.122114472436,0.388888888889,0.0,0.0,0.0,undefined,0.0,38.3617069721
ag151024,linearsvc_C0.1,30817,0.116012136909,0.388888888889,0.0,0.0,0.0,undefined,0.0,35.765130043
ag151024,linearsvc_C0.1,29277,0.110214729931,0.388888888889,0.0,0.0,0.0,undefined,0.0,33.5178968906
ag151024,linearsvc_C0.1,27814,0.104707193302,0.388888888889,0.0,0.0,0.0,undefined,0.0,31.6606171131
ag151024,linearsvc_C0.1,26424,0.099474468822,0.388888888889,0.0,0.0,0.0,undefined,0.0,29.9092218876
ag151024,linearsvc_C0.1,25103,0.0945014982909,0.388888888889,0.0,0.0,0.0,undefined,0.0,28.5405240059
ag151024,linearsvc_C0.1,23848,0.0897769880588,0.388888888889,0.0,0.0,0.0,undefined,0.0,27.087348938
ag151024,linearsvc_C0.1,22656,0.0852896444759,0.388888888889,0.0,0.0,0.0,undefined,0.0,25.5213179588
ag151024,linearsvc_C0.1,21524,0.0810281738921,0.388888888889,0.0,0.0,0.0,undefined,0.0,24.3490040302
ag151024,linearsvc_C0.1,20448,0.0769775181075,0.388888888889,0.0,0.0,0.0,undefined,0.0,23.1183178425
ag151024,linearsvc_C0.1,19426,0.0731301480221,0.388888888889,0.0,0.0,0.0,undefined,0.0,21.8936080933
ag151024,linearsvc_C0.1,18455,0.069474769986,0.388888888889,0.0,0.0,0.0,undefined,0.0,20.6849858761
ag151024,linearsvc_C0.1,17533,0.0660038548992,0.388888888889,0.0,0.0,0.0,undefined,0.0,19.698567152
ag151024,linearsvc_C0.1,16657,0.0627061091117,0.388888888889,0.0,0.0,0.0,undefined,0.0,18.6876239777
ag151024,linearsvc_C0.1,15825,0.0595740035236,0.388888888889,0.0,0.0,0.0,undefined,0.0,17.6858839989
ag151024,linearsvc_C0.1,15034,0.0565962444849,0.388888888889,0.0,0.0,0.0,undefined,0.0,16.6186029911
ag151024,linearsvc_C0.1,14283,0.0537690674457,0.388888888889,0.0,0.0,0.0,undefined,0.0,15.6170961857
ag151024,linearsvc_C0.1,13569,0.0510811787559,0.388888888889,0.0,0.0,0.0,undefined,0.0,14.7903749943
ag151024,linearsvc_C0.1,12891,0.0485288138656,0.388888888889,0.0,0.0,0.0,undefined,0.0,13.962594986
ag151024,linearsvc_C0.1,12247,0.0461044436748,0.388888888889,0.0,0.0,0.0,undefined,0.0,13.1441459656
ag151024,linearsvc_C0.1,11635,0.0438005390836,0.388888888889,0.0,0.0,0.0,undefined,0.0,12.6288490295
ag151024,linearsvc_C0.1,11054,0.0416133355419,0.388888888889,0.0,0.0,0.0,undefined,0.0,12.0288670063
ag151024,linearsvc_C0.1,10502,0.0395353039498,0.333333333333,0.0,0.0,0.0,undefined,0.0,11.7872879505
ag151024,linearsvc_C0.1,9977,0.0375589152073,0.333333333333,0.0,0.0,0.0,undefined,0.0,10.8314499855
ag151024,linearsvc_C0.1,9479,0.0356841693144,0.333333333333,0.0,0.0,0.0,undefined,0.0,10.6275091171
ag151024,linearsvc_C0.1,9006,0.0339035371712,0.333333333333,0.0,0.0,0.0,undefined,0.0,9.35219502449
ag151024,linearsvc_C0.1,8556,0.0322094896776,0.333333333333,0.0,0.0,0.0,undefined,0.0,8.83112883568
ag151024,linearsvc_C0.1,8129,0.0306020268337,0.333333333333,0.0,0.0,0.0,undefined,0.0,8.18848800659
ag151024,linearsvc_C0.1,7723,0.0290736195395,0.333333333333,0.0,0.0,0.0,undefined,0.0,7.81230592728
ag151024,linearsvc_C0.1,7337,0.027620503245,0.388888888889,0.0,0.0,0.0,undefined,0.0,7.20107984543
ag151024,linearsvc_C0.1,6971,0.0262426779503,0.388888888889,0.0,0.0,0.0,undefined,0.0,6.97340893745
ag151024,linearsvc_C0.1,6623,0.0249326145553,0.388888888889,0.0,0.0,0.0,undefined,0.0,6.02563095093
ag151024,linearsvc_C0.1,6292,0.02368654851,0.388888888889,0.0,0.0,0.0,undefined,0.0,6.12344408035
ag151024,linearsvc_C0.1,5978,0.0225044798145,0.388888888889,0.0,0.0,0.0,undefined,0.0,5.92462897301
ag151024,linearsvc_C0.1,5680,0.0213826439187,0.388888888889,0.0,0.0,0.0,undefined,0.0,5.13473105431
ag151024,linearsvc_C0.1,5396,0.0203135117228,0.388888888889,0.0,0.0,0.0,undefined,0.0,5.29120993614
ag151024,linearsvc_C0.1,5127,0.0193008477767,0.388888888889,0.0,0.0,0.0,undefined,0.0,4.69054698944
ag151024,linearsvc_C0.1,4871,0.0183371229803,0.388888888889,0.0,0.0,0.0,undefined,0.0,4.07827091217
ag151024,linearsvc_C0.1,4628,0.0174223373338,0.333333333333,0.0,0.0,0.0,undefined,0.0,4.00008797646
ag151024,linearsvc_C0.1,4397,0.0165527262871,0.333333333333,0.0,0.0,0.0,undefined,0.0,4.00041484833
ag151024,linearsvc_C0.1,4178,0.0157282898402,0.333333333333,0.0,0.0,0.0,undefined,0.0,3.54270386696
ag151024,linearsvc_C0.1,3970,0.0149452634432,0.333333333333,0.0,0.0,0.0,undefined,0.0,3.09537315369
ag151024,linearsvc_C0.1,3772,0.014199882546,0.333333333333,0.0,0.0,0.0,undefined,0.0,2.68204307556
ag151024,linearsvc_C0.1,3584,0.0134921471487,0.333333333333,0.0,0.0,0.0,undefined,0.0,2.7154071331
ag151024,linearsvc_C0.1,3405,0.0128182927013,0.333333333333,0.0,0.0,0.0,undefined,0.0,2.27781486511
ag151024,linearsvc_C0.1,3235,0.0121783192037,0.333333333333,0.0,0.0,0.0,undefined,0.0,1.96340608597
ag151024,linearsvc_C0.1,3074,0.011572226656,0.333333333333,0.0,0.0,0.0,undefined,0.0,2.37244915962
ag151024,linearsvc_C0.1,2921,0.0109962505082,0.277777777778,0.0,0.0,0.0,undefined,0.0,1.73760199547
ag151024,linearsvc_C0.1,2775,0.0104466262103,0.277777777778,0.0,0.0,0.0,undefined,0.0,1.65494704247
ag151024,linearsvc_C0.1,2637,0.00992711831228,0.277777777778,0.0,0.0,0.0,undefined,0.0,1.79801797867
ag151024,linearsvc_C0.1,2506,0.00943396226415,0.222222222222,0.0,0.0,0.0,undefined,0.0,1.44170808792
ag151024,linearsvc_C0.1,2381,0.00896339351594,0.277777777778,0.0,0.0,0.0,undefined,0.0,1.16676497459
ag151024,linearsvc_C0.1,2262,0.00851541206764,0.277777777778,0.0,0.0,0.0,undefined,0.0,1.21169090271
ag151024,linearsvc_C0.1,2149,0.00809001791926,0.277777777778,0.0,0.0,0.0,undefined,0.0,0.930359125137
ag151024,linearsvc_C0.1,2042,0.00768721107079,0.222222222222,0.0,0.0,0.0,undefined,0.0,0.996916055679
ag151024,linearsvc_C0.1,1940,0.00730322697225,0.222222222222,0.0,0.0,0.0,undefined,0.0,1.0070810318
ag151024,linearsvc_C0.1,1843,0.00693806562364,0.222222222222,0.0,0.0,0.0,undefined,0.0,0.73046207428
ag151024,linearsvc_C0.1,1751,0.00659172702495,0.222222222222,0.0,0.0,0.0,undefined,0.0,0.742941141129
ag151024,linearsvc_C0.1,1664,0.0062642111762,0.222222222222,0.0,0.0,0.0,undefined,0.0,0.747381925583
ag151024,linearsvc_C0.1,1581,0.00595175352738,0.222222222222,0.0,0.0,0.0,undefined,0.0,0.693525075912
ag151024,linearsvc_C0.1,1502,0.00565435407851,0.222222222222,0.0,0.0,0.0,undefined,0.0,0.644518852234
ag151024,linearsvc_C0.1,1427,0.00537201282959,0.222222222222,0.0,0.0,0.0,undefined,0.0,0.665967941284
ag151024,linearsvc_C0.1,1356,0.0051047297806,0.222222222222,0.0,0.0,0.0,undefined,0.0,0.440525054932
ag151024,linearsvc_C1.0,265636,1.0,0.5,0.0,0.0,0.0,undefined,0.0,21.1501550674
ag151024,linearsvc_C1.0,252355,0.95000301164,0.5,0.0,0.0,0.0,undefined,0.0,18.1884300709
ag151024,linearsvc_C1.0,239738,0.90250568447,0.5,0.0,0.0,0.0,undefined,0.0,17.1610879898
ag151024,linearsvc_C1.0,227752,0.857383788342,0.5,0.0,0.0,0.0,undefined,0.0,15.9498050213
ag151024,linearsvc_C1.0,216365,0.814516857655,0.5,0.0,0.0,0.0,undefined,0.0,15.3627347946
ag151024,linearsvc_C1.0,205547,0.77379195591,0.5,0.0,0.0,0.0,undefined,0.0,14.1563601494
ag151024,linearsvc_C1.0,195270,0.735103675707,0.5,0.0,0.0,0.0,undefined,0.0,13.1698579788
ag151024,linearsvc_C1.0,185507,0.698350374196,0.5,0.0,0.0,0.0,undefined,0.0,12.5483601093
ag151024,linearsvc_C1.0,176232,0.663434173079,0.5,0.0,0.0,0.0,undefined,0.0,11.8650619984
ag151024,linearsvc_C1.0,167421,0.630264723155,0.5,0.0,0.0,0.0,undefined,0.0,11.1459391117
ag151024,linearsvc_C1.0,159050,0.598751675225,0.5,0.0,0.0,0.0,undefined,0.0,10.5266919136
ag151024,linearsvc_C1.0,151098,0.568815973738,0.5,0.0,0.0,0.0,undefined,0.0,10.1673119068
ag151024,linearsvc_C1.0,143544,0.540378563147,0.5,0.0,0.0,0.0,undefined,0.0,9.46012306213
ag151024,linearsvc_C1.0,136367,0.513360387899,0.5,0.0,0.0,0.0,undefined,0.0,9.13179397583
ag151024,linearsvc_C1.0,129549,0.487693686097,0.5,0.0,0.0,0.0,undefined,0.0,8.28328990936
ag151024,linearsvc_C1.0,123072,0.463310695839,0.5,0.0,0.0,0.0,undefined,0.0,7.69034194946
ag151024,linearsvc_C1.0,116919,0.440147419777,0.5,0.0,0.0,0.0,undefined,0.0,7.45007205009
ag151024,linearsvc_C1.0,111074,0.418143625111,0.5,0.0,0.0,0.0,undefined,0.0,7.17006516457
ag151024,linearsvc_C1.0,105521,0.39723907904,0.5,0.0,0.0,0.0,undefined,0.0,6.58904695511
ag151024,linearsvc_C1.0,100245,0.377377313316,0.5,0.0,0.0,0.0,undefined,0.0,6.2349460125
ag151024,linearsvc_C1.0,95233,0.358509388788,0.5,0.0,0.0,0.0,undefined,0.0,5.79185509682
ag151024,linearsvc_C1.0,90472,0.340586366306,0.5,0.0,0.0,0.0,undefined,0.0,5.70182204247
ag151024,linearsvc_C1.0,85949,0.32355930672,0.5,0.0,0.0,0.0,undefined,0.0,5.15098500252
ag151024,linearsvc_C1.0,81652,0.307383035432,0.5,0.0,0.0,0.0,undefined,0.0,5.0704100132
ag151024,linearsvc_C1.0,77570,0.29201614239,0.5,0.0,0.0,0.0,undefined,0.0,4.70352387428
ag151024,linearsvc_C1.0,73692,0.277417217546,0.5,0.0,0.0,0.0,undefined,0.0,4.28801703453
ag151024,linearsvc_C1.0,70008,0.263548615399,0.444444444444,0.0,0.0,0.0,undefined,0.0,4.0844578743
ag151024,linearsvc_C1.0,66508,0.250372690449,0.444444444444,0.0,0.0,0.0,undefined,0.0,3.9611427784
ag151024,linearsvc_C1.0,63183,0.237855561746,0.444444444444,0.0,0.0,0.0,undefined,0.0,3.61665415764
ag151024,linearsvc_C1.0,60024,0.225963348341,0.444444444444,0.0,0.0,0.0,undefined,0.0,3.50020503998
ag151024,linearsvc_C1.0,57023,0.214665933834,0.444444444444,0.0,0.0,0.0,undefined,0.0,3.19946789742
ag151024,linearsvc_C1.0,54172,0.203933201825,0.444444444444,0.0,0.0,0.0,undefined,0.0,3.1426448822
ag151024,linearsvc_C1.0,51464,0.193738800464,0.444444444444,0.0,0.0,0.0,undefined,0.0,2.81124305725
ag151024,linearsvc_C1.0,48891,0.184052613351,0.444444444444,0.0,0.0,0.0,undefined,0.0,2.84554409981
ag151024,linearsvc_C1.0,46447,0.174852053186,0.444444444444,0.0,0.0,0.0,undefined,0.0,2.67142820358
ag151024,linearsvc_C1.0,44125,0.166110768119,0.444444444444,0.0,0.0,0.0,undefined,0.0,2.39633488655
ag151024,linearsvc_C1.0,41919,0.15780617085,0.444444444444,0.0,0.0,0.0,undefined,0.0,2.2027361393
ag151024,linearsvc_C1.0,39824,0.14991943863,0.444444444444,0.0,0.0,0.0,undefined,0.0,2.09650206566
ag151024,linearsvc_C1.0,37833,0.142424219609,0.444444444444,0.0,0.0,0.0,undefined,0.0,1.99235200882
ag151024,linearsvc_C1.0,35942,0.135305455586,0.444444444444,0.0,0.0,0.0,undefined,0.0,1.88886594772
ag151024,linearsvc_C1.0,34145,0.128540559262,0.444444444444,0.0,0.0,0.0,undefined,0.0,1.87363195419
ag151024,linearsvc_C1.0,32438,0.122114472436,0.444444444444,0.0,0.0,0.0,undefined,0.0,1.6300008297
ag151024,linearsvc_C1.0,30817,0.116012136909,0.444444444444,0.0,0.0,0.0,undefined,0.0,1.59876608849
ag151024,linearsvc_C1.0,29277,0.110214729931,0.444444444444,0.0,0.0,0.0,undefined,0.0,1.56163787842
ag151024,linearsvc_C1.0,27814,0.104707193302,0.444444444444,0.0,0.0,0.0,undefined,0.0,1.41701102257
ag151024,linearsvc_C1.0,26424,0.099474468822,0.444444444444,0.0,0.0,0.0,undefined,0.0,1.31682801247
ag151024,linearsvc_C1.0,25103,0.0945014982909,0.444444444444,0.0,0.0,0.0,undefined,0.0,1.27574682236
ag151024,linearsvc_C1.0,23848,0.0897769880588,0.444444444444,0.0,0.0,0.0,undefined,0.0,1.16963911057
ag151024,linearsvc_C1.0,22656,0.0852896444759,0.444444444444,0.0,0.0,0.0,undefined,0.0,1.1148250103
ag151024,linearsvc_C1.0,21524,0.0810281738921,0.444444444444,0.0,0.0,0.0,undefined,0.0,1.0207259655
ag151024,linearsvc_C1.0,20448,0.0769775181075,0.444444444444,0.0,0.0,0.0,undefined,0.0,1.02322888374
ag151024,linearsvc_C1.0,19426,0.0731301480221,0.444444444444,0.0,0.0,0.0,undefined,0.0,0.98017001152
ag151024,linearsvc_C1.0,18455,0.069474769986,0.388888888889,0.0,0.0,0.0,undefined,0.0,0.879794836044
ag151024,linearsvc_C1.0,17533,0.0660038548992,0.388888888889,0.0,0.0,0.0,undefined,0.0,0.861697912216
ag151024,linearsvc_C1.0,16657,0.0627061091117,0.388888888889,0.0,0.0,0.0,undefined,0.0,0.779008865356
ag151024,linearsvc_C1.0,15825,0.0595740035236,0.388888888889,0.0,0.0,0.0,undefined,0.0,0.724428892136
ag151024,linearsvc_C1.0,15034,0.0565962444849,0.388888888889,0.0,0.0,0.0,undefined,0.0,0.68440413475
ag151024,linearsvc_C1.0,14283,0.0537690674457,0.388888888889,0.0,0.0,0.0,undefined,0.0,0.722479104996
ag151024,linearsvc_C1.0,13569,0.0510811787559,0.388888888889,0.0,0.0,0.0,undefined,0.0,0.655390024185
ag151024,linearsvc_C1.0,12891,0.0485288138656,0.388888888889,0.0,0.0,0.0,undefined,0.0,0.597779035568
ag151024,linearsvc_C1.0,12247,0.0461044436748,0.333333333333,0.0,0.0,0.0,undefined,0.0,0.586226940155
ag151024,linearsvc_C1.0,11635,0.0438005390836,0.333333333333,0.0,0.0,0.0,undefined,0.0,0.530289888382
ag151024,linearsvc_C1.0,11054,0.0416133355419,0.333333333333,0.0,0.0,0.0,undefined,0.0,0.530529975891
ag151024,linearsvc_C1.0,10502,0.0395353039498,0.333333333333,0.0,0.0,0.0,undefined,0.0,0.476447105408
ag151024,linearsvc_C1.0,9977,0.0375589152073,0.333333333333,0.0,0.0,0.0,undefined,0.0,0.456399917603
ag151024,linearsvc_C1.0,9479,0.0356841693144,0.333333333333,0.0,0.0,0.0,undefined,0.0,0.424520015717
ag151024,linearsvc_C1.0,9006,0.0339035371712,0.333333333333,0.0,0.0,0.0,undefined,0.0,0.365640878677
ag151024,linearsvc_C1.0,8556,0.0322094896776,0.333333333333,0.0,0.0,0.0,undefined,0.0,0.337452888489
ag151024,linearsvc_C1.0,8129,0.0306020268337,0.333333333333,0.0,0.0,0.0,undefined,0.0,0.324843883514
ag151024,linearsvc_C1.0,7723,0.0290736195395,0.333333333333,0.0,0.0,0.0,undefined,0.0,0.315110206604
ag151024,linearsvc_C1.0,7337,0.027620503245,0.333333333333,0.0,0.0,0.0,undefined,0.0,0.292880058289
ag151024,linearsvc_C1.0,6971,0.0262426779503,0.333333333333,0.0,0.0,0.0,undefined,0.0,0.272518157959
ag151024,linearsvc_C1.0,6623,0.0249326145553,0.333333333333,0.0,0.0,0.0,undefined,0.0,0.265996932983
ag151024,linearsvc_C1.0,6292,0.02368654851,0.333333333333,0.0,0.0,0.0,undefined,0.0,0.238881111145
ag151024,linearsvc_C1.0,5978,0.0225044798145,0.333333333333,0.0,0.0,0.0,undefined,0.0,0.248870849609
ag151024,linearsvc_C1.0,5680,0.0213826439187,0.333333333333,0.0,0.0,0.0,undefined,0.0,0.237090110779
ag151024,linearsvc_C1.0,5396,0.0203135117228,0.333333333333,0.0,0.0,0.0,undefined,0.0,0.22917509079
ag151024,linearsvc_C1.0,5127,0.0193008477767,0.333333333333,0.0,0.0,0.0,undefined,0.0,0.192795991898
ag151024,linearsvc_C1.0,4871,0.0183371229803,0.333333333333,0.0,0.0,0.0,undefined,0.0,0.202289104462
ag151024,linearsvc_C1.0,4628,0.0174223373338,0.333333333333,0.0,0.0,0.0,undefined,0.0,0.195667028427
ag151024,linearsvc_C1.0,4397,0.0165527262871,0.277777777778,0.0,0.0,0.0,undefined,0.0,0.180399894714
ag151024,linearsvc_C1.0,4178,0.0157282898402,0.333333333333,0.0,0.0,0.0,undefined,0.0,0.180803060532
ag151024,linearsvc_C1.0,3970,0.0149452634432,0.333333333333,0.0,0.0,0.0,undefined,0.0,0.165642023087
ag151024,linearsvc_C1.0,3772,0.014199882546,0.333333333333,0.0,0.0,0.0,undefined,0.0,0.189994812012
ag151024,linearsvc_C1.0,3584,0.0134921471487,0.277777777778,0.0,0.0,0.0,undefined,0.0,0.274165868759
ag151024,linearsvc_C1.0,3405,0.0128182927013,0.333333333333,0.0,0.0,0.0,undefined,0.0,0.76611495018
ag151024,linearsvc_C1.0,3235,0.0121783192037,0.277777777778,0.0,0.0,0.0,undefined,0.0,0.710242033005
ag151024,linearsvc_C1.0,3074,0.011572226656,0.277777777778,0.0,0.0,0.0,undefined,0.0,1.35892486572
ag151024,linearsvc_C1.0,2921,0.0109962505082,0.277777777778,0.0,0.0,0.0,undefined,0.0,0.215813159943
ag151024,linearsvc_C1.0,2775,0.0104466262103,0.277777777778,0.0,0.0,0.0,undefined,0.0,0.5963139534
ag151024,linearsvc_C1.0,2637,0.00992711831228,0.277777777778,0.0,0.0,0.0,undefined,0.0,1.24239802361
ag151024,linearsvc_C1.0,2506,0.00943396226415,0.277777777778,0.0,0.0,0.0,undefined,0.0,1.01207709312
ag151024,linearsvc_C1.0,2381,0.00896339351594,0.277777777778,0.0,0.0,0.0,undefined,0.0,1.38699197769
ag151024,linearsvc_C1.0,2262,0.00851541206764,0.277777777778,0.0,0.0,0.0,undefined,0.0,0.911734104156
ag151024,linearsvc_C1.0,2149,0.00809001791926,0.277777777778,0.0,0.0,0.0,undefined,0.0,0.944149017334
ag151024,linearsvc_C1.0,2042,0.00768721107079,0.277777777778,0.0,0.0,0.0,undefined,0.0,1.09653496742
ag151024,linearsvc_C1.0,1940,0.00730322697225,0.277777777778,0.0,0.0,0.0,undefined,0.0,1.08488488197
ag151024,linearsvc_C1.0,1843,0.00693806562364,0.277777777778,0.0,0.0,0.0,undefined,0.0,1.45113301277
ag151024,linearsvc_C1.0,1751,0.00659172702495,0.277777777778,0.0,0.0,0.0,undefined,0.0,1.05415296555
ag151024,linearsvc_C1.0,1664,0.0062642111762,0.277777777778,0.0,0.0,0.0,undefined,0.0,1.26138997078
ag151024,linearsvc_C1.0,1581,0.00595175352738,0.277777777778,0.0,0.0,0.0,undefined,0.0,1.17767882347
ag151024,linearsvc_C1.0,1502,0.00565435407851,0.277777777778,0.0,0.0,0.0,undefined,0.0,1.10871911049
ag151024,linearsvc_C1.0,1427,0.00537201282959,0.277777777778,0.0,0.0,0.0,undefined,0.0,0.782917976379
ag151024,linearsvc_C1.0,1356,0.0051047297806,0.277777777778,0.0,0.0,0.0,undefined,0.0,0.866612911224
ag151024,linearsvc_C10.0,265636,1.0,0.444444444444,0.0,0.0,0.0,undefined,0.0,20.8357191086
ag151024,linearsvc_C10.0,252355,0.95000301164,0.444444444444,0.0,0.0,0.0,undefined,0.0,19.303830862
ag151024,linearsvc_C10.0,239738,0.90250568447,0.444444444444,0.0,0.0,0.0,undefined,0.0,18.0870521069
ag151024,linearsvc_C10.0,227752,0.857383788342,0.444444444444,0.0,0.0,0.0,undefined,0.0,16.8244020939
ag151024,linearsvc_C10.0,216365,0.814516857655,0.444444444444,0.0,0.0,0.0,undefined,0.0,15.7031509876
ag151024,linearsvc_C10.0,205547,0.77379195591,0.444444444444,0.0,0.0,0.0,undefined,0.0,14.8148550987
ag151024,linearsvc_C10.0,195270,0.735103675707,0.388888888889,0.0,0.0,0.0,undefined,0.0,14.146296978
ag151024,linearsvc_C10.0,185507,0.698350374196,0.388888888889,0.0,0.0,0.0,undefined,0.0,13.1474051476
ag151024,linearsvc_C10.0,176232,0.663434173079,0.388888888889,0.0,0.0,0.0,undefined,0.0,12.092031002
ag151024,linearsvc_C10.0,167421,0.630264723155,0.388888888889,0.0,0.0,0.0,undefined,0.0,11.4807958603
ag151024,linearsvc_C10.0,159050,0.598751675225,0.388888888889,0.0,0.0,0.0,undefined,0.0,11.0376081467
ag151024,linearsvc_C10.0,151098,0.568815973738,0.388888888889,0.0,0.0,0.0,undefined,0.0,10.3812558651
ag151024,linearsvc_C10.0,143544,0.540378563147,0.388888888889,0.0,0.0,0.0,undefined,0.0,9.72208595276
ag151024,linearsvc_C10.0,136367,0.513360387899,0.388888888889,0.0,0.0,0.0,undefined,0.0,8.89440703392
ag151024,linearsvc_C10.0,129549,0.487693686097,0.388888888889,0.0,0.0,0.0,undefined,0.0,8.33551096916
ag151024,linearsvc_C10.0,123072,0.463310695839,0.388888888889,0.0,0.0,0.0,undefined,0.0,8.13069486618
ag151024,linearsvc_C10.0,116919,0.440147419777,0.388888888889,0.0,0.0,0.0,undefined,0.0,7.59804916382
ag151024,linearsvc_C10.0,111074,0.418143625111,0.388888888889,0.0,0.0,0.0,undefined,0.0,7.29914903641
ag151024,linearsvc_C10.0,105521,0.39723907904,0.388888888889,0.0,0.0,0.0,undefined,0.0,6.84090590477
ag151024,linearsvc_C10.0,100245,0.377377313316,0.388888888889,0.0,0.0,0.0,undefined,0.0,6.48593020439
ag151024,linearsvc_C10.0,95233,0.358509388788,0.388888888889,0.0,0.0,0.0,undefined,0.0,5.92240405083
ag151024,linearsvc_C10.0,90472,0.340586366306,0.388888888889,0.0,0.0,0.0,undefined,0.0,5.50945115089
ag151024,linearsvc_C10.0,85949,0.32355930672,0.388888888889,0.0,0.0,0.0,undefined,0.0,5.43455505371
ag151024,linearsvc_C10.0,81652,0.307383035432,0.388888888889,0.0,0.0,0.0,undefined,0.0,4.97990989685
ag151024,linearsvc_C10.0,77570,0.29201614239,0.388888888889,0.0,0.0,0.0,undefined,0.0,4.6682908535
ag151024,linearsvc_C10.0,73692,0.277417217546,0.388888888889,0.0,0.0,0.0,undefined,0.0,4.53481984138
ag151024,linearsvc_C10.0,70008,0.263548615399,0.388888888889,0.0,0.0,0.0,undefined,0.0,4.25201106071
ag151024,linearsvc_C10.0,66508,0.250372690449,0.388888888889,0.0,0.0,0.0,undefined,0.0,4.05878400803
ag151024,linearsvc_C10.0,63183,0.237855561746,0.388888888889,0.0,0.0,0.0,undefined,0.0,3.64843821526
ag151024,linearsvc_C10.0,60024,0.225963348341,0.388888888889,0.0,0.0,0.0,undefined,0.0,3.46850013733
ag151024,linearsvc_C10.0,57023,0.214665933834,0.388888888889,0.0,0.0,0.0,undefined,0.0,4.79598999023
ag151024,linearsvc_C10.0,54172,0.203933201825,0.388888888889,0.0,0.0,0.0,undefined,0.0,3.016299963
ag151024,linearsvc_C10.0,51464,0.193738800464,0.388888888889,0.0,0.0,0.0,undefined,0.0,2.92203807831
ag151024,linearsvc_C10.0,48891,0.184052613351,0.388888888889,0.0,0.0,0.0,undefined,0.0,2.895165205
ag151024,linearsvc_C10.0,46447,0.174852053186,0.388888888889,0.0,0.0,0.0,undefined,0.0,2.56028604507
ag151024,linearsvc_C10.0,44125,0.166110768119,0.388888888889,0.0,0.0,0.0,undefined,0.0,2.35964798927
ag151024,linearsvc_C10.0,41919,0.15780617085,0.388888888889,0.0,0.0,0.0,undefined,0.0,2.27191090584
ag151024,linearsvc_C10.0,39824,0.14991943863,0.388888888889,0.0,0.0,0.0,undefined,0.0,2.22013902664
ag151024,linearsvc_C10.0,37833,0.142424219609,0.388888888889,0.0,0.0,0.0,undefined,0.0,2.06897306442
ag151024,linearsvc_C10.0,35942,0.135305455586,0.388888888889,0.0,0.0,0.0,undefined,0.0,1.8560769558
ag151024,linearsvc_C10.0,34145,0.128540559262,0.388888888889,0.0,0.0,0.0,undefined,0.0,1.8318259716
ag151024,linearsvc_C10.0,32438,0.122114472436,0.388888888889,0.0,0.0,0.0,undefined,0.0,1.70821094513
ag151024,linearsvc_C10.0,30817,0.116012136909,0.388888888889,0.0,0.0,0.0,undefined,0.0,1.61282396317
ag151024,linearsvc_C10.0,29277,0.110214729931,0.388888888889,0.0,0.0,0.0,undefined,0.0,1.52038908005
ag151024,linearsvc_C10.0,27814,0.104707193302,0.388888888889,0.0,0.0,0.0,undefined,0.0,1.51342701912
ag151024,linearsvc_C10.0,26424,0.099474468822,0.388888888889,0.0,0.0,0.0,undefined,0.0,1.3837749958
ag151024,linearsvc_C10.0,25103,0.0945014982909,0.388888888889,0.0,0.0,0.0,undefined,0.0,1.31730008125
ag151024,linearsvc_C10.0,23848,0.0897769880588,0.388888888889,0.0,0.0,0.0,undefined,0.0,1.26559519768
ag151024,linearsvc_C10.0,22656,0.0852896444759,0.388888888889,0.0,0.0,0.0,undefined,0.0,1.0831618309
ag151024,linearsvc_C10.0,21524,0.0810281738921,0.388888888889,0.0,0.0,0.0,undefined,0.0,1.08689808846
ag151024,linearsvc_C10.0,20448,0.0769775181075,0.388888888889,0.0,0.0,0.0,undefined,0.0,0.999661922455
ag151024,linearsvc_C10.0,19426,0.0731301480221,0.388888888889,0.0,0.0,0.0,undefined,0.0,0.956580162048
ag151024,linearsvc_C10.0,18455,0.069474769986,0.388888888889,0.0,0.0,0.0,undefined,0.0,0.902934074402
ag151024,linearsvc_C10.0,17533,0.0660038548992,0.333333333333,0.0,0.0,0.0,undefined,0.0,0.843055963516
ag151024,linearsvc_C10.0,16657,0.0627061091117,0.333333333333,0.0,0.0,0.0,undefined,0.0,0.84872508049
ag151024,linearsvc_C10.0,15825,0.0595740035236,0.333333333333,0.0,0.0,0.0,undefined,0.0,0.754571199417
ag151024,linearsvc_C10.0,15034,0.0565962444849,0.333333333333,0.0,0.0,0.0,undefined,0.0,0.719209194183
ag151024,linearsvc_C10.0,14283,0.0537690674457,0.333333333333,0.0,0.0,0.0,undefined,0.0,0.71751999855
ag151024,linearsvc_C10.0,13569,0.0510811787559,0.333333333333,0.0,0.0,0.0,undefined,0.0,0.61439204216
ag151024,linearsvc_C10.0,12891,0.0485288138656,0.333333333333,0.0,0.0,0.0,undefined,0.0,0.606678962708
ag151024,linearsvc_C10.0,12247,0.0461044436748,0.333333333333,0.0,0.0,0.0,undefined,0.0,0.566279888153
ag151024,linearsvc_C10.0,11635,0.0438005390836,0.333333333333,0.0,0.0,0.0,undefined,0.0,0.553972959518
ag151024,linearsvc_C10.0,11054,0.0416133355419,0.333333333333,0.0,0.0,0.0,undefined,0.0,0.466593027115
ag151024,linearsvc_C10.0,10502,0.0395353039498,0.333333333333,0.0,0.0,0.0,undefined,0.0,0.424638986588
ag151024,linearsvc_C10.0,9977,0.0375589152073,0.333333333333,0.0,0.0,0.0,undefined,0.0,0.465251922607
ag151024,linearsvc_C10.0,9479,0.0356841693144,0.333333333333,0.0,0.0,0.0,undefined,0.0,0.402549982071
ag151024,linearsvc_C10.0,9006,0.0339035371712,0.333333333333,0.0,0.0,0.0,undefined,0.0,0.348423957825
ag151024,linearsvc_C10.0,8556,0.0322094896776,0.333333333333,0.0,0.0,0.0,undefined,0.0,0.352307796478
ag151024,linearsvc_C10.0,8129,0.0306020268337,0.333333333333,0.0,0.0,0.0,undefined,0.0,0.3088722229
ag151024,linearsvc_C10.0,7723,0.0290736195395,0.333333333333,0.0,0.0,0.0,undefined,0.0,0.315757036209
ag151024,linearsvc_C10.0,7337,0.027620503245,0.333333333333,0.0,0.0,0.0,undefined,0.0,0.269966125488
ag151024,linearsvc_C10.0,6971,0.0262426779503,0.277777777778,0.0,0.0,0.0,undefined,0.0,0.248427152634
ag151024,linearsvc_C10.0,6623,0.0249326145553,0.277777777778,0.0,0.0,0.0,undefined,0.0,0.273957014084
ag151024,linearsvc_C10.0,6292,0.02368654851,0.277777777778,0.0,0.0,0.0,undefined,0.0,0.264141798019
ag151024,linearsvc_C10.0,5978,0.0225044798145,0.277777777778,0.0,0.0,0.0,undefined,0.0,0.231235980988
ag151024,linearsvc_C10.0,5680,0.0213826439187,0.277777777778,0.0,0.0,0.0,undefined,0.0,0.226529121399
ag151024,linearsvc_C10.0,5396,0.0203135117228,0.277777777778,0.0,0.0,0.0,undefined,0.0,0.207892179489
ag151024,linearsvc_C10.0,5127,0.0193008477767,0.277777777778,0.0,0.0,0.0,undefined,0.0,0.212962150574
ag151024,linearsvc_C10.0,4871,0.0183371229803,0.277777777778,0.0,0.0,0.0,undefined,0.0,0.170483827591
ag151024,linearsvc_C10.0,4628,0.0174223373338,0.277777777778,0.0,0.0,0.0,undefined,0.0,0.181990146637
ag151024,linearsvc_C10.0,4397,0.0165527262871,0.277777777778,0.0,0.0,0.0,undefined,0.0,0.169477939606
ag151024,linearsvc_C10.0,4178,0.0157282898402,0.277777777778,0.0,0.0,0.0,undefined,0.0,0.169553995132
ag151024,linearsvc_C10.0,3970,0.0149452634432,0.277777777778,0.0,0.0,0.0,undefined,0.0,0.157330036163
ag151024,linearsvc_C10.0,3772,0.014199882546,0.277777777778,0.0,0.0,0.0,undefined,0.0,0.132925033569
ag151024,linearsvc_C10.0,3584,0.0134921471487,0.277777777778,0.0,0.0,0.0,undefined,0.0,0.149481773376
ag151024,linearsvc_C10.0,3405,0.0128182927013,0.277777777778,0.0,0.0,0.0,undefined,0.0,0.138820886612
ag151024,linearsvc_C10.0,3235,0.0121783192037,0.277777777778,0.0,0.0,0.0,undefined,0.0,0.154114961624
ag151024,linearsvc_C10.0,3074,0.011572226656,0.277777777778,0.0,0.0,0.0,undefined,0.0,0.150851964951
ag151024,linearsvc_C10.0,2921,0.0109962505082,0.277777777778,0.0,0.0,0.0,undefined,0.0,0.11002612114
ag151024,linearsvc_C10.0,2775,0.0104466262103,0.277777777778,0.0,0.0,0.0,undefined,0.0,0.113950967789
ag151024,linearsvc_C10.0,2637,0.00992711831228,0.277777777778,0.0,0.0,0.0,undefined,0.0,0.119979143143
ag151024,linearsvc_C10.0,2506,0.00943396226415,0.222222222222,0.0,0.0,0.0,undefined,0.0,0.106420040131
ag151024,linearsvc_C10.0,2381,0.00896339351594,0.277777777778,0.0,0.0,0.0,undefined,0.0,0.113479852676
ag151024,linearsvc_C10.0,2262,0.00851541206764,0.222222222222,0.0,0.0,0.0,undefined,0.0,0.101474046707
ag151024,linearsvc_C10.0,2149,0.00809001791926,0.222222222222,0.0,0.0,0.0,undefined,0.0,0.0903959274292
ag151024,linearsvc_C10.0,2042,0.00768721107079,0.222222222222,0.0,0.0,0.0,undefined,0.0,0.0900740623474
ag151024,linearsvc_C10.0,1940,0.00730322697225,0.222222222222,0.0,0.0,0.0,undefined,0.0,0.11195397377
ag151024,linearsvc_C10.0,1843,0.00693806562364,0.222222222222,0.0,0.0,0.0,undefined,0.0,0.120465040207
ag151024,linearsvc_C10.0,1751,0.00659172702495,0.222222222222,0.0,0.0,0.0,undefined,0.0,0.123754024506
ag151024,linearsvc_C10.0,1664,0.0062642111762,0.222222222222,0.0,0.0,0.0,undefined,0.0,0.116963148117
ag151024,linearsvc_C10.0,1581,0.00595175352738,0.222222222222,0.0,0.0,0.0,undefined,0.0,0.114143133163
ag151024,linearsvc_C10.0,1502,0.00565435407851,0.222222222222,0.0,0.0,0.0,undefined,0.0,0.108443021774
ag151024,linearsvc_C10.0,1427,0.00537201282959,0.222222222222,0.0,0.0,0.0,undefined,0.0,0.100108146667
ag151024,linearsvc_C10.0,1356,0.0051047297806,0.222222222222,0.0,0.0,0.0,undefined,0.0,0.107409954071
ag151024,linearsvc_C100.0,265636,1.0,0.611111111111,0.0,0.0,0.0,undefined,0.0,22.4447979927
ag151024,linearsvc_C100.0,252355,0.95000301164,0.611111111111,0.0,0.0,0.0,undefined,0.0,21.2930269241
ag151024,linearsvc_C100.0,239738,0.90250568447,0.611111111111,0.0,0.0,0.0,undefined,0.0,20.4984769821
ag151024,linearsvc_C100.0,227752,0.857383788342,0.611111111111,0.0,0.0,0.0,undefined,0.0,15.8629379272
ag151024,linearsvc_C100.0,216365,0.814516857655,0.611111111111,0.0,0.0,0.0,undefined,0.0,17.363161087
ag151024,linearsvc_C100.0,205547,0.77379195591,0.611111111111,0.0,0.0,0.0,undefined,0.0,14.0127389431
ag151024,linearsvc_C100.0,195270,0.735103675707,0.611111111111,0.0,0.0,0.0,undefined,0.0,12.8005712032
ag151024,linearsvc_C100.0,185507,0.698350374196,0.555555555556,0.0,0.0,0.0,undefined,0.0,12.7665309906
ag151024,linearsvc_C100.0,176232,0.663434173079,0.611111111111,0.0,0.0,0.0,undefined,0.0,11.1792209148
ag151024,linearsvc_C100.0,167421,0.630264723155,0.555555555556,0.0,0.0,0.0,undefined,0.0,10.71758008
ag151024,linearsvc_C100.0,159050,0.598751675225,0.555555555556,0.0,0.0,0.0,undefined,0.0,9.85346794128
ag151024,linearsvc_C100.0,151098,0.568815973738,0.555555555556,0.0,0.0,0.0,undefined,0.0,10.0968558788
ag151024,linearsvc_C100.0,143544,0.540378563147,0.611111111111,0.0,0.0,0.0,undefined,0.0,8.73577880859
ag151024,linearsvc_C100.0,136367,0.513360387899,0.555555555556,0.0,0.0,0.0,undefined,0.0,8.1570379734
ag151024,linearsvc_C100.0,129549,0.487693686097,0.555555555556,0.0,0.0,0.0,undefined,0.0,7.88601303101
ag151024,linearsvc_C100.0,123072,0.463310695839,0.555555555556,0.0,0.0,0.0,undefined,0.0,7.66355800629
ag151024,linearsvc_C100.0,116919,0.440147419777,0.555555555556,0.0,0.0,0.0,undefined,0.0,7.01718592644
ag151024,linearsvc_C100.0,111074,0.418143625111,0.555555555556,0.0,0.0,0.0,undefined,0.0,6.4525539875
ag151024,linearsvc_C100.0,105521,0.39723907904,0.5,0.0,0.0,0.0,undefined,0.0,6.28013682365
ag151024,linearsvc_C100.0,100245,0.377377313316,0.5,0.0,0.0,0.0,undefined,0.0,5.82708001137
ag151024,linearsvc_C100.0,95233,0.358509388788,0.5,0.0,0.0,0.0,undefined,0.0,5.52115488052
ag151024,linearsvc_C100.0,90472,0.340586366306,0.5,0.0,0.0,0.0,undefined,0.0,5.23361706734
ag151024,linearsvc_C100.0,85949,0.32355930672,0.5,0.0,0.0,0.0,undefined,0.0,4.88917899132
ag151024,linearsvc_C100.0,81652,0.307383035432,0.5,0.0,0.0,0.0,undefined,0.0,4.53475594521
ag151024,linearsvc_C100.0,77570,0.29201614239,0.5,0.0,0.0,0.0,undefined,0.0,4.44245195389
ag151024,linearsvc_C100.0,73692,0.277417217546,0.5,0.0,0.0,0.0,undefined,0.0,4.07856321335
ag151024,linearsvc_C100.0,70008,0.263548615399,0.5,0.0,0.0,0.0,undefined,0.0,3.82637405396
ag151024,linearsvc_C100.0,66508,0.250372690449,0.444444444444,0.0,0.0,0.0,undefined,0.0,3.64404988289
ag151024,linearsvc_C100.0,63183,0.237855561746,0.444444444444,0.0,0.0,0.0,undefined,0.0,3.48992800713
ag151024,linearsvc_C100.0,60024,0.225963348341,0.444444444444,0.0,0.0,0.0,undefined,0.0,3.18266105652
ag151024,linearsvc_C100.0,57023,0.214665933834,0.444444444444,0.0,0.0,0.0,undefined,0.0,3.00308799744
ag151024,linearsvc_C100.0,54172,0.203933201825,0.444444444444,0.0,0.0,0.0,undefined,0.0,2.91919398308
ag151024,linearsvc_C100.0,51464,0.193738800464,0.444444444444,0.0,0.0,0.0,undefined,0.0,2.71982288361
ag151024,linearsvc_C100.0,48891,0.184052613351,0.444444444444,0.0,0.0,0.0,undefined,0.0,2.52730584145
ag151024,linearsvc_C100.0,46447,0.174852053186,0.444444444444,0.0,0.0,0.0,undefined,0.0,2.38107895851
ag151024,linearsvc_C100.0,44125,0.166110768119,0.444444444444,0.0,0.0,0.0,undefined,0.0,2.22194099426
ag151024,linearsvc_C100.0,41919,0.15780617085,0.444444444444,0.0,0.0,0.0,undefined,0.0,2.17358899117
ag151024,linearsvc_C100.0,39824,0.14991943863,0.388888888889,0.0,0.0,0.0,undefined,0.0,2.11123895645
ag151024,linearsvc_C100.0,37833,0.142424219609,0.388888888889,0.0,0.0,0.0,undefined,0.0,2.02770090103
ag151024,linearsvc_C100.0,35942,0.135305455586,0.388888888889,0.0,0.0,0.0,undefined,0.0,1.87220788002
ag151024,linearsvc_C100.0,34145,0.128540559262,0.388888888889,0.0,0.0,0.0,undefined,0.0,1.81436395645
ag151024,linearsvc_C100.0,32438,0.122114472436,0.388888888889,0.0,0.0,0.0,undefined,0.0,1.61964011192
ag151024,linearsvc_C100.0,30817,0.116012136909,0.388888888889,0.0,0.0,0.0,undefined,0.0,1.59623718262
ag151024,linearsvc_C100.0,29277,0.110214729931,0.388888888889,0.0,0.0,0.0,undefined,0.0,1.4817199707
ag151024,linearsvc_C100.0,27814,0.104707193302,0.388888888889,0.0,0.0,0.0,undefined,0.0,1.35676407814
ag151024,linearsvc_C100.0,26424,0.099474468822,0.388888888889,0.0,0.0,0.0,undefined,0.0,1.2664680481
ag151024,linearsvc_C100.0,25103,0.0945014982909,0.388888888889,0.0,0.0,0.0,undefined,0.0,1.27583384514
ag151024,linearsvc_C100.0,23848,0.0897769880588,0.388888888889,0.0,0.0,0.0,undefined,0.0,1.15136694908
ag151024,linearsvc_C100.0,22656,0.0852896444759,0.388888888889,0.0,0.0,0.0,undefined,0.0,1.02934885025
ag151024,linearsvc_C100.0,21524,0.0810281738921,0.388888888889,0.0,0.0,0.0,undefined,0.0,1.01868391037
ag151024,linearsvc_C100.0,20448,0.0769775181075,0.388888888889,0.0,0.0,0.0,undefined,0.0,1.04613804817
ag151024,linearsvc_C100.0,19426,0.0731301480221,0.388888888889,0.0,0.0,0.0,undefined,0.0,0.886080980301
ag151024,linearsvc_C100.0,18455,0.069474769986,0.388888888889,0.0,0.0,0.0,undefined,0.0,0.855647087097
ag151024,linearsvc_C100.0,17533,0.0660038548992,0.388888888889,0.0,0.0,0.0,undefined,0.0,0.894410848618
ag151024,linearsvc_C100.0,16657,0.0627061091117,0.388888888889,0.0,0.0,0.0,undefined,0.0,0.792265892029
ag151024,linearsvc_C100.0,15825,0.0595740035236,0.388888888889,0.0,0.0,0.0,undefined,0.0,0.714931964874
ag151024,linearsvc_C100.0,15034,0.0565962444849,0.388888888889,0.0,0.0,0.0,undefined,0.0,0.680752038956
ag151024,linearsvc_C100.0,14283,0.0537690674457,0.388888888889,0.0,0.0,0.0,undefined,0.0,0.642048835754
ag151024,linearsvc_C100.0,13569,0.0510811787559,0.388888888889,0.0,0.0,0.0,undefined,0.0,0.611119031906
ag151024,linearsvc_C100.0,12891,0.0485288138656,0.388888888889,0.0,0.0,0.0,undefined,0.0,0.651659011841
ag151024,linearsvc_C100.0,12247,0.0461044436748,0.388888888889,0.0,0.0,0.0,undefined,0.0,0.508373975754
ag151024,linearsvc_C100.0,11635,0.0438005390836,0.388888888889,0.0,0.0,0.0,undefined,0.0,0.550484895706
ag151024,linearsvc_C100.0,11054,0.0416133355419,0.388888888889,0.0,0.0,0.0,undefined,0.0,0.483502149582
ag151024,linearsvc_C100.0,10502,0.0395353039498,0.388888888889,0.0,0.0,0.0,undefined,0.0,0.493246078491
ag151024,linearsvc_C100.0,9977,0.0375589152073,0.388888888889,0.0,0.0,0.0,undefined,0.0,0.406289100647
ag151024,linearsvc_C100.0,9479,0.0356841693144,0.388888888889,0.0,0.0,0.0,undefined,0.0,0.374322891235
ag151024,linearsvc_C100.0,9006,0.0339035371712,0.388888888889,0.0,0.0,0.0,undefined,0.0,0.353002071381
ag151024,linearsvc_C100.0,8556,0.0322094896776,0.388888888889,0.0,0.0,0.0,undefined,0.0,0.327936172485
ag151024,linearsvc_C100.0,8129,0.0306020268337,0.388888888889,0.0,0.0,0.0,undefined,0.0,0.326472043991
ag151024,linearsvc_C100.0,7723,0.0290736195395,0.333333333333,0.0,0.0,0.0,undefined,0.0,0.318763017654
ag151024,linearsvc_C100.0,7337,0.027620503245,0.333333333333,0.0,0.0,0.0,undefined,0.0,0.305869102478
ag151024,linearsvc_C100.0,6971,0.0262426779503,0.333333333333,0.0,0.0,0.0,undefined,0.0,0.312649011612
ag151024,linearsvc_C100.0,6623,0.0249326145553,0.333333333333,0.0,0.0,0.0,undefined,0.0,0.247473955154
ag151024,linearsvc_C100.0,6292,0.02368654851,0.333333333333,0.0,0.0,0.0,undefined,0.0,0.26477599144
ag151024,linearsvc_C100.0,5978,0.0225044798145,0.333333333333,0.0,0.0,0.0,undefined,0.0,0.224225997925
ag151024,linearsvc_C100.0,5680,0.0213826439187,0.333333333333,0.0,0.0,0.0,undefined,0.0,0.21161699295
ag151024,linearsvc_C100.0,5396,0.0203135117228,0.333333333333,0.0,0.0,0.0,undefined,0.0,0.23481297493
ag151024,linearsvc_C100.0,5127,0.0193008477767,0.333333333333,0.0,0.0,0.0,undefined,0.0,0.184765815735
ag151024,linearsvc_C100.0,4871,0.0183371229803,0.333333333333,0.0,0.0,0.0,undefined,0.0,0.210344791412
ag151024,linearsvc_C100.0,4628,0.0174223373338,0.333333333333,0.0,0.0,0.0,undefined,0.0,0.152330875397
ag151024,linearsvc_C100.0,4397,0.0165527262871,0.333333333333,0.0,0.0,0.0,undefined,0.0,0.156713008881
ag151024,linearsvc_C100.0,4178,0.0157282898402,0.333333333333,0.0,0.0,0.0,undefined,0.0,0.173830032349
ag151024,linearsvc_C100.0,3970,0.0149452634432,0.277777777778,0.0,0.0,0.0,undefined,0.0,0.171286821365
ag151024,linearsvc_C100.0,3772,0.014199882546,0.277777777778,0.0,0.0,0.0,undefined,0.0,0.134876012802
ag151024,linearsvc_C100.0,3584,0.0134921471487,0.277777777778,0.0,0.0,0.0,undefined,0.0,0.160948038101
ag151024,linearsvc_C100.0,3405,0.0128182927013,0.277777777778,0.0,0.0,0.0,undefined,0.0,0.162248849869
ag151024,linearsvc_C100.0,3235,0.0121783192037,0.277777777778,0.0,0.0,0.0,undefined,0.0,0.155189037323
ag151024,linearsvc_C100.0,3074,0.011572226656,0.333333333333,0.0,0.0,0.0,undefined,0.0,0.142013072968
ag151024,linearsvc_C100.0,2921,0.0109962505082,0.333333333333,0.0,0.0,0.0,undefined,0.0,0.135847806931
ag151024,linearsvc_C100.0,2775,0.0104466262103,0.333333333333,0.0,0.0,0.0,undefined,0.0,0.123007059097
ag151024,linearsvc_C100.0,2637,0.00992711831228,0.333333333333,0.0,0.0,0.0,undefined,0.0,0.109660863876
ag151024,linearsvc_C100.0,2506,0.00943396226415,0.277777777778,0.0,0.0,0.0,undefined,0.0,0.111377000809
ag151024,linearsvc_C100.0,2381,0.00896339351594,0.277777777778,0.0,0.0,0.0,undefined,0.0,0.119806051254
ag151024,linearsvc_C100.0,2262,0.00851541206764,0.333333333333,0.0,0.0,0.0,undefined,0.0,0.111083984375
ag151024,linearsvc_C100.0,2149,0.00809001791926,0.333333333333,0.0,0.0,0.0,undefined,0.0,0.0859110355377
ag151024,linearsvc_C100.0,2042,0.00768721107079,0.277777777778,0.0,0.0,0.0,undefined,0.0,0.108670949936
ag151024,linearsvc_C100.0,1940,0.00730322697225,0.277777777778,0.0,0.0,0.0,undefined,0.0,0.0935189723969
ag151024,linearsvc_C100.0,1843,0.00693806562364,0.277777777778,0.0,0.0,0.0,undefined,0.0,0.127170801163
ag151024,linearsvc_C100.0,1751,0.00659172702495,0.222222222222,0.0,0.0,0.0,undefined,0.0,0.110592126846
ag151024,linearsvc_C100.0,1664,0.0062642111762,0.222222222222,0.0,0.0,0.0,undefined,0.0,0.116544961929
ag151024,linearsvc_C100.0,1581,0.00595175352738,0.277777777778,0.0,0.0,0.0,undefined,0.0,0.109200954437
ag151024,linearsvc_C100.0,1502,0.00565435407851,0.277777777778,0.0,0.0,0.0,undefined,0.0,0.113408088684
ag151024,linearsvc_C100.0,1427,0.00537201282959,0.277777777778,0.0,0.0,0.0,undefined,0.0,0.1154088974
ag151024,linearsvc_C100.0,1356,0.0051047297806,0.277777777778,0.0,0.0,0.0,undefined,0.0,0.108855962753
ag151024,linearsvc_C1000.0,265636,1.0,0.5,0.0,0.0,0.0,undefined,0.0,19.0563499928
ag151024,linearsvc_C1000.0,252355,0.95000301164,0.5,0.0,0.0,0.0,undefined,0.0,17.1715779305
ag151024,linearsvc_C1000.0,239738,0.90250568447,0.5,0.0,0.0,0.0,undefined,0.0,16.0443179607
ag151024,linearsvc_C1000.0,227752,0.857383788342,0.5,0.0,0.0,0.0,undefined,0.0,14.722140789
ag151024,linearsvc_C1000.0,216365,0.814516857655,0.5,0.0,0.0,0.0,undefined,0.0,13.8128449917
ag151024,linearsvc_C1000.0,205547,0.77379195591,0.5,0.0,0.0,0.0,undefined,0.0,12.7692060471
ag151024,linearsvc_C1000.0,195270,0.735103675707,0.5,0.0,0.0,0.0,undefined,0.0,12.1118957996
ag151024,linearsvc_C1000.0,185507,0.698350374196,0.5,0.0,0.0,0.0,undefined,0.0,11.0441110134
ag151024,linearsvc_C1000.0,176232,0.663434173079,0.5,0.0,0.0,0.0,undefined,0.0,10.9608550072
ag151024,linearsvc_C1000.0,167421,0.630264723155,0.5,0.0,0.0,0.0,undefined,0.0,10.4662678242
ag151024,linearsvc_C1000.0,159050,0.598751675225,0.5,0.0,0.0,0.0,undefined,0.0,9.4939198494
ag151024,linearsvc_C1000.0,151098,0.568815973738,0.5,0.0,0.0,0.0,undefined,0.0,9.16400003433
ag151024,linearsvc_C1000.0,143544,0.540378563147,0.5,0.0,0.0,0.0,undefined,0.0,8.50723004341
ag151024,linearsvc_C1000.0,136367,0.513360387899,0.5,0.0,0.0,0.0,undefined,0.0,8.11123609543
ag151024,linearsvc_C1000.0,129549,0.487693686097,0.5,0.0,0.0,0.0,undefined,0.0,7.7419359684
ag151024,linearsvc_C1000.0,123072,0.463310695839,0.5,0.0,0.0,0.0,undefined,0.0,7.01175093651
ag151024,linearsvc_C1000.0,116919,0.440147419777,0.5,0.0,0.0,0.0,undefined,0.0,6.6768579483
ag151024,linearsvc_C1000.0,111074,0.418143625111,0.5,0.0,0.0,0.0,undefined,0.0,6.36489200592
ag151024,linearsvc_C1000.0,105521,0.39723907904,0.5,0.0,0.0,0.0,undefined,0.0,5.99135088921
ag151024,linearsvc_C1000.0,100245,0.377377313316,0.5,0.0,0.0,0.0,undefined,0.0,5.52884793282
ag151024,linearsvc_C1000.0,95233,0.358509388788,0.5,0.0,0.0,0.0,undefined,0.0,5.3840379715
ag151024,linearsvc_C1000.0,90472,0.340586366306,0.5,0.0,0.0,0.0,undefined,0.0,5.02568507195
ag151024,linearsvc_C1000.0,85949,0.32355930672,0.5,0.0,0.0,0.0,undefined,0.0,4.61833119392
ag151024,linearsvc_C1000.0,81652,0.307383035432,0.5,0.0,0.0,0.0,undefined,0.0,4.41256403923
ag151024,linearsvc_C1000.0,77570,0.29201614239,0.5,0.0,0.0,0.0,undefined,0.0,4.25510597229
ag151024,linearsvc_C1000.0,73692,0.277417217546,0.5,0.0,0.0,0.0,undefined,0.0,3.82771706581
ag151024,linearsvc_C1000.0,70008,0.263548615399,0.5,0.0,0.0,0.0,undefined,0.0,3.69702577591
ag151024,linearsvc_C1000.0,66508,0.250372690449,0.555555555556,0.0,0.0,0.0,undefined,0.0,3.5510160923
ag151024,linearsvc_C1000.0,63183,0.237855561746,0.555555555556,0.0,0.0,0.0,undefined,0.0,3.31919693947
ag151024,linearsvc_C1000.0,60024,0.225963348341,0.555555555556,0.0,0.0,0.0,undefined,0.0,3.15717506409
ag151024,linearsvc_C1000.0,57023,0.214665933834,0.555555555556,0.0,0.0,0.0,undefined,0.0,2.92514586449
ag151024,linearsvc_C1000.0,54172,0.203933201825,0.555555555556,0.0,0.0,0.0,undefined,0.0,2.81154990196
ag151024,linearsvc_C1000.0,51464,0.193738800464,0.5,0.0,0.0,0.0,undefined,0.0,2.62030816078
ag151024,linearsvc_C1000.0,48891,0.184052613351,0.444444444444,0.0,0.0,0.0,undefined,0.0,2.47917103767
ag151024,linearsvc_C1000.0,46447,0.174852053186,0.444444444444,0.0,0.0,0.0,undefined,0.0,2.3604888916
ag151024,linearsvc_C1000.0,44125,0.166110768119,0.444444444444,0.0,0.0,0.0,undefined,0.0,2.29144287109
ag151024,linearsvc_C1000.0,41919,0.15780617085,0.5,0.0,0.0,0.0,undefined,0.0,2.14518404007
ag151024,linearsvc_C1000.0,39824,0.14991943863,0.444444444444,0.0,0.0,0.0,undefined,0.0,2.03107094765
ag151024,linearsvc_C1000.0,37833,0.142424219609,0.444444444444,0.0,0.0,0.0,undefined,0.0,1.96525907516
ag151024,linearsvc_C1000.0,35942,0.135305455586,0.444444444444,0.0,0.0,0.0,undefined,0.0,1.85770320892
ag151024,linearsvc_C1000.0,34145,0.128540559262,0.444444444444,0.0,0.0,0.0,undefined,0.0,1.71343183517
ag151024,linearsvc_C1000.0,32438,0.122114472436,0.444444444444,0.0,0.0,0.0,undefined,0.0,1.57104897499
ag151024,linearsvc_C1000.0,30817,0.116012136909,0.444444444444,0.0,0.0,0.0,undefined,0.0,1.43636512756
ag151024,linearsvc_C1000.0,29277,0.110214729931,0.444444444444,0.0,0.0,0.0,undefined,0.0,1.46095895767
ag151024,linearsvc_C1000.0,27814,0.104707193302,0.444444444444,0.0,0.0,0.0,undefined,0.0,1.40802001953
ag151024,linearsvc_C1000.0,26424,0.099474468822,0.444444444444,0.0,0.0,0.0,undefined,0.0,1.23813295364
ag151024,linearsvc_C1000.0,25103,0.0945014982909,0.444444444444,0.0,0.0,0.0,undefined,0.0,1.20720505714
ag151024,linearsvc_C1000.0,23848,0.0897769880588,0.444444444444,0.0,0.0,0.0,undefined,0.0,1.15895009041
ag151024,linearsvc_C1000.0,22656,0.0852896444759,0.444444444444,0.0,0.0,0.0,undefined,0.0,1.08835291862
ag151024,linearsvc_C1000.0,21524,0.0810281738921,0.444444444444,0.0,0.0,0.0,undefined,0.0,0.955507993698
ag151024,linearsvc_C1000.0,20448,0.0769775181075,0.444444444444,0.0,0.0,0.0,undefined,0.0,0.959377765656
ag151024,linearsvc_C1000.0,19426,0.0731301480221,0.444444444444,0.0,0.0,0.0,undefined,0.0,0.922795057297
ag151024,linearsvc_C1000.0,18455,0.069474769986,0.444444444444,0.0,0.0,0.0,undefined,0.0,0.829381942749
ag151024,linearsvc_C1000.0,17533,0.0660038548992,0.444444444444,0.0,0.0,0.0,undefined,0.0,0.799070119858
ag151024,linearsvc_C1000.0,16657,0.0627061091117,0.444444444444,0.0,0.0,0.0,undefined,0.0,0.846139192581
ag151024,linearsvc_C1000.0,15825,0.0595740035236,0.444444444444,0.0,0.0,0.0,undefined,0.0,0.787088155746
ag151024,linearsvc_C1000.0,15034,0.0565962444849,0.444444444444,0.0,0.0,0.0,undefined,0.0,0.643864154816
ag151024,linearsvc_C1000.0,14283,0.0537690674457,0.444444444444,0.0,0.0,0.0,undefined,0.0,0.598682165146
ag151024,linearsvc_C1000.0,13569,0.0510811787559,0.444444444444,0.0,0.0,0.0,undefined,0.0,0.581932783127
ag151024,linearsvc_C1000.0,12891,0.0485288138656,0.444444444444,0.0,0.0,0.0,undefined,0.0,0.557013988495
ag151024,linearsvc_C1000.0,12247,0.0461044436748,0.444444444444,0.0,0.0,0.0,undefined,0.0,0.533768892288
ag151024,linearsvc_C1000.0,11635,0.0438005390836,0.388888888889,0.0,0.0,0.0,undefined,0.0,0.497539043427
ag151024,linearsvc_C1000.0,11054,0.0416133355419,0.388888888889,0.0,0.0,0.0,undefined,0.0,0.456372976303
ag151024,linearsvc_C1000.0,10502,0.0395353039498,0.388888888889,0.0,0.0,0.0,undefined,0.0,0.413270950317
ag151024,linearsvc_C1000.0,9977,0.0375589152073,0.388888888889,0.0,0.0,0.0,undefined,0.0,0.437966823578
ag151024,linearsvc_C1000.0,9479,0.0356841693144,0.388888888889,0.0,0.0,0.0,undefined,0.0,0.365160942078
ag151024,linearsvc_C1000.0,9006,0.0339035371712,0.388888888889,0.0,0.0,0.0,undefined,0.0,0.326499938965
ag151024,linearsvc_C1000.0,8556,0.0322094896776,0.388888888889,0.0,0.0,0.0,undefined,0.0,0.348723888397
ag151024,linearsvc_C1000.0,8129,0.0306020268337,0.388888888889,0.0,0.0,0.0,undefined,0.0,0.317132949829
ag151024,linearsvc_C1000.0,7723,0.0290736195395,0.388888888889,0.0,0.0,0.0,undefined,0.0,0.307562112808
ag151024,linearsvc_C1000.0,7337,0.027620503245,0.388888888889,0.0,0.0,0.0,undefined,0.0,0.299160003662
ag151024,linearsvc_C1000.0,6971,0.0262426779503,0.388888888889,0.0,0.0,0.0,undefined,0.0,0.255367994308
ag151024,linearsvc_C1000.0,6623,0.0249326145553,0.388888888889,0.0,0.0,0.0,undefined,0.0,0.248291015625
ag151024,linearsvc_C1000.0,6292,0.02368654851,0.388888888889,0.0,0.0,0.0,undefined,0.0,0.260632991791
ag151024,linearsvc_C1000.0,5978,0.0225044798145,0.388888888889,0.0,0.0,0.0,undefined,0.0,0.23220205307
ag151024,linearsvc_C1000.0,5680,0.0213826439187,0.388888888889,0.0,0.0,0.0,undefined,0.0,0.238128900528
ag151024,linearsvc_C1000.0,5396,0.0203135117228,0.388888888889,0.0,0.0,0.0,undefined,0.0,0.185863018036
ag151024,linearsvc_C1000.0,5127,0.0193008477767,0.388888888889,0.0,0.0,0.0,undefined,0.0,0.214879989624
ag151024,linearsvc_C1000.0,4871,0.0183371229803,0.388888888889,0.0,0.0,0.0,undefined,0.0,0.179680109024
ag151024,linearsvc_C1000.0,4628,0.0174223373338,0.388888888889,0.0,0.0,0.0,undefined,0.0,0.183541059494
ag151024,linearsvc_C1000.0,4397,0.0165527262871,0.388888888889,0.0,0.0,0.0,undefined,0.0,0.151061058044
ag151024,linearsvc_C1000.0,4178,0.0157282898402,0.388888888889,0.0,0.0,0.0,undefined,0.0,0.15322303772
ag151024,linearsvc_C1000.0,3970,0.0149452634432,0.388888888889,0.0,0.0,0.0,undefined,0.0,0.164747953415
ag151024,linearsvc_C1000.0,3772,0.014199882546,0.388888888889,0.0,0.0,0.0,undefined,0.0,0.157176017761
ag151024,linearsvc_C1000.0,3584,0.0134921471487,0.388888888889,0.0,0.0,0.0,undefined,0.0,0.141007900238
ag151024,linearsvc_C1000.0,3405,0.0128182927013,0.388888888889,0.0,0.0,0.0,undefined,0.0,0.13016295433
ag151024,linearsvc_C1000.0,3235,0.0121783192037,0.388888888889,0.0,0.0,0.0,undefined,0.0,0.127717971802
ag151024,linearsvc_C1000.0,3074,0.011572226656,0.388888888889,0.0,0.0,0.0,undefined,0.0,0.138498783112
ag151024,linearsvc_C1000.0,2921,0.0109962505082,0.388888888889,0.0,0.0,0.0,undefined,0.0,0.130244970322
ag151024,linearsvc_C1000.0,2775,0.0104466262103,0.388888888889,0.0,0.0,0.0,undefined,0.0,0.113109111786
ag151024,linearsvc_C1000.0,2637,0.00992711831228,0.333333333333,0.0,0.0,0.0,undefined,0.0,0.109236001968
ag151024,linearsvc_C1000.0,2506,0.00943396226415,0.388888888889,0.0,0.0,0.0,undefined,0.0,0.103533029556
ag151024,linearsvc_C1000.0,2381,0.00896339351594,0.333333333333,0.0,0.0,0.0,undefined,0.0,0.0986471176147
ag151024,linearsvc_C1000.0,2262,0.00851541206764,0.333333333333,0.0,0.0,0.0,undefined,0.0,0.111034154892
ag151024,linearsvc_C1000.0,2149,0.00809001791926,0.333333333333,0.0,0.0,0.0,undefined,0.0,0.0985789299011
ag151024,linearsvc_C1000.0,2042,0.00768721107079,0.333333333333,0.0,0.0,0.0,undefined,0.0,0.0993030071259
ag151024,linearsvc_C1000.0,1940,0.00730322697225,0.333333333333,0.0,0.0,0.0,undefined,0.0,0.100903987885
ag151024,linearsvc_C1000.0,1843,0.00693806562364,0.333333333333,0.0,0.0,0.0,undefined,0.0,0.0911920070648
ag151024,linearsvc_C1000.0,1751,0.00659172702495,0.277777777778,0.0,0.0,0.0,undefined,0.0,0.117447137833
ag151024,linearsvc_C1000.0,1664,0.0062642111762,0.277777777778,0.0,0.0,0.0,undefined,0.0,0.127721071243
ag151024,linearsvc_C1000.0,1581,0.00595175352738,0.277777777778,0.0,0.0,0.0,undefined,0.0,0.103009939194
ag151024,linearsvc_C1000.0,1502,0.00565435407851,0.222222222222,0.0,0.0,0.0,undefined,0.0,0.109285831451
ag151024,linearsvc_C1000.0,1427,0.00537201282959,0.222222222222,0.0,0.0,0.0,undefined,0.0,0.105010032654
ag151024,linearsvc_C1000.0,1356,0.0051047297806,0.222222222222,0.0,0.0,0.0,undefined,0.0,0.103089094162
ag151024,elasticnetiter1000_l1ratio0.15,265636,1.0,0.611111111111,0.0,0.0,0.0,undefined,0.0,1015.83835483
ag151024,elasticnetiter1000_l1ratio0.15,252355,0.95000301164,0.388888888889,0.0,0.0,0.0,undefined,0.0,972.82435894
ag151024,elasticnetiter1000_l1ratio0.15,239738,0.90250568447,0.555555555556,0.0,0.0,0.0,undefined,0.0,929.344143867
ag151024,elasticnetiter1000_l1ratio0.15,227752,0.857383788342,0.444444444444,0.0,0.0,0.0,undefined,0.0,896.568087101
ag151024,elasticnetiter1000_l1ratio0.15,216365,0.814516857655,0.611111111111,0.0,0.0,0.0,undefined,0.0,860.528018951
ag151024,elasticnetiter1000_l1ratio0.15,205547,0.77379195591,0.611111111111,0.0,0.0,0.0,undefined,0.0,811.69907999
ag151024,elasticnetiter1000_l1ratio0.15,195270,0.735103675707,0.5,0.0,0.0,0.0,undefined,0.0,787.916440964
ag151024,elasticnetiter1000_l1ratio0.15,185507,0.698350374196,0.555555555556,0.0,0.0,0.0,undefined,0.0,750.771709919
ag151024,elasticnetiter1000_l1ratio0.15,176232,0.663434173079,0.444444444444,0.0,0.0,0.0,undefined,0.0,715.369195938
ag151024,elasticnetiter1000_l1ratio0.15,167421,0.630264723155,0.555555555556,0.0,0.0,0.0,undefined,0.0,684.086386204
ag151024,elasticnetiter1000_l1ratio0.15,159050,0.598751675225,0.388888888889,0.0,0.0,0.0,undefined,0.0,655.429175138
ag151024,elasticnetiter1000_l1ratio0.15,151098,0.568815973738,0.611111111111,0.0,0.0,0.0,undefined,0.0,625.725506067
ag151024,elasticnetiter1000_l1ratio0.15,143544,0.540378563147,0.611111111111,0.0,0.0,0.0,undefined,0.0,598.616175175
ag151024,elasticnetiter1000_l1ratio0.15,136367,0.513360387899,0.5,0.0,0.0,0.0,undefined,0.0,571.543116808
ag151024,elasticnetiter1000_l1ratio0.15,129549,0.487693686097,0.5,0.0,0.0,0.0,undefined,0.0,547.572651863
ag151024,elasticnetiter1000_l1ratio0.15,123072,0.463310695839,0.555555555556,0.0,0.0,0.0,undefined,0.0,512.023667097
ag151024,elasticnetiter1000_l1ratio0.15,116919,0.440147419777,0.333333333333,0.0,0.0,0.0,undefined,0.0,514.164435863
ag151024,elasticnetiter1000_l1ratio0.15,111074,0.418143625111,0.5,0.0,0.0,0.0,undefined,0.0,472.425907135
ag151024,elasticnetiter1000_l1ratio0.15,105521,0.39723907904,0.5,0.0,0.0,0.0,undefined,0.0,461.014549017
ag151024,elasticnetiter1000_l1ratio0.15,100245,0.377377313316,0.333333333333,0.0,0.0,0.0,undefined,0.0,451.522665024
ag151024,elasticnetiter1000_l1ratio0.15,95233,0.358509388788,0.388888888889,0.0,0.0,0.0,undefined,0.0,416.478120089
ag151024,elasticnetiter1000_l1ratio0.15,90472,0.340586366306,0.388888888889,0.0,0.0,0.0,undefined,0.0,393.317244053
ag151024,elasticnetiter1000_l1ratio0.15,85949,0.32355930672,0.277777777778,0.0,0.0,0.0,undefined,0.0,376.857204914
ag151024,elasticnetiter1000_l1ratio0.15,81652,0.307383035432,0.444444444444,0.0,0.0,0.0,undefined,0.0,358.062177896
ag151024,elasticnetiter1000_l1ratio0.15,77570,0.29201614239,0.333333333333,0.0,0.0,0.0,undefined,0.0,355.174938917
ag151024,elasticnetiter1000_l1ratio0.15,73692,0.277417217546,0.166666666667,0.0,0.0,0.0,undefined,0.0,328.89324522
ag151024,elasticnetiter1000_l1ratio0.15,70008,0.263548615399,0.222222222222,0.0,0.0,0.0,undefined,0.0,305.795801878
ag151024,elasticnetiter1000_l1ratio0.15,66508,0.250372690449,0.277777777778,0.0,0.0,0.0,undefined,0.0,291.721345901
ag151024,elasticnetiter1000_l1ratio0.15,63183,0.237855561746,0.166666666667,0.0,0.0,0.0,undefined,0.0,285.824532986
ag151024,elasticnetiter1000_l1ratio0.15,60024,0.225963348341,0.0555555555556,0.0,0.0,0.0,undefined,0.0,289.342149973
ag151024,elasticnetiter1000_l1ratio0.15,57023,0.214665933834,0.0555555555556,0.0,0.0,0.0,undefined,0.0,269.379868031
ag151024,elasticnetiter1000_l1ratio0.15,54172,0.203933201825,0.0,0.0,0.0,0.0,undefined,0.0,266.140309811
ag151024,elasticnetiter1000_l1ratio0.15,51464,0.193738800464,0.111111111111,0.0,0.0,0.0,undefined,0.0,240.632364988
ag151024,elasticnetiter1000_l1ratio0.15,48891,0.184052613351,0.0,0.0,0.0,0.0,undefined,0.0,246.038039923
ag151024,elasticnetiter1000_l1ratio0.15,46447,0.174852053186,0.111111111111,0.0,0.0,0.0,undefined,0.0,233.348809004
ag151024,elasticnetiter1000_l1ratio0.15,44125,0.166110768119,0.111111111111,0.0,0.0,0.0,undefined,0.0,222.93473506
ag151024,elasticnetiter1000_l1ratio0.15,41919,0.15780617085,0.0,0.0,0.0,0.0,undefined,0.0,203.199877024
ag151024,elasticnetiter1000_l1ratio0.15,39824,0.14991943863,0.333333333333,0.0,0.0,0.0,undefined,0.0,189.108458996
ag151024,elasticnetiter1000_l1ratio0.15,37833,0.142424219609,0.0555555555556,0.0,0.0,0.0,undefined,0.0,178.344156027
ag151024,elasticnetiter1000_l1ratio0.15,35942,0.135305455586,0.166666666667,0.0,0.0,0.0,undefined,0.0,183.933875084
ag151024,elasticnetiter1000_l1ratio0.15,34145,0.128540559262,0.111111111111,0.0,0.0,0.0,undefined,0.0,174.580343008
ag151024,elasticnetiter1000_l1ratio0.15,32438,0.122114472436,0.0,0.0,0.0,0.0,undefined,0.0,157.811589003
ag151024,elasticnetiter1000_l1ratio0.15,30817,0.116012136909,0.0,0.0,0.0,0.0,undefined,0.0,155.259634972
ag151024,elasticnetiter1000_l1ratio0.15,29277,0.110214729931,0.111111111111,0.0,0.0,0.0,undefined,0.0,140.773128033
ag151024,elasticnetiter1000_l1ratio0.15,27814,0.104707193302,0.0,0.0,0.0,0.0,undefined,0.0,145.784508228
ag151024,elasticnetiter1000_l1ratio0.15,26424,0.099474468822,0.0,0.0,0.0,0.0,undefined,0.0,137.560707808
ag151024,elasticnetiter1000_l1ratio0.15,25103,0.0945014982909,0.0,0.0,0.0,0.0,undefined,0.0,124.960036993
ag151024,elasticnetiter1000_l1ratio0.15,23848,0.0897769880588,0.111111111111,0.0,0.0,0.0,undefined,0.0,117.171691179
ag151024,elasticnetiter1000_l1ratio0.15,22656,0.0852896444759,0.0,0.0,0.0,0.0,undefined,0.0,114.396785021
ag151024,elasticnetiter1000_l1ratio0.15,21524,0.0810281738921,0.0,0.0,0.0,0.0,undefined,0.0,110.941287994
ag151024,elasticnetiter1000_l1ratio0.15,20448,0.0769775181075,0.0,0.0,0.0,0.0,undefined,0.0,107.458709955
ag151024,elasticnetiter1000_l1ratio0.15,19426,0.0731301480221,0.0,0.0,0.0,0.0,undefined,0.0,100.216372967
ag151024,elasticnetiter1000_l1ratio0.15,18455,0.069474769986,0.0,0.0,0.0,0.0,undefined,0.0,93.8100059032
ag151024,elasticnetiter1000_l1ratio0.15,17533,0.0660038548992,0.0,0.0,0.0,0.0,undefined,0.0,88.0900111198
ag151024,elasticnetiter1000_l1ratio0.15,16657,0.0627061091117,0.0,0.0,0.0,0.0,undefined,0.0,89.3271288872
ag151024,elasticnetiter1000_l1ratio0.15,15825,0.0595740035236,0.0,0.0,0.0,0.0,undefined,0.0,82.3030328751
ag151024,elasticnetiter1000_l1ratio0.15,15034,0.0565962444849,0.0,0.0,0.0,0.0,undefined,0.0,77.1810832024
ag151024,elasticnetiter1000_l1ratio0.15,14283,0.0537690674457,0.0,0.0,0.0,0.0,undefined,0.0,73.1647698879
ag151024,elasticnetiter1000_l1ratio0.15,13569,0.0510811787559,0.0,0.0,0.0,0.0,undefined,0.0,69.1811590195
ag151024,elasticnetiter1000_l1ratio0.15,12891,0.0485288138656,0.0,0.0,0.0,0.0,undefined,0.0,64.6124608517
ag151024,elasticnetiter1000_l1ratio0.15,12247,0.0461044436748,0.0,0.0,0.0,0.0,undefined,0.0,63.532610178
ag151024,elasticnetiter1000_l1ratio0.15,11635,0.0438005390836,0.0,0.0,0.0,0.0,undefined,0.0,59.373167038
ag151024,elasticnetiter1000_l1ratio0.15,11054,0.0416133355419,0.0,0.0,0.0,0.0,undefined,0.0,55.2125220299
ag151024,elasticnetiter1000_l1ratio0.15,10502,0.0395353039498,0.0,0.0,0.0,0.0,undefined,0.0,54.361153841
ag151024,elasticnetiter1000_l1ratio0.15,9977,0.0375589152073,0.0,0.0,0.0,0.0,undefined,0.0,49.5714309216
ag151024,elasticnetiter1000_l1ratio0.15,9479,0.0356841693144,0.0,0.0,0.0,0.0,undefined,0.0,46.3170900345
ag151024,elasticnetiter1000_l1ratio0.15,9006,0.0339035371712,0.0,0.0,0.0,0.0,undefined,0.0,44.9511909485
ag151024,elasticnetiter1000_l1ratio0.15,8556,0.0322094896776,0.0,0.0,0.0,0.0,undefined,0.0,42.5199210644
ag151024,elasticnetiter1000_l1ratio0.15,8129,0.0306020268337,0.0,0.0,0.0,0.0,undefined,0.0,40.2211930752
ag151024,elasticnetiter1000_l1ratio0.15,7723,0.0290736195395,0.0,0.0,0.0,0.0,undefined,0.0,39.9848368168
ag151024,elasticnetiter1000_l1ratio0.15,7337,0.027620503245,0.0,0.0,0.0,0.0,undefined,0.0,36.0534739494
ag151024,elasticnetiter1000_l1ratio0.15,6971,0.0262426779503,0.0,0.0,0.0,0.0,undefined,0.0,34.1129190922
ag151024,elasticnetiter1000_l1ratio0.15,6623,0.0249326145553,0.0,0.0,0.0,0.0,undefined,0.0,32.1578719616
ag151024,elasticnetiter1000_l1ratio0.15,6292,0.02368654851,0.0,0.0,0.0,0.0,undefined,0.0,30.2290818691
ag151024,elasticnetiter1000_l1ratio0.15,5978,0.0225044798145,0.0,0.0,0.0,0.0,undefined,0.0,28.9232130051
ag151024,elasticnetiter1000_l1ratio0.15,5680,0.0213826439187,0.0,0.0,0.0,0.0,undefined,0.0,27.1776781082
ag151024,elasticnetiter1000_l1ratio0.15,5396,0.0203135117228,0.0,0.0,0.0,0.0,undefined,0.0,25.5931329727
ag151024,elasticnetiter1000_l1ratio0.15,5127,0.0193008477767,0.0,0.0,0.0,0.0,undefined,0.0,24.478926897
ag151024,elasticnetiter1000_l1ratio0.15,4871,0.0183371229803,0.0,0.0,0.0,0.0,undefined,0.0,22.5482399464
ag151024,elasticnetiter1000_l1ratio0.15,4628,0.0174223373338,0.0,0.0,0.0,0.0,undefined,0.0,22.5891008377
ag151024,elasticnetiter1000_l1ratio0.15,4397,0.0165527262871,0.0,0.0,0.0,0.0,undefined,0.0,20.6411089897
ag151024,elasticnetiter1000_l1ratio0.15,4178,0.0157282898402,0.0,0.0,0.0,0.0,undefined,0.0,19.7677099705
ag151024,elasticnetiter1000_l1ratio0.15,3970,0.0149452634432,0.0,0.0,0.0,0.0,undefined,0.0,18.5542600155
ag151024,elasticnetiter1000_l1ratio0.15,3772,0.014199882546,0.0,0.0,0.0,0.0,undefined,0.0,17.039730072
ag151024,elasticnetiter1000_l1ratio0.15,3584,0.0134921471487,0.0,0.0,0.0,0.0,undefined,0.0,17.0868599415
ag151024,elasticnetiter1000_l1ratio0.15,3405,0.0128182927013,0.0,0.0,0.0,0.0,undefined,0.0,15.407984972
ag151024,elasticnetiter1000_l1ratio0.15,3235,0.0121783192037,0.0,0.0,0.0,0.0,undefined,0.0,14.5375790596
ag151024,elasticnetiter1000_l1ratio0.15,3074,0.011572226656,0.0,0.0,0.0,0.0,undefined,0.0,13.8524341583
ag151024,elasticnetiter1000_l1ratio0.15,2921,0.0109962505082,0.0,0.0,0.0,0.0,undefined,0.0,13.5405311584
ag151024,elasticnetiter1000_l1ratio0.15,2775,0.0104466262103,0.0,0.0,0.0,0.0,undefined,0.0,12.1210501194
ag151024,elasticnetiter1000_l1ratio0.15,2637,0.00992711831228,0.0,0.0,0.0,0.0,undefined,0.0,11.7569930553
ag151024,elasticnetiter1000_l1ratio0.15,2506,0.00943396226415,0.0,0.0,0.0,0.0,undefined,0.0,10.959941864
ag151024,elasticnetiter1000_l1ratio0.15,2381,0.00896339351594,0.0,0.0,0.0,0.0,undefined,0.0,10.7078750134
ag151024,elasticnetiter1000_l1ratio0.15,2262,0.00851541206764,0.0,0.0,0.0,0.0,undefined,0.0,10.0769319534
ag151024,elasticnetiter1000_l1ratio0.15,2149,0.00809001791926,0.0,0.0,0.0,0.0,undefined,0.0,8.93835806847
ag151024,elasticnetiter1000_l1ratio0.15,2042,0.00768721107079,0.0,0.0,0.0,0.0,undefined,0.0,8.63048791885
ag151024,elasticnetiter1000_l1ratio0.15,1940,0.00730322697225,0.0,0.0,0.0,0.0,undefined,0.0,8.26585316658
ag151024,elasticnetiter1000_l1ratio0.15,1843,0.00693806562364,0.0,0.0,0.0,0.0,undefined,0.0,8.09070801735
ag151024,elasticnetiter1000_l1ratio0.15,1751,0.00659172702495,0.0,0.0,0.0,0.0,undefined,0.0,7.30001497269
ag151024,elasticnetiter1000_l1ratio0.15,1664,0.0062642111762,0.0,0.0,0.0,0.0,undefined,0.0,6.83317494392
ag151024,elasticnetiter1000_l1ratio0.15,1581,0.00595175352738,0.0,0.0,0.0,0.0,undefined,0.0,6.30987405777
ag151024,elasticnetiter1000_l1ratio0.15,1502,0.00565435407851,0.0,0.0,0.0,0.0,undefined,0.0,6.12043809891
ag151024,elasticnetiter1000_l1ratio0.15,1427,0.00537201282959,0.0,0.0,0.0,0.0,undefined,0.0,5.45899701118
ag151024,elasticnetiter1000_l1ratio0.15,1356,0.0051047297806,0.0,0.0,0.0,0.0,undefined,0.0,5.86115908623
