al170316,linearsvc_C0.0001,265636,1.0,0.777777777778,0.0,0.0,0.0,undefined,0.0,82.9139339924
al170316,linearsvc_C0.0001,252355,0.95000301164,0.777777777778,0.0,0.0,0.0,undefined,0.0,73.3938081264
al170316,linearsvc_C0.0001,239738,0.90250568447,0.777777777778,0.0,0.0,0.0,undefined,0.0,66.5240938663
al170316,linearsvc_C0.0001,227752,0.857383788342,0.833333333333,0.0,0.0,0.0,undefined,0.0,49.3571581841
al170316,linearsvc_C0.0001,216365,0.814516857655,0.833333333333,0.0,0.0,0.0,undefined,0.0,52.0354540348
al170316,linearsvc_C0.0001,205547,0.77379195591,0.833333333333,0.0,0.0,0.0,undefined,0.0,44.9605519772
al170316,linearsvc_C0.0001,195270,0.735103675707,0.833333333333,0.0,0.0,0.0,undefined,0.0,43.843323946
al170316,linearsvc_C0.0001,185507,0.698350374196,0.833333333333,0.0,0.0,0.0,undefined,0.0,34.5017800331
al170316,linearsvc_C0.0001,176232,0.663434173079,0.777777777778,0.0,0.0,0.0,undefined,0.0,39.107776165
al170316,linearsvc_C0.0001,167421,0.630264723155,0.777777777778,0.0,0.0,0.0,undefined,0.0,28.6771960258
al170316,linearsvc_C0.0001,159050,0.598751675225,0.777777777778,0.0,0.0,0.0,undefined,0.0,24.0658409595
al170316,linearsvc_C0.0001,151098,0.568815973738,0.777777777778,0.0,0.0,0.0,undefined,0.0,28.2368631363
al170316,linearsvc_C0.0001,143544,0.540378563147,0.777777777778,0.0,0.0,0.0,undefined,0.0,27.3610389233
al170316,linearsvc_C0.0001,136367,0.513360387899,0.777777777778,0.0,0.0,0.0,undefined,0.0,20.7495510578
al170316,linearsvc_C0.0001,129549,0.487693686097,0.777777777778,0.0,0.0,0.0,undefined,0.0,20.858479023
al170316,linearsvc_C0.0001,123072,0.463310695839,0.777777777778,0.0,0.0,0.0,undefined,0.0,19.938313961
al170316,linearsvc_C0.0001,116919,0.440147419777,0.777777777778,0.0,0.0,0.0,undefined,0.0,16.9914631844
al170316,linearsvc_C0.0001,111074,0.418143625111,0.777777777778,0.0,0.0,0.0,undefined,0.0,16.3400850296
al170316,linearsvc_C0.0001,105521,0.39723907904,0.777777777778,0.0,0.0,0.0,undefined,0.0,15.6372301579
al170316,linearsvc_C0.0001,100245,0.377377313316,0.777777777778,0.0,0.0,0.0,undefined,0.0,13.506747961
al170316,linearsvc_C0.0001,95233,0.358509388788,0.777777777778,0.0,0.0,0.0,undefined,0.0,11.7173910141
al170316,linearsvc_C0.0001,90472,0.340586366306,0.777777777778,0.0,0.0,0.0,undefined,0.0,11.4609239101
al170316,linearsvc_C0.0001,85949,0.32355930672,0.777777777778,0.0,0.0,0.0,undefined,0.0,10.5891020298
al170316,linearsvc_C0.0001,81652,0.307383035432,0.833333333333,0.0,0.0,0.0,undefined,0.0,9.78723716736
al170316,linearsvc_C0.0001,77570,0.29201614239,0.833333333333,0.0,0.0,0.0,undefined,0.0,8.13220906258
al170316,linearsvc_C0.0001,73692,0.277417217546,0.833333333333,0.0,0.0,0.0,undefined,0.0,8.04162716866
al170316,linearsvc_C0.0001,70008,0.263548615399,0.833333333333,0.0,0.0,0.0,undefined,0.0,5.9019010067
al170316,linearsvc_C0.0001,66508,0.250372690449,0.833333333333,0.0,0.0,0.0,undefined,0.0,5.87069296837
al170316,linearsvc_C0.0001,63183,0.237855561746,0.833333333333,0.0,0.0,0.0,undefined,0.0,6.23263001442
al170316,linearsvc_C0.0001,60024,0.225963348341,0.833333333333,0.0,0.0,0.0,undefined,0.0,5.78433203697
al170316,linearsvc_C0.0001,57023,0.214665933834,0.888888888889,0.0,0.0,0.0,undefined,0.0,5.52110695839
al170316,linearsvc_C0.0001,54172,0.203933201825,0.833333333333,0.0,0.0,0.0,undefined,0.0,4.80527591705
al170316,linearsvc_C0.0001,51464,0.193738800464,0.833333333333,0.0,0.0,0.0,undefined,0.0,3.69240999222
al170316,linearsvc_C0.0001,48891,0.184052613351,0.888888888889,0.0,0.0,0.0,undefined,0.0,4.09744000435
al170316,linearsvc_C0.0001,46447,0.174852053186,0.833333333333,0.0,0.0,0.0,undefined,0.0,3.69480895996
al170316,linearsvc_C0.0001,44125,0.166110768119,0.833333333333,0.0,0.0,0.0,undefined,0.0,3.38879489899
al170316,linearsvc_C0.0001,41919,0.15780617085,0.833333333333,0.0,0.0,0.0,undefined,0.0,3.13052296638
al170316,linearsvc_C0.0001,39824,0.14991943863,0.777777777778,0.0,0.0,0.0,undefined,0.0,2.69119691849
al170316,linearsvc_C0.0001,37833,0.142424219609,0.833333333333,0.0,0.0,0.0,undefined,0.0,2.35657596588
al170316,linearsvc_C0.0001,35942,0.135305455586,0.833333333333,0.0,0.0,0.0,undefined,0.0,2.21040296555
al170316,linearsvc_C0.0001,34145,0.128540559262,0.833333333333,0.0,0.0,0.0,undefined,0.0,2.32920098305
al170316,linearsvc_C0.0001,32438,0.122114472436,0.833333333333,0.0,0.0,0.0,undefined,0.0,2.10882401466
al170316,linearsvc_C0.0001,30817,0.116012136909,0.833333333333,0.0,0.0,0.0,undefined,0.0,1.82844901085
al170316,linearsvc_C0.0001,29277,0.110214729931,0.833333333333,0.0,0.0,0.0,undefined,0.0,1.79158806801
al170316,linearsvc_C0.0001,27814,0.104707193302,0.833333333333,0.0,0.0,0.0,undefined,0.0,1.44492411613
al170316,linearsvc_C0.0001,26424,0.099474468822,0.833333333333,0.0,0.0,0.0,undefined,0.0,1.38934493065
al170316,linearsvc_C0.0001,25103,0.0945014982909,0.777777777778,0.0,0.0,0.0,undefined,0.0,1.15516805649
al170316,linearsvc_C0.0001,23848,0.0897769880588,0.833333333333,0.0,0.0,0.0,undefined,0.0,1.21087288857
al170316,linearsvc_C0.0001,22656,0.0852896444759,0.833333333333,0.0,0.0,0.0,undefined,0.0,1.06760692596
al170316,linearsvc_C0.0001,21524,0.0810281738921,0.777777777778,0.0,0.0,0.0,undefined,0.0,1.07264685631
al170316,linearsvc_C0.0001,20448,0.0769775181075,0.833333333333,0.0,0.0,0.0,undefined,0.0,0.915266990662
al170316,linearsvc_C0.0001,19426,0.0731301480221,0.777777777778,0.0,0.0,0.0,undefined,0.0,0.931473016739
al170316,linearsvc_C0.0001,18455,0.069474769986,0.777777777778,0.0,0.0,0.0,undefined,0.0,0.90092587471
al170316,linearsvc_C0.0001,17533,0.0660038548992,0.833333333333,0.0,0.0,0.0,undefined,0.0,0.718294858932
al170316,linearsvc_C0.0001,16657,0.0627061091117,0.722222222222,0.0,0.0,0.0,undefined,0.0,0.609592914581
al170316,linearsvc_C0.0001,15825,0.0595740035236,0.777777777778,0.0,0.0,0.0,undefined,0.0,0.576029062271
al170316,linearsvc_C0.0001,15034,0.0565962444849,0.777777777778,0.0,0.0,0.0,undefined,0.0,0.562711954117
al170316,linearsvc_C0.0001,14283,0.0537690674457,0.777777777778,0.0,0.0,0.0,undefined,0.0,0.482310056686
al170316,linearsvc_C0.0001,13569,0.0510811787559,0.777777777778,0.0,0.0,0.0,undefined,0.0,0.474056959152
al170316,linearsvc_C0.0001,12891,0.0485288138656,0.777777777778,0.0,0.0,0.0,undefined,0.0,0.402059078217
al170316,linearsvc_C0.0001,12247,0.0461044436748,0.777777777778,0.0,0.0,0.0,undefined,0.0,0.374276161194
al170316,linearsvc_C0.0001,11635,0.0438005390836,0.777777777778,0.0,0.0,0.0,undefined,0.0,0.357232809067
al170316,linearsvc_C0.0001,11054,0.0416133355419,0.777777777778,0.0,0.0,0.0,undefined,0.0,0.321734905243
al170316,linearsvc_C0.0001,10502,0.0395353039498,0.777777777778,0.0,0.0,0.0,undefined,0.0,0.304005146027
al170316,linearsvc_C0.0001,9977,0.0375589152073,0.777777777778,0.0,0.0,0.0,undefined,0.0,0.274329900742
al170316,linearsvc_C0.0001,9479,0.0356841693144,0.777777777778,0.0,0.0,0.0,undefined,0.0,0.278096914291
al170316,linearsvc_C0.0001,9006,0.0339035371712,0.777777777778,0.0,0.0,0.0,undefined,0.0,0.25425696373
al170316,linearsvc_C0.0001,8556,0.0322094896776,0.777777777778,0.0,0.0,0.0,undefined,0.0,0.201745986938
al170316,linearsvc_C0.0001,8129,0.0306020268337,0.777777777778,0.0,0.0,0.0,undefined,0.0,0.190252065659
al170316,linearsvc_C0.0001,7723,0.0290736195395,0.777777777778,0.0,0.0,0.0,undefined,0.0,0.184654951096
al170316,linearsvc_C0.0001,7337,0.027620503245,0.777777777778,0.0,0.0,0.0,undefined,0.0,0.166199922562
al170316,linearsvc_C0.0001,6971,0.0262426779503,0.777777777778,0.0,0.0,0.0,undefined,0.0,0.157070159912
al170316,linearsvc_C0.0001,6623,0.0249326145553,0.777777777778,0.0,0.0,0.0,undefined,0.0,0.145390987396
al170316,linearsvc_C0.0001,6292,0.02368654851,0.777777777778,0.0,0.0,0.0,undefined,0.0,0.13217997551
al170316,linearsvc_C0.0001,5978,0.0225044798145,0.777777777778,0.0,0.0,0.0,undefined,0.0,0.125071048737
al170316,linearsvc_C0.0001,5680,0.0213826439187,0.777777777778,0.0,0.0,0.0,undefined,0.0,0.130205154419
al170316,linearsvc_C0.0001,5396,0.0203135117228,0.833333333333,0.0,0.0,0.0,undefined,0.0,0.107271909714
al170316,linearsvc_C0.0001,5127,0.0193008477767,0.833333333333,0.0,0.0,0.0,undefined,0.0,0.0970339775085
al170316,linearsvc_C0.0001,4871,0.0183371229803,0.777777777778,0.0,0.0,0.0,undefined,0.0,0.0963320732117
al170316,linearsvc_C0.0001,4628,0.0174223373338,0.777777777778,0.0,0.0,0.0,undefined,0.0,0.0922989845276
al170316,linearsvc_C0.0001,4397,0.0165527262871,0.777777777778,0.0,0.0,0.0,undefined,0.0,0.0881819725037
al170316,linearsvc_C0.0001,4178,0.0157282898402,0.833333333333,0.0,0.0,0.0,undefined,0.0,0.0860569477081
al170316,linearsvc_C0.0001,3970,0.0149452634432,0.833333333333,0.0,0.0,0.0,undefined,0.0,0.0773921012878
al170316,linearsvc_C0.0001,3772,0.014199882546,0.833333333333,0.0,0.0,0.0,undefined,0.0,0.0929269790649
al170316,linearsvc_C0.0001,3584,0.0134921471487,0.833333333333,0.0,0.0,0.0,undefined,0.0,0.0827090740204
al170316,linearsvc_C0.0001,3405,0.0128182927013,0.777777777778,0.0,0.0,0.0,undefined,0.0,0.0858368873596
al170316,linearsvc_C0.0001,3235,0.0121783192037,0.833333333333,0.0,0.0,0.0,undefined,0.0,0.0780601501465
al170316,linearsvc_C0.0001,3074,0.011572226656,0.833333333333,0.0,0.0,0.0,undefined,0.0,0.0721039772034
al170316,linearsvc_C0.0001,2921,0.0109962505082,0.833333333333,0.0,0.0,0.0,undefined,0.0,0.0651049613953
al170316,linearsvc_C0.0001,2775,0.0104466262103,0.833333333333,0.0,0.0,0.0,undefined,0.0,0.0660450458527
al170316,linearsvc_C0.0001,2637,0.00992711831228,0.833333333333,0.0,0.0,0.0,undefined,0.0,0.0635900497437
al170316,linearsvc_C0.0001,2506,0.00943396226415,0.833333333333,0.0,0.0,0.0,undefined,0.0,0.0629961490631
al170316,linearsvc_C0.0001,2381,0.00896339351594,0.833333333333,0.0,0.0,0.0,undefined,0.0,0.0553960800171
al170316,linearsvc_C0.0001,2262,0.00851541206764,0.833333333333,0.0,0.0,0.0,undefined,0.0,0.054172039032
al170316,linearsvc_C0.0001,2149,0.00809001791926,0.888888888889,0.0,0.0,0.0,undefined,0.0,0.0536539554596
al170316,linearsvc_C0.0001,2042,0.00768721107079,0.888888888889,0.0,0.0,0.0,undefined,0.0,0.0513639450073
al170316,linearsvc_C0.0001,1940,0.00730322697225,0.833333333333,0.0,0.0,0.0,undefined,0.0,0.0819988250732
al170316,linearsvc_C0.0001,1843,0.00693806562364,0.944444444444,0.0,0.0,0.0,undefined,0.0,0.078547000885
al170316,linearsvc_C0.0001,1751,0.00659172702495,0.888888888889,0.0,0.0,0.0,undefined,0.0,0.0779478549957
al170316,linearsvc_C0.0001,1664,0.0062642111762,0.888888888889,0.0,0.0,0.0,undefined,0.0,0.0776958465576
al170316,linearsvc_C0.0001,1581,0.00595175352738,0.777777777778,0.0,0.0,0.0,undefined,0.0,0.0758099555969
al170316,linearsvc_C0.0001,1502,0.00565435407851,0.833333333333,0.0,0.0,0.0,undefined,0.0,0.0742709636688
al170316,linearsvc_C0.0001,1427,0.00537201282959,0.888888888889,0.0,0.0,0.0,undefined,0.0,0.072921037674
al170316,linearsvc_C0.0001,1356,0.0051047297806,0.888888888889,0.0,0.0,0.0,undefined,0.0,0.0727860927582
al170316,linearsvc_C0.001,265636,1.0,0.833333333333,0.0,0.0,0.0,undefined,0.0,298.132657051
al170316,linearsvc_C0.001,252355,0.95000301164,0.833333333333,0.0,0.0,0.0,undefined,0.0,283.502687931
al170316,linearsvc_C0.001,239738,0.90250568447,0.777777777778,0.0,0.0,0.0,undefined,0.0,268.74917984
al170316,linearsvc_C0.001,227752,0.857383788342,0.777777777778,0.0,0.0,0.0,undefined,0.0,255.008439064
al170316,linearsvc_C0.001,216365,0.814516857655,0.777777777778,0.0,0.0,0.0,undefined,0.0,243.229107857
al170316,linearsvc_C0.001,205547,0.77379195591,0.777777777778,0.0,0.0,0.0,undefined,0.0,230.132931948
al170316,linearsvc_C0.001,195270,0.735103675707,0.777777777778,0.0,0.0,0.0,undefined,0.0,218.313915014
al170316,linearsvc_C0.001,185507,0.698350374196,0.777777777778,0.0,0.0,0.0,undefined,0.0,207.462842941
al170316,linearsvc_C0.001,176232,0.663434173079,0.777777777778,0.0,0.0,0.0,undefined,0.0,196.679508924
al170316,linearsvc_C0.001,167421,0.630264723155,0.777777777778,0.0,0.0,0.0,undefined,0.0,189.590742111
al170316,linearsvc_C0.001,159050,0.598751675225,0.777777777778,0.0,0.0,0.0,undefined,0.0,177.495187044
al170316,linearsvc_C0.001,151098,0.568815973738,0.777777777778,0.0,0.0,0.0,undefined,0.0,169.489621162
al170316,linearsvc_C0.001,143544,0.540378563147,0.777777777778,0.0,0.0,0.0,undefined,0.0,160.283560038
al170316,linearsvc_C0.001,136367,0.513360387899,0.777777777778,0.0,0.0,0.0,undefined,0.0,152.938191891
al170316,linearsvc_C0.001,129549,0.487693686097,0.777777777778,0.0,0.0,0.0,undefined,0.0,145.245916128
al170316,linearsvc_C0.001,123072,0.463310695839,0.777777777778,0.0,0.0,0.0,undefined,0.0,137.87137413
al170316,linearsvc_C0.001,116919,0.440147419777,0.777777777778,0.0,0.0,0.0,undefined,0.0,130.913535118
al170316,linearsvc_C0.001,111074,0.418143625111,0.777777777778,0.0,0.0,0.0,undefined,0.0,96.3635320663
al170316,linearsvc_C0.001,105521,0.39723907904,0.777777777778,0.0,0.0,0.0,undefined,0.0,91.1848709583
al170316,linearsvc_C0.001,100245,0.377377313316,0.777777777778,0.0,0.0,0.0,undefined,0.0,111.77837491
al170316,linearsvc_C0.001,95233,0.358509388788,0.777777777778,0.0,0.0,0.0,undefined,0.0,105.934689045
al170316,linearsvc_C0.001,90472,0.340586366306,0.777777777778,0.0,0.0,0.0,undefined,0.0,100.460536003
al170316,linearsvc_C0.001,85949,0.32355930672,0.833333333333,0.0,0.0,0.0,undefined,0.0,93.7228078842
al170316,linearsvc_C0.001,81652,0.307383035432,0.833333333333,0.0,0.0,0.0,undefined,0.0,55.5697619915
al170316,linearsvc_C0.001,77570,0.29201614239,0.833333333333,0.0,0.0,0.0,undefined,0.0,48.6788070202
al170316,linearsvc_C0.001,73692,0.277417217546,0.833333333333,0.0,0.0,0.0,undefined,0.0,47.0648868084
al170316,linearsvc_C0.001,70008,0.263548615399,0.833333333333,0.0,0.0,0.0,undefined,0.0,68.2360229492
al170316,linearsvc_C0.001,66508,0.250372690449,0.833333333333,0.0,0.0,0.0,undefined,0.0,58.4261147976
al170316,linearsvc_C0.001,63183,0.237855561746,0.888888888889,0.0,0.0,0.0,undefined,0.0,55.653990984
al170316,linearsvc_C0.001,60024,0.225963348341,0.888888888889,0.0,0.0,0.0,undefined,0.0,31.9137260914
al170316,linearsvc_C0.001,57023,0.214665933834,0.888888888889,0.0,0.0,0.0,undefined,0.0,28.3631091118
al170316,linearsvc_C0.001,54172,0.203933201825,0.888888888889,0.0,0.0,0.0,undefined,0.0,49.4268910885
al170316,linearsvc_C0.001,51464,0.193738800464,0.888888888889,0.0,0.0,0.0,undefined,0.0,23.542124033
al170316,linearsvc_C0.001,48891,0.184052613351,0.888888888889,0.0,0.0,0.0,undefined,0.0,22.1335380077
al170316,linearsvc_C0.001,46447,0.174852053186,0.888888888889,0.0,0.0,0.0,undefined,0.0,17.0841021538
al170316,linearsvc_C0.001,44125,0.166110768119,0.888888888889,0.0,0.0,0.0,undefined,0.0,31.6641459465
al170316,linearsvc_C0.001,41919,0.15780617085,0.888888888889,0.0,0.0,0.0,undefined,0.0,22.8980078697
al170316,linearsvc_C0.001,39824,0.14991943863,0.888888888889,0.0,0.0,0.0,undefined,0.0,14.2603230476
al170316,linearsvc_C0.001,37833,0.142424219609,0.888888888889,0.0,0.0,0.0,undefined,0.0,18.3086390495
al170316,linearsvc_C0.001,35942,0.135305455586,0.888888888889,0.0,0.0,0.0,undefined,0.0,12.4092698097
al170316,linearsvc_C0.001,34145,0.128540559262,0.944444444444,0.0,0.0,0.0,undefined,0.0,18.5399200916
al170316,linearsvc_C0.001,32438,0.122114472436,0.888888888889,0.0,0.0,0.0,undefined,0.0,9.76101088524
al170316,linearsvc_C0.001,30817,0.116012136909,0.944444444444,0.0,0.0,0.0,undefined,0.0,15.8386909962
al170316,linearsvc_C0.001,29277,0.110214729931,0.944444444444,0.0,0.0,0.0,undefined,0.0,7.81572985649
al170316,linearsvc_C0.001,27814,0.104707193302,0.944444444444,0.0,0.0,0.0,undefined,0.0,7.86506295204
al170316,linearsvc_C0.001,26424,0.099474468822,0.888888888889,0.0,0.0,0.0,undefined,0.0,7.10782289505
al170316,linearsvc_C0.001,25103,0.0945014982909,0.888888888889,0.0,0.0,0.0,undefined,0.0,6.26311302185
al170316,linearsvc_C0.001,23848,0.0897769880588,0.888888888889,0.0,0.0,0.0,undefined,0.0,10.6376399994
al170316,linearsvc_C0.001,22656,0.0852896444759,0.888888888889,0.0,0.0,0.0,undefined,0.0,5.2291560173
al170316,linearsvc_C0.001,21524,0.0810281738921,0.888888888889,0.0,0.0,0.0,undefined,0.0,5.32270312309
al170316,linearsvc_C0.001,20448,0.0769775181075,0.888888888889,0.0,0.0,0.0,undefined,0.0,3.92467689514
al170316,linearsvc_C0.001,19426,0.0731301480221,0.888888888889,0.0,0.0,0.0,undefined,0.0,7.37893080711
al170316,linearsvc_C0.001,18455,0.069474769986,0.888888888889,0.0,0.0,0.0,undefined,0.0,3.32957911491
al170316,linearsvc_C0.001,17533,0.0660038548992,0.888888888889,0.0,0.0,0.0,undefined,0.0,3.20705389977
al170316,linearsvc_C0.001,16657,0.0627061091117,0.888888888889,0.0,0.0,0.0,undefined,0.0,3.13270783424
al170316,linearsvc_C0.001,15825,0.0595740035236,0.888888888889,0.0,0.0,0.0,undefined,0.0,2.69492506981
al170316,linearsvc_C0.001,15034,0.0565962444849,0.888888888889,0.0,0.0,0.0,undefined,0.0,2.4251511097
al170316,linearsvc_C0.001,14283,0.0537690674457,0.888888888889,0.0,0.0,0.0,undefined,0.0,2.15035486221
al170316,linearsvc_C0.001,13569,0.0510811787559,0.888888888889,0.0,0.0,0.0,undefined,0.0,2.40655016899
al170316,linearsvc_C0.001,12891,0.0485288138656,0.888888888889,0.0,0.0,0.0,undefined,0.0,1.80194306374
al170316,linearsvc_C0.001,12247,0.0461044436748,0.888888888889,0.0,0.0,0.0,undefined,0.0,1.7861301899
al170316,linearsvc_C0.001,11635,0.0438005390836,0.888888888889,0.0,0.0,0.0,undefined,0.0,1.59221100807
al170316,linearsvc_C0.001,11054,0.0416133355419,0.888888888889,0.0,0.0,0.0,undefined,0.0,1.30729007721
al170316,linearsvc_C0.001,10502,0.0395353039498,0.888888888889,0.0,0.0,0.0,undefined,0.0,1.11493706703
al170316,linearsvc_C0.001,9977,0.0375589152073,0.888888888889,0.0,0.0,0.0,undefined,0.0,0.972650051117
al170316,linearsvc_C0.001,9479,0.0356841693144,0.888888888889,0.0,0.0,0.0,undefined,0.0,1.03172492981
al170316,linearsvc_C0.001,9006,0.0339035371712,0.833333333333,0.0,0.0,0.0,undefined,0.0,0.89169716835
al170316,linearsvc_C0.001,8556,0.0322094896776,0.833333333333,0.0,0.0,0.0,undefined,0.0,0.992144107819
al170316,linearsvc_C0.001,8129,0.0306020268337,0.833333333333,0.0,0.0,0.0,undefined,0.0,0.657069921494
al170316,linearsvc_C0.001,7723,0.0290736195395,0.888888888889,0.0,0.0,0.0,undefined,0.0,0.756139993668
al170316,linearsvc_C0.001,7337,0.027620503245,0.888888888889,0.0,0.0,0.0,undefined,0.0,0.702215909958
al170316,linearsvc_C0.001,6971,0.0262426779503,0.888888888889,0.0,0.0,0.0,undefined,0.0,0.591305017471
al170316,linearsvc_C0.001,6623,0.0249326145553,0.833333333333,0.0,0.0,0.0,undefined,0.0,0.531373023987
al170316,linearsvc_C0.001,6292,0.02368654851,0.833333333333,0.0,0.0,0.0,undefined,0.0,0.455375909805
al170316,linearsvc_C0.001,5978,0.0225044798145,0.833333333333,0.0,0.0,0.0,undefined,0.0,0.375734090805
al170316,linearsvc_C0.001,5680,0.0213826439187,0.777777777778,0.0,0.0,0.0,undefined,0.0,0.390097141266
al170316,linearsvc_C0.001,5396,0.0203135117228,0.833333333333,0.0,0.0,0.0,undefined,0.0,0.333611011505
al170316,linearsvc_C0.001,5127,0.0193008477767,0.777777777778,0.0,0.0,0.0,undefined,0.0,0.330656051636
al170316,linearsvc_C0.001,4871,0.0183371229803,0.777777777778,0.0,0.0,0.0,undefined,0.0,0.345736980438
al170316,linearsvc_C0.001,4628,0.0174223373338,0.777777777778,0.0,0.0,0.0,undefined,0.0,0.279634952545
al170316,linearsvc_C0.001,4397,0.0165527262871,0.777777777778,0.0,0.0,0.0,undefined,0.0,0.24613904953
al170316,linearsvc_C0.001,4178,0.0157282898402,0.777777777778,0.0,0.0,0.0,undefined,0.0,0.302021026611
al170316,linearsvc_C0.001,3970,0.0149452634432,0.833333333333,0.0,0.0,0.0,undefined,0.0,0.203719854355
al170316,linearsvc_C0.001,3772,0.014199882546,0.833333333333,0.0,0.0,0.0,undefined,0.0,0.195249080658
al170316,linearsvc_C0.001,3584,0.0134921471487,0.888888888889,0.0,0.0,0.0,undefined,0.0,0.207051038742
al170316,linearsvc_C0.001,3405,0.0128182927013,0.833333333333,0.0,0.0,0.0,undefined,0.0,0.159837961197
al170316,linearsvc_C0.001,3235,0.0121783192037,0.777777777778,0.0,0.0,0.0,undefined,0.0,0.14067196846
al170316,linearsvc_C0.001,3074,0.011572226656,0.777777777778,0.0,0.0,0.0,undefined,0.0,0.128811836243
al170316,linearsvc_C0.001,2921,0.0109962505082,0.777777777778,0.0,0.0,0.0,undefined,0.0,0.138450145721
al170316,linearsvc_C0.001,2775,0.0104466262103,0.777777777778,0.0,0.0,0.0,undefined,0.0,0.161974191666
al170316,linearsvc_C0.001,2637,0.00992711831228,0.777777777778,0.0,0.0,0.0,undefined,0.0,0.114196062088
al170316,linearsvc_C0.001,2506,0.00943396226415,0.777777777778,0.0,0.0,0.0,undefined,0.0,0.107088088989
al170316,linearsvc_C0.001,2381,0.00896339351594,0.777777777778,0.0,0.0,0.0,undefined,0.0,0.123376131058
al170316,linearsvc_C0.001,2262,0.00851541206764,0.777777777778,0.0,0.0,0.0,undefined,0.0,0.0962162017822
al170316,linearsvc_C0.001,2149,0.00809001791926,0.777777777778,0.0,0.0,0.0,undefined,0.0,0.099485874176
al170316,linearsvc_C0.001,2042,0.00768721107079,0.777777777778,0.0,0.0,0.0,undefined,0.0,0.0908570289612
al170316,linearsvc_C0.001,1940,0.00730322697225,0.722222222222,0.0,0.0,0.0,undefined,0.0,0.103900909424
al170316,linearsvc_C0.001,1843,0.00693806562364,0.777777777778,0.0,0.0,0.0,undefined,0.0,0.118927001953
al170316,linearsvc_C0.001,1751,0.00659172702495,0.833333333333,0.0,0.0,0.0,undefined,0.0,0.0980651378632
al170316,linearsvc_C0.001,1664,0.0062642111762,0.833333333333,0.0,0.0,0.0,undefined,0.0,0.111446857452
al170316,linearsvc_C0.001,1581,0.00595175352738,0.833333333333,0.0,0.0,0.0,undefined,0.0,0.0948221683502
al170316,linearsvc_C0.001,1502,0.00565435407851,0.777777777778,0.0,0.0,0.0,undefined,0.0,0.105438947678
al170316,linearsvc_C0.001,1427,0.00537201282959,0.777777777778,0.0,0.0,0.0,undefined,0.0,0.090548992157
al170316,linearsvc_C0.001,1356,0.0051047297806,0.833333333333,0.0,0.0,0.0,undefined,0.0,0.0887379646301
al170316,linearsvc_C0.01,265636,1.0,0.777777777778,0.0,0.0,0.0,undefined,0.0,311.187343836
al170316,linearsvc_C0.01,252355,0.95000301164,0.777777777778,0.0,0.0,0.0,undefined,0.0,289.62133193
al170316,linearsvc_C0.01,239738,0.90250568447,0.777777777778,0.0,0.0,0.0,undefined,0.0,281.09029603
al170316,linearsvc_C0.01,227752,0.857383788342,0.777777777778,0.0,0.0,0.0,undefined,0.0,260.976655006
al170316,linearsvc_C0.01,216365,0.814516857655,0.777777777778,0.0,0.0,0.0,undefined,0.0,254.648732901
al170316,linearsvc_C0.01,205547,0.77379195591,0.777777777778,0.0,0.0,0.0,undefined,0.0,236.192224026
al170316,linearsvc_C0.01,195270,0.735103675707,0.777777777778,0.0,0.0,0.0,undefined,0.0,229.609178066
al170316,linearsvc_C0.01,185507,0.698350374196,0.777777777778,0.0,0.0,0.0,undefined,0.0,213.121969938
al170316,linearsvc_C0.01,176232,0.663434173079,0.777777777778,0.0,0.0,0.0,undefined,0.0,201.690711975
al170316,linearsvc_C0.01,167421,0.630264723155,0.777777777778,0.0,0.0,0.0,undefined,0.0,195.990643024
al170316,linearsvc_C0.01,159050,0.598751675225,0.777777777778,0.0,0.0,0.0,undefined,0.0,182.510500908
al170316,linearsvc_C0.01,151098,0.568815973738,0.777777777778,0.0,0.0,0.0,undefined,0.0,173.453692198
al170316,linearsvc_C0.01,143544,0.540378563147,0.777777777778,0.0,0.0,0.0,undefined,0.0,168.224735975
al170316,linearsvc_C0.01,136367,0.513360387899,0.777777777778,0.0,0.0,0.0,undefined,0.0,156.287514925
al170316,linearsvc_C0.01,129549,0.487693686097,0.777777777778,0.0,0.0,0.0,undefined,0.0,148.375592947
al170316,linearsvc_C0.01,123072,0.463310695839,0.777777777778,0.0,0.0,0.0,undefined,0.0,140.527837992
al170316,linearsvc_C0.01,116919,0.440147419777,0.777777777778,0.0,0.0,0.0,undefined,0.0,138.611441135
al170316,linearsvc_C0.01,111074,0.418143625111,0.777777777778,0.0,0.0,0.0,undefined,0.0,126.756768942
al170316,linearsvc_C0.01,105521,0.39723907904,0.777777777778,0.0,0.0,0.0,undefined,0.0,120.366126776
al170316,linearsvc_C0.01,100245,0.377377313316,0.777777777778,0.0,0.0,0.0,undefined,0.0,115.093619108
al170316,linearsvc_C0.01,95233,0.358509388788,0.777777777778,0.0,0.0,0.0,undefined,0.0,111.898728132
al170316,linearsvc_C0.01,90472,0.340586366306,0.777777777778,0.0,0.0,0.0,undefined,0.0,102.552253008
al170316,linearsvc_C0.01,85949,0.32355930672,0.777777777778,0.0,0.0,0.0,undefined,0.0,96.9245409966
al170316,linearsvc_C0.01,81652,0.307383035432,0.777777777778,0.0,0.0,0.0,undefined,0.0,92.5233850479
al170316,linearsvc_C0.01,77570,0.29201614239,0.777777777778,0.0,0.0,0.0,undefined,0.0,87.8101410866
al170316,linearsvc_C0.01,73692,0.277417217546,0.777777777778,0.0,0.0,0.0,undefined,0.0,82.9640209675
al170316,linearsvc_C0.01,70008,0.263548615399,0.777777777778,0.0,0.0,0.0,undefined,0.0,79.0005140305
al170316,linearsvc_C0.01,66508,0.250372690449,0.777777777778,0.0,0.0,0.0,undefined,0.0,74.8493859768
al170316,linearsvc_C0.01,63183,0.237855561746,0.777777777778,0.0,0.0,0.0,undefined,0.0,71.4325489998
al170316,linearsvc_C0.01,60024,0.225963348341,0.777777777778,0.0,0.0,0.0,undefined,0.0,68.2112190723
al170316,linearsvc_C0.01,57023,0.214665933834,0.777777777778,0.0,0.0,0.0,undefined,0.0,67.9954209328
al170316,linearsvc_C0.01,54172,0.203933201825,0.777777777778,0.0,0.0,0.0,undefined,0.0,61.4472060204
al170316,linearsvc_C0.01,51464,0.193738800464,0.777777777778,0.0,0.0,0.0,undefined,0.0,57.8621120453
al170316,linearsvc_C0.01,48891,0.184052613351,0.777777777778,0.0,0.0,0.0,undefined,0.0,55.2221570015
al170316,linearsvc_C0.01,46447,0.174852053186,0.777777777778,0.0,0.0,0.0,undefined,0.0,52.0309019089
al170316,linearsvc_C0.01,44125,0.166110768119,0.777777777778,0.0,0.0,0.0,undefined,0.0,49.8079628944
al170316,linearsvc_C0.01,41919,0.15780617085,0.777777777778,0.0,0.0,0.0,undefined,0.0,47.0856659412
al170316,linearsvc_C0.01,39824,0.14991943863,0.777777777778,0.0,0.0,0.0,undefined,0.0,44.7829868793
al170316,linearsvc_C0.01,37833,0.142424219609,0.777777777778,0.0,0.0,0.0,undefined,0.0,42.407708168
al170316,linearsvc_C0.01,35942,0.135305455586,0.777777777778,0.0,0.0,0.0,undefined,0.0,40.3051388264
al170316,linearsvc_C0.01,34145,0.128540559262,0.777777777778,0.0,0.0,0.0,undefined,0.0,40.2762351036
al170316,linearsvc_C0.01,32438,0.122114472436,0.777777777778,0.0,0.0,0.0,undefined,0.0,38.2837760448
al170316,linearsvc_C0.01,30817,0.116012136909,0.777777777778,0.0,0.0,0.0,undefined,0.0,34.3915910721
al170316,linearsvc_C0.01,29277,0.110214729931,0.777777777778,0.0,0.0,0.0,undefined,0.0,32.6664969921
al170316,linearsvc_C0.01,27814,0.104707193302,0.777777777778,0.0,0.0,0.0,undefined,0.0,30.9823651314
al170316,linearsvc_C0.01,26424,0.099474468822,0.777777777778,0.0,0.0,0.0,undefined,0.0,29.4266860485
al170316,linearsvc_C0.01,25103,0.0945014982909,0.777777777778,0.0,0.0,0.0,undefined,0.0,28.02115798
al170316,linearsvc_C0.01,23848,0.0897769880588,0.777777777778,0.0,0.0,0.0,undefined,0.0,26.3208270073
al170316,linearsvc_C0.01,22656,0.0852896444759,0.777777777778,0.0,0.0,0.0,undefined,0.0,25.2383890152
al170316,linearsvc_C0.01,21524,0.0810281738921,0.777777777778,0.0,0.0,0.0,undefined,0.0,23.6665389538
al170316,linearsvc_C0.01,20448,0.0769775181075,0.777777777778,0.0,0.0,0.0,undefined,0.0,22.4340200424
al170316,linearsvc_C0.01,19426,0.0731301480221,0.777777777778,0.0,0.0,0.0,undefined,0.0,21.4521799088
al170316,linearsvc_C0.01,18455,0.069474769986,0.777777777778,0.0,0.0,0.0,undefined,0.0,15.9367070198
al170316,linearsvc_C0.01,17533,0.0660038548992,0.777777777778,0.0,0.0,0.0,undefined,0.0,19.1889140606
al170316,linearsvc_C0.01,16657,0.0627061091117,0.777777777778,0.0,0.0,0.0,undefined,0.0,15.3914370537
al170316,linearsvc_C0.01,15825,0.0595740035236,0.777777777778,0.0,0.0,0.0,undefined,0.0,17.0688400269
al170316,linearsvc_C0.01,15034,0.0565962444849,0.777777777778,0.0,0.0,0.0,undefined,0.0,16.0661408901
al170316,linearsvc_C0.01,14283,0.0537690674457,0.777777777778,0.0,0.0,0.0,undefined,0.0,15.3894090652
al170316,linearsvc_C0.01,13569,0.0510811787559,0.777777777778,0.0,0.0,0.0,undefined,0.0,13.8322031498
al170316,linearsvc_C0.01,12891,0.0485288138656,0.777777777778,0.0,0.0,0.0,undefined,0.0,12.7572031021
al170316,linearsvc_C0.01,12247,0.0461044436748,0.777777777778,0.0,0.0,0.0,undefined,0.0,8.38270807266
al170316,linearsvc_C0.01,11635,0.0438005390836,0.777777777778,0.0,0.0,0.0,undefined,0.0,8.09622001648
al170316,linearsvc_C0.01,11054,0.0416133355419,0.777777777778,0.0,0.0,0.0,undefined,0.0,8.89271807671
al170316,linearsvc_C0.01,10502,0.0395353039498,0.833333333333,0.0,0.0,0.0,undefined,0.0,5.89348387718
al170316,linearsvc_C0.01,9977,0.0375589152073,0.833333333333,0.0,0.0,0.0,undefined,0.0,7.41367816925
al170316,linearsvc_C0.01,9479,0.0356841693144,0.888888888889,0.0,0.0,0.0,undefined,0.0,5.29375004768
al170316,linearsvc_C0.01,9006,0.0339035371712,0.888888888889,0.0,0.0,0.0,undefined,0.0,5.69109296799
al170316,linearsvc_C0.01,8556,0.0322094896776,0.888888888889,0.0,0.0,0.0,undefined,0.0,3.85622882843
al170316,linearsvc_C0.01,8129,0.0306020268337,0.888888888889,0.0,0.0,0.0,undefined,0.0,5.19523310661
al170316,linearsvc_C0.01,7723,0.0290736195395,0.888888888889,0.0,0.0,0.0,undefined,0.0,4.46427416801
al170316,linearsvc_C0.01,7337,0.027620503245,0.888888888889,0.0,0.0,0.0,undefined,0.0,4.25900197029
al170316,linearsvc_C0.01,6971,0.0262426779503,0.944444444444,0.0,0.0,0.0,undefined,0.0,3.83164811134
al170316,linearsvc_C0.01,6623,0.0249326145553,0.944444444444,0.0,0.0,0.0,undefined,0.0,3.45230412483
al170316,linearsvc_C0.01,6292,0.02368654851,0.888888888889,0.0,0.0,0.0,undefined,0.0,2.44769501686
al170316,linearsvc_C0.01,5978,0.0225044798145,0.888888888889,0.0,0.0,0.0,undefined,0.0,2.15616512299
al170316,linearsvc_C0.01,5680,0.0213826439187,0.888888888889,0.0,0.0,0.0,undefined,0.0,2.58960199356
al170316,linearsvc_C0.01,5396,0.0203135117228,0.888888888889,0.0,0.0,0.0,undefined,0.0,2.0241060257
al170316,linearsvc_C0.01,5127,0.0193008477767,0.888888888889,0.0,0.0,0.0,undefined,0.0,1.97407507896
al170316,linearsvc_C0.01,4871,0.0183371229803,0.888888888889,0.0,0.0,0.0,undefined,0.0,1.82191419601
al170316,linearsvc_C0.01,4628,0.0174223373338,0.888888888889,0.0,0.0,0.0,undefined,0.0,1.3276040554
al170316,linearsvc_C0.01,4397,0.0165527262871,0.888888888889,0.0,0.0,0.0,undefined,0.0,1.11862683296
al170316,linearsvc_C0.01,4178,0.0157282898402,0.888888888889,0.0,0.0,0.0,undefined,0.0,1.4775660038
al170316,linearsvc_C0.01,3970,0.0149452634432,0.888888888889,0.0,0.0,0.0,undefined,0.0,1.24583601952
al170316,linearsvc_C0.01,3772,0.014199882546,0.888888888889,0.0,0.0,0.0,undefined,0.0,1.42271900177
al170316,linearsvc_C0.01,3584,0.0134921471487,0.888888888889,0.0,0.0,0.0,undefined,0.0,1.02996683121
al170316,linearsvc_C0.01,3405,0.0128182927013,0.888888888889,0.0,0.0,0.0,undefined,0.0,1.03280901909
al170316,linearsvc_C0.01,3235,0.0121783192037,0.888888888889,0.0,0.0,0.0,undefined,0.0,0.765017986298
al170316,linearsvc_C0.01,3074,0.011572226656,0.888888888889,0.0,0.0,0.0,undefined,0.0,0.713316917419
al170316,linearsvc_C0.01,2921,0.0109962505082,0.888888888889,0.0,0.0,0.0,undefined,0.0,0.706686973572
al170316,linearsvc_C0.01,2775,0.0104466262103,0.888888888889,0.0,0.0,0.0,undefined,0.0,0.553349018097
al170316,linearsvc_C0.01,2637,0.00992711831228,0.888888888889,0.0,0.0,0.0,undefined,0.0,0.491654157639
al170316,linearsvc_C0.01,2506,0.00943396226415,0.888888888889,0.0,0.0,0.0,undefined,0.0,0.555954933167
al170316,linearsvc_C0.01,2381,0.00896339351594,0.833333333333,0.0,0.0,0.0,undefined,0.0,0.478892803192
al170316,linearsvc_C0.01,2262,0.00851541206764,0.833333333333,0.0,0.0,0.0,undefined,0.0,0.460873126984
al170316,linearsvc_C0.01,2149,0.00809001791926,0.833333333333,0.0,0.0,0.0,undefined,0.0,0.36753821373
al170316,linearsvc_C0.01,2042,0.00768721107079,0.833333333333,0.0,0.0,0.0,undefined,0.0,0.40025305748
al170316,linearsvc_C0.01,1940,0.00730322697225,0.833333333333,0.0,0.0,0.0,undefined,0.0,0.376091003418
al170316,linearsvc_C0.01,1843,0.00693806562364,0.833333333333,0.0,0.0,0.0,undefined,0.0,0.359303951263
al170316,linearsvc_C0.01,1751,0.00659172702495,0.777777777778,0.0,0.0,0.0,undefined,0.0,0.322073221207
al170316,linearsvc_C0.01,1664,0.0062642111762,0.777777777778,0.0,0.0,0.0,undefined,0.0,0.307487010956
al170316,linearsvc_C0.01,1581,0.00595175352738,0.777777777778,0.0,0.0,0.0,undefined,0.0,0.266222000122
al170316,linearsvc_C0.01,1502,0.00565435407851,0.777777777778,0.0,0.0,0.0,undefined,0.0,0.246150016785
al170316,linearsvc_C0.01,1427,0.00537201282959,0.833333333333,0.0,0.0,0.0,undefined,0.0,0.267181873322
al170316,linearsvc_C0.01,1356,0.0051047297806,0.777777777778,0.0,0.0,0.0,undefined,0.0,0.201200008392
al170316,linearsvc_C0.1,265636,1.0,0.777777777778,0.0,0.0,0.0,undefined,0.0,59.7553310394
al170316,linearsvc_C0.1,252355,0.95000301164,0.777777777778,0.0,0.0,0.0,undefined,0.0,30.0653920174
al170316,linearsvc_C0.1,239738,0.90250568447,0.777777777778,0.0,0.0,0.0,undefined,0.0,114.620013952
al170316,linearsvc_C0.1,227752,0.857383788342,0.777777777778,0.0,0.0,0.0,undefined,0.0,178.591912985
al170316,linearsvc_C0.1,216365,0.814516857655,0.777777777778,0.0,0.0,0.0,undefined,0.0,135.857783079
al170316,linearsvc_C0.1,205547,0.77379195591,0.777777777778,0.0,0.0,0.0,undefined,0.0,235.091182947
al170316,linearsvc_C0.1,195270,0.735103675707,0.777777777778,0.0,0.0,0.0,undefined,0.0,223.427630901
al170316,linearsvc_C0.1,185507,0.698350374196,0.777777777778,0.0,0.0,0.0,undefined,0.0,135.061998844
al170316,linearsvc_C0.1,176232,0.663434173079,0.777777777778,0.0,0.0,0.0,undefined,0.0,114.077519894
al170316,linearsvc_C0.1,167421,0.630264723155,0.777777777778,0.0,0.0,0.0,undefined,0.0,191.035920143
al170316,linearsvc_C0.1,159050,0.598751675225,0.777777777778,0.0,0.0,0.0,undefined,0.0,158.809356213
al170316,linearsvc_C0.1,151098,0.568815973738,0.777777777778,0.0,0.0,0.0,undefined,0.0,158.135414839
al170316,linearsvc_C0.1,143544,0.540378563147,0.833333333333,0.0,0.0,0.0,undefined,0.0,129.322700977
al170316,linearsvc_C0.1,136367,0.513360387899,0.833333333333,0.0,0.0,0.0,undefined,0.0,156.220400095
al170316,linearsvc_C0.1,129549,0.487693686097,0.833333333333,0.0,0.0,0.0,undefined,0.0,143.454329967
al170316,linearsvc_C0.1,123072,0.463310695839,0.833333333333,0.0,0.0,0.0,undefined,0.0,136.586991072
al170316,linearsvc_C0.1,116919,0.440147419777,0.833333333333,0.0,0.0,0.0,undefined,0.0,133.801615953
al170316,linearsvc_C0.1,111074,0.418143625111,0.833333333333,0.0,0.0,0.0,undefined,0.0,122.819499016
al170316,linearsvc_C0.1,105521,0.39723907904,0.833333333333,0.0,0.0,0.0,undefined,0.0,116.426849842
al170316,linearsvc_C0.1,100245,0.377377313316,0.833333333333,0.0,0.0,0.0,undefined,0.0,103.208643913
al170316,linearsvc_C0.1,95233,0.358509388788,0.833333333333,0.0,0.0,0.0,undefined,0.0,106.809962034
al170316,linearsvc_C0.1,90472,0.340586366306,0.833333333333,0.0,0.0,0.0,undefined,0.0,99.1309931278
al170316,linearsvc_C0.1,85949,0.32355930672,0.833333333333,0.0,0.0,0.0,undefined,0.0,94.4688129425
al170316,linearsvc_C0.1,81652,0.307383035432,0.833333333333,0.0,0.0,0.0,undefined,0.0,89.4090349674
al170316,linearsvc_C0.1,77570,0.29201614239,0.833333333333,0.0,0.0,0.0,undefined,0.0,86.3707008362
al170316,linearsvc_C0.1,73692,0.277417217546,0.833333333333,0.0,0.0,0.0,undefined,0.0,80.7280139923
al170316,linearsvc_C0.1,70008,0.263548615399,0.833333333333,0.0,0.0,0.0,undefined,0.0,76.1386749744
al170316,linearsvc_C0.1,66508,0.250372690449,0.833333333333,0.0,0.0,0.0,undefined,0.0,71.6526560783
al170316,linearsvc_C0.1,63183,0.237855561746,0.833333333333,0.0,0.0,0.0,undefined,0.0,68.9125859737
al170316,linearsvc_C0.1,60024,0.225963348341,0.833333333333,0.0,0.0,0.0,undefined,0.0,65.4522721767
al170316,linearsvc_C0.1,57023,0.214665933834,0.833333333333,0.0,0.0,0.0,undefined,0.0,64.8345777988
al170316,linearsvc_C0.1,54172,0.203933201825,0.833333333333,0.0,0.0,0.0,undefined,0.0,60.6358001232
al170316,linearsvc_C0.1,51464,0.193738800464,0.833333333333,0.0,0.0,0.0,undefined,0.0,55.9154531956
al170316,linearsvc_C0.1,48891,0.184052613351,0.833333333333,0.0,0.0,0.0,undefined,0.0,53.3838989735
al170316,linearsvc_C0.1,46447,0.174852053186,0.833333333333,0.0,0.0,0.0,undefined,0.0,50.5149419308
al170316,linearsvc_C0.1,44125,0.166110768119,0.833333333333,0.0,0.0,0.0,undefined,0.0,47.7553961277
al170316,linearsvc_C0.1,41919,0.15780617085,0.833333333333,0.0,0.0,0.0,undefined,0.0,45.2797811031
al170316,linearsvc_C0.1,39824,0.14991943863,0.833333333333,0.0,0.0,0.0,undefined,0.0,43.1538951397
al170316,linearsvc_C0.1,37833,0.142424219609,0.833333333333,0.0,0.0,0.0,undefined,0.0,40.9181029797
al170316,linearsvc_C0.1,35942,0.135305455586,0.833333333333,0.0,0.0,0.0,undefined,0.0,38.9053580761
al170316,linearsvc_C0.1,34145,0.128540559262,0.833333333333,0.0,0.0,0.0,undefined,0.0,37.0096139908
al170316,linearsvc_C0.1,32438,0.122114472436,0.833333333333,0.0,0.0,0.0,undefined,0.0,35.1191420555
al170316,linearsvc_C0.1,30817,0.116012136909,0.833333333333,0.0,0.0,0.0,undefined,0.0,33.4269931316
al170316,linearsvc_C0.1,29277,0.110214729931,0.833333333333,0.0,0.0,0.0,undefined,0.0,31.4927060604
al170316,linearsvc_C0.1,27814,0.104707193302,0.833333333333,0.0,0.0,0.0,undefined,0.0,30.2099449635
al170316,linearsvc_C0.1,26424,0.099474468822,0.833333333333,0.0,0.0,0.0,undefined,0.0,28.2763950825
al170316,linearsvc_C0.1,25103,0.0945014982909,0.833333333333,0.0,0.0,0.0,undefined,0.0,27.1103959084
al170316,linearsvc_C0.1,23848,0.0897769880588,0.777777777778,0.0,0.0,0.0,undefined,0.0,26.0631561279
al170316,linearsvc_C0.1,22656,0.0852896444759,0.777777777778,0.0,0.0,0.0,undefined,0.0,24.3390009403
al170316,linearsvc_C0.1,21524,0.0810281738921,0.833333333333,0.0,0.0,0.0,undefined,0.0,23.2491600513
al170316,linearsvc_C0.1,20448,0.0769775181075,0.777777777778,0.0,0.0,0.0,undefined,0.0,22.0074341297
al170316,linearsvc_C0.1,19426,0.0731301480221,0.777777777778,0.0,0.0,0.0,undefined,0.0,20.6277749538
al170316,linearsvc_C0.1,18455,0.069474769986,0.777777777778,0.0,0.0,0.0,undefined,0.0,19.8046350479
al170316,linearsvc_C0.1,17533,0.0660038548992,0.777777777778,0.0,0.0,0.0,undefined,0.0,18.6098489761
al170316,linearsvc_C0.1,16657,0.0627061091117,0.777777777778,0.0,0.0,0.0,undefined,0.0,17.5857851505
al170316,linearsvc_C0.1,15825,0.0595740035236,0.777777777778,0.0,0.0,0.0,undefined,0.0,16.9096860886
al170316,linearsvc_C0.1,15034,0.0565962444849,0.777777777778,0.0,0.0,0.0,undefined,0.0,15.7531859875
al170316,linearsvc_C0.1,14283,0.0537690674457,0.777777777778,0.0,0.0,0.0,undefined,0.0,14.9883260727
al170316,linearsvc_C0.1,13569,0.0510811787559,0.777777777778,0.0,0.0,0.0,undefined,0.0,14.1139638424
al170316,linearsvc_C0.1,12891,0.0485288138656,0.777777777778,0.0,0.0,0.0,undefined,0.0,13.3214030266
al170316,linearsvc_C0.1,12247,0.0461044436748,0.777777777778,0.0,0.0,0.0,undefined,0.0,12.6058549881
al170316,linearsvc_C0.1,11635,0.0438005390836,0.777777777778,0.0,0.0,0.0,undefined,0.0,11.741050005
al170316,linearsvc_C0.1,11054,0.0416133355419,0.777777777778,0.0,0.0,0.0,undefined,0.0,11.1593589783
al170316,linearsvc_C0.1,10502,0.0395353039498,0.777777777778,0.0,0.0,0.0,undefined,0.0,10.4191670418
al170316,linearsvc_C0.1,9977,0.0375589152073,0.777777777778,0.0,0.0,0.0,undefined,0.0,9.74171805382
al170316,linearsvc_C0.1,9479,0.0356841693144,0.777777777778,0.0,0.0,0.0,undefined,0.0,9.33398103714
al170316,linearsvc_C0.1,9006,0.0339035371712,0.777777777778,0.0,0.0,0.0,undefined,0.0,9.03952097893
al170316,linearsvc_C0.1,8556,0.0322094896776,0.777777777778,0.0,0.0,0.0,undefined,0.0,8.40539097786
al170316,linearsvc_C0.1,8129,0.0306020268337,0.777777777778,0.0,0.0,0.0,undefined,0.0,7.96798396111
al170316,linearsvc_C0.1,7723,0.0290736195395,0.777777777778,0.0,0.0,0.0,undefined,0.0,7.36599993706
al170316,linearsvc_C0.1,7337,0.027620503245,0.777777777778,0.0,0.0,0.0,undefined,0.0,6.84198999405
al170316,linearsvc_C0.1,6971,0.0262426779503,0.777777777778,0.0,0.0,0.0,undefined,0.0,6.63041710854
al170316,linearsvc_C0.1,6623,0.0249326145553,0.777777777778,0.0,0.0,0.0,undefined,0.0,6.19134902954
al170316,linearsvc_C0.1,6292,0.02368654851,0.777777777778,0.0,0.0,0.0,undefined,0.0,5.8158929348
al170316,linearsvc_C0.1,5978,0.0225044798145,0.777777777778,0.0,0.0,0.0,undefined,0.0,5.58957910538
al170316,linearsvc_C0.1,5680,0.0213826439187,0.777777777778,0.0,0.0,0.0,undefined,0.0,4.78768992424
al170316,linearsvc_C0.1,5396,0.0203135117228,0.722222222222,0.0,0.0,0.0,undefined,0.0,4.76534891129
al170316,linearsvc_C0.1,5127,0.0193008477767,0.722222222222,0.0,0.0,0.0,undefined,0.0,4.71720910072
al170316,linearsvc_C0.1,4871,0.0183371229803,0.722222222222,0.0,0.0,0.0,undefined,0.0,4.38516902924
al170316,linearsvc_C0.1,4628,0.0174223373338,0.722222222222,0.0,0.0,0.0,undefined,0.0,3.65254592896
al170316,linearsvc_C0.1,4397,0.0165527262871,0.722222222222,0.0,0.0,0.0,undefined,0.0,3.479804039
al170316,linearsvc_C0.1,4178,0.0157282898402,0.722222222222,0.0,0.0,0.0,undefined,0.0,3.37344193459
al170316,linearsvc_C0.1,3970,0.0149452634432,0.722222222222,0.0,0.0,0.0,undefined,0.0,2.54641413689
al170316,linearsvc_C0.1,3772,0.014199882546,0.666666666667,0.0,0.0,0.0,undefined,0.0,2.6421558857
al170316,linearsvc_C0.1,3584,0.0134921471487,0.666666666667,0.0,0.0,0.0,undefined,0.0,2.50326991081
al170316,linearsvc_C0.1,3405,0.0128182927013,0.722222222222,0.0,0.0,0.0,undefined,0.0,2.93430614471
al170316,linearsvc_C0.1,3235,0.0121783192037,0.722222222222,0.0,0.0,0.0,undefined,0.0,1.98443412781
al170316,linearsvc_C0.1,3074,0.011572226656,0.722222222222,0.0,0.0,0.0,undefined,0.0,1.6005589962
al170316,linearsvc_C0.1,2921,0.0109962505082,0.722222222222,0.0,0.0,0.0,undefined,0.0,1.80590105057
al170316,linearsvc_C0.1,2775,0.0104466262103,0.722222222222,0.0,0.0,0.0,undefined,0.0,2.10263299942
al170316,linearsvc_C0.1,2637,0.00992711831228,0.722222222222,0.0,0.0,0.0,undefined,0.0,1.40855813026
al170316,linearsvc_C0.1,2506,0.00943396226415,0.722222222222,0.0,0.0,0.0,undefined,0.0,1.7266690731
al170316,linearsvc_C0.1,2381,0.00896339351594,0.722222222222,0.0,0.0,0.0,undefined,0.0,1.09611201286
al170316,linearsvc_C0.1,2262,0.00851541206764,0.666666666667,0.0,0.0,0.0,undefined,0.0,1.47123217583
al170316,linearsvc_C0.1,2149,0.00809001791926,0.722222222222,0.0,0.0,0.0,undefined,0.0,1.31914114952
al170316,linearsvc_C0.1,2042,0.00768721107079,0.722222222222,0.0,0.0,0.0,undefined,0.0,1.11055707932
al170316,linearsvc_C0.1,1940,0.00730322697225,0.777777777778,0.0,0.0,0.0,undefined,0.0,1.47472906113
al170316,linearsvc_C0.1,1843,0.00693806562364,0.777777777778,0.0,0.0,0.0,undefined,0.0,0.811800003052
al170316,linearsvc_C0.1,1751,0.00659172702495,0.777777777778,0.0,0.0,0.0,undefined,0.0,0.973083972931
al170316,linearsvc_C0.1,1664,0.0062642111762,0.777777777778,0.0,0.0,0.0,undefined,0.0,0.857927083969
al170316,linearsvc_C0.1,1581,0.00595175352738,0.777777777778,0.0,0.0,0.0,undefined,0.0,0.687226057053
al170316,linearsvc_C0.1,1502,0.00565435407851,0.722222222222,0.0,0.0,0.0,undefined,0.0,0.736431121826
al170316,linearsvc_C0.1,1427,0.00537201282959,0.722222222222,0.0,0.0,0.0,undefined,0.0,0.689193964005
al170316,linearsvc_C0.1,1356,0.0051047297806,0.722222222222,0.0,0.0,0.0,undefined,0.0,0.505728960037
al170316,linearsvc_C1.0,265636,1.0,0.777777777778,0.0,0.0,0.0,undefined,0.0,17.2097661495
al170316,linearsvc_C1.0,252355,0.95000301164,0.777777777778,0.0,0.0,0.0,undefined,0.0,16.796708107
al170316,linearsvc_C1.0,239738,0.90250568447,0.777777777778,0.0,0.0,0.0,undefined,0.0,14.8922917843
al170316,linearsvc_C1.0,227752,0.857383788342,0.833333333333,0.0,0.0,0.0,undefined,0.0,14.3531248569
al170316,linearsvc_C1.0,216365,0.814516857655,0.777777777778,0.0,0.0,0.0,undefined,0.0,13.3277468681
al170316,linearsvc_C1.0,205547,0.77379195591,0.777777777778,0.0,0.0,0.0,undefined,0.0,12.4794180393
al170316,linearsvc_C1.0,195270,0.735103675707,0.833333333333,0.0,0.0,0.0,undefined,0.0,12.1117019653
al170316,linearsvc_C1.0,185507,0.698350374196,0.777777777778,0.0,0.0,0.0,undefined,0.0,11.2557909489
al170316,linearsvc_C1.0,176232,0.663434173079,0.833333333333,0.0,0.0,0.0,undefined,0.0,10.9243359566
al170316,linearsvc_C1.0,167421,0.630264723155,0.777777777778,0.0,0.0,0.0,undefined,0.0,9.75304889679
al170316,linearsvc_C1.0,159050,0.598751675225,0.777777777778,0.0,0.0,0.0,undefined,0.0,9.30099391937
al170316,linearsvc_C1.0,151098,0.568815973738,0.777777777778,0.0,0.0,0.0,undefined,0.0,8.87075185776
al170316,linearsvc_C1.0,143544,0.540378563147,0.833333333333,0.0,0.0,0.0,undefined,0.0,8.56758880615
al170316,linearsvc_C1.0,136367,0.513360387899,0.833333333333,0.0,0.0,0.0,undefined,0.0,7.97488594055
al170316,linearsvc_C1.0,129549,0.487693686097,0.833333333333,0.0,0.0,0.0,undefined,0.0,7.51078391075
al170316,linearsvc_C1.0,123072,0.463310695839,0.777777777778,0.0,0.0,0.0,undefined,0.0,6.99610996246
al170316,linearsvc_C1.0,116919,0.440147419777,0.833333333333,0.0,0.0,0.0,undefined,0.0,6.7304880619
al170316,linearsvc_C1.0,111074,0.418143625111,0.833333333333,0.0,0.0,0.0,undefined,0.0,6.85604691505
al170316,linearsvc_C1.0,105521,0.39723907904,0.888888888889,0.0,0.0,0.0,undefined,0.0,6.29734897614
al170316,linearsvc_C1.0,100245,0.377377313316,0.888888888889,0.0,0.0,0.0,undefined,0.0,5.98994493484
al170316,linearsvc_C1.0,95233,0.358509388788,0.888888888889,0.0,0.0,0.0,undefined,0.0,5.68654918671
al170316,linearsvc_C1.0,90472,0.340586366306,0.888888888889,0.0,0.0,0.0,undefined,0.0,5.26034617424
al170316,linearsvc_C1.0,85949,0.32355930672,0.888888888889,0.0,0.0,0.0,undefined,0.0,5.18363690376
al170316,linearsvc_C1.0,81652,0.307383035432,0.888888888889,0.0,0.0,0.0,undefined,0.0,4.33134198189
al170316,linearsvc_C1.0,77570,0.29201614239,0.888888888889,0.0,0.0,0.0,undefined,0.0,3.94783997536
al170316,linearsvc_C1.0,73692,0.277417217546,0.888888888889,0.0,0.0,0.0,undefined,0.0,3.8518280983
al170316,linearsvc_C1.0,70008,0.263548615399,0.888888888889,0.0,0.0,0.0,undefined,0.0,3.52959990501
al170316,linearsvc_C1.0,66508,0.250372690449,0.888888888889,0.0,0.0,0.0,undefined,0.0,3.36808681488
al170316,linearsvc_C1.0,63183,0.237855561746,0.888888888889,0.0,0.0,0.0,undefined,0.0,3.29003500938
al170316,linearsvc_C1.0,60024,0.225963348341,0.888888888889,0.0,0.0,0.0,undefined,0.0,3.06125116348
al170316,linearsvc_C1.0,57023,0.214665933834,0.888888888889,0.0,0.0,0.0,undefined,0.0,2.78367209435
al170316,linearsvc_C1.0,54172,0.203933201825,0.833333333333,0.0,0.0,0.0,undefined,0.0,2.76454496384
al170316,linearsvc_C1.0,51464,0.193738800464,0.888888888889,0.0,0.0,0.0,undefined,0.0,2.51285099983
al170316,linearsvc_C1.0,48891,0.184052613351,0.888888888889,0.0,0.0,0.0,undefined,0.0,2.41866803169
al170316,linearsvc_C1.0,46447,0.174852053186,0.888888888889,0.0,0.0,0.0,undefined,0.0,2.25243496895
al170316,linearsvc_C1.0,44125,0.166110768119,0.833333333333,0.0,0.0,0.0,undefined,0.0,2.08551883698
al170316,linearsvc_C1.0,41919,0.15780617085,0.833333333333,0.0,0.0,0.0,undefined,0.0,1.9168009758
al170316,linearsvc_C1.0,39824,0.14991943863,0.888888888889,0.0,0.0,0.0,undefined,0.0,1.83054304123
al170316,linearsvc_C1.0,37833,0.142424219609,0.888888888889,0.0,0.0,0.0,undefined,0.0,1.77573108673
al170316,linearsvc_C1.0,35942,0.135305455586,0.888888888889,0.0,0.0,0.0,undefined,0.0,1.65126895905
al170316,linearsvc_C1.0,34145,0.128540559262,0.888888888889,0.0,0.0,0.0,undefined,0.0,1.5435461998
al170316,linearsvc_C1.0,32438,0.122114472436,0.888888888889,0.0,0.0,0.0,undefined,0.0,1.46909189224
al170316,linearsvc_C1.0,30817,0.116012136909,0.888888888889,0.0,0.0,0.0,undefined,0.0,1.46154785156
al170316,linearsvc_C1.0,29277,0.110214729931,0.833333333333,0.0,0.0,0.0,undefined,0.0,1.33809304237
al170316,linearsvc_C1.0,27814,0.104707193302,0.888888888889,0.0,0.0,0.0,undefined,0.0,1.29587197304
al170316,linearsvc_C1.0,26424,0.099474468822,0.888888888889,0.0,0.0,0.0,undefined,0.0,1.18273687363
al170316,linearsvc_C1.0,25103,0.0945014982909,0.888888888889,0.0,0.0,0.0,undefined,0.0,1.2000079155
al170316,linearsvc_C1.0,23848,0.0897769880588,0.833333333333,0.0,0.0,0.0,undefined,0.0,1.04009318352
al170316,linearsvc_C1.0,22656,0.0852896444759,0.833333333333,0.0,0.0,0.0,undefined,0.0,0.988878011703
al170316,linearsvc_C1.0,21524,0.0810281738921,0.777777777778,0.0,0.0,0.0,undefined,0.0,0.932204961777
al170316,linearsvc_C1.0,20448,0.0769775181075,0.777777777778,0.0,0.0,0.0,undefined,0.0,0.959630966187
al170316,linearsvc_C1.0,19426,0.0731301480221,0.777777777778,0.0,0.0,0.0,undefined,0.0,0.831727981567
al170316,linearsvc_C1.0,18455,0.069474769986,0.833333333333,0.0,0.0,0.0,undefined,0.0,0.809009790421
al170316,linearsvc_C1.0,17533,0.0660038548992,0.833333333333,0.0,0.0,0.0,undefined,0.0,0.768684864044
al170316,linearsvc_C1.0,16657,0.0627061091117,0.833333333333,0.0,0.0,0.0,undefined,0.0,0.780821084976
al170316,linearsvc_C1.0,15825,0.0595740035236,0.833333333333,0.0,0.0,0.0,undefined,0.0,0.690747022629
al170316,linearsvc_C1.0,15034,0.0565962444849,0.833333333333,0.0,0.0,0.0,undefined,0.0,0.614702939987
al170316,linearsvc_C1.0,14283,0.0537690674457,0.777777777778,0.0,0.0,0.0,undefined,0.0,0.590180873871
al170316,linearsvc_C1.0,13569,0.0510811787559,0.888888888889,0.0,0.0,0.0,undefined,0.0,0.576951026917
al170316,linearsvc_C1.0,12891,0.0485288138656,0.777777777778,0.0,0.0,0.0,undefined,0.0,0.560757875443
al170316,linearsvc_C1.0,12247,0.0461044436748,0.833333333333,0.0,0.0,0.0,undefined,0.0,0.523293018341
al170316,linearsvc_C1.0,11635,0.0438005390836,0.833333333333,0.0,0.0,0.0,undefined,0.0,0.473521947861
al170316,linearsvc_C1.0,11054,0.0416133355419,0.833333333333,0.0,0.0,0.0,undefined,0.0,0.446172952652
al170316,linearsvc_C1.0,10502,0.0395353039498,0.777777777778,0.0,0.0,0.0,undefined,0.0,0.457828044891
al170316,linearsvc_C1.0,9977,0.0375589152073,0.777777777778,0.0,0.0,0.0,undefined,0.0,0.440776824951
al170316,linearsvc_C1.0,9479,0.0356841693144,0.777777777778,0.0,0.0,0.0,undefined,0.0,0.344710111618
al170316,linearsvc_C1.0,9006,0.0339035371712,0.722222222222,0.0,0.0,0.0,undefined,0.0,0.356276035309
al170316,linearsvc_C1.0,8556,0.0322094896776,0.777777777778,0.0,0.0,0.0,undefined,0.0,0.30610704422
al170316,linearsvc_C1.0,8129,0.0306020268337,0.777777777778,0.0,0.0,0.0,undefined,0.0,0.288354158401
al170316,linearsvc_C1.0,7723,0.0290736195395,0.777777777778,0.0,0.0,0.0,undefined,0.0,0.287708997726
al170316,linearsvc_C1.0,7337,0.027620503245,0.777777777778,0.0,0.0,0.0,undefined,0.0,0.287968873978
al170316,linearsvc_C1.0,6971,0.0262426779503,0.722222222222,0.0,0.0,0.0,undefined,0.0,0.235213041306
al170316,linearsvc_C1.0,6623,0.0249326145553,0.777777777778,0.0,0.0,0.0,undefined,0.0,0.270301103592
al170316,linearsvc_C1.0,6292,0.02368654851,0.722222222222,0.0,0.0,0.0,undefined,0.0,0.221291780472
al170316,linearsvc_C1.0,5978,0.0225044798145,0.888888888889,0.0,0.0,0.0,undefined,0.0,0.225396871567
al170316,linearsvc_C1.0,5680,0.0213826439187,0.888888888889,0.0,0.0,0.0,undefined,0.0,0.202903032303
al170316,linearsvc_C1.0,5396,0.0203135117228,0.777777777778,0.0,0.0,0.0,undefined,0.0,0.191253900528
al170316,linearsvc_C1.0,5127,0.0193008477767,0.833333333333,0.0,0.0,0.0,undefined,0.0,0.18507194519
al170316,linearsvc_C1.0,4871,0.0183371229803,0.777777777778,0.0,0.0,0.0,undefined,0.0,0.169126987457
al170316,linearsvc_C1.0,4628,0.0174223373338,0.833333333333,0.0,0.0,0.0,undefined,0.0,0.166491031647
al170316,linearsvc_C1.0,4397,0.0165527262871,0.888888888889,0.0,0.0,0.0,undefined,0.0,0.154992818832
al170316,linearsvc_C1.0,4178,0.0157282898402,0.833333333333,0.0,0.0,0.0,undefined,0.0,0.171854972839
al170316,linearsvc_C1.0,3970,0.0149452634432,0.888888888889,0.0,0.0,0.0,undefined,0.0,0.131201982498
al170316,linearsvc_C1.0,3772,0.014199882546,0.888888888889,0.0,0.0,0.0,undefined,0.0,0.150652170181
al170316,linearsvc_C1.0,3584,0.0134921471487,0.888888888889,0.0,0.0,0.0,undefined,0.0,0.141573905945
al170316,linearsvc_C1.0,3405,0.0128182927013,0.888888888889,0.0,0.0,0.0,undefined,0.0,0.144557952881
al170316,linearsvc_C1.0,3235,0.0121783192037,0.888888888889,0.0,0.0,0.0,undefined,0.0,0.143031835556
al170316,linearsvc_C1.0,3074,0.011572226656,0.888888888889,0.0,0.0,0.0,undefined,0.0,0.174508094788
al170316,linearsvc_C1.0,2921,0.0109962505082,0.833333333333,0.0,0.0,0.0,undefined,0.0,1.35628199577
al170316,linearsvc_C1.0,2775,0.0104466262103,0.777777777778,0.0,0.0,0.0,undefined,0.0,0.481449842453
al170316,linearsvc_C1.0,2637,0.00992711831228,0.888888888889,0.0,0.0,0.0,undefined,0.0,0.505330085754
al170316,linearsvc_C1.0,2506,0.00943396226415,0.888888888889,0.0,0.0,0.0,undefined,0.0,0.88235616684
al170316,linearsvc_C1.0,2381,0.00896339351594,0.888888888889,0.0,0.0,0.0,undefined,0.0,1.21749305725
al170316,linearsvc_C1.0,2262,0.00851541206764,0.888888888889,0.0,0.0,0.0,undefined,0.0,1.20620393753
al170316,linearsvc_C1.0,2149,0.00809001791926,0.888888888889,0.0,0.0,0.0,undefined,0.0,0.885590791702
al170316,linearsvc_C1.0,2042,0.00768721107079,0.888888888889,0.0,0.0,0.0,undefined,0.0,0.527379989624
al170316,linearsvc_C1.0,1940,0.00730322697225,0.944444444444,0.0,0.0,0.0,undefined,0.0,0.698795795441
al170316,linearsvc_C1.0,1843,0.00693806562364,0.944444444444,0.0,0.0,0.0,undefined,0.0,1.01131606102
al170316,linearsvc_C1.0,1751,0.00659172702495,0.888888888889,0.0,0.0,0.0,undefined,0.0,0.973385810852
al170316,linearsvc_C1.0,1664,0.0062642111762,0.944444444444,0.0,0.0,0.0,undefined,0.0,1.26673603058
al170316,linearsvc_C1.0,1581,0.00595175352738,0.888888888889,0.0,0.0,0.0,undefined,0.0,0.91756606102
al170316,linearsvc_C1.0,1502,0.00565435407851,0.888888888889,0.0,0.0,0.0,undefined,0.0,0.819263935089
al170316,linearsvc_C1.0,1427,0.00537201282959,0.833333333333,0.0,0.0,0.0,undefined,0.0,0.871504068375
al170316,linearsvc_C1.0,1356,0.0051047297806,0.777777777778,0.0,0.0,0.0,undefined,0.0,0.835119009018
al170316,linearsvc_C10.0,265636,1.0,0.722222222222,0.0,0.0,0.0,undefined,0.0,18.6942009926
al170316,linearsvc_C10.0,252355,0.95000301164,0.722222222222,0.0,0.0,0.0,undefined,0.0,17.4764668941
al170316,linearsvc_C10.0,239738,0.90250568447,0.722222222222,0.0,0.0,0.0,undefined,0.0,16.1579771042
al170316,linearsvc_C10.0,227752,0.857383788342,0.722222222222,0.0,0.0,0.0,undefined,0.0,15.0057480335
al170316,linearsvc_C10.0,216365,0.814516857655,0.722222222222,0.0,0.0,0.0,undefined,0.0,14.2451360226
al170316,linearsvc_C10.0,205547,0.77379195591,0.722222222222,0.0,0.0,0.0,undefined,0.0,15.1844549179
al170316,linearsvc_C10.0,195270,0.735103675707,0.722222222222,0.0,0.0,0.0,undefined,0.0,14.2842650414
al170316,linearsvc_C10.0,185507,0.698350374196,0.722222222222,0.0,0.0,0.0,undefined,0.0,14.2043089867
al170316,linearsvc_C10.0,176232,0.663434173079,0.777777777778,0.0,0.0,0.0,undefined,0.0,11.771725893
al170316,linearsvc_C10.0,167421,0.630264723155,0.777777777778,0.0,0.0,0.0,undefined,0.0,10.8070061207
al170316,linearsvc_C10.0,159050,0.598751675225,0.777777777778,0.0,0.0,0.0,undefined,0.0,10.2386388779
al170316,linearsvc_C10.0,151098,0.568815973738,0.722222222222,0.0,0.0,0.0,undefined,0.0,9.88053584099
al170316,linearsvc_C10.0,143544,0.540378563147,0.722222222222,0.0,0.0,0.0,undefined,0.0,8.9225590229
al170316,linearsvc_C10.0,136367,0.513360387899,0.777777777778,0.0,0.0,0.0,undefined,0.0,8.44236302376
al170316,linearsvc_C10.0,129549,0.487693686097,0.777777777778,0.0,0.0,0.0,undefined,0.0,8.16222715378
al170316,linearsvc_C10.0,123072,0.463310695839,0.777777777778,0.0,0.0,0.0,undefined,0.0,7.39835381508
al170316,linearsvc_C10.0,116919,0.440147419777,0.777777777778,0.0,0.0,0.0,undefined,0.0,7.27728509903
al170316,linearsvc_C10.0,111074,0.418143625111,0.777777777778,0.0,0.0,0.0,undefined,0.0,6.76875710487
al170316,linearsvc_C10.0,105521,0.39723907904,0.777777777778,0.0,0.0,0.0,undefined,0.0,6.26660585403
al170316,linearsvc_C10.0,100245,0.377377313316,0.777777777778,0.0,0.0,0.0,undefined,0.0,5.96282482147
al170316,linearsvc_C10.0,95233,0.358509388788,0.777777777778,0.0,0.0,0.0,undefined,0.0,5.80109286308
al170316,linearsvc_C10.0,90472,0.340586366306,0.777777777778,0.0,0.0,0.0,undefined,0.0,5.16327285767
al170316,linearsvc_C10.0,85949,0.32355930672,0.777777777778,0.0,0.0,0.0,undefined,0.0,4.99394416809
al170316,linearsvc_C10.0,81652,0.307383035432,0.777777777778,0.0,0.0,0.0,undefined,0.0,4.72368502617
al170316,linearsvc_C10.0,77570,0.29201614239,0.777777777778,0.0,0.0,0.0,undefined,0.0,4.28812909126
al170316,linearsvc_C10.0,73692,0.277417217546,0.777777777778,0.0,0.0,0.0,undefined,0.0,3.99599099159
al170316,linearsvc_C10.0,70008,0.263548615399,0.777777777778,0.0,0.0,0.0,undefined,0.0,3.81243991852
al170316,linearsvc_C10.0,66508,0.250372690449,0.777777777778,0.0,0.0,0.0,undefined,0.0,3.6652200222
al170316,linearsvc_C10.0,63183,0.237855561746,0.777777777778,0.0,0.0,0.0,undefined,0.0,3.4984061718
al170316,linearsvc_C10.0,60024,0.225963348341,0.777777777778,0.0,0.0,0.0,undefined,0.0,3.32614898682
al170316,linearsvc_C10.0,57023,0.214665933834,0.777777777778,0.0,0.0,0.0,undefined,0.0,3.08792114258
al170316,linearsvc_C10.0,54172,0.203933201825,0.777777777778,0.0,0.0,0.0,undefined,0.0,2.92351579666
al170316,linearsvc_C10.0,51464,0.193738800464,0.777777777778,0.0,0.0,0.0,undefined,0.0,2.72012114525
al170316,linearsvc_C10.0,48891,0.184052613351,0.833333333333,0.0,0.0,0.0,undefined,0.0,2.46608304977
al170316,linearsvc_C10.0,46447,0.174852053186,0.833333333333,0.0,0.0,0.0,undefined,0.0,2.44370913506
al170316,linearsvc_C10.0,44125,0.166110768119,0.833333333333,0.0,0.0,0.0,undefined,0.0,2.32313680649
al170316,linearsvc_C10.0,41919,0.15780617085,0.833333333333,0.0,0.0,0.0,undefined,0.0,2.21773386002
al170316,linearsvc_C10.0,39824,0.14991943863,0.833333333333,0.0,0.0,0.0,undefined,0.0,1.99198317528
al170316,linearsvc_C10.0,37833,0.142424219609,0.833333333333,0.0,0.0,0.0,undefined,0.0,1.89502000809
al170316,linearsvc_C10.0,35942,0.135305455586,0.833333333333,0.0,0.0,0.0,undefined,0.0,1.79294490814
al170316,linearsvc_C10.0,34145,0.128540559262,0.833333333333,0.0,0.0,0.0,undefined,0.0,1.75404715538
al170316,linearsvc_C10.0,32438,0.122114472436,0.833333333333,0.0,0.0,0.0,undefined,0.0,1.64199304581
al170316,linearsvc_C10.0,30817,0.116012136909,0.833333333333,0.0,0.0,0.0,undefined,0.0,1.55125999451
al170316,linearsvc_C10.0,29277,0.110214729931,0.833333333333,0.0,0.0,0.0,undefined,0.0,1.41538906097
al170316,linearsvc_C10.0,27814,0.104707193302,0.833333333333,0.0,0.0,0.0,undefined,0.0,1.40750098228
al170316,linearsvc_C10.0,26424,0.099474468822,0.833333333333,0.0,0.0,0.0,undefined,0.0,1.29001998901
al170316,linearsvc_C10.0,25103,0.0945014982909,0.777777777778,0.0,0.0,0.0,undefined,0.0,1.28014302254
al170316,linearsvc_C10.0,23848,0.0897769880588,0.833333333333,0.0,0.0,0.0,undefined,0.0,1.18157100677
al170316,linearsvc_C10.0,22656,0.0852896444759,0.833333333333,0.0,0.0,0.0,undefined,0.0,1.07655906677
al170316,linearsvc_C10.0,21524,0.0810281738921,0.833333333333,0.0,0.0,0.0,undefined,0.0,1.01847887039
al170316,linearsvc_C10.0,20448,0.0769775181075,0.833333333333,0.0,0.0,0.0,undefined,0.0,0.955564975739
al170316,linearsvc_C10.0,19426,0.0731301480221,0.777777777778,0.0,0.0,0.0,undefined,0.0,0.905156135559
al170316,linearsvc_C10.0,18455,0.069474769986,0.777777777778,0.0,0.0,0.0,undefined,0.0,0.856621026993
al170316,linearsvc_C10.0,17533,0.0660038548992,0.722222222222,0.0,0.0,0.0,undefined,0.0,0.831058979034
al170316,linearsvc_C10.0,16657,0.0627061091117,0.777777777778,0.0,0.0,0.0,undefined,0.0,0.8082280159
al170316,linearsvc_C10.0,15825,0.0595740035236,0.777777777778,0.0,0.0,0.0,undefined,0.0,0.729532003403
al170316,linearsvc_C10.0,15034,0.0565962444849,0.777777777778,0.0,0.0,0.0,undefined,0.0,0.689074039459
al170316,linearsvc_C10.0,14283,0.0537690674457,0.777777777778,0.0,0.0,0.0,undefined,0.0,0.670150995255
al170316,linearsvc_C10.0,13569,0.0510811787559,0.777777777778,0.0,0.0,0.0,undefined,0.0,0.591793060303
al170316,linearsvc_C10.0,12891,0.0485288138656,0.777777777778,0.0,0.0,0.0,undefined,0.0,0.634390830994
al170316,linearsvc_C10.0,12247,0.0461044436748,0.777777777778,0.0,0.0,0.0,undefined,0.0,0.556051969528
al170316,linearsvc_C10.0,11635,0.0438005390836,0.777777777778,0.0,0.0,0.0,undefined,0.0,0.50874209404
al170316,linearsvc_C10.0,11054,0.0416133355419,0.777777777778,0.0,0.0,0.0,undefined,0.0,0.465927124023
al170316,linearsvc_C10.0,10502,0.0395353039498,0.777777777778,0.0,0.0,0.0,undefined,0.0,0.450702905655
al170316,linearsvc_C10.0,9977,0.0375589152073,0.777777777778,0.0,0.0,0.0,undefined,0.0,0.433151960373
al170316,linearsvc_C10.0,9479,0.0356841693144,0.777777777778,0.0,0.0,0.0,undefined,0.0,0.389172077179
al170316,linearsvc_C10.0,9006,0.0339035371712,0.777777777778,0.0,0.0,0.0,undefined,0.0,0.354474067688
al170316,linearsvc_C10.0,8556,0.0322094896776,0.777777777778,0.0,0.0,0.0,undefined,0.0,0.327769994736
al170316,linearsvc_C10.0,8129,0.0306020268337,0.777777777778,0.0,0.0,0.0,undefined,0.0,0.359601020813
al170316,linearsvc_C10.0,7723,0.0290736195395,0.777777777778,0.0,0.0,0.0,undefined,0.0,0.308701038361
al170316,linearsvc_C10.0,7337,0.027620503245,0.777777777778,0.0,0.0,0.0,undefined,0.0,0.284883975983
al170316,linearsvc_C10.0,6971,0.0262426779503,0.777777777778,0.0,0.0,0.0,undefined,0.0,0.303941965103
al170316,linearsvc_C10.0,6623,0.0249326145553,0.777777777778,0.0,0.0,0.0,undefined,0.0,0.248356103897
al170316,linearsvc_C10.0,6292,0.02368654851,0.777777777778,0.0,0.0,0.0,undefined,0.0,0.272034883499
al170316,linearsvc_C10.0,5978,0.0225044798145,0.833333333333,0.0,0.0,0.0,undefined,0.0,0.256232023239
al170316,linearsvc_C10.0,5680,0.0213826439187,0.833333333333,0.0,0.0,0.0,undefined,0.0,0.213751077652
al170316,linearsvc_C10.0,5396,0.0203135117228,0.833333333333,0.0,0.0,0.0,undefined,0.0,0.212249994278
al170316,linearsvc_C10.0,5127,0.0193008477767,0.833333333333,0.0,0.0,0.0,undefined,0.0,0.188308954239
al170316,linearsvc_C10.0,4871,0.0183371229803,0.777777777778,0.0,0.0,0.0,undefined,0.0,0.166759967804
al170316,linearsvc_C10.0,4628,0.0174223373338,0.833333333333,0.0,0.0,0.0,undefined,0.0,0.163188934326
al170316,linearsvc_C10.0,4397,0.0165527262871,0.833333333333,0.0,0.0,0.0,undefined,0.0,0.145821094513
al170316,linearsvc_C10.0,4178,0.0157282898402,0.833333333333,0.0,0.0,0.0,undefined,0.0,0.136339902878
al170316,linearsvc_C10.0,3970,0.0149452634432,0.833333333333,0.0,0.0,0.0,undefined,0.0,0.186823129654
al170316,linearsvc_C10.0,3772,0.014199882546,0.833333333333,0.0,0.0,0.0,undefined,0.0,0.175326108932
al170316,linearsvc_C10.0,3584,0.0134921471487,0.888888888889,0.0,0.0,0.0,undefined,0.0,0.158155918121
al170316,linearsvc_C10.0,3405,0.0128182927013,0.888888888889,0.0,0.0,0.0,undefined,0.0,0.153579950333
al170316,linearsvc_C10.0,3235,0.0121783192037,0.777777777778,0.0,0.0,0.0,undefined,0.0,0.158645868301
al170316,linearsvc_C10.0,3074,0.011572226656,0.777777777778,0.0,0.0,0.0,undefined,0.0,0.130572795868
al170316,linearsvc_C10.0,2921,0.0109962505082,0.833333333333,0.0,0.0,0.0,undefined,0.0,0.11541891098
al170316,linearsvc_C10.0,2775,0.0104466262103,0.888888888889,0.0,0.0,0.0,undefined,0.0,0.140304803848
al170316,linearsvc_C10.0,2637,0.00992711831228,0.888888888889,0.0,0.0,0.0,undefined,0.0,0.101948976517
al170316,linearsvc_C10.0,2506,0.00943396226415,0.888888888889,0.0,0.0,0.0,undefined,0.0,0.120752096176
al170316,linearsvc_C10.0,2381,0.00896339351594,0.888888888889,0.0,0.0,0.0,undefined,0.0,0.11350107193
al170316,linearsvc_C10.0,2262,0.00851541206764,0.944444444444,0.0,0.0,0.0,undefined,0.0,0.111364126205
al170316,linearsvc_C10.0,2149,0.00809001791926,0.944444444444,0.0,0.0,0.0,undefined,0.0,0.102597951889
al170316,linearsvc_C10.0,2042,0.00768721107079,0.944444444444,0.0,0.0,0.0,undefined,0.0,0.129815101624
al170316,linearsvc_C10.0,1940,0.00730322697225,0.944444444444,0.0,0.0,0.0,undefined,0.0,0.125226974487
al170316,linearsvc_C10.0,1843,0.00693806562364,0.944444444444,0.0,0.0,0.0,undefined,0.0,0.124351978302
al170316,linearsvc_C10.0,1751,0.00659172702495,0.944444444444,0.0,0.0,0.0,undefined,0.0,0.120771884918
al170316,linearsvc_C10.0,1664,0.0062642111762,0.888888888889,0.0,0.0,0.0,undefined,0.0,0.119732141495
al170316,linearsvc_C10.0,1581,0.00595175352738,0.888888888889,0.0,0.0,0.0,undefined,0.0,0.11341714859
al170316,linearsvc_C10.0,1502,0.00565435407851,0.888888888889,0.0,0.0,0.0,undefined,0.0,0.113319158554
al170316,linearsvc_C10.0,1427,0.00537201282959,0.888888888889,0.0,0.0,0.0,undefined,0.0,0.113326072693
al170316,linearsvc_C10.0,1356,0.0051047297806,0.888888888889,0.0,0.0,0.0,undefined,0.0,0.104467868805
al170316,linearsvc_C100.0,265636,1.0,0.888888888889,0.0,0.0,0.0,undefined,0.0,21.4197940826
al170316,linearsvc_C100.0,252355,0.95000301164,0.888888888889,0.0,0.0,0.0,undefined,0.0,20.2748627663
al170316,linearsvc_C100.0,239738,0.90250568447,0.888888888889,0.0,0.0,0.0,undefined,0.0,18.8106207848
al170316,linearsvc_C100.0,227752,0.857383788342,0.888888888889,0.0,0.0,0.0,undefined,0.0,18.0603601933
al170316,linearsvc_C100.0,216365,0.814516857655,0.833333333333,0.0,0.0,0.0,undefined,0.0,16.4729988575
al170316,linearsvc_C100.0,205547,0.77379195591,0.888888888889,0.0,0.0,0.0,undefined,0.0,15.683909893
al170316,linearsvc_C100.0,195270,0.735103675707,0.888888888889,0.0,0.0,0.0,undefined,0.0,15.0400910378
al170316,linearsvc_C100.0,185507,0.698350374196,0.888888888889,0.0,0.0,0.0,undefined,0.0,13.8578121662
al170316,linearsvc_C100.0,176232,0.663434173079,0.888888888889,0.0,0.0,0.0,undefined,0.0,12.8221900463
al170316,linearsvc_C100.0,167421,0.630264723155,0.888888888889,0.0,0.0,0.0,undefined,0.0,12.1286640167
al170316,linearsvc_C100.0,159050,0.598751675225,0.888888888889,0.0,0.0,0.0,undefined,0.0,11.1556451321
al170316,linearsvc_C100.0,151098,0.568815973738,0.888888888889,0.0,0.0,0.0,undefined,0.0,11.1114139557
al170316,linearsvc_C100.0,143544,0.540378563147,0.888888888889,0.0,0.0,0.0,undefined,0.0,10.0479259491
al170316,linearsvc_C100.0,136367,0.513360387899,0.888888888889,0.0,0.0,0.0,undefined,0.0,9.56914615631
al170316,linearsvc_C100.0,129549,0.487693686097,0.888888888889,0.0,0.0,0.0,undefined,0.0,11.308932066
al170316,linearsvc_C100.0,123072,0.463310695839,0.888888888889,0.0,0.0,0.0,undefined,0.0,8.18790006638
al170316,linearsvc_C100.0,116919,0.440147419777,0.888888888889,0.0,0.0,0.0,undefined,0.0,7.91957497597
al170316,linearsvc_C100.0,111074,0.418143625111,0.888888888889,0.0,0.0,0.0,undefined,0.0,7.45928692818
al170316,linearsvc_C100.0,105521,0.39723907904,0.888888888889,0.0,0.0,0.0,undefined,0.0,8.44609308243
al170316,linearsvc_C100.0,100245,0.377377313316,0.888888888889,0.0,0.0,0.0,undefined,0.0,6.69542884827
al170316,linearsvc_C100.0,95233,0.358509388788,0.888888888889,0.0,0.0,0.0,undefined,0.0,6.23894190788
al170316,linearsvc_C100.0,90472,0.340586366306,0.888888888889,0.0,0.0,0.0,undefined,0.0,6.7847969532
al170316,linearsvc_C100.0,85949,0.32355930672,0.888888888889,0.0,0.0,0.0,undefined,0.0,5.55805492401
al170316,linearsvc_C100.0,81652,0.307383035432,0.888888888889,0.0,0.0,0.0,undefined,0.0,5.73327302933
al170316,linearsvc_C100.0,77570,0.29201614239,0.888888888889,0.0,0.0,0.0,undefined,0.0,5.51835298538
al170316,linearsvc_C100.0,73692,0.277417217546,0.888888888889,0.0,0.0,0.0,undefined,0.0,5.08485293388
al170316,linearsvc_C100.0,70008,0.263548615399,0.888888888889,0.0,0.0,0.0,undefined,0.0,4.96193790436
al170316,linearsvc_C100.0,66508,0.250372690449,0.888888888889,0.0,0.0,0.0,undefined,0.0,4.35603189468
al170316,linearsvc_C100.0,63183,0.237855561746,0.888888888889,0.0,0.0,0.0,undefined,0.0,4.48040914536
al170316,linearsvc_C100.0,60024,0.225963348341,0.888888888889,0.0,0.0,0.0,undefined,0.0,4.27314996719
al170316,linearsvc_C100.0,57023,0.214665933834,0.833333333333,0.0,0.0,0.0,undefined,0.0,3.56447505951
al170316,linearsvc_C100.0,54172,0.203933201825,0.888888888889,0.0,0.0,0.0,undefined,0.0,3.42426919937
al170316,linearsvc_C100.0,51464,0.193738800464,0.777777777778,0.0,0.0,0.0,undefined,0.0,3.01554203033
al170316,linearsvc_C100.0,48891,0.184052613351,0.777777777778,0.0,0.0,0.0,undefined,0.0,2.863063097
al170316,linearsvc_C100.0,46447,0.174852053186,0.777777777778,0.0,0.0,0.0,undefined,0.0,2.76212406158
al170316,linearsvc_C100.0,44125,0.166110768119,0.777777777778,0.0,0.0,0.0,undefined,0.0,2.48449206352
al170316,linearsvc_C100.0,41919,0.15780617085,0.833333333333,0.0,0.0,0.0,undefined,0.0,2.4803249836
al170316,linearsvc_C100.0,39824,0.14991943863,0.777777777778,0.0,0.0,0.0,undefined,0.0,2.30720591545
al170316,linearsvc_C100.0,37833,0.142424219609,0.777777777778,0.0,0.0,0.0,undefined,0.0,2.23418092728
al170316,linearsvc_C100.0,35942,0.135305455586,0.777777777778,0.0,0.0,0.0,undefined,0.0,2.05001807213
al170316,linearsvc_C100.0,34145,0.128540559262,0.777777777778,0.0,0.0,0.0,undefined,0.0,1.91998696327
al170316,linearsvc_C100.0,32438,0.122114472436,0.777777777778,0.0,0.0,0.0,undefined,0.0,1.90296602249
al170316,linearsvc_C100.0,30817,0.116012136909,0.777777777778,0.0,0.0,0.0,undefined,0.0,1.71051287651
al170316,linearsvc_C100.0,29277,0.110214729931,0.777777777778,0.0,0.0,0.0,undefined,0.0,1.53860497475
al170316,linearsvc_C100.0,27814,0.104707193302,0.833333333333,0.0,0.0,0.0,undefined,0.0,1.57838201523
al170316,linearsvc_C100.0,26424,0.099474468822,0.777777777778,0.0,0.0,0.0,undefined,0.0,1.41992902756
al170316,linearsvc_C100.0,25103,0.0945014982909,0.777777777778,0.0,0.0,0.0,undefined,0.0,1.37486886978
al170316,linearsvc_C100.0,23848,0.0897769880588,0.833333333333,0.0,0.0,0.0,undefined,0.0,1.26990509033
al170316,linearsvc_C100.0,22656,0.0852896444759,0.777777777778,0.0,0.0,0.0,undefined,0.0,1.09072589874
al170316,linearsvc_C100.0,21524,0.0810281738921,0.777777777778,0.0,0.0,0.0,undefined,0.0,1.19767189026
al170316,linearsvc_C100.0,20448,0.0769775181075,0.777777777778,0.0,0.0,0.0,undefined,0.0,1.06578087807
al170316,linearsvc_C100.0,19426,0.0731301480221,0.777777777778,0.0,0.0,0.0,undefined,0.0,1.02936816216
al170316,linearsvc_C100.0,18455,0.069474769986,0.833333333333,0.0,0.0,0.0,undefined,0.0,0.965279817581
al170316,linearsvc_C100.0,17533,0.0660038548992,0.833333333333,0.0,0.0,0.0,undefined,0.0,0.914636135101
al170316,linearsvc_C100.0,16657,0.0627061091117,0.833333333333,0.0,0.0,0.0,undefined,0.0,0.813086986542
al170316,linearsvc_C100.0,15825,0.0595740035236,0.833333333333,0.0,0.0,0.0,undefined,0.0,0.768783092499
al170316,linearsvc_C100.0,15034,0.0565962444849,0.888888888889,0.0,0.0,0.0,undefined,0.0,0.674062013626
al170316,linearsvc_C100.0,14283,0.0537690674457,0.888888888889,0.0,0.0,0.0,undefined,0.0,0.684044837952
al170316,linearsvc_C100.0,13569,0.0510811787559,0.888888888889,0.0,0.0,0.0,undefined,0.0,0.646726131439
al170316,linearsvc_C100.0,12891,0.0485288138656,0.888888888889,0.0,0.0,0.0,undefined,0.0,0.738467931747
al170316,linearsvc_C100.0,12247,0.0461044436748,0.888888888889,0.0,0.0,0.0,undefined,0.0,0.565274000168
al170316,linearsvc_C100.0,11635,0.0438005390836,0.888888888889,0.0,0.0,0.0,undefined,0.0,0.536556959152
al170316,linearsvc_C100.0,11054,0.0416133355419,0.888888888889,0.0,0.0,0.0,undefined,0.0,0.481914043427
al170316,linearsvc_C100.0,10502,0.0395353039498,0.833333333333,0.0,0.0,0.0,undefined,0.0,0.468677997589
al170316,linearsvc_C100.0,9977,0.0375589152073,0.833333333333,0.0,0.0,0.0,undefined,0.0,0.433655023575
al170316,linearsvc_C100.0,9479,0.0356841693144,0.833333333333,0.0,0.0,0.0,undefined,0.0,0.540986061096
al170316,linearsvc_C100.0,9006,0.0339035371712,0.833333333333,0.0,0.0,0.0,undefined,0.0,0.368318080902
al170316,linearsvc_C100.0,8556,0.0322094896776,0.833333333333,0.0,0.0,0.0,undefined,0.0,0.343986034393
al170316,linearsvc_C100.0,8129,0.0306020268337,0.833333333333,0.0,0.0,0.0,undefined,0.0,0.329463005066
al170316,linearsvc_C100.0,7723,0.0290736195395,0.833333333333,0.0,0.0,0.0,undefined,0.0,0.319117069244
al170316,linearsvc_C100.0,7337,0.027620503245,0.833333333333,0.0,0.0,0.0,undefined,0.0,0.294641971588
al170316,linearsvc_C100.0,6971,0.0262426779503,0.833333333333,0.0,0.0,0.0,undefined,0.0,0.282867908478
al170316,linearsvc_C100.0,6623,0.0249326145553,0.833333333333,0.0,0.0,0.0,undefined,0.0,0.26988196373
al170316,linearsvc_C100.0,6292,0.02368654851,0.833333333333,0.0,0.0,0.0,undefined,0.0,0.247705221176
al170316,linearsvc_C100.0,5978,0.0225044798145,0.833333333333,0.0,0.0,0.0,undefined,0.0,0.247325897217
al170316,linearsvc_C100.0,5680,0.0213826439187,0.833333333333,0.0,0.0,0.0,undefined,0.0,0.224693775177
al170316,linearsvc_C100.0,5396,0.0203135117228,0.833333333333,0.0,0.0,0.0,undefined,0.0,0.219381093979
al170316,linearsvc_C100.0,5127,0.0193008477767,0.833333333333,0.0,0.0,0.0,undefined,0.0,0.193778991699
al170316,linearsvc_C100.0,4871,0.0183371229803,0.833333333333,0.0,0.0,0.0,undefined,0.0,0.188421010971
al170316,linearsvc_C100.0,4628,0.0174223373338,0.833333333333,0.0,0.0,0.0,undefined,0.0,0.148837089539
al170316,linearsvc_C100.0,4397,0.0165527262871,0.833333333333,0.0,0.0,0.0,undefined,0.0,0.161545038223
al170316,linearsvc_C100.0,4178,0.0157282898402,0.833333333333,0.0,0.0,0.0,undefined,0.0,0.148633003235
al170316,linearsvc_C100.0,3970,0.0149452634432,0.833333333333,0.0,0.0,0.0,undefined,0.0,0.140501976013
al170316,linearsvc_C100.0,3772,0.014199882546,0.833333333333,0.0,0.0,0.0,undefined,0.0,0.145004034042
al170316,linearsvc_C100.0,3584,0.0134921471487,0.833333333333,0.0,0.0,0.0,undefined,0.0,0.160403013229
al170316,linearsvc_C100.0,3405,0.0128182927013,0.833333333333,0.0,0.0,0.0,undefined,0.0,0.140733003616
al170316,linearsvc_C100.0,3235,0.0121783192037,0.833333333333,0.0,0.0,0.0,undefined,0.0,0.130393028259
al170316,linearsvc_C100.0,3074,0.011572226656,0.833333333333,0.0,0.0,0.0,undefined,0.0,0.13557600975
al170316,linearsvc_C100.0,2921,0.0109962505082,0.833333333333,0.0,0.0,0.0,undefined,0.0,0.117989778519
al170316,linearsvc_C100.0,2775,0.0104466262103,0.833333333333,0.0,0.0,0.0,undefined,0.0,0.128419876099
al170316,linearsvc_C100.0,2637,0.00992711831228,0.833333333333,0.0,0.0,0.0,undefined,0.0,0.124588012695
al170316,linearsvc_C100.0,2506,0.00943396226415,0.833333333333,0.0,0.0,0.0,undefined,0.0,0.107435941696
al170316,linearsvc_C100.0,2381,0.00896339351594,0.833333333333,0.0,0.0,0.0,undefined,0.0,0.100491046906
al170316,linearsvc_C100.0,2262,0.00851541206764,0.833333333333,0.0,0.0,0.0,undefined,0.0,0.110952138901
al170316,linearsvc_C100.0,2149,0.00809001791926,0.888888888889,0.0,0.0,0.0,undefined,0.0,0.139971017838
al170316,linearsvc_C100.0,2042,0.00768721107079,0.888888888889,0.0,0.0,0.0,undefined,0.0,0.13637804985
al170316,linearsvc_C100.0,1940,0.00730322697225,0.833333333333,0.0,0.0,0.0,undefined,0.0,0.127742052078
al170316,linearsvc_C100.0,1843,0.00693806562364,0.833333333333,0.0,0.0,0.0,undefined,0.0,0.0950729846954
al170316,linearsvc_C100.0,1751,0.00659172702495,0.833333333333,0.0,0.0,0.0,undefined,0.0,0.11257982254
al170316,linearsvc_C100.0,1664,0.0062642111762,0.833333333333,0.0,0.0,0.0,undefined,0.0,0.127876996994
al170316,linearsvc_C100.0,1581,0.00595175352738,0.833333333333,0.0,0.0,0.0,undefined,0.0,0.111228942871
al170316,linearsvc_C100.0,1502,0.00565435407851,0.833333333333,0.0,0.0,0.0,undefined,0.0,0.11152100563
al170316,linearsvc_C100.0,1427,0.00537201282959,0.777777777778,0.0,0.0,0.0,undefined,0.0,0.115840196609
al170316,linearsvc_C100.0,1356,0.0051047297806,0.777777777778,0.0,0.0,0.0,undefined,0.0,0.102771043777
al170316,linearsvc_C1000.0,265636,1.0,0.722222222222,0.0,0.0,0.0,undefined,0.0,19.119328022
al170316,linearsvc_C1000.0,252355,0.95000301164,0.722222222222,0.0,0.0,0.0,undefined,0.0,17.8363530636
al170316,linearsvc_C1000.0,239738,0.90250568447,0.722222222222,0.0,0.0,0.0,undefined,0.0,17.1391987801
al170316,linearsvc_C1000.0,227752,0.857383788342,0.722222222222,0.0,0.0,0.0,undefined,0.0,15.6324350834
al170316,linearsvc_C1000.0,216365,0.814516857655,0.722222222222,0.0,0.0,0.0,undefined,0.0,15.2156398296
al170316,linearsvc_C1000.0,205547,0.77379195591,0.722222222222,0.0,0.0,0.0,undefined,0.0,13.8260779381
al170316,linearsvc_C1000.0,195270,0.735103675707,0.722222222222,0.0,0.0,0.0,undefined,0.0,13.9717710018
al170316,linearsvc_C1000.0,185507,0.698350374196,0.722222222222,0.0,0.0,0.0,undefined,0.0,14.2039129734
al170316,linearsvc_C1000.0,176232,0.663434173079,0.722222222222,0.0,0.0,0.0,undefined,0.0,13.0764148235
al170316,linearsvc_C1000.0,167421,0.630264723155,0.722222222222,0.0,0.0,0.0,undefined,0.0,11.4351189137
al170316,linearsvc_C1000.0,159050,0.598751675225,0.722222222222,0.0,0.0,0.0,undefined,0.0,10.4414150715
al170316,linearsvc_C1000.0,151098,0.568815973738,0.722222222222,0.0,0.0,0.0,undefined,0.0,9.80373811722
al170316,linearsvc_C1000.0,143544,0.540378563147,0.722222222222,0.0,0.0,0.0,undefined,0.0,9.16362905502
al170316,linearsvc_C1000.0,136367,0.513360387899,0.722222222222,0.0,0.0,0.0,undefined,0.0,8.56269907951
al170316,linearsvc_C1000.0,129549,0.487693686097,0.666666666667,0.0,0.0,0.0,undefined,0.0,8.13562321663
al170316,linearsvc_C1000.0,123072,0.463310695839,0.722222222222,0.0,0.0,0.0,undefined,0.0,7.6227748394
al170316,linearsvc_C1000.0,116919,0.440147419777,0.777777777778,0.0,0.0,0.0,undefined,0.0,7.18574714661
al170316,linearsvc_C1000.0,111074,0.418143625111,0.722222222222,0.0,0.0,0.0,undefined,0.0,6.82914996147
al170316,linearsvc_C1000.0,105521,0.39723907904,0.777777777778,0.0,0.0,0.0,undefined,0.0,6.24951100349
al170316,linearsvc_C1000.0,100245,0.377377313316,0.722222222222,0.0,0.0,0.0,undefined,0.0,5.81359291077
al170316,linearsvc_C1000.0,95233,0.358509388788,0.722222222222,0.0,0.0,0.0,undefined,0.0,5.72356009483
al170316,linearsvc_C1000.0,90472,0.340586366306,0.722222222222,0.0,0.0,0.0,undefined,0.0,5.33270406723
al170316,linearsvc_C1000.0,85949,0.32355930672,0.722222222222,0.0,0.0,0.0,undefined,0.0,5.14610910416
al170316,linearsvc_C1000.0,81652,0.307383035432,0.722222222222,0.0,0.0,0.0,undefined,0.0,4.80185198784
al170316,linearsvc_C1000.0,77570,0.29201614239,0.722222222222,0.0,0.0,0.0,undefined,0.0,4.45466089249
al170316,linearsvc_C1000.0,73692,0.277417217546,0.722222222222,0.0,0.0,0.0,undefined,0.0,4.23935699463
al170316,linearsvc_C1000.0,70008,0.263548615399,0.722222222222,0.0,0.0,0.0,undefined,0.0,3.95546889305
al170316,linearsvc_C1000.0,66508,0.250372690449,0.722222222222,0.0,0.0,0.0,undefined,0.0,3.66178607941
al170316,linearsvc_C1000.0,63183,0.237855561746,0.722222222222,0.0,0.0,0.0,undefined,0.0,3.61895990372
al170316,linearsvc_C1000.0,60024,0.225963348341,0.722222222222,0.0,0.0,0.0,undefined,0.0,3.31719183922
al170316,linearsvc_C1000.0,57023,0.214665933834,0.722222222222,0.0,0.0,0.0,undefined,0.0,3.1300599575
al170316,linearsvc_C1000.0,54172,0.203933201825,0.722222222222,0.0,0.0,0.0,undefined,0.0,3.03943681717
al170316,linearsvc_C1000.0,51464,0.193738800464,0.722222222222,0.0,0.0,0.0,undefined,0.0,2.95297908783
al170316,linearsvc_C1000.0,48891,0.184052613351,0.722222222222,0.0,0.0,0.0,undefined,0.0,2.71312904358
al170316,linearsvc_C1000.0,46447,0.174852053186,0.722222222222,0.0,0.0,0.0,undefined,0.0,2.5474178791
al170316,linearsvc_C1000.0,44125,0.166110768119,0.722222222222,0.0,0.0,0.0,undefined,0.0,2.32235479355
al170316,linearsvc_C1000.0,41919,0.15780617085,0.722222222222,0.0,0.0,0.0,undefined,0.0,2.28996300697
al170316,linearsvc_C1000.0,39824,0.14991943863,0.722222222222,0.0,0.0,0.0,undefined,0.0,2.15385198593
al170316,linearsvc_C1000.0,37833,0.142424219609,0.722222222222,0.0,0.0,0.0,undefined,0.0,1.93759679794
al170316,linearsvc_C1000.0,35942,0.135305455586,0.722222222222,0.0,0.0,0.0,undefined,0.0,1.91990995407
al170316,linearsvc_C1000.0,34145,0.128540559262,0.722222222222,0.0,0.0,0.0,undefined,0.0,1.82551121712
al170316,linearsvc_C1000.0,32438,0.122114472436,0.722222222222,0.0,0.0,0.0,undefined,0.0,1.62951397896
al170316,linearsvc_C1000.0,30817,0.116012136909,0.722222222222,0.0,0.0,0.0,undefined,0.0,1.54781413078
al170316,linearsvc_C1000.0,29277,0.110214729931,0.722222222222,0.0,0.0,0.0,undefined,0.0,1.50358605385
al170316,linearsvc_C1000.0,27814,0.104707193302,0.722222222222,0.0,0.0,0.0,undefined,0.0,1.40871095657
al170316,linearsvc_C1000.0,26424,0.099474468822,0.722222222222,0.0,0.0,0.0,undefined,0.0,1.39439296722
al170316,linearsvc_C1000.0,25103,0.0945014982909,0.722222222222,0.0,0.0,0.0,undefined,0.0,1.26850605011
al170316,linearsvc_C1000.0,23848,0.0897769880588,0.722222222222,0.0,0.0,0.0,undefined,0.0,1.18428111076
al170316,linearsvc_C1000.0,22656,0.0852896444759,0.722222222222,0.0,0.0,0.0,undefined,0.0,1.14364910126
al170316,linearsvc_C1000.0,21524,0.0810281738921,0.722222222222,0.0,0.0,0.0,undefined,0.0,1.02023291588
al170316,linearsvc_C1000.0,20448,0.0769775181075,0.722222222222,0.0,0.0,0.0,undefined,0.0,1.01040005684
al170316,linearsvc_C1000.0,19426,0.0731301480221,0.722222222222,0.0,0.0,0.0,undefined,0.0,0.960484981537
al170316,linearsvc_C1000.0,18455,0.069474769986,0.722222222222,0.0,0.0,0.0,undefined,0.0,0.934422969818
al170316,linearsvc_C1000.0,17533,0.0660038548992,0.722222222222,0.0,0.0,0.0,undefined,0.0,0.867580890656
al170316,linearsvc_C1000.0,16657,0.0627061091117,0.722222222222,0.0,0.0,0.0,undefined,0.0,0.788148880005
al170316,linearsvc_C1000.0,15825,0.0595740035236,0.722222222222,0.0,0.0,0.0,undefined,0.0,0.741659879684
al170316,linearsvc_C1000.0,15034,0.0565962444849,0.722222222222,0.0,0.0,0.0,undefined,0.0,0.716011047363
al170316,linearsvc_C1000.0,14283,0.0537690674457,0.722222222222,0.0,0.0,0.0,undefined,0.0,0.684103012085
al170316,linearsvc_C1000.0,13569,0.0510811787559,0.722222222222,0.0,0.0,0.0,undefined,0.0,0.638744831085
al170316,linearsvc_C1000.0,12891,0.0485288138656,0.722222222222,0.0,0.0,0.0,undefined,0.0,0.619740009308
al170316,linearsvc_C1000.0,12247,0.0461044436748,0.722222222222,0.0,0.0,0.0,undefined,0.0,0.581609010696
al170316,linearsvc_C1000.0,11635,0.0438005390836,0.722222222222,0.0,0.0,0.0,undefined,0.0,0.547491073608
al170316,linearsvc_C1000.0,11054,0.0416133355419,0.722222222222,0.0,0.0,0.0,undefined,0.0,0.507953166962
al170316,linearsvc_C1000.0,10502,0.0395353039498,0.722222222222,0.0,0.0,0.0,undefined,0.0,0.456645965576
al170316,linearsvc_C1000.0,9977,0.0375589152073,0.722222222222,0.0,0.0,0.0,undefined,0.0,0.440786838531
al170316,linearsvc_C1000.0,9479,0.0356841693144,0.777777777778,0.0,0.0,0.0,undefined,0.0,0.387088060379
al170316,linearsvc_C1000.0,9006,0.0339035371712,0.777777777778,0.0,0.0,0.0,undefined,0.0,0.365414142609
al170316,linearsvc_C1000.0,8556,0.0322094896776,0.777777777778,0.0,0.0,0.0,undefined,0.0,0.367452144623
al170316,linearsvc_C1000.0,8129,0.0306020268337,0.722222222222,0.0,0.0,0.0,undefined,0.0,0.307513952255
al170316,linearsvc_C1000.0,7723,0.0290736195395,0.722222222222,0.0,0.0,0.0,undefined,0.0,0.298234939575
al170316,linearsvc_C1000.0,7337,0.027620503245,0.722222222222,0.0,0.0,0.0,undefined,0.0,0.292402982712
al170316,linearsvc_C1000.0,6971,0.0262426779503,0.777777777778,0.0,0.0,0.0,undefined,0.0,0.285202026367
al170316,linearsvc_C1000.0,6623,0.0249326145553,0.777777777778,0.0,0.0,0.0,undefined,0.0,0.264601945877
al170316,linearsvc_C1000.0,6292,0.02368654851,0.777777777778,0.0,0.0,0.0,undefined,0.0,0.270464897156
al170316,linearsvc_C1000.0,5978,0.0225044798145,0.777777777778,0.0,0.0,0.0,undefined,0.0,0.24324297905
al170316,linearsvc_C1000.0,5680,0.0213826439187,0.833333333333,0.0,0.0,0.0,undefined,0.0,0.23623585701
al170316,linearsvc_C1000.0,5396,0.0203135117228,0.833333333333,0.0,0.0,0.0,undefined,0.0,0.218746185303
al170316,linearsvc_C1000.0,5127,0.0193008477767,0.833333333333,0.0,0.0,0.0,undefined,0.0,0.189464092255
al170316,linearsvc_C1000.0,4871,0.0183371229803,0.833333333333,0.0,0.0,0.0,undefined,0.0,0.175225019455
al170316,linearsvc_C1000.0,4628,0.0174223373338,0.888888888889,0.0,0.0,0.0,undefined,0.0,0.173694133759
al170316,linearsvc_C1000.0,4397,0.0165527262871,0.888888888889,0.0,0.0,0.0,undefined,0.0,0.16264295578
al170316,linearsvc_C1000.0,4178,0.0157282898402,0.833333333333,0.0,0.0,0.0,undefined,0.0,0.158077001572
al170316,linearsvc_C1000.0,3970,0.0149452634432,0.833333333333,0.0,0.0,0.0,undefined,0.0,0.170018911362
al170316,linearsvc_C1000.0,3772,0.014199882546,0.833333333333,0.0,0.0,0.0,undefined,0.0,0.142137050629
al170316,linearsvc_C1000.0,3584,0.0134921471487,0.888888888889,0.0,0.0,0.0,undefined,0.0,0.137671947479
al170316,linearsvc_C1000.0,3405,0.0128182927013,0.833333333333,0.0,0.0,0.0,undefined,0.0,0.144479036331
al170316,linearsvc_C1000.0,3235,0.0121783192037,0.833333333333,0.0,0.0,0.0,undefined,0.0,0.148010015488
al170316,linearsvc_C1000.0,3074,0.011572226656,0.888888888889,0.0,0.0,0.0,undefined,0.0,0.129137992859
al170316,linearsvc_C1000.0,2921,0.0109962505082,0.888888888889,0.0,0.0,0.0,undefined,0.0,0.112252950668
al170316,linearsvc_C1000.0,2775,0.0104466262103,0.833333333333,0.0,0.0,0.0,undefined,0.0,0.130615949631
al170316,linearsvc_C1000.0,2637,0.00992711831228,0.833333333333,0.0,0.0,0.0,undefined,0.0,0.10963010788
al170316,linearsvc_C1000.0,2506,0.00943396226415,0.833333333333,0.0,0.0,0.0,undefined,0.0,0.122137069702
al170316,linearsvc_C1000.0,2381,0.00896339351594,0.833333333333,0.0,0.0,0.0,undefined,0.0,0.105062007904
al170316,linearsvc_C1000.0,2262,0.00851541206764,0.833333333333,0.0,0.0,0.0,undefined,0.0,0.0969598293304
al170316,linearsvc_C1000.0,2149,0.00809001791926,0.833333333333,0.0,0.0,0.0,undefined,0.0,0.0902009010315
al170316,linearsvc_C1000.0,2042,0.00768721107079,0.833333333333,0.0,0.0,0.0,undefined,0.0,0.121459960938
al170316,linearsvc_C1000.0,1940,0.00730322697225,0.777777777778,0.0,0.0,0.0,undefined,0.0,0.120406150818
al170316,linearsvc_C1000.0,1843,0.00693806562364,0.777777777778,0.0,0.0,0.0,undefined,0.0,0.125676870346
al170316,linearsvc_C1000.0,1751,0.00659172702495,0.777777777778,0.0,0.0,0.0,undefined,0.0,0.120338201523
al170316,linearsvc_C1000.0,1664,0.0062642111762,0.777777777778,0.0,0.0,0.0,undefined,0.0,0.115646123886
al170316,linearsvc_C1000.0,1581,0.00595175352738,0.777777777778,0.0,0.0,0.0,undefined,0.0,0.107714891434
al170316,linearsvc_C1000.0,1502,0.00565435407851,0.777777777778,0.0,0.0,0.0,undefined,0.0,0.104595899582
al170316,linearsvc_C1000.0,1427,0.00537201282959,0.777777777778,0.0,0.0,0.0,undefined,0.0,0.113035202026
al170316,linearsvc_C1000.0,1356,0.0051047297806,0.833333333333,0.0,0.0,0.0,undefined,0.0,0.102167844772
al170316,elasticnetiter1000_l1ratio0.15,265636,1.0,0.722222222222,0.0,0.0,0.0,undefined,0.0,1015.00221992
al170316,elasticnetiter1000_l1ratio0.15,252355,0.95000301164,0.555555555556,0.0,0.0,0.0,undefined,0.0,964.629051924
al170316,elasticnetiter1000_l1ratio0.15,239738,0.90250568447,0.555555555556,0.0,0.0,0.0,undefined,0.0,926.529943943
al170316,elasticnetiter1000_l1ratio0.15,227752,0.857383788342,0.555555555556,0.0,0.0,0.0,undefined,0.0,886.264472008
al170316,elasticnetiter1000_l1ratio0.15,216365,0.814516857655,0.555555555556,0.0,0.0,0.0,undefined,0.0,853.678114176
al170316,elasticnetiter1000_l1ratio0.15,205547,0.77379195591,0.555555555556,0.0,0.0,0.0,undefined,0.0,820.483043194
al170316,elasticnetiter1000_l1ratio0.15,195270,0.735103675707,0.611111111111,0.0,0.0,0.0,undefined,0.0,775.127994061
al170316,elasticnetiter1000_l1ratio0.15,185507,0.698350374196,0.666666666667,0.0,0.0,0.0,undefined,0.0,741.953274965
al170316,elasticnetiter1000_l1ratio0.15,176232,0.663434173079,0.5,0.0,0.0,0.0,undefined,0.0,715.197522879
al170316,elasticnetiter1000_l1ratio0.15,167421,0.630264723155,0.777777777778,0.0,0.0,0.0,undefined,0.0,686.335711956
al170316,elasticnetiter1000_l1ratio0.15,159050,0.598751675225,0.611111111111,0.0,0.0,0.0,undefined,0.0,652.057259083
al170316,elasticnetiter1000_l1ratio0.15,151098,0.568815973738,0.611111111111,0.0,0.0,0.0,undefined,0.0,623.461951017
al170316,elasticnetiter1000_l1ratio0.15,143544,0.540378563147,0.555555555556,0.0,0.0,0.0,undefined,0.0,597.230564117
al170316,elasticnetiter1000_l1ratio0.15,136367,0.513360387899,0.555555555556,0.0,0.0,0.0,undefined,0.0,564.807713032
al170316,elasticnetiter1000_l1ratio0.15,129549,0.487693686097,0.388888888889,0.0,0.0,0.0,undefined,0.0,548.686579943
al170316,elasticnetiter1000_l1ratio0.15,123072,0.463310695839,0.277777777778,0.0,0.0,0.0,undefined,0.0,539.636602163
al170316,elasticnetiter1000_l1ratio0.15,116919,0.440147419777,0.444444444444,0.0,0.0,0.0,undefined,0.0,496.276922941
al170316,elasticnetiter1000_l1ratio0.15,111074,0.418143625111,0.333333333333,0.0,0.0,0.0,undefined,0.0,477.680752993
al170316,elasticnetiter1000_l1ratio0.15,105521,0.39723907904,0.388888888889,0.0,0.0,0.0,undefined,0.0,454.29755187
al170316,elasticnetiter1000_l1ratio0.15,100245,0.377377313316,0.444444444444,0.0,0.0,0.0,undefined,0.0,428.683845997
al170316,elasticnetiter1000_l1ratio0.15,95233,0.358509388788,0.222222222222,0.0,0.0,0.0,undefined,0.0,436.170871973
al170316,elasticnetiter1000_l1ratio0.15,90472,0.340586366306,0.277777777778,0.0,0.0,0.0,undefined,0.0,415.960162163
al170316,elasticnetiter1000_l1ratio0.15,85949,0.32355930672,0.277777777778,0.0,0.0,0.0,undefined,0.0,395.505198956
al170316,elasticnetiter1000_l1ratio0.15,81652,0.307383035432,0.5,0.0,0.0,0.0,undefined,0.0,358.325315952
al170316,elasticnetiter1000_l1ratio0.15,77570,0.29201614239,0.388888888889,0.0,0.0,0.0,undefined,0.0,334.225178957
al170316,elasticnetiter1000_l1ratio0.15,73692,0.277417217546,0.0555555555556,0.0,0.0,0.0,undefined,0.0,342.5496099
al170316,elasticnetiter1000_l1ratio0.15,70008,0.263548615399,0.0555555555556,0.0,0.0,0.0,undefined,0.0,322.008330107
al170316,elasticnetiter1000_l1ratio0.15,66508,0.250372690449,0.388888888889,0.0,0.0,0.0,undefined,0.0,293.534188986
al170316,elasticnetiter1000_l1ratio0.15,63183,0.237855561746,0.111111111111,0.0,0.0,0.0,undefined,0.0,277.023252964
al170316,elasticnetiter1000_l1ratio0.15,60024,0.225963348341,0.166666666667,0.0,0.0,0.0,undefined,0.0,265.801769972
al170316,elasticnetiter1000_l1ratio0.15,57023,0.214665933834,0.0555555555556,0.0,0.0,0.0,undefined,0.0,267.437914133
al170316,elasticnetiter1000_l1ratio0.15,54172,0.203933201825,0.555555555556,0.0,0.0,0.0,undefined,0.0,251.580196142
al170316,elasticnetiter1000_l1ratio0.15,51464,0.193738800464,0.0,0.0,0.0,0.0,undefined,0.0,242.512687922
al170316,elasticnetiter1000_l1ratio0.15,48891,0.184052613351,0.111111111111,0.0,0.0,0.0,undefined,0.0,232.187206984
al170316,elasticnetiter1000_l1ratio0.15,46447,0.174852053186,0.0555555555556,0.0,0.0,0.0,undefined,0.0,223.609179974
al170316,elasticnetiter1000_l1ratio0.15,44125,0.166110768119,0.388888888889,0.0,0.0,0.0,undefined,0.0,209.512094975
al170316,elasticnetiter1000_l1ratio0.15,41919,0.15780617085,0.0555555555556,0.0,0.0,0.0,undefined,0.0,210.771019936
al170316,elasticnetiter1000_l1ratio0.15,39824,0.14991943863,0.0,0.0,0.0,0.0,undefined,0.0,195.391359091
al170316,elasticnetiter1000_l1ratio0.15,37833,0.142424219609,0.222222222222,0.0,0.0,0.0,undefined,0.0,196.355566025
al170316,elasticnetiter1000_l1ratio0.15,35942,0.135305455586,0.333333333333,0.0,0.0,0.0,undefined,0.0,174.850029945
al170316,elasticnetiter1000_l1ratio0.15,34145,0.128540559262,0.166666666667,0.0,0.0,0.0,undefined,0.0,166.57884407
al170316,elasticnetiter1000_l1ratio0.15,32438,0.122114472436,0.0555555555556,0.0,0.0,0.0,undefined,0.0,150.021959066
al170316,elasticnetiter1000_l1ratio0.15,30817,0.116012136909,0.222222222222,0.0,0.0,0.0,undefined,0.0,161.200857878
al170316,elasticnetiter1000_l1ratio0.15,29277,0.110214729931,0.0,0.0,0.0,0.0,undefined,0.0,149.174442053
al170316,elasticnetiter1000_l1ratio0.15,27814,0.104707193302,0.0555555555556,0.0,0.0,0.0,undefined,0.0,142.146553993
al170316,elasticnetiter1000_l1ratio0.15,26424,0.099474468822,0.111111111111,0.0,0.0,0.0,undefined,0.0,127.119031906
al170316,elasticnetiter1000_l1ratio0.15,25103,0.0945014982909,0.222222222222,0.0,0.0,0.0,undefined,0.0,129.159487963
al170316,elasticnetiter1000_l1ratio0.15,23848,0.0897769880588,0.0,0.0,0.0,0.0,undefined,0.0,123.043346167
al170316,elasticnetiter1000_l1ratio0.15,22656,0.0852896444759,0.0,0.0,0.0,0.0,undefined,0.0,110.819133997
al170316,elasticnetiter1000_l1ratio0.15,21524,0.0810281738921,0.0,0.0,0.0,0.0,undefined,0.0,107.885451078
al170316,elasticnetiter1000_l1ratio0.15,20448,0.0769775181075,0.0,0.0,0.0,0.0,undefined,0.0,104.424770832
al170316,elasticnetiter1000_l1ratio0.15,19426,0.0731301480221,0.0,0.0,0.0,0.0,undefined,0.0,97.3299279213
al170316,elasticnetiter1000_l1ratio0.15,18455,0.069474769986,0.0,0.0,0.0,0.0,undefined,0.0,95.0741050243
al170316,elasticnetiter1000_l1ratio0.15,17533,0.0660038548992,0.0,0.0,0.0,0.0,undefined,0.0,86.6560521126
al170316,elasticnetiter1000_l1ratio0.15,16657,0.0627061091117,0.0555555555556,0.0,0.0,0.0,undefined,0.0,85.2386720181
al170316,elasticnetiter1000_l1ratio0.15,15825,0.0595740035236,0.0,0.0,0.0,0.0,undefined,0.0,80.2552301884
al170316,elasticnetiter1000_l1ratio0.15,15034,0.0565962444849,0.0,0.0,0.0,0.0,undefined,0.0,79.3415169716
al170316,elasticnetiter1000_l1ratio0.15,14283,0.0537690674457,0.0,0.0,0.0,0.0,undefined,0.0,73.4595069885
al170316,elasticnetiter1000_l1ratio0.15,13569,0.0510811787559,0.0,0.0,0.0,0.0,undefined,0.0,66.5969779491
al170316,elasticnetiter1000_l1ratio0.15,12891,0.0485288138656,0.0,0.0,0.0,0.0,undefined,0.0,64.1159348488
al170316,elasticnetiter1000_l1ratio0.15,12247,0.0461044436748,0.0,0.0,0.0,0.0,undefined,0.0,62.6264810562
al170316,elasticnetiter1000_l1ratio0.15,11635,0.0438005390836,0.0,0.0,0.0,0.0,undefined,0.0,60.2936689854
al170316,elasticnetiter1000_l1ratio0.15,11054,0.0416133355419,0.0,0.0,0.0,0.0,undefined,0.0,57.7217578888
al170316,elasticnetiter1000_l1ratio0.15,10502,0.0395353039498,0.0,0.0,0.0,0.0,undefined,0.0,52.9376740456
al170316,elasticnetiter1000_l1ratio0.15,9977,0.0375589152073,0.0,0.0,0.0,0.0,undefined,0.0,50.7041189671
al170316,elasticnetiter1000_l1ratio0.15,9479,0.0356841693144,0.0,0.0,0.0,0.0,undefined,0.0,46.9928219318
al170316,elasticnetiter1000_l1ratio0.15,9006,0.0339035371712,0.0,0.0,0.0,0.0,undefined,0.0,44.2145779133
al170316,elasticnetiter1000_l1ratio0.15,8556,0.0322094896776,0.0,0.0,0.0,0.0,undefined,0.0,42.0600509644
al170316,elasticnetiter1000_l1ratio0.15,8129,0.0306020268337,0.0,0.0,0.0,0.0,undefined,0.0,40.3321011066
al170316,elasticnetiter1000_l1ratio0.15,7723,0.0290736195395,0.0,0.0,0.0,0.0,undefined,0.0,40.0004770756
al170316,elasticnetiter1000_l1ratio0.15,7337,0.027620503245,0.0,0.0,0.0,0.0,undefined,0.0,35.3629589081
al170316,elasticnetiter1000_l1ratio0.15,6971,0.0262426779503,0.0,0.0,0.0,0.0,undefined,0.0,33.8414869308
al170316,elasticnetiter1000_l1ratio0.15,6623,0.0249326145553,0.0,0.0,0.0,0.0,undefined,0.0,33.8344681263
al170316,elasticnetiter1000_l1ratio0.15,6292,0.02368654851,0.0,0.0,0.0,0.0,undefined,0.0,30.1687529087
al170316,elasticnetiter1000_l1ratio0.15,5978,0.0225044798145,0.0,0.0,0.0,0.0,undefined,0.0,28.3739669323
al170316,elasticnetiter1000_l1ratio0.15,5680,0.0213826439187,0.0,0.0,0.0,0.0,undefined,0.0,28.0646371841
al170316,elasticnetiter1000_l1ratio0.15,5396,0.0203135117228,0.0,0.0,0.0,0.0,undefined,0.0,25.5303230286
al170316,elasticnetiter1000_l1ratio0.15,5127,0.0193008477767,0.0,0.0,0.0,0.0,undefined,0.0,24.3986608982
al170316,elasticnetiter1000_l1ratio0.15,4871,0.0183371229803,0.0,0.0,0.0,0.0,undefined,0.0,23.7628040314
al170316,elasticnetiter1000_l1ratio0.15,4628,0.0174223373338,0.0,0.0,0.0,0.0,undefined,0.0,22.1037180424
al170316,elasticnetiter1000_l1ratio0.15,4397,0.0165527262871,0.0,0.0,0.0,0.0,undefined,0.0,20.6124000549
al170316,elasticnetiter1000_l1ratio0.15,4178,0.0157282898402,0.0,0.0,0.0,0.0,undefined,0.0,19.2024729252
al170316,elasticnetiter1000_l1ratio0.15,3970,0.0149452634432,0.0,0.0,0.0,0.0,undefined,0.0,18.7998430729
al170316,elasticnetiter1000_l1ratio0.15,3772,0.014199882546,0.0,0.0,0.0,0.0,undefined,0.0,18.3383979797
al170316,elasticnetiter1000_l1ratio0.15,3584,0.0134921471487,0.0,0.0,0.0,0.0,undefined,0.0,16.5870850086
al170316,elasticnetiter1000_l1ratio0.15,3405,0.0128182927013,0.0,0.0,0.0,0.0,undefined,0.0,15.8612830639
al170316,elasticnetiter1000_l1ratio0.15,3235,0.0121783192037,0.0,0.0,0.0,0.0,undefined,0.0,14.216561079
al170316,elasticnetiter1000_l1ratio0.15,3074,0.011572226656,0.0,0.0,0.0,0.0,undefined,0.0,14.0529119968
al170316,elasticnetiter1000_l1ratio0.15,2921,0.0109962505082,0.0,0.0,0.0,0.0,undefined,0.0,13.3841757774
al170316,elasticnetiter1000_l1ratio0.15,2775,0.0104466262103,0.0,0.0,0.0,0.0,undefined,0.0,12.5556790829
al170316,elasticnetiter1000_l1ratio0.15,2637,0.00992711831228,0.0,0.0,0.0,0.0,undefined,0.0,11.5487048626
al170316,elasticnetiter1000_l1ratio0.15,2506,0.00943396226415,0.0,0.0,0.0,0.0,undefined,0.0,11.0096130371
al170316,elasticnetiter1000_l1ratio0.15,2381,0.00896339351594,0.0,0.0,0.0,0.0,undefined,0.0,10.4337098598
al170316,elasticnetiter1000_l1ratio0.15,2262,0.00851541206764,0.0,0.0,0.0,0.0,undefined,0.0,9.84978985786
al170316,elasticnetiter1000_l1ratio0.15,2149,0.00809001791926,0.0,0.0,0.0,0.0,undefined,0.0,9.27625203133
al170316,elasticnetiter1000_l1ratio0.15,2042,0.00768721107079,0.0,0.0,0.0,0.0,undefined,0.0,8.7804441452
al170316,elasticnetiter1000_l1ratio0.15,1940,0.00730322697225,0.0,0.0,0.0,0.0,undefined,0.0,8.44683003426
al170316,elasticnetiter1000_l1ratio0.15,1843,0.00693806562364,0.0,0.0,0.0,0.0,undefined,0.0,7.73826217651
al170316,elasticnetiter1000_l1ratio0.15,1751,0.00659172702495,0.0,0.0,0.0,0.0,undefined,0.0,7.40960097313
al170316,elasticnetiter1000_l1ratio0.15,1664,0.0062642111762,0.0,0.0,0.0,0.0,undefined,0.0,7.14082694054
al170316,elasticnetiter1000_l1ratio0.15,1581,0.00595175352738,0.0,0.0,0.0,0.0,undefined,0.0,6.33782696724
al170316,elasticnetiter1000_l1ratio0.15,1502,0.00565435407851,0.0,0.0,0.0,0.0,undefined,0.0,5.98611712456
al170316,elasticnetiter1000_l1ratio0.15,1427,0.00537201282959,0.0,0.0,0.0,0.0,undefined,0.0,5.58616805077
al170316,elasticnetiter1000_l1ratio0.15,1356,0.0051047297806,0.0,0.0,0.0,0.0,undefined,0.0,5.49449896812
