at160601,linearsvc_C0.0001,265636,1.0,0.666666666667,0.0,0.0,0.0,undefined,0.0,75.3279459476
at160601,linearsvc_C0.0001,252355,0.95000301164,0.666666666667,0.0,0.0,0.0,undefined,0.0,67.7370550632
at160601,linearsvc_C0.0001,239738,0.90250568447,0.666666666667,0.0,0.0,0.0,undefined,0.0,63.4711639881
at160601,linearsvc_C0.0001,227752,0.857383788342,0.666666666667,0.0,0.0,0.0,undefined,0.0,58.4568808079
at160601,linearsvc_C0.0001,216365,0.814516857655,0.666666666667,0.0,0.0,0.0,undefined,0.0,49.8001449108
at160601,linearsvc_C0.0001,205547,0.77379195591,0.666666666667,0.0,0.0,0.0,undefined,0.0,45.695127964
at160601,linearsvc_C0.0001,195270,0.735103675707,0.666666666667,0.0,0.0,0.0,undefined,0.0,40.5678310394
at160601,linearsvc_C0.0001,185507,0.698350374196,0.666666666667,0.0,0.0,0.0,undefined,0.0,37.1290211678
at160601,linearsvc_C0.0001,176232,0.663434173079,0.666666666667,0.0,0.0,0.0,undefined,0.0,33.6647729874
at160601,linearsvc_C0.0001,167421,0.630264723155,0.666666666667,0.0,0.0,0.0,undefined,0.0,30.8283100128
at160601,linearsvc_C0.0001,159050,0.598751675225,0.666666666667,0.0,0.0,0.0,undefined,0.0,28.2175860405
at160601,linearsvc_C0.0001,151098,0.568815973738,0.666666666667,0.0,0.0,0.0,undefined,0.0,23.5265347958
at160601,linearsvc_C0.0001,143544,0.540378563147,0.666666666667,0.0,0.0,0.0,undefined,0.0,21.6975290775
at160601,linearsvc_C0.0001,136367,0.513360387899,0.666666666667,0.0,0.0,0.0,undefined,0.0,20.8654999733
at160601,linearsvc_C0.0001,129549,0.487693686097,0.666666666667,0.0,0.0,0.0,undefined,0.0,19.5632939339
at160601,linearsvc_C0.0001,123072,0.463310695839,0.666666666667,0.0,0.0,0.0,undefined,0.0,16.1584589481
at160601,linearsvc_C0.0001,116919,0.440147419777,0.666666666667,0.0,0.0,0.0,undefined,0.0,14.951431036
at160601,linearsvc_C0.0001,111074,0.418143625111,0.666666666667,0.0,0.0,0.0,undefined,0.0,15.0094571114
at160601,linearsvc_C0.0001,105521,0.39723907904,0.666666666667,0.0,0.0,0.0,undefined,0.0,12.1516869068
at160601,linearsvc_C0.0001,100245,0.377377313316,0.666666666667,0.0,0.0,0.0,undefined,0.0,12.4580199718
at160601,linearsvc_C0.0001,95233,0.358509388788,0.611111111111,0.0,0.0,0.0,undefined,0.0,10.8245248795
at160601,linearsvc_C0.0001,90472,0.340586366306,0.611111111111,0.0,0.0,0.0,undefined,0.0,9.16861987114
at160601,linearsvc_C0.0001,85949,0.32355930672,0.611111111111,0.0,0.0,0.0,undefined,0.0,9.17323207855
at160601,linearsvc_C0.0001,81652,0.307383035432,0.611111111111,0.0,0.0,0.0,undefined,0.0,8.44805002213
at160601,linearsvc_C0.0001,77570,0.29201614239,0.611111111111,0.0,0.0,0.0,undefined,0.0,7.64074516296
at160601,linearsvc_C0.0001,73692,0.277417217546,0.555555555556,0.0,0.0,0.0,undefined,0.0,6.58594107628
at160601,linearsvc_C0.0001,70008,0.263548615399,0.611111111111,0.0,0.0,0.0,undefined,0.0,6.44357514381
at160601,linearsvc_C0.0001,66508,0.250372690449,0.611111111111,0.0,0.0,0.0,undefined,0.0,5.55554080009
at160601,linearsvc_C0.0001,63183,0.237855561746,0.611111111111,0.0,0.0,0.0,undefined,0.0,5.83589601517
at160601,linearsvc_C0.0001,60024,0.225963348341,0.555555555556,0.0,0.0,0.0,undefined,0.0,5.03085398674
at160601,linearsvc_C0.0001,57023,0.214665933834,0.611111111111,0.0,0.0,0.0,undefined,0.0,4.5383849144
at160601,linearsvc_C0.0001,54172,0.203933201825,0.555555555556,0.0,0.0,0.0,undefined,0.0,4.27991986275
at160601,linearsvc_C0.0001,51464,0.193738800464,0.555555555556,0.0,0.0,0.0,undefined,0.0,3.78418278694
at160601,linearsvc_C0.0001,48891,0.184052613351,0.5,0.0,0.0,0.0,undefined,0.0,3.40642595291
at160601,linearsvc_C0.0001,46447,0.174852053186,0.555555555556,0.0,0.0,0.0,undefined,0.0,3.18433213234
at160601,linearsvc_C0.0001,44125,0.166110768119,0.555555555556,0.0,0.0,0.0,undefined,0.0,2.7244720459
at160601,linearsvc_C0.0001,41919,0.15780617085,0.555555555556,0.0,0.0,0.0,undefined,0.0,2.70871901512
at160601,linearsvc_C0.0001,39824,0.14991943863,0.555555555556,0.0,0.0,0.0,undefined,0.0,2.50187683105
at160601,linearsvc_C0.0001,37833,0.142424219609,0.5,0.0,0.0,0.0,undefined,0.0,2.41150093079
at160601,linearsvc_C0.0001,35942,0.135305455586,0.5,0.0,0.0,0.0,undefined,0.0,1.89729690552
at160601,linearsvc_C0.0001,34145,0.128540559262,0.5,0.0,0.0,0.0,undefined,0.0,1.98017001152
at160601,linearsvc_C0.0001,32438,0.122114472436,0.5,0.0,0.0,0.0,undefined,0.0,1.7789311409
at160601,linearsvc_C0.0001,30817,0.116012136909,0.5,0.0,0.0,0.0,undefined,0.0,1.4845161438
at160601,linearsvc_C0.0001,29277,0.110214729931,0.555555555556,0.0,0.0,0.0,undefined,0.0,1.55185604095
at160601,linearsvc_C0.0001,27814,0.104707193302,0.5,0.0,0.0,0.0,undefined,0.0,1.265583992
at160601,linearsvc_C0.0001,26424,0.099474468822,0.5,0.0,0.0,0.0,undefined,0.0,1.29944896698
at160601,linearsvc_C0.0001,25103,0.0945014982909,0.444444444444,0.0,0.0,0.0,undefined,0.0,1.14462685585
at160601,linearsvc_C0.0001,23848,0.0897769880588,0.5,0.0,0.0,0.0,undefined,0.0,0.941008090973
at160601,linearsvc_C0.0001,22656,0.0852896444759,0.5,0.0,0.0,0.0,undefined,0.0,0.926754951477
at160601,linearsvc_C0.0001,21524,0.0810281738921,0.5,0.0,0.0,0.0,undefined,0.0,0.926346063614
at160601,linearsvc_C0.0001,20448,0.0769775181075,0.5,0.0,0.0,0.0,undefined,0.0,0.835202932358
at160601,linearsvc_C0.0001,19426,0.0731301480221,0.5,0.0,0.0,0.0,undefined,0.0,0.751887798309
at160601,linearsvc_C0.0001,18455,0.069474769986,0.5,0.0,0.0,0.0,undefined,0.0,0.72411608696
at160601,linearsvc_C0.0001,17533,0.0660038548992,0.5,0.0,0.0,0.0,undefined,0.0,0.637979984283
at160601,linearsvc_C0.0001,16657,0.0627061091117,0.5,0.0,0.0,0.0,undefined,0.0,0.635140895844
at160601,linearsvc_C0.0001,15825,0.0595740035236,0.5,0.0,0.0,0.0,undefined,0.0,0.593106031418
at160601,linearsvc_C0.0001,15034,0.0565962444849,0.5,0.0,0.0,0.0,undefined,0.0,0.520635128021
at160601,linearsvc_C0.0001,14283,0.0537690674457,0.5,0.0,0.0,0.0,undefined,0.0,0.506589174271
at160601,linearsvc_C0.0001,13569,0.0510811787559,0.5,0.0,0.0,0.0,undefined,0.0,0.452579021454
at160601,linearsvc_C0.0001,12891,0.0485288138656,0.444444444444,0.0,0.0,0.0,undefined,0.0,0.412286996841
at160601,linearsvc_C0.0001,12247,0.0461044436748,0.333333333333,0.0,0.0,0.0,undefined,0.0,0.372612953186
at160601,linearsvc_C0.0001,11635,0.0438005390836,0.333333333333,0.0,0.0,0.0,undefined,0.0,0.379547119141
at160601,linearsvc_C0.0001,11054,0.0416133355419,0.333333333333,0.0,0.0,0.0,undefined,0.0,0.366903066635
at160601,linearsvc_C0.0001,10502,0.0395353039498,0.333333333333,0.0,0.0,0.0,undefined,0.0,0.356993913651
at160601,linearsvc_C0.0001,9977,0.0375589152073,0.277777777778,0.0,0.0,0.0,undefined,0.0,0.270112991333
at160601,linearsvc_C0.0001,9479,0.0356841693144,0.333333333333,0.0,0.0,0.0,undefined,0.0,0.275361061096
at160601,linearsvc_C0.0001,9006,0.0339035371712,0.277777777778,0.0,0.0,0.0,undefined,0.0,0.261032104492
at160601,linearsvc_C0.0001,8556,0.0322094896776,0.277777777778,0.0,0.0,0.0,undefined,0.0,0.217428207397
at160601,linearsvc_C0.0001,8129,0.0306020268337,0.277777777778,0.0,0.0,0.0,undefined,0.0,0.21292090416
at160601,linearsvc_C0.0001,7723,0.0290736195395,0.277777777778,0.0,0.0,0.0,undefined,0.0,0.197999000549
at160601,linearsvc_C0.0001,7337,0.027620503245,0.277777777778,0.0,0.0,0.0,undefined,0.0,0.174053907394
at160601,linearsvc_C0.0001,6971,0.0262426779503,0.277777777778,0.0,0.0,0.0,undefined,0.0,0.163816928864
at160601,linearsvc_C0.0001,6623,0.0249326145553,0.277777777778,0.0,0.0,0.0,undefined,0.0,0.145473003387
at160601,linearsvc_C0.0001,6292,0.02368654851,0.277777777778,0.0,0.0,0.0,undefined,0.0,0.138183832169
at160601,linearsvc_C0.0001,5978,0.0225044798145,0.277777777778,0.0,0.0,0.0,undefined,0.0,0.135921955109
at160601,linearsvc_C0.0001,5680,0.0213826439187,0.277777777778,0.0,0.0,0.0,undefined,0.0,0.118051052094
at160601,linearsvc_C0.0001,5396,0.0203135117228,0.333333333333,0.0,0.0,0.0,undefined,0.0,0.117717981339
at160601,linearsvc_C0.0001,5127,0.0193008477767,0.333333333333,0.0,0.0,0.0,undefined,0.0,0.106385946274
at160601,linearsvc_C0.0001,4871,0.0183371229803,0.277777777778,0.0,0.0,0.0,undefined,0.0,0.100860834122
at160601,linearsvc_C0.0001,4628,0.0174223373338,0.277777777778,0.0,0.0,0.0,undefined,0.0,0.0996379852295
at160601,linearsvc_C0.0001,4397,0.0165527262871,0.277777777778,0.0,0.0,0.0,undefined,0.0,0.0861880779266
at160601,linearsvc_C0.0001,4178,0.0157282898402,0.277777777778,0.0,0.0,0.0,undefined,0.0,0.10471701622
at160601,linearsvc_C0.0001,3970,0.0149452634432,0.277777777778,0.0,0.0,0.0,undefined,0.0,0.0767741203308
at160601,linearsvc_C0.0001,3772,0.014199882546,0.333333333333,0.0,0.0,0.0,undefined,0.0,0.0727529525757
at160601,linearsvc_C0.0001,3584,0.0134921471487,0.277777777778,0.0,0.0,0.0,undefined,0.0,0.0911810398102
at160601,linearsvc_C0.0001,3405,0.0128182927013,0.277777777778,0.0,0.0,0.0,undefined,0.0,0.0783460140228
at160601,linearsvc_C0.0001,3235,0.0121783192037,0.277777777778,0.0,0.0,0.0,undefined,0.0,0.076287984848
at160601,linearsvc_C0.0001,3074,0.011572226656,0.333333333333,0.0,0.0,0.0,undefined,0.0,0.070396900177
at160601,linearsvc_C0.0001,2921,0.0109962505082,0.333333333333,0.0,0.0,0.0,undefined,0.0,0.0648550987244
at160601,linearsvc_C0.0001,2775,0.0104466262103,0.277777777778,0.0,0.0,0.0,undefined,0.0,0.0646848678589
at160601,linearsvc_C0.0001,2637,0.00992711831228,0.277777777778,0.0,0.0,0.0,undefined,0.0,0.0624759197235
at160601,linearsvc_C0.0001,2506,0.00943396226415,0.333333333333,0.0,0.0,0.0,undefined,0.0,0.0591189861298
at160601,linearsvc_C0.0001,2381,0.00896339351594,0.333333333333,0.0,0.0,0.0,undefined,0.0,0.057580947876
at160601,linearsvc_C0.0001,2262,0.00851541206764,0.333333333333,0.0,0.0,0.0,undefined,0.0,0.0537800788879
at160601,linearsvc_C0.0001,2149,0.00809001791926,0.333333333333,0.0,0.0,0.0,undefined,0.0,0.0860548019409
at160601,linearsvc_C0.0001,2042,0.00768721107079,0.333333333333,0.0,0.0,0.0,undefined,0.0,0.04878282547
at160601,linearsvc_C0.0001,1940,0.00730322697225,0.333333333333,0.0,0.0,0.0,undefined,0.0,0.0816380977631
at160601,linearsvc_C0.0001,1843,0.00693806562364,0.333333333333,0.0,0.0,0.0,undefined,0.0,0.0800740718842
at160601,linearsvc_C0.0001,1751,0.00659172702495,0.333333333333,0.0,0.0,0.0,undefined,0.0,0.0804319381714
at160601,linearsvc_C0.0001,1664,0.0062642111762,0.333333333333,0.0,0.0,0.0,undefined,0.0,0.0760610103607
at160601,linearsvc_C0.0001,1581,0.00595175352738,0.333333333333,0.0,0.0,0.0,undefined,0.0,0.0749619007111
at160601,linearsvc_C0.0001,1502,0.00565435407851,0.333333333333,0.0,0.0,0.0,undefined,0.0,0.0738549232483
at160601,linearsvc_C0.0001,1427,0.00537201282959,0.333333333333,0.0,0.0,0.0,undefined,0.0,0.0714738368988
at160601,linearsvc_C0.0001,1356,0.0051047297806,0.388888888889,0.0,0.0,0.0,undefined,0.0,0.0695140361786
at160601,linearsvc_C0.001,265636,1.0,0.444444444444,0.0,0.0,0.0,undefined,0.0,326.11107707
at160601,linearsvc_C0.001,252355,0.95000301164,0.444444444444,0.0,0.0,0.0,undefined,0.0,309.479525805
at160601,linearsvc_C0.001,239738,0.90250568447,0.444444444444,0.0,0.0,0.0,undefined,0.0,275.08366704
at160601,linearsvc_C0.001,227752,0.857383788342,0.444444444444,0.0,0.0,0.0,undefined,0.0,258.073633909
at160601,linearsvc_C0.001,216365,0.814516857655,0.444444444444,0.0,0.0,0.0,undefined,0.0,244.050623894
at160601,linearsvc_C0.001,205547,0.77379195591,0.444444444444,0.0,0.0,0.0,undefined,0.0,232.939181089
at160601,linearsvc_C0.001,195270,0.735103675707,0.444444444444,0.0,0.0,0.0,undefined,0.0,220.888061047
at160601,linearsvc_C0.001,185507,0.698350374196,0.444444444444,0.0,0.0,0.0,undefined,0.0,209.842018127
at160601,linearsvc_C0.001,176232,0.663434173079,0.444444444444,0.0,0.0,0.0,undefined,0.0,198.980385065
at160601,linearsvc_C0.001,167421,0.630264723155,0.388888888889,0.0,0.0,0.0,undefined,0.0,181.642702103
at160601,linearsvc_C0.001,159050,0.598751675225,0.388888888889,0.0,0.0,0.0,undefined,0.0,178.622434139
at160601,linearsvc_C0.001,151098,0.568815973738,0.388888888889,0.0,0.0,0.0,undefined,0.0,175.550786018
at160601,linearsvc_C0.001,143544,0.540378563147,0.388888888889,0.0,0.0,0.0,undefined,0.0,169.112190008
at160601,linearsvc_C0.001,136367,0.513360387899,0.388888888889,0.0,0.0,0.0,undefined,0.0,132.765330791
at160601,linearsvc_C0.001,129549,0.487693686097,0.388888888889,0.0,0.0,0.0,undefined,0.0,127.139143944
at160601,linearsvc_C0.001,123072,0.463310695839,0.388888888889,0.0,0.0,0.0,undefined,0.0,126.470890045
at160601,linearsvc_C0.001,116919,0.440147419777,0.388888888889,0.0,0.0,0.0,undefined,0.0,116.604480028
at160601,linearsvc_C0.001,111074,0.418143625111,0.388888888889,0.0,0.0,0.0,undefined,0.0,92.2897520065
at160601,linearsvc_C0.001,105521,0.39723907904,0.388888888889,0.0,0.0,0.0,undefined,0.0,112.639249086
at160601,linearsvc_C0.001,100245,0.377377313316,0.388888888889,0.0,0.0,0.0,undefined,0.0,102.208654881
at160601,linearsvc_C0.001,95233,0.358509388788,0.388888888889,0.0,0.0,0.0,undefined,0.0,93.4047448635
at160601,linearsvc_C0.001,90472,0.340586366306,0.388888888889,0.0,0.0,0.0,undefined,0.0,72.8831620216
at160601,linearsvc_C0.001,85949,0.32355930672,0.388888888889,0.0,0.0,0.0,undefined,0.0,74.4821510315
at160601,linearsvc_C0.001,81652,0.307383035432,0.388888888889,0.0,0.0,0.0,undefined,0.0,68.3245549202
at160601,linearsvc_C0.001,77570,0.29201614239,0.388888888889,0.0,0.0,0.0,undefined,0.0,63.4277598858
at160601,linearsvc_C0.001,73692,0.277417217546,0.388888888889,0.0,0.0,0.0,undefined,0.0,39.3986129761
at160601,linearsvc_C0.001,70008,0.263548615399,0.333333333333,0.0,0.0,0.0,undefined,0.0,52.9834339619
at160601,linearsvc_C0.001,66508,0.250372690449,0.333333333333,0.0,0.0,0.0,undefined,0.0,46.6888720989
at160601,linearsvc_C0.001,63183,0.237855561746,0.333333333333,0.0,0.0,0.0,undefined,0.0,56.1700048447
at160601,linearsvc_C0.001,60024,0.225963348341,0.333333333333,0.0,0.0,0.0,undefined,0.0,28.842895031
at160601,linearsvc_C0.001,57023,0.214665933834,0.333333333333,0.0,0.0,0.0,undefined,0.0,32.6118700504
at160601,linearsvc_C0.001,54172,0.203933201825,0.333333333333,0.0,0.0,0.0,undefined,0.0,28.5865299702
at160601,linearsvc_C0.001,51464,0.193738800464,0.333333333333,0.0,0.0,0.0,undefined,0.0,27.4753260612
at160601,linearsvc_C0.001,48891,0.184052613351,0.333333333333,0.0,0.0,0.0,undefined,0.0,26.6861639023
at160601,linearsvc_C0.001,46447,0.174852053186,0.333333333333,0.0,0.0,0.0,undefined,0.0,24.2485761642
at160601,linearsvc_C0.001,44125,0.166110768119,0.333333333333,0.0,0.0,0.0,undefined,0.0,22.1205298901
at160601,linearsvc_C0.001,41919,0.15780617085,0.333333333333,0.0,0.0,0.0,undefined,0.0,20.2454378605
at160601,linearsvc_C0.001,39824,0.14991943863,0.333333333333,0.0,0.0,0.0,undefined,0.0,17.714744091
at160601,linearsvc_C0.001,37833,0.142424219609,0.333333333333,0.0,0.0,0.0,undefined,0.0,13.1456661224
at160601,linearsvc_C0.001,35942,0.135305455586,0.333333333333,0.0,0.0,0.0,undefined,0.0,11.9744210243
at160601,linearsvc_C0.001,34145,0.128540559262,0.333333333333,0.0,0.0,0.0,undefined,0.0,10.3544180393
at160601,linearsvc_C0.001,32438,0.122114472436,0.333333333333,0.0,0.0,0.0,undefined,0.0,12.1305780411
at160601,linearsvc_C0.001,30817,0.116012136909,0.333333333333,0.0,0.0,0.0,undefined,0.0,9.20442700386
at160601,linearsvc_C0.001,29277,0.110214729931,0.333333333333,0.0,0.0,0.0,undefined,0.0,8.26909279823
at160601,linearsvc_C0.001,27814,0.104707193302,0.333333333333,0.0,0.0,0.0,undefined,0.0,8.66100406647
at160601,linearsvc_C0.001,26424,0.099474468822,0.333333333333,0.0,0.0,0.0,undefined,0.0,8.52381205559
at160601,linearsvc_C0.001,25103,0.0945014982909,0.333333333333,0.0,0.0,0.0,undefined,0.0,5.9617960453
at160601,linearsvc_C0.001,23848,0.0897769880588,0.333333333333,0.0,0.0,0.0,undefined,0.0,5.88974404335
at160601,linearsvc_C0.001,22656,0.0852896444759,0.333333333333,0.0,0.0,0.0,undefined,0.0,5.88349509239
at160601,linearsvc_C0.001,21524,0.0810281738921,0.333333333333,0.0,0.0,0.0,undefined,0.0,5.2865729332
at160601,linearsvc_C0.001,20448,0.0769775181075,0.333333333333,0.0,0.0,0.0,undefined,0.0,4.54887199402
at160601,linearsvc_C0.001,19426,0.0731301480221,0.333333333333,0.0,0.0,0.0,undefined,0.0,4.82234597206
at160601,linearsvc_C0.001,18455,0.069474769986,0.333333333333,0.0,0.0,0.0,undefined,0.0,3.43455290794
at160601,linearsvc_C0.001,17533,0.0660038548992,0.333333333333,0.0,0.0,0.0,undefined,0.0,3.82619309425
at160601,linearsvc_C0.001,16657,0.0627061091117,0.277777777778,0.0,0.0,0.0,undefined,0.0,3.61824893951
at160601,linearsvc_C0.001,15825,0.0595740035236,0.277777777778,0.0,0.0,0.0,undefined,0.0,3.21166205406
at160601,linearsvc_C0.001,15034,0.0565962444849,0.222222222222,0.0,0.0,0.0,undefined,0.0,2.86118483543
at160601,linearsvc_C0.001,14283,0.0537690674457,0.222222222222,0.0,0.0,0.0,undefined,0.0,2.36428809166
at160601,linearsvc_C0.001,13569,0.0510811787559,0.277777777778,0.0,0.0,0.0,undefined,0.0,2.5479080677
at160601,linearsvc_C0.001,12891,0.0485288138656,0.222222222222,0.0,0.0,0.0,undefined,0.0,2.32722401619
at160601,linearsvc_C0.001,12247,0.0461044436748,0.222222222222,0.0,0.0,0.0,undefined,0.0,2.1411178112
at160601,linearsvc_C0.001,11635,0.0438005390836,0.166666666667,0.0,0.0,0.0,undefined,0.0,1.77899718285
at160601,linearsvc_C0.001,11054,0.0416133355419,0.166666666667,0.0,0.0,0.0,undefined,0.0,1.46751689911
at160601,linearsvc_C0.001,10502,0.0395353039498,0.166666666667,0.0,0.0,0.0,undefined,0.0,1.36543011665
at160601,linearsvc_C0.001,9977,0.0375589152073,0.166666666667,0.0,0.0,0.0,undefined,0.0,1.302287817
at160601,linearsvc_C0.001,9479,0.0356841693144,0.166666666667,0.0,0.0,0.0,undefined,0.0,1.23723101616
at160601,linearsvc_C0.001,9006,0.0339035371712,0.166666666667,0.0,0.0,0.0,undefined,0.0,0.938360929489
at160601,linearsvc_C0.001,8556,0.0322094896776,0.166666666667,0.0,0.0,0.0,undefined,0.0,0.991757154465
at160601,linearsvc_C0.001,8129,0.0306020268337,0.166666666667,0.0,0.0,0.0,undefined,0.0,1.00559616089
at160601,linearsvc_C0.001,7723,0.0290736195395,0.166666666667,0.0,0.0,0.0,undefined,0.0,0.797558069229
at160601,linearsvc_C0.001,7337,0.027620503245,0.166666666667,0.0,0.0,0.0,undefined,0.0,0.658492088318
at160601,linearsvc_C0.001,6971,0.0262426779503,0.166666666667,0.0,0.0,0.0,undefined,0.0,0.651194810867
at160601,linearsvc_C0.001,6623,0.0249326145553,0.111111111111,0.0,0.0,0.0,undefined,0.0,0.555160999298
at160601,linearsvc_C0.001,6292,0.02368654851,0.111111111111,0.0,0.0,0.0,undefined,0.0,0.614608049393
at160601,linearsvc_C0.001,5978,0.0225044798145,0.111111111111,0.0,0.0,0.0,undefined,0.0,0.453336954117
at160601,linearsvc_C0.001,5680,0.0213826439187,0.111111111111,0.0,0.0,0.0,undefined,0.0,0.51687502861
at160601,linearsvc_C0.001,5396,0.0203135117228,0.111111111111,0.0,0.0,0.0,undefined,0.0,0.418601036072
at160601,linearsvc_C0.001,5127,0.0193008477767,0.111111111111,0.0,0.0,0.0,undefined,0.0,0.422703027725
at160601,linearsvc_C0.001,4871,0.0183371229803,0.111111111111,0.0,0.0,0.0,undefined,0.0,0.349478960037
at160601,linearsvc_C0.001,4628,0.0174223373338,0.111111111111,0.0,0.0,0.0,undefined,0.0,0.311854124069
at160601,linearsvc_C0.001,4397,0.0165527262871,0.111111111111,0.0,0.0,0.0,undefined,0.0,0.288829088211
at160601,linearsvc_C0.001,4178,0.0157282898402,0.111111111111,0.0,0.0,0.0,undefined,0.0,0.309710025787
at160601,linearsvc_C0.001,3970,0.0149452634432,0.111111111111,0.0,0.0,0.0,undefined,0.0,0.263393163681
at160601,linearsvc_C0.001,3772,0.014199882546,0.111111111111,0.0,0.0,0.0,undefined,0.0,0.252890825272
at160601,linearsvc_C0.001,3584,0.0134921471487,0.111111111111,0.0,0.0,0.0,undefined,0.0,0.249825000763
at160601,linearsvc_C0.001,3405,0.0128182927013,0.111111111111,0.0,0.0,0.0,undefined,0.0,0.214246988297
at160601,linearsvc_C0.001,3235,0.0121783192037,0.111111111111,0.0,0.0,0.0,undefined,0.0,0.203137874603
at160601,linearsvc_C0.001,3074,0.011572226656,0.111111111111,0.0,0.0,0.0,undefined,0.0,0.16631603241
at160601,linearsvc_C0.001,2921,0.0109962505082,0.111111111111,0.0,0.0,0.0,undefined,0.0,0.158140897751
at160601,linearsvc_C0.001,2775,0.0104466262103,0.111111111111,0.0,0.0,0.0,undefined,0.0,0.134032011032
at160601,linearsvc_C0.001,2637,0.00992711831228,0.111111111111,0.0,0.0,0.0,undefined,0.0,0.141762018204
at160601,linearsvc_C0.001,2506,0.00943396226415,0.111111111111,0.0,0.0,0.0,undefined,0.0,0.125338792801
at160601,linearsvc_C0.001,2381,0.00896339351594,0.111111111111,0.0,0.0,0.0,undefined,0.0,0.117369890213
at160601,linearsvc_C0.001,2262,0.00851541206764,0.111111111111,0.0,0.0,0.0,undefined,0.0,0.106156110764
at160601,linearsvc_C0.001,2149,0.00809001791926,0.111111111111,0.0,0.0,0.0,undefined,0.0,0.0978820323944
at160601,linearsvc_C0.001,2042,0.00768721107079,0.111111111111,0.0,0.0,0.0,undefined,0.0,0.0953731536865
at160601,linearsvc_C0.001,1940,0.00730322697225,0.111111111111,0.0,0.0,0.0,undefined,0.0,0.0888710021973
at160601,linearsvc_C0.001,1843,0.00693806562364,0.111111111111,0.0,0.0,0.0,undefined,0.0,0.106967926025
at160601,linearsvc_C0.001,1751,0.00659172702495,0.111111111111,0.0,0.0,0.0,undefined,0.0,0.102422952652
at160601,linearsvc_C0.001,1664,0.0062642111762,0.111111111111,0.0,0.0,0.0,undefined,0.0,0.105906963348
at160601,linearsvc_C0.001,1581,0.00595175352738,0.111111111111,0.0,0.0,0.0,undefined,0.0,0.0903451442719
at160601,linearsvc_C0.001,1502,0.00565435407851,0.111111111111,0.0,0.0,0.0,undefined,0.0,0.0930330753326
at160601,linearsvc_C0.001,1427,0.00537201282959,0.111111111111,0.0,0.0,0.0,undefined,0.0,0.0882060527802
at160601,linearsvc_C0.001,1356,0.0051047297806,0.111111111111,0.0,0.0,0.0,undefined,0.0,0.0844168663025
at160601,linearsvc_C0.01,265636,1.0,0.555555555556,0.0,0.0,0.0,undefined,0.0,315.932752848
at160601,linearsvc_C0.01,252355,0.95000301164,0.555555555556,0.0,0.0,0.0,undefined,0.0,300.000678062
at160601,linearsvc_C0.01,239738,0.90250568447,0.555555555556,0.0,0.0,0.0,undefined,0.0,283.946467876
at160601,linearsvc_C0.01,227752,0.857383788342,0.555555555556,0.0,0.0,0.0,undefined,0.0,270.024245024
at160601,linearsvc_C0.01,216365,0.814516857655,0.555555555556,0.0,0.0,0.0,undefined,0.0,253.996351004
at160601,linearsvc_C0.01,205547,0.77379195591,0.555555555556,0.0,0.0,0.0,undefined,0.0,232.729676008
at160601,linearsvc_C0.01,195270,0.735103675707,0.555555555556,0.0,0.0,0.0,undefined,0.0,231.240903854
at160601,linearsvc_C0.01,185507,0.698350374196,0.555555555556,0.0,0.0,0.0,undefined,0.0,217.688470125
at160601,linearsvc_C0.01,176232,0.663434173079,0.555555555556,0.0,0.0,0.0,undefined,0.0,199.969345093
at160601,linearsvc_C0.01,167421,0.630264723155,0.555555555556,0.0,0.0,0.0,undefined,0.0,186.118313789
at160601,linearsvc_C0.01,159050,0.598751675225,0.555555555556,0.0,0.0,0.0,undefined,0.0,178.24243784
at160601,linearsvc_C0.01,151098,0.568815973738,0.555555555556,0.0,0.0,0.0,undefined,0.0,169.332404137
at160601,linearsvc_C0.01,143544,0.540378563147,0.555555555556,0.0,0.0,0.0,undefined,0.0,160.880085945
at160601,linearsvc_C0.01,136367,0.513360387899,0.555555555556,0.0,0.0,0.0,undefined,0.0,152.392008066
at160601,linearsvc_C0.01,129549,0.487693686097,0.555555555556,0.0,0.0,0.0,undefined,0.0,147.069362879
at160601,linearsvc_C0.01,123072,0.463310695839,0.555555555556,0.0,0.0,0.0,undefined,0.0,141.426780939
at160601,linearsvc_C0.01,116919,0.440147419777,0.555555555556,0.0,0.0,0.0,undefined,0.0,134.048424959
at160601,linearsvc_C0.01,111074,0.418143625111,0.555555555556,0.0,0.0,0.0,undefined,0.0,124.614068031
at160601,linearsvc_C0.01,105521,0.39723907904,0.555555555556,0.0,0.0,0.0,undefined,0.0,117.297608852
at160601,linearsvc_C0.01,100245,0.377377313316,0.555555555556,0.0,0.0,0.0,undefined,0.0,111.391711235
at160601,linearsvc_C0.01,95233,0.358509388788,0.555555555556,0.0,0.0,0.0,undefined,0.0,105.633718967
at160601,linearsvc_C0.01,90472,0.340586366306,0.555555555556,0.0,0.0,0.0,undefined,0.0,100.294451952
at160601,linearsvc_C0.01,85949,0.32355930672,0.555555555556,0.0,0.0,0.0,undefined,0.0,94.952162981
at160601,linearsvc_C0.01,81652,0.307383035432,0.555555555556,0.0,0.0,0.0,undefined,0.0,89.9586670399
at160601,linearsvc_C0.01,77570,0.29201614239,0.555555555556,0.0,0.0,0.0,undefined,0.0,88.1846680641
at160601,linearsvc_C0.01,73692,0.277417217546,0.555555555556,0.0,0.0,0.0,undefined,0.0,82.0564978123
at160601,linearsvc_C0.01,70008,0.263548615399,0.555555555556,0.0,0.0,0.0,undefined,0.0,76.3157851696
at160601,linearsvc_C0.01,66508,0.250372690449,0.555555555556,0.0,0.0,0.0,undefined,0.0,72.8335258961
at160601,linearsvc_C0.01,63183,0.237855561746,0.555555555556,0.0,0.0,0.0,undefined,0.0,69.2844538689
at160601,linearsvc_C0.01,60024,0.225963348341,0.555555555556,0.0,0.0,0.0,undefined,0.0,65.8940849304
at160601,linearsvc_C0.01,57023,0.214665933834,0.555555555556,0.0,0.0,0.0,undefined,0.0,62.6927678585
at160601,linearsvc_C0.01,54172,0.203933201825,0.5,0.0,0.0,0.0,undefined,0.0,59.109951973
at160601,linearsvc_C0.01,51464,0.193738800464,0.5,0.0,0.0,0.0,undefined,0.0,55.6450951099
at160601,linearsvc_C0.01,48891,0.184052613351,0.5,0.0,0.0,0.0,undefined,0.0,53.3511919975
at160601,linearsvc_C0.01,46447,0.174852053186,0.5,0.0,0.0,0.0,undefined,0.0,49.7941451073
at160601,linearsvc_C0.01,44125,0.166110768119,0.444444444444,0.0,0.0,0.0,undefined,0.0,47.8140339851
at160601,linearsvc_C0.01,41919,0.15780617085,0.444444444444,0.0,0.0,0.0,undefined,0.0,45.2726681232
at160601,linearsvc_C0.01,39824,0.14991943863,0.388888888889,0.0,0.0,0.0,undefined,0.0,43.2939670086
at160601,linearsvc_C0.01,37833,0.142424219609,0.388888888889,0.0,0.0,0.0,undefined,0.0,40.8531801701
at160601,linearsvc_C0.01,35942,0.135305455586,0.388888888889,0.0,0.0,0.0,undefined,0.0,38.7689549923
at160601,linearsvc_C0.01,34145,0.128540559262,0.388888888889,0.0,0.0,0.0,undefined,0.0,36.5792350769
at160601,linearsvc_C0.01,32438,0.122114472436,0.388888888889,0.0,0.0,0.0,undefined,0.0,34.824010849
at160601,linearsvc_C0.01,30817,0.116012136909,0.444444444444,0.0,0.0,0.0,undefined,0.0,33.0468630791
at160601,linearsvc_C0.01,29277,0.110214729931,0.444444444444,0.0,0.0,0.0,undefined,0.0,31.2926471233
at160601,linearsvc_C0.01,27814,0.104707193302,0.444444444444,0.0,0.0,0.0,undefined,0.0,29.515474081
at160601,linearsvc_C0.01,26424,0.099474468822,0.444444444444,0.0,0.0,0.0,undefined,0.0,28.2185671329
at160601,linearsvc_C0.01,25103,0.0945014982909,0.388888888889,0.0,0.0,0.0,undefined,0.0,26.7083060741
at160601,linearsvc_C0.01,23848,0.0897769880588,0.388888888889,0.0,0.0,0.0,undefined,0.0,25.4221432209
at160601,linearsvc_C0.01,22656,0.0852896444759,0.388888888889,0.0,0.0,0.0,undefined,0.0,24.2479698658
at160601,linearsvc_C0.01,21524,0.0810281738921,0.388888888889,0.0,0.0,0.0,undefined,0.0,22.9262230396
at160601,linearsvc_C0.01,20448,0.0769775181075,0.388888888889,0.0,0.0,0.0,undefined,0.0,21.9273638725
at160601,linearsvc_C0.01,19426,0.0731301480221,0.388888888889,0.0,0.0,0.0,undefined,0.0,20.6552870274
at160601,linearsvc_C0.01,18455,0.069474769986,0.388888888889,0.0,0.0,0.0,undefined,0.0,19.6279268265
at160601,linearsvc_C0.01,17533,0.0660038548992,0.388888888889,0.0,0.0,0.0,undefined,0.0,18.4794588089
at160601,linearsvc_C0.01,16657,0.0627061091117,0.388888888889,0.0,0.0,0.0,undefined,0.0,17.5978939533
at160601,linearsvc_C0.01,15825,0.0595740035236,0.388888888889,0.0,0.0,0.0,undefined,0.0,14.0468370914
at160601,linearsvc_C0.01,15034,0.0565962444849,0.388888888889,0.0,0.0,0.0,undefined,0.0,14.7632679939
at160601,linearsvc_C0.01,14283,0.0537690674457,0.388888888889,0.0,0.0,0.0,undefined,0.0,14.8391098976
at160601,linearsvc_C0.01,13569,0.0510811787559,0.388888888889,0.0,0.0,0.0,undefined,0.0,14.0086841583
at160601,linearsvc_C0.01,12891,0.0485288138656,0.388888888889,0.0,0.0,0.0,undefined,0.0,13.1694359779
at160601,linearsvc_C0.01,12247,0.0461044436748,0.333333333333,0.0,0.0,0.0,undefined,0.0,10.798776865
at160601,linearsvc_C0.01,11635,0.0438005390836,0.333333333333,0.0,0.0,0.0,undefined,0.0,8.12678098679
at160601,linearsvc_C0.01,11054,0.0416133355419,0.277777777778,0.0,0.0,0.0,undefined,0.0,7.24826407433
at160601,linearsvc_C0.01,10502,0.0395353039498,0.277777777778,0.0,0.0,0.0,undefined,0.0,9.02494096756
at160601,linearsvc_C0.01,9977,0.0375589152073,0.333333333333,0.0,0.0,0.0,undefined,0.0,8.66558504105
at160601,linearsvc_C0.01,9479,0.0356841693144,0.333333333333,0.0,0.0,0.0,undefined,0.0,7.61549091339
at160601,linearsvc_C0.01,9006,0.0339035371712,0.333333333333,0.0,0.0,0.0,undefined,0.0,6.05502510071
at160601,linearsvc_C0.01,8556,0.0322094896776,0.333333333333,0.0,0.0,0.0,undefined,0.0,4.71924996376
at160601,linearsvc_C0.01,8129,0.0306020268337,0.333333333333,0.0,0.0,0.0,undefined,0.0,5.8884601593
at160601,linearsvc_C0.01,7723,0.0290736195395,0.333333333333,0.0,0.0,0.0,undefined,0.0,5.03832006454
at160601,linearsvc_C0.01,7337,0.027620503245,0.333333333333,0.0,0.0,0.0,undefined,0.0,4.65413403511
at160601,linearsvc_C0.01,6971,0.0262426779503,0.333333333333,0.0,0.0,0.0,undefined,0.0,3.6694111824
at160601,linearsvc_C0.01,6623,0.0249326145553,0.333333333333,0.0,0.0,0.0,undefined,0.0,2.40634489059
at160601,linearsvc_C0.01,6292,0.02368654851,0.333333333333,0.0,0.0,0.0,undefined,0.0,3.08434295654
at160601,linearsvc_C0.01,5978,0.0225044798145,0.333333333333,0.0,0.0,0.0,undefined,0.0,2.75935101509
at160601,linearsvc_C0.01,5680,0.0213826439187,0.333333333333,0.0,0.0,0.0,undefined,0.0,1.95483279228
at160601,linearsvc_C0.01,5396,0.0203135117228,0.277777777778,0.0,0.0,0.0,undefined,0.0,2.50070405006
at160601,linearsvc_C0.01,5127,0.0193008477767,0.277777777778,0.0,0.0,0.0,undefined,0.0,2.40788912773
at160601,linearsvc_C0.01,4871,0.0183371229803,0.333333333333,0.0,0.0,0.0,undefined,0.0,1.77093505859
at160601,linearsvc_C0.01,4628,0.0174223373338,0.333333333333,0.0,0.0,0.0,undefined,0.0,1.86210608482
at160601,linearsvc_C0.01,4397,0.0165527262871,0.333333333333,0.0,0.0,0.0,undefined,0.0,1.63943910599
at160601,linearsvc_C0.01,4178,0.0157282898402,0.277777777778,0.0,0.0,0.0,undefined,0.0,1.41275906563
at160601,linearsvc_C0.01,3970,0.0149452634432,0.222222222222,0.0,0.0,0.0,undefined,0.0,0.99574804306
at160601,linearsvc_C0.01,3772,0.014199882546,0.277777777778,0.0,0.0,0.0,undefined,0.0,1.28751993179
at160601,linearsvc_C0.01,3584,0.0134921471487,0.277777777778,0.0,0.0,0.0,undefined,0.0,1.16963100433
at160601,linearsvc_C0.01,3405,0.0128182927013,0.222222222222,0.0,0.0,0.0,undefined,0.0,1.10821604729
at160601,linearsvc_C0.01,3235,0.0121783192037,0.222222222222,0.0,0.0,0.0,undefined,0.0,0.905494213104
at160601,linearsvc_C0.01,3074,0.011572226656,0.222222222222,0.0,0.0,0.0,undefined,0.0,0.615546941757
at160601,linearsvc_C0.01,2921,0.0109962505082,0.166666666667,0.0,0.0,0.0,undefined,0.0,0.81512093544
at160601,linearsvc_C0.01,2775,0.0104466262103,0.166666666667,0.0,0.0,0.0,undefined,0.0,0.783961057663
at160601,linearsvc_C0.01,2637,0.00992711831228,0.111111111111,0.0,0.0,0.0,undefined,0.0,0.581212997437
at160601,linearsvc_C0.01,2506,0.00943396226415,0.111111111111,0.0,0.0,0.0,undefined,0.0,0.517637014389
at160601,linearsvc_C0.01,2381,0.00896339351594,0.111111111111,0.0,0.0,0.0,undefined,0.0,0.601268053055
at160601,linearsvc_C0.01,2262,0.00851541206764,0.166666666667,0.0,0.0,0.0,undefined,0.0,0.518570899963
at160601,linearsvc_C0.01,2149,0.00809001791926,0.166666666667,0.0,0.0,0.0,undefined,0.0,0.480623006821
at160601,linearsvc_C0.01,2042,0.00768721107079,0.111111111111,0.0,0.0,0.0,undefined,0.0,0.424371957779
at160601,linearsvc_C0.01,1940,0.00730322697225,0.0555555555556,0.0,0.0,0.0,undefined,0.0,0.371927022934
at160601,linearsvc_C0.01,1843,0.00693806562364,0.0555555555556,0.0,0.0,0.0,undefined,0.0,0.38493680954
at160601,linearsvc_C0.01,1751,0.00659172702495,0.0555555555556,0.0,0.0,0.0,undefined,0.0,0.339315891266
at160601,linearsvc_C0.01,1664,0.0062642111762,0.0555555555556,0.0,0.0,0.0,undefined,0.0,0.286984920502
at160601,linearsvc_C0.01,1581,0.00595175352738,0.0555555555556,0.0,0.0,0.0,undefined,0.0,0.309283971786
at160601,linearsvc_C0.01,1502,0.00565435407851,0.0555555555556,0.0,0.0,0.0,undefined,0.0,0.296655893326
at160601,linearsvc_C0.01,1427,0.00537201282959,0.0555555555556,0.0,0.0,0.0,undefined,0.0,0.24068403244
at160601,linearsvc_C0.01,1356,0.0051047297806,0.0555555555556,0.0,0.0,0.0,undefined,0.0,0.255008935928
at160601,linearsvc_C0.1,265636,1.0,0.611111111111,0.0,0.0,0.0,undefined,0.0,18.8214108944
at160601,linearsvc_C0.1,252355,0.95000301164,0.611111111111,0.0,0.0,0.0,undefined,0.0,19.5920641422
at160601,linearsvc_C0.1,239738,0.90250568447,0.611111111111,0.0,0.0,0.0,undefined,0.0,17.2099199295
at160601,linearsvc_C0.1,227752,0.857383788342,0.611111111111,0.0,0.0,0.0,undefined,0.0,18.3595619202
at160601,linearsvc_C0.1,216365,0.814516857655,0.611111111111,0.0,0.0,0.0,undefined,0.0,28.8842320442
at160601,linearsvc_C0.1,205547,0.77379195591,0.611111111111,0.0,0.0,0.0,undefined,0.0,14.9355340004
at160601,linearsvc_C0.1,195270,0.735103675707,0.611111111111,0.0,0.0,0.0,undefined,0.0,38.2221109867
at160601,linearsvc_C0.1,185507,0.698350374196,0.611111111111,0.0,0.0,0.0,undefined,0.0,12.0245361328
at160601,linearsvc_C0.1,176232,0.663434173079,0.611111111111,0.0,0.0,0.0,undefined,0.0,12.6058449745
at160601,linearsvc_C0.1,167421,0.630264723155,0.611111111111,0.0,0.0,0.0,undefined,0.0,21.8272130489
at160601,linearsvc_C0.1,159050,0.598751675225,0.611111111111,0.0,0.0,0.0,undefined,0.0,21.2498497963
at160601,linearsvc_C0.1,151098,0.568815973738,0.611111111111,0.0,0.0,0.0,undefined,0.0,87.1590640545
at160601,linearsvc_C0.1,143544,0.540378563147,0.611111111111,0.0,0.0,0.0,undefined,0.0,55.1217360497
at160601,linearsvc_C0.1,136367,0.513360387899,0.611111111111,0.0,0.0,0.0,undefined,0.0,112.010661125
at160601,linearsvc_C0.1,129549,0.487693686097,0.611111111111,0.0,0.0,0.0,undefined,0.0,27.9094719887
at160601,linearsvc_C0.1,123072,0.463310695839,0.611111111111,0.0,0.0,0.0,undefined,0.0,50.4651041031
at160601,linearsvc_C0.1,116919,0.440147419777,0.611111111111,0.0,0.0,0.0,undefined,0.0,59.8233430386
at160601,linearsvc_C0.1,111074,0.418143625111,0.611111111111,0.0,0.0,0.0,undefined,0.0,86.8120620251
at160601,linearsvc_C0.1,105521,0.39723907904,0.611111111111,0.0,0.0,0.0,undefined,0.0,78.3316841125
at160601,linearsvc_C0.1,100245,0.377377313316,0.611111111111,0.0,0.0,0.0,undefined,0.0,86.198029995
at160601,linearsvc_C0.1,95233,0.358509388788,0.611111111111,0.0,0.0,0.0,undefined,0.0,90.0676939487
at160601,linearsvc_C0.1,90472,0.340586366306,0.611111111111,0.0,0.0,0.0,undefined,0.0,97.9294881821
at160601,linearsvc_C0.1,85949,0.32355930672,0.611111111111,0.0,0.0,0.0,undefined,0.0,92.611096859
at160601,linearsvc_C0.1,81652,0.307383035432,0.611111111111,0.0,0.0,0.0,undefined,0.0,73.1298930645
at160601,linearsvc_C0.1,77570,0.29201614239,0.555555555556,0.0,0.0,0.0,undefined,0.0,80.1521809101
at160601,linearsvc_C0.1,73692,0.277417217546,0.555555555556,0.0,0.0,0.0,undefined,0.0,78.700414896
at160601,linearsvc_C0.1,70008,0.263548615399,0.555555555556,0.0,0.0,0.0,undefined,0.0,77.0705280304
at160601,linearsvc_C0.1,66508,0.250372690449,0.555555555556,0.0,0.0,0.0,undefined,0.0,70.8011479378
at160601,linearsvc_C0.1,63183,0.237855561746,0.611111111111,0.0,0.0,0.0,undefined,0.0,67.5809299946
at160601,linearsvc_C0.1,60024,0.225963348341,0.555555555556,0.0,0.0,0.0,undefined,0.0,63.9590268135
at160601,linearsvc_C0.1,57023,0.214665933834,0.555555555556,0.0,0.0,0.0,undefined,0.0,60.8015179634
at160601,linearsvc_C0.1,54172,0.203933201825,0.555555555556,0.0,0.0,0.0,undefined,0.0,56.8508870602
at160601,linearsvc_C0.1,51464,0.193738800464,0.5,0.0,0.0,0.0,undefined,0.0,54.9295728207
at160601,linearsvc_C0.1,48891,0.184052613351,0.5,0.0,0.0,0.0,undefined,0.0,51.828263998
at160601,linearsvc_C0.1,46447,0.174852053186,0.5,0.0,0.0,0.0,undefined,0.0,48.9992790222
at160601,linearsvc_C0.1,44125,0.166110768119,0.5,0.0,0.0,0.0,undefined,0.0,46.7112588882
at160601,linearsvc_C0.1,41919,0.15780617085,0.5,0.0,0.0,0.0,undefined,0.0,44.2564780712
at160601,linearsvc_C0.1,39824,0.14991943863,0.5,0.0,0.0,0.0,undefined,0.0,42.4658310413
at160601,linearsvc_C0.1,37833,0.142424219609,0.5,0.0,0.0,0.0,undefined,0.0,41.2942368984
at160601,linearsvc_C0.1,35942,0.135305455586,0.5,0.0,0.0,0.0,undefined,0.0,38.9558649063
at160601,linearsvc_C0.1,34145,0.128540559262,0.5,0.0,0.0,0.0,undefined,0.0,35.9138112068
at160601,linearsvc_C0.1,32438,0.122114472436,0.444444444444,0.0,0.0,0.0,undefined,0.0,34.1415679455
at160601,linearsvc_C0.1,30817,0.116012136909,0.444444444444,0.0,0.0,0.0,undefined,0.0,32.5180749893
at160601,linearsvc_C0.1,29277,0.110214729931,0.444444444444,0.0,0.0,0.0,undefined,0.0,30.6420328617
at160601,linearsvc_C0.1,27814,0.104707193302,0.444444444444,0.0,0.0,0.0,undefined,0.0,29.6573069096
at160601,linearsvc_C0.1,26424,0.099474468822,0.388888888889,0.0,0.0,0.0,undefined,0.0,28.2785429955
at160601,linearsvc_C0.1,25103,0.0945014982909,0.444444444444,0.0,0.0,0.0,undefined,0.0,26.5547330379
at160601,linearsvc_C0.1,23848,0.0897769880588,0.444444444444,0.0,0.0,0.0,undefined,0.0,25.311686039
at160601,linearsvc_C0.1,22656,0.0852896444759,0.444444444444,0.0,0.0,0.0,undefined,0.0,24.1184129715
at160601,linearsvc_C0.1,21524,0.0810281738921,0.444444444444,0.0,0.0,0.0,undefined,0.0,22.7950770855
at160601,linearsvc_C0.1,20448,0.0769775181075,0.444444444444,0.0,0.0,0.0,undefined,0.0,21.4729371071
at160601,linearsvc_C0.1,19426,0.0731301480221,0.444444444444,0.0,0.0,0.0,undefined,0.0,20.6677420139
at160601,linearsvc_C0.1,18455,0.069474769986,0.444444444444,0.0,0.0,0.0,undefined,0.0,19.5485169888
at160601,linearsvc_C0.1,17533,0.0660038548992,0.444444444444,0.0,0.0,0.0,undefined,0.0,18.5385510921
at160601,linearsvc_C0.1,16657,0.0627061091117,0.444444444444,0.0,0.0,0.0,undefined,0.0,17.7296438217
at160601,linearsvc_C0.1,15825,0.0595740035236,0.333333333333,0.0,0.0,0.0,undefined,0.0,17.5378050804
at160601,linearsvc_C0.1,15034,0.0565962444849,0.388888888889,0.0,0.0,0.0,undefined,0.0,16.3616678715
at160601,linearsvc_C0.1,14283,0.0537690674457,0.333333333333,0.0,0.0,0.0,undefined,0.0,15.189759016
at160601,linearsvc_C0.1,13569,0.0510811787559,0.388888888889,0.0,0.0,0.0,undefined,0.0,13.962857008
at160601,linearsvc_C0.1,12891,0.0485288138656,0.333333333333,0.0,0.0,0.0,undefined,0.0,13.1112680435
at160601,linearsvc_C0.1,12247,0.0461044436748,0.277777777778,0.0,0.0,0.0,undefined,0.0,12.4425678253
at160601,linearsvc_C0.1,11635,0.0438005390836,0.277777777778,0.0,0.0,0.0,undefined,0.0,11.6782338619
at160601,linearsvc_C0.1,11054,0.0416133355419,0.277777777778,0.0,0.0,0.0,undefined,0.0,10.9320809841
at160601,linearsvc_C0.1,10502,0.0395353039498,0.277777777778,0.0,0.0,0.0,undefined,0.0,10.3218960762
at160601,linearsvc_C0.1,9977,0.0375589152073,0.277777777778,0.0,0.0,0.0,undefined,0.0,9.81717300415
at160601,linearsvc_C0.1,9479,0.0356841693144,0.277777777778,0.0,0.0,0.0,undefined,0.0,9.26698803902
at160601,linearsvc_C0.1,9006,0.0339035371712,0.277777777778,0.0,0.0,0.0,undefined,0.0,8.58357787132
at160601,linearsvc_C0.1,8556,0.0322094896776,0.277777777778,0.0,0.0,0.0,undefined,0.0,8.21893715858
at160601,linearsvc_C0.1,8129,0.0306020268337,0.277777777778,0.0,0.0,0.0,undefined,0.0,7.66669392586
at160601,linearsvc_C0.1,7723,0.0290736195395,0.222222222222,0.0,0.0,0.0,undefined,0.0,7.25430083275
at160601,linearsvc_C0.1,7337,0.027620503245,0.222222222222,0.0,0.0,0.0,undefined,0.0,6.98394489288
at160601,linearsvc_C0.1,6971,0.0262426779503,0.222222222222,0.0,0.0,0.0,undefined,0.0,6.46413898468
at160601,linearsvc_C0.1,6623,0.0249326145553,0.222222222222,0.0,0.0,0.0,undefined,0.0,6.24263596535
at160601,linearsvc_C0.1,6292,0.02368654851,0.222222222222,0.0,0.0,0.0,undefined,0.0,5.91643595695
at160601,linearsvc_C0.1,5978,0.0225044798145,0.222222222222,0.0,0.0,0.0,undefined,0.0,5.49434399605
at160601,linearsvc_C0.1,5680,0.0213826439187,0.222222222222,0.0,0.0,0.0,undefined,0.0,5.17877197266
at160601,linearsvc_C0.1,5396,0.0203135117228,0.222222222222,0.0,0.0,0.0,undefined,0.0,4.86894106865
at160601,linearsvc_C0.1,5127,0.0193008477767,0.222222222222,0.0,0.0,0.0,undefined,0.0,4.66961312294
at160601,linearsvc_C0.1,4871,0.0183371229803,0.222222222222,0.0,0.0,0.0,undefined,0.0,4.34955811501
at160601,linearsvc_C0.1,4628,0.0174223373338,0.222222222222,0.0,0.0,0.0,undefined,0.0,4.00572800636
at160601,linearsvc_C0.1,4397,0.0165527262871,0.277777777778,0.0,0.0,0.0,undefined,0.0,3.6955242157
at160601,linearsvc_C0.1,4178,0.0157282898402,0.277777777778,0.0,0.0,0.0,undefined,0.0,3.25103592873
at160601,linearsvc_C0.1,3970,0.0149452634432,0.222222222222,0.0,0.0,0.0,undefined,0.0,3.36547207832
at160601,linearsvc_C0.1,3772,0.014199882546,0.277777777778,0.0,0.0,0.0,undefined,0.0,2.90132212639
at160601,linearsvc_C0.1,3584,0.0134921471487,0.222222222222,0.0,0.0,0.0,undefined,0.0,2.91792678833
at160601,linearsvc_C0.1,3405,0.0128182927013,0.222222222222,0.0,0.0,0.0,undefined,0.0,2.30035495758
at160601,linearsvc_C0.1,3235,0.0121783192037,0.277777777778,0.0,0.0,0.0,undefined,0.0,2.38886189461
at160601,linearsvc_C0.1,3074,0.011572226656,0.222222222222,0.0,0.0,0.0,undefined,0.0,2.06892991066
at160601,linearsvc_C0.1,2921,0.0109962505082,0.222222222222,0.0,0.0,0.0,undefined,0.0,1.80922722816
at160601,linearsvc_C0.1,2775,0.0104466262103,0.166666666667,0.0,0.0,0.0,undefined,0.0,1.83535814285
at160601,linearsvc_C0.1,2637,0.00992711831228,0.166666666667,0.0,0.0,0.0,undefined,0.0,1.51723098755
at160601,linearsvc_C0.1,2506,0.00943396226415,0.222222222222,0.0,0.0,0.0,undefined,0.0,1.50843286514
at160601,linearsvc_C0.1,2381,0.00896339351594,0.166666666667,0.0,0.0,0.0,undefined,0.0,1.2964348793
at160601,linearsvc_C0.1,2262,0.00851541206764,0.111111111111,0.0,0.0,0.0,undefined,0.0,1.25784707069
at160601,linearsvc_C0.1,2149,0.00809001791926,0.111111111111,0.0,0.0,0.0,undefined,0.0,1.15916514397
at160601,linearsvc_C0.1,2042,0.00768721107079,0.111111111111,0.0,0.0,0.0,undefined,0.0,1.0646481514
at160601,linearsvc_C0.1,1940,0.00730322697225,0.111111111111,0.0,0.0,0.0,undefined,0.0,1.09583806992
at160601,linearsvc_C0.1,1843,0.00693806562364,0.111111111111,0.0,0.0,0.0,undefined,0.0,0.856960058212
at160601,linearsvc_C0.1,1751,0.00659172702495,0.111111111111,0.0,0.0,0.0,undefined,0.0,0.771407842636
at160601,linearsvc_C0.1,1664,0.0062642111762,0.111111111111,0.0,0.0,0.0,undefined,0.0,0.743781089783
at160601,linearsvc_C0.1,1581,0.00595175352738,0.166666666667,0.0,0.0,0.0,undefined,0.0,0.700394868851
at160601,linearsvc_C0.1,1502,0.00565435407851,0.166666666667,0.0,0.0,0.0,undefined,0.0,0.611346006393
at160601,linearsvc_C0.1,1427,0.00537201282959,0.166666666667,0.0,0.0,0.0,undefined,0.0,0.748974084854
at160601,linearsvc_C0.1,1356,0.0051047297806,0.222222222222,0.0,0.0,0.0,undefined,0.0,0.547996044159
at160601,linearsvc_C1.0,265636,1.0,0.666666666667,0.0,0.0,0.0,undefined,0.0,19.5185248852
at160601,linearsvc_C1.0,252355,0.95000301164,0.666666666667,0.0,0.0,0.0,undefined,0.0,17.6954350471
at160601,linearsvc_C1.0,239738,0.90250568447,0.666666666667,0.0,0.0,0.0,undefined,0.0,16.79479599
at160601,linearsvc_C1.0,227752,0.857383788342,0.666666666667,0.0,0.0,0.0,undefined,0.0,15.9983720779
at160601,linearsvc_C1.0,216365,0.814516857655,0.666666666667,0.0,0.0,0.0,undefined,0.0,15.054049015
at160601,linearsvc_C1.0,205547,0.77379195591,0.666666666667,0.0,0.0,0.0,undefined,0.0,13.6700839996
at160601,linearsvc_C1.0,195270,0.735103675707,0.666666666667,0.0,0.0,0.0,undefined,0.0,13.3927779198
at160601,linearsvc_C1.0,185507,0.698350374196,0.666666666667,0.0,0.0,0.0,undefined,0.0,12.5015599728
at160601,linearsvc_C1.0,176232,0.663434173079,0.666666666667,0.0,0.0,0.0,undefined,0.0,11.6751010418
at160601,linearsvc_C1.0,167421,0.630264723155,0.666666666667,0.0,0.0,0.0,undefined,0.0,11.0991299152
at160601,linearsvc_C1.0,159050,0.598751675225,0.666666666667,0.0,0.0,0.0,undefined,0.0,10.7315320969
at160601,linearsvc_C1.0,151098,0.568815973738,0.666666666667,0.0,0.0,0.0,undefined,0.0,10.8305239677
at160601,linearsvc_C1.0,143544,0.540378563147,0.666666666667,0.0,0.0,0.0,undefined,0.0,9.93068695068
at160601,linearsvc_C1.0,136367,0.513360387899,0.666666666667,0.0,0.0,0.0,undefined,0.0,9.52991986275
at160601,linearsvc_C1.0,129549,0.487693686097,0.666666666667,0.0,0.0,0.0,undefined,0.0,8.29811811447
at160601,linearsvc_C1.0,123072,0.463310695839,0.666666666667,0.0,0.0,0.0,undefined,0.0,7.60732197762
at160601,linearsvc_C1.0,116919,0.440147419777,0.666666666667,0.0,0.0,0.0,undefined,0.0,7.11206102371
at160601,linearsvc_C1.0,111074,0.418143625111,0.611111111111,0.0,0.0,0.0,undefined,0.0,6.71499705315
at160601,linearsvc_C1.0,105521,0.39723907904,0.555555555556,0.0,0.0,0.0,undefined,0.0,6.52786302567
at160601,linearsvc_C1.0,100245,0.377377313316,0.555555555556,0.0,0.0,0.0,undefined,0.0,5.78342819214
at160601,linearsvc_C1.0,95233,0.358509388788,0.555555555556,0.0,0.0,0.0,undefined,0.0,5.51884293556
at160601,linearsvc_C1.0,90472,0.340586366306,0.555555555556,0.0,0.0,0.0,undefined,0.0,5.34944391251
at160601,linearsvc_C1.0,85949,0.32355930672,0.555555555556,0.0,0.0,0.0,undefined,0.0,5.12487602234
at160601,linearsvc_C1.0,81652,0.307383035432,0.5,0.0,0.0,0.0,undefined,0.0,4.55388307571
at160601,linearsvc_C1.0,77570,0.29201614239,0.5,0.0,0.0,0.0,undefined,0.0,4.37759900093
at160601,linearsvc_C1.0,73692,0.277417217546,0.5,0.0,0.0,0.0,undefined,0.0,4.14823389053
at160601,linearsvc_C1.0,70008,0.263548615399,0.5,0.0,0.0,0.0,undefined,0.0,3.74546408653
at160601,linearsvc_C1.0,66508,0.250372690449,0.5,0.0,0.0,0.0,undefined,0.0,3.60126185417
at160601,linearsvc_C1.0,63183,0.237855561746,0.444444444444,0.0,0.0,0.0,undefined,0.0,3.53459906578
at160601,linearsvc_C1.0,60024,0.225963348341,0.5,0.0,0.0,0.0,undefined,0.0,3.30242586136
at160601,linearsvc_C1.0,57023,0.214665933834,0.444444444444,0.0,0.0,0.0,undefined,0.0,3.12290287018
at160601,linearsvc_C1.0,54172,0.203933201825,0.444444444444,0.0,0.0,0.0,undefined,0.0,2.97919511795
at160601,linearsvc_C1.0,51464,0.193738800464,0.444444444444,0.0,0.0,0.0,undefined,0.0,2.78714108467
at160601,linearsvc_C1.0,48891,0.184052613351,0.5,0.0,0.0,0.0,undefined,0.0,2.61197495461
at160601,linearsvc_C1.0,46447,0.174852053186,0.5,0.0,0.0,0.0,undefined,0.0,2.41989994049
at160601,linearsvc_C1.0,44125,0.166110768119,0.5,0.0,0.0,0.0,undefined,0.0,2.41791296005
at160601,linearsvc_C1.0,41919,0.15780617085,0.444444444444,0.0,0.0,0.0,undefined,0.0,2.23810195923
at160601,linearsvc_C1.0,39824,0.14991943863,0.444444444444,0.0,0.0,0.0,undefined,0.0,2.01283311844
at160601,linearsvc_C1.0,37833,0.142424219609,0.444444444444,0.0,0.0,0.0,undefined,0.0,1.88176393509
at160601,linearsvc_C1.0,35942,0.135305455586,0.444444444444,0.0,0.0,0.0,undefined,0.0,1.83266806602
at160601,linearsvc_C1.0,34145,0.128540559262,0.5,0.0,0.0,0.0,undefined,0.0,1.73987007141
at160601,linearsvc_C1.0,32438,0.122114472436,0.444444444444,0.0,0.0,0.0,undefined,0.0,1.58121609688
at160601,linearsvc_C1.0,30817,0.116012136909,0.333333333333,0.0,0.0,0.0,undefined,0.0,1.44478797913
at160601,linearsvc_C1.0,29277,0.110214729931,0.388888888889,0.0,0.0,0.0,undefined,0.0,1.3887090683
at160601,linearsvc_C1.0,27814,0.104707193302,0.388888888889,0.0,0.0,0.0,undefined,0.0,1.29467105865
at160601,linearsvc_C1.0,26424,0.099474468822,0.388888888889,0.0,0.0,0.0,undefined,0.0,1.28528213501
at160601,linearsvc_C1.0,25103,0.0945014982909,0.388888888889,0.0,0.0,0.0,undefined,0.0,1.22551989555
at160601,linearsvc_C1.0,23848,0.0897769880588,0.388888888889,0.0,0.0,0.0,undefined,0.0,1.08861804008
at160601,linearsvc_C1.0,22656,0.0852896444759,0.388888888889,0.0,0.0,0.0,undefined,0.0,1.10718798637
at160601,linearsvc_C1.0,21524,0.0810281738921,0.388888888889,0.0,0.0,0.0,undefined,0.0,0.983576059341
at160601,linearsvc_C1.0,20448,0.0769775181075,0.388888888889,0.0,0.0,0.0,undefined,0.0,0.926286935806
at160601,linearsvc_C1.0,19426,0.0731301480221,0.388888888889,0.0,0.0,0.0,undefined,0.0,0.887647867203
at160601,linearsvc_C1.0,18455,0.069474769986,0.388888888889,0.0,0.0,0.0,undefined,0.0,0.860648155212
at160601,linearsvc_C1.0,17533,0.0660038548992,0.388888888889,0.0,0.0,0.0,undefined,0.0,0.815090179443
at160601,linearsvc_C1.0,16657,0.0627061091117,0.388888888889,0.0,0.0,0.0,undefined,0.0,0.757878065109
at160601,linearsvc_C1.0,15825,0.0595740035236,0.333333333333,0.0,0.0,0.0,undefined,0.0,0.73220205307
at160601,linearsvc_C1.0,15034,0.0565962444849,0.388888888889,0.0,0.0,0.0,undefined,0.0,0.678179979324
at160601,linearsvc_C1.0,14283,0.0537690674457,0.388888888889,0.0,0.0,0.0,undefined,0.0,0.634258985519
at160601,linearsvc_C1.0,13569,0.0510811787559,0.277777777778,0.0,0.0,0.0,undefined,0.0,0.606446027756
at160601,linearsvc_C1.0,12891,0.0485288138656,0.388888888889,0.0,0.0,0.0,undefined,0.0,0.599411964417
at160601,linearsvc_C1.0,12247,0.0461044436748,0.333333333333,0.0,0.0,0.0,undefined,0.0,0.564979076385
at160601,linearsvc_C1.0,11635,0.0438005390836,0.333333333333,0.0,0.0,0.0,undefined,0.0,0.50467300415
at160601,linearsvc_C1.0,11054,0.0416133355419,0.333333333333,0.0,0.0,0.0,undefined,0.0,0.472368001938
at160601,linearsvc_C1.0,10502,0.0395353039498,0.333333333333,0.0,0.0,0.0,undefined,0.0,0.451240777969
at160601,linearsvc_C1.0,9977,0.0375589152073,0.333333333333,0.0,0.0,0.0,undefined,0.0,0.402165174484
at160601,linearsvc_C1.0,9479,0.0356841693144,0.333333333333,0.0,0.0,0.0,undefined,0.0,0.381841897964
at160601,linearsvc_C1.0,9006,0.0339035371712,0.333333333333,0.0,0.0,0.0,undefined,0.0,0.356237888336
at160601,linearsvc_C1.0,8556,0.0322094896776,0.333333333333,0.0,0.0,0.0,undefined,0.0,0.348727941513
at160601,linearsvc_C1.0,8129,0.0306020268337,0.333333333333,0.0,0.0,0.0,undefined,0.0,0.309115886688
at160601,linearsvc_C1.0,7723,0.0290736195395,0.333333333333,0.0,0.0,0.0,undefined,0.0,0.308484792709
at160601,linearsvc_C1.0,7337,0.027620503245,0.277777777778,0.0,0.0,0.0,undefined,0.0,0.320574045181
at160601,linearsvc_C1.0,6971,0.0262426779503,0.277777777778,0.0,0.0,0.0,undefined,0.0,0.269312143326
at160601,linearsvc_C1.0,6623,0.0249326145553,0.277777777778,0.0,0.0,0.0,undefined,0.0,0.279497146606
at160601,linearsvc_C1.0,6292,0.02368654851,0.277777777778,0.0,0.0,0.0,undefined,0.0,0.221387147903
at160601,linearsvc_C1.0,5978,0.0225044798145,0.222222222222,0.0,0.0,0.0,undefined,0.0,0.265393972397
at160601,linearsvc_C1.0,5680,0.0213826439187,0.222222222222,0.0,0.0,0.0,undefined,0.0,0.227745056152
at160601,linearsvc_C1.0,5396,0.0203135117228,0.277777777778,0.0,0.0,0.0,undefined,0.0,0.225561141968
at160601,linearsvc_C1.0,5127,0.0193008477767,0.277777777778,0.0,0.0,0.0,undefined,0.0,0.187719106674
at160601,linearsvc_C1.0,4871,0.0183371229803,0.222222222222,0.0,0.0,0.0,undefined,0.0,0.191527843475
at160601,linearsvc_C1.0,4628,0.0174223373338,0.333333333333,0.0,0.0,0.0,undefined,0.0,0.194445133209
at160601,linearsvc_C1.0,4397,0.0165527262871,0.277777777778,0.0,0.0,0.0,undefined,0.0,0.163424015045
at160601,linearsvc_C1.0,4178,0.0157282898402,0.333333333333,0.0,0.0,0.0,undefined,0.0,0.547483921051
at160601,linearsvc_C1.0,3970,0.0149452634432,0.222222222222,0.0,0.0,0.0,undefined,0.0,0.425157785416
at160601,linearsvc_C1.0,3772,0.014199882546,0.222222222222,0.0,0.0,0.0,undefined,0.0,0.152020931244
at160601,linearsvc_C1.0,3584,0.0134921471487,0.222222222222,0.0,0.0,0.0,undefined,0.0,0.163438081741
at160601,linearsvc_C1.0,3405,0.0128182927013,0.222222222222,0.0,0.0,0.0,undefined,0.0,0.440726041794
at160601,linearsvc_C1.0,3235,0.0121783192037,0.166666666667,0.0,0.0,0.0,undefined,0.0,0.920433998108
at160601,linearsvc_C1.0,3074,0.011572226656,0.166666666667,0.0,0.0,0.0,undefined,0.0,1.34646296501
at160601,linearsvc_C1.0,2921,0.0109962505082,0.166666666667,0.0,0.0,0.0,undefined,0.0,0.254817962646
at160601,linearsvc_C1.0,2775,0.0104466262103,0.111111111111,0.0,0.0,0.0,undefined,0.0,1.46032500267
at160601,linearsvc_C1.0,2637,0.00992711831228,0.111111111111,0.0,0.0,0.0,undefined,0.0,1.27055907249
at160601,linearsvc_C1.0,2506,0.00943396226415,0.111111111111,0.0,0.0,0.0,undefined,0.0,1.1128578186
at160601,linearsvc_C1.0,2381,0.00896339351594,0.111111111111,0.0,0.0,0.0,undefined,0.0,1.10916590691
at160601,linearsvc_C1.0,2262,0.00851541206764,0.111111111111,0.0,0.0,0.0,undefined,0.0,1.08633589745
at160601,linearsvc_C1.0,2149,0.00809001791926,0.111111111111,0.0,0.0,0.0,undefined,0.0,1.23428106308
at160601,linearsvc_C1.0,2042,0.00768721107079,0.111111111111,0.0,0.0,0.0,undefined,0.0,1.55309009552
at160601,linearsvc_C1.0,1940,0.00730322697225,0.111111111111,0.0,0.0,0.0,undefined,0.0,1.32668304443
at160601,linearsvc_C1.0,1843,0.00693806562364,0.111111111111,0.0,0.0,0.0,undefined,0.0,1.44539093971
at160601,linearsvc_C1.0,1751,0.00659172702495,0.111111111111,0.0,0.0,0.0,undefined,0.0,0.696034908295
at160601,linearsvc_C1.0,1664,0.0062642111762,0.0555555555556,0.0,0.0,0.0,undefined,0.0,0.37948513031
at160601,linearsvc_C1.0,1581,0.00595175352738,0.111111111111,0.0,0.0,0.0,undefined,0.0,1.2056081295
at160601,linearsvc_C1.0,1502,0.00565435407851,0.111111111111,0.0,0.0,0.0,undefined,0.0,1.14701700211
at160601,linearsvc_C1.0,1427,0.00537201282959,0.111111111111,0.0,0.0,0.0,undefined,0.0,0.932761192322
at160601,linearsvc_C1.0,1356,0.0051047297806,0.0555555555556,0.0,0.0,0.0,undefined,0.0,0.821796894073
at160601,linearsvc_C10.0,265636,1.0,0.611111111111,0.0,0.0,0.0,undefined,0.0,17.9378240108
at160601,linearsvc_C10.0,252355,0.95000301164,0.611111111111,0.0,0.0,0.0,undefined,0.0,16.3415799141
at160601,linearsvc_C10.0,239738,0.90250568447,0.611111111111,0.0,0.0,0.0,undefined,0.0,15.2183158398
at160601,linearsvc_C10.0,227752,0.857383788342,0.611111111111,0.0,0.0,0.0,undefined,0.0,14.4344778061
at160601,linearsvc_C10.0,216365,0.814516857655,0.611111111111,0.0,0.0,0.0,undefined,0.0,13.587097168
at160601,linearsvc_C10.0,205547,0.77379195591,0.611111111111,0.0,0.0,0.0,undefined,0.0,13.3091599941
at160601,linearsvc_C10.0,195270,0.735103675707,0.611111111111,0.0,0.0,0.0,undefined,0.0,12.3907701969
at160601,linearsvc_C10.0,185507,0.698350374196,0.555555555556,0.0,0.0,0.0,undefined,0.0,11.6739778519
at160601,linearsvc_C10.0,176232,0.663434173079,0.555555555556,0.0,0.0,0.0,undefined,0.0,10.5840559006
at160601,linearsvc_C10.0,167421,0.630264723155,0.555555555556,0.0,0.0,0.0,undefined,0.0,10.2261600494
at160601,linearsvc_C10.0,159050,0.598751675225,0.555555555556,0.0,0.0,0.0,undefined,0.0,9.69481897354
at160601,linearsvc_C10.0,151098,0.568815973738,0.555555555556,0.0,0.0,0.0,undefined,0.0,9.20786786079
at160601,linearsvc_C10.0,143544,0.540378563147,0.555555555556,0.0,0.0,0.0,undefined,0.0,8.58614897728
at160601,linearsvc_C10.0,136367,0.513360387899,0.555555555556,0.0,0.0,0.0,undefined,0.0,7.95387387276
at160601,linearsvc_C10.0,129549,0.487693686097,0.555555555556,0.0,0.0,0.0,undefined,0.0,7.42046403885
at160601,linearsvc_C10.0,123072,0.463310695839,0.5,0.0,0.0,0.0,undefined,0.0,6.92322301865
at160601,linearsvc_C10.0,116919,0.440147419777,0.5,0.0,0.0,0.0,undefined,0.0,6.7264149189
at160601,linearsvc_C10.0,111074,0.418143625111,0.5,0.0,0.0,0.0,undefined,0.0,6.24473500252
at160601,linearsvc_C10.0,105521,0.39723907904,0.5,0.0,0.0,0.0,undefined,0.0,6.14913797379
at160601,linearsvc_C10.0,100245,0.377377313316,0.5,0.0,0.0,0.0,undefined,0.0,5.67505002022
at160601,linearsvc_C10.0,95233,0.358509388788,0.5,0.0,0.0,0.0,undefined,0.0,5.70097398758
at160601,linearsvc_C10.0,90472,0.340586366306,0.5,0.0,0.0,0.0,undefined,0.0,5.10994982719
at160601,linearsvc_C10.0,85949,0.32355930672,0.5,0.0,0.0,0.0,undefined,0.0,4.7253139019
at160601,linearsvc_C10.0,81652,0.307383035432,0.555555555556,0.0,0.0,0.0,undefined,0.0,4.39401602745
at160601,linearsvc_C10.0,77570,0.29201614239,0.5,0.0,0.0,0.0,undefined,0.0,4.51715803146
at160601,linearsvc_C10.0,73692,0.277417217546,0.5,0.0,0.0,0.0,undefined,0.0,4.06287288666
at160601,linearsvc_C10.0,70008,0.263548615399,0.5,0.0,0.0,0.0,undefined,0.0,3.6472260952
at160601,linearsvc_C10.0,66508,0.250372690449,0.5,0.0,0.0,0.0,undefined,0.0,3.39849805832
at160601,linearsvc_C10.0,63183,0.237855561746,0.5,0.0,0.0,0.0,undefined,0.0,3.28565692902
at160601,linearsvc_C10.0,60024,0.225963348341,0.5,0.0,0.0,0.0,undefined,0.0,3.13410806656
at160601,linearsvc_C10.0,57023,0.214665933834,0.5,0.0,0.0,0.0,undefined,0.0,2.89184999466
at160601,linearsvc_C10.0,54172,0.203933201825,0.5,0.0,0.0,0.0,undefined,0.0,2.76418781281
at160601,linearsvc_C10.0,51464,0.193738800464,0.388888888889,0.0,0.0,0.0,undefined,0.0,2.62658381462
at160601,linearsvc_C10.0,48891,0.184052613351,0.444444444444,0.0,0.0,0.0,undefined,0.0,2.46093082428
at160601,linearsvc_C10.0,46447,0.174852053186,0.388888888889,0.0,0.0,0.0,undefined,0.0,2.30823993683
at160601,linearsvc_C10.0,44125,0.166110768119,0.388888888889,0.0,0.0,0.0,undefined,0.0,2.21506905556
at160601,linearsvc_C10.0,41919,0.15780617085,0.388888888889,0.0,0.0,0.0,undefined,0.0,2.13924193382
at160601,linearsvc_C10.0,39824,0.14991943863,0.388888888889,0.0,0.0,0.0,undefined,0.0,1.94927382469
at160601,linearsvc_C10.0,37833,0.142424219609,0.388888888889,0.0,0.0,0.0,undefined,0.0,1.86333703995
at160601,linearsvc_C10.0,35942,0.135305455586,0.388888888889,0.0,0.0,0.0,undefined,0.0,1.6806781292
at160601,linearsvc_C10.0,34145,0.128540559262,0.388888888889,0.0,0.0,0.0,undefined,0.0,1.68889212608
at160601,linearsvc_C10.0,32438,0.122114472436,0.388888888889,0.0,0.0,0.0,undefined,0.0,1.56545901299
at160601,linearsvc_C10.0,30817,0.116012136909,0.333333333333,0.0,0.0,0.0,undefined,0.0,1.55007195473
at160601,linearsvc_C10.0,29277,0.110214729931,0.333333333333,0.0,0.0,0.0,undefined,0.0,1.39383101463
at160601,linearsvc_C10.0,27814,0.104707193302,0.333333333333,0.0,0.0,0.0,undefined,0.0,1.29295301437
at160601,linearsvc_C10.0,26424,0.099474468822,0.388888888889,0.0,0.0,0.0,undefined,0.0,1.25757193565
at160601,linearsvc_C10.0,25103,0.0945014982909,0.333333333333,0.0,0.0,0.0,undefined,0.0,1.2251970768
at160601,linearsvc_C10.0,23848,0.0897769880588,0.388888888889,0.0,0.0,0.0,undefined,0.0,1.13699698448
at160601,linearsvc_C10.0,22656,0.0852896444759,0.333333333333,0.0,0.0,0.0,undefined,0.0,1.12984919548
at160601,linearsvc_C10.0,21524,0.0810281738921,0.333333333333,0.0,0.0,0.0,undefined,0.0,0.930577993393
at160601,linearsvc_C10.0,20448,0.0769775181075,0.444444444444,0.0,0.0,0.0,undefined,0.0,0.976211071014
at160601,linearsvc_C10.0,19426,0.0731301480221,0.444444444444,0.0,0.0,0.0,undefined,0.0,0.864128112793
at160601,linearsvc_C10.0,18455,0.069474769986,0.388888888889,0.0,0.0,0.0,undefined,0.0,0.842360973358
at160601,linearsvc_C10.0,17533,0.0660038548992,0.388888888889,0.0,0.0,0.0,undefined,0.0,0.774415969849
at160601,linearsvc_C10.0,16657,0.0627061091117,0.388888888889,0.0,0.0,0.0,undefined,0.0,0.734857797623
at160601,linearsvc_C10.0,15825,0.0595740035236,0.388888888889,0.0,0.0,0.0,undefined,0.0,0.741963863373
at160601,linearsvc_C10.0,15034,0.0565962444849,0.388888888889,0.0,0.0,0.0,undefined,0.0,0.688559055328
at160601,linearsvc_C10.0,14283,0.0537690674457,0.388888888889,0.0,0.0,0.0,undefined,0.0,0.633349895477
at160601,linearsvc_C10.0,13569,0.0510811787559,0.388888888889,0.0,0.0,0.0,undefined,0.0,0.555291891098
at160601,linearsvc_C10.0,12891,0.0485288138656,0.333333333333,0.0,0.0,0.0,undefined,0.0,0.53789806366
at160601,linearsvc_C10.0,12247,0.0461044436748,0.388888888889,0.0,0.0,0.0,undefined,0.0,0.526561021805
at160601,linearsvc_C10.0,11635,0.0438005390836,0.388888888889,0.0,0.0,0.0,undefined,0.0,0.47101688385
at160601,linearsvc_C10.0,11054,0.0416133355419,0.388888888889,0.0,0.0,0.0,undefined,0.0,0.453059911728
at160601,linearsvc_C10.0,10502,0.0395353039498,0.388888888889,0.0,0.0,0.0,undefined,0.0,0.451476097107
at160601,linearsvc_C10.0,9977,0.0375589152073,0.388888888889,0.0,0.0,0.0,undefined,0.0,0.431163072586
at160601,linearsvc_C10.0,9479,0.0356841693144,0.388888888889,0.0,0.0,0.0,undefined,0.0,0.362011909485
at160601,linearsvc_C10.0,9006,0.0339035371712,0.388888888889,0.0,0.0,0.0,undefined,0.0,0.336002111435
at160601,linearsvc_C10.0,8556,0.0322094896776,0.388888888889,0.0,0.0,0.0,undefined,0.0,0.311340093613
at160601,linearsvc_C10.0,8129,0.0306020268337,0.388888888889,0.0,0.0,0.0,undefined,0.0,0.28259396553
at160601,linearsvc_C10.0,7723,0.0290736195395,0.388888888889,0.0,0.0,0.0,undefined,0.0,0.289444923401
at160601,linearsvc_C10.0,7337,0.027620503245,0.388888888889,0.0,0.0,0.0,undefined,0.0,0.29913687706
at160601,linearsvc_C10.0,6971,0.0262426779503,0.388888888889,0.0,0.0,0.0,undefined,0.0,0.259305953979
at160601,linearsvc_C10.0,6623,0.0249326145553,0.333333333333,0.0,0.0,0.0,undefined,0.0,0.236726999283
at160601,linearsvc_C10.0,6292,0.02368654851,0.388888888889,0.0,0.0,0.0,undefined,0.0,0.228821992874
at160601,linearsvc_C10.0,5978,0.0225044798145,0.388888888889,0.0,0.0,0.0,undefined,0.0,0.209823846817
at160601,linearsvc_C10.0,5680,0.0213826439187,0.333333333333,0.0,0.0,0.0,undefined,0.0,0.215936183929
at160601,linearsvc_C10.0,5396,0.0203135117228,0.333333333333,0.0,0.0,0.0,undefined,0.0,0.202852964401
at160601,linearsvc_C10.0,5127,0.0193008477767,0.333333333333,0.0,0.0,0.0,undefined,0.0,0.193854093552
at160601,linearsvc_C10.0,4871,0.0183371229803,0.388888888889,0.0,0.0,0.0,undefined,0.0,0.188142061234
at160601,linearsvc_C10.0,4628,0.0174223373338,0.388888888889,0.0,0.0,0.0,undefined,0.0,0.16698217392
at160601,linearsvc_C10.0,4397,0.0165527262871,0.388888888889,0.0,0.0,0.0,undefined,0.0,0.162843227386
at160601,linearsvc_C10.0,4178,0.0157282898402,0.333333333333,0.0,0.0,0.0,undefined,0.0,0.138631105423
at160601,linearsvc_C10.0,3970,0.0149452634432,0.333333333333,0.0,0.0,0.0,undefined,0.0,0.154636144638
at160601,linearsvc_C10.0,3772,0.014199882546,0.277777777778,0.0,0.0,0.0,undefined,0.0,0.149562120438
at160601,linearsvc_C10.0,3584,0.0134921471487,0.277777777778,0.0,0.0,0.0,undefined,0.0,0.154855012894
at160601,linearsvc_C10.0,3405,0.0128182927013,0.333333333333,0.0,0.0,0.0,undefined,0.0,0.148299217224
at160601,linearsvc_C10.0,3235,0.0121783192037,0.277777777778,0.0,0.0,0.0,undefined,0.0,0.133936166763
at160601,linearsvc_C10.0,3074,0.011572226656,0.277777777778,0.0,0.0,0.0,undefined,0.0,0.131236076355
at160601,linearsvc_C10.0,2921,0.0109962505082,0.277777777778,0.0,0.0,0.0,undefined,0.0,0.113423109055
at160601,linearsvc_C10.0,2775,0.0104466262103,0.277777777778,0.0,0.0,0.0,undefined,0.0,0.118418931961
at160601,linearsvc_C10.0,2637,0.00992711831228,0.277777777778,0.0,0.0,0.0,undefined,0.0,0.104961872101
at160601,linearsvc_C10.0,2506,0.00943396226415,0.222222222222,0.0,0.0,0.0,undefined,0.0,0.108251094818
at160601,linearsvc_C10.0,2381,0.00896339351594,0.277777777778,0.0,0.0,0.0,undefined,0.0,0.101088047028
at160601,linearsvc_C10.0,2262,0.00851541206764,0.277777777778,0.0,0.0,0.0,undefined,0.0,0.105497837067
at160601,linearsvc_C10.0,2149,0.00809001791926,0.277777777778,0.0,0.0,0.0,undefined,0.0,0.0873250961304
at160601,linearsvc_C10.0,2042,0.00768721107079,0.222222222222,0.0,0.0,0.0,undefined,0.0,0.0944919586182
at160601,linearsvc_C10.0,1940,0.00730322697225,0.222222222222,0.0,0.0,0.0,undefined,0.0,0.118837833405
at160601,linearsvc_C10.0,1843,0.00693806562364,0.166666666667,0.0,0.0,0.0,undefined,0.0,0.115248918533
at160601,linearsvc_C10.0,1751,0.00659172702495,0.166666666667,0.0,0.0,0.0,undefined,0.0,0.116139888763
at160601,linearsvc_C10.0,1664,0.0062642111762,0.166666666667,0.0,0.0,0.0,undefined,0.0,0.115375995636
at160601,linearsvc_C10.0,1581,0.00595175352738,0.166666666667,0.0,0.0,0.0,undefined,0.0,0.109124898911
at160601,linearsvc_C10.0,1502,0.00565435407851,0.166666666667,0.0,0.0,0.0,undefined,0.0,0.114166021347
at160601,linearsvc_C10.0,1427,0.00537201282959,0.166666666667,0.0,0.0,0.0,undefined,0.0,0.115406990051
at160601,linearsvc_C10.0,1356,0.0051047297806,0.166666666667,0.0,0.0,0.0,undefined,0.0,0.107540845871
at160601,linearsvc_C100.0,265636,1.0,0.666666666667,0.0,0.0,0.0,undefined,0.0,18.8879749775
at160601,linearsvc_C100.0,252355,0.95000301164,0.666666666667,0.0,0.0,0.0,undefined,0.0,17.323045969
at160601,linearsvc_C100.0,239738,0.90250568447,0.666666666667,0.0,0.0,0.0,undefined,0.0,16.7324719429
at160601,linearsvc_C100.0,227752,0.857383788342,0.666666666667,0.0,0.0,0.0,undefined,0.0,15.8437039852
at160601,linearsvc_C100.0,216365,0.814516857655,0.666666666667,0.0,0.0,0.0,undefined,0.0,14.2447218895
at160601,linearsvc_C100.0,205547,0.77379195591,0.666666666667,0.0,0.0,0.0,undefined,0.0,14.0372571945
at160601,linearsvc_C100.0,195270,0.735103675707,0.666666666667,0.0,0.0,0.0,undefined,0.0,12.7244939804
at160601,linearsvc_C100.0,185507,0.698350374196,0.666666666667,0.0,0.0,0.0,undefined,0.0,12.2312190533
at160601,linearsvc_C100.0,176232,0.663434173079,0.611111111111,0.0,0.0,0.0,undefined,0.0,11.641958952
at160601,linearsvc_C100.0,167421,0.630264723155,0.666666666667,0.0,0.0,0.0,undefined,0.0,10.7070059776
at160601,linearsvc_C100.0,159050,0.598751675225,0.611111111111,0.0,0.0,0.0,undefined,0.0,9.97595596313
at160601,linearsvc_C100.0,151098,0.568815973738,0.611111111111,0.0,0.0,0.0,undefined,0.0,9.4753921032
at160601,linearsvc_C100.0,143544,0.540378563147,0.611111111111,0.0,0.0,0.0,undefined,0.0,9.01359009743
at160601,linearsvc_C100.0,136367,0.513360387899,0.611111111111,0.0,0.0,0.0,undefined,0.0,8.58466911316
at160601,linearsvc_C100.0,129549,0.487693686097,0.611111111111,0.0,0.0,0.0,undefined,0.0,7.95449304581
at160601,linearsvc_C100.0,123072,0.463310695839,0.611111111111,0.0,0.0,0.0,undefined,0.0,7.71428799629
at160601,linearsvc_C100.0,116919,0.440147419777,0.611111111111,0.0,0.0,0.0,undefined,0.0,7.18309092522
at160601,linearsvc_C100.0,111074,0.418143625111,0.611111111111,0.0,0.0,0.0,undefined,0.0,6.6885099411
at160601,linearsvc_C100.0,105521,0.39723907904,0.611111111111,0.0,0.0,0.0,undefined,0.0,6.26601791382
at160601,linearsvc_C100.0,100245,0.377377313316,0.611111111111,0.0,0.0,0.0,undefined,0.0,5.90707588196
at160601,linearsvc_C100.0,95233,0.358509388788,0.611111111111,0.0,0.0,0.0,undefined,0.0,5.58526301384
at160601,linearsvc_C100.0,90472,0.340586366306,0.555555555556,0.0,0.0,0.0,undefined,0.0,5.22456288338
at160601,linearsvc_C100.0,85949,0.32355930672,0.555555555556,0.0,0.0,0.0,undefined,0.0,5.0205848217
at160601,linearsvc_C100.0,81652,0.307383035432,0.555555555556,0.0,0.0,0.0,undefined,0.0,4.59643602371
at160601,linearsvc_C100.0,77570,0.29201614239,0.555555555556,0.0,0.0,0.0,undefined,0.0,4.62427401543
at160601,linearsvc_C100.0,73692,0.277417217546,0.555555555556,0.0,0.0,0.0,undefined,0.0,4.22164201736
at160601,linearsvc_C100.0,70008,0.263548615399,0.555555555556,0.0,0.0,0.0,undefined,0.0,4.02801084518
at160601,linearsvc_C100.0,66508,0.250372690449,0.555555555556,0.0,0.0,0.0,undefined,0.0,3.53326010704
at160601,linearsvc_C100.0,63183,0.237855561746,0.555555555556,0.0,0.0,0.0,undefined,0.0,3.39087915421
at160601,linearsvc_C100.0,60024,0.225963348341,0.555555555556,0.0,0.0,0.0,undefined,0.0,3.23338508606
at160601,linearsvc_C100.0,57023,0.214665933834,0.555555555556,0.0,0.0,0.0,undefined,0.0,3.05913710594
at160601,linearsvc_C100.0,54172,0.203933201825,0.555555555556,0.0,0.0,0.0,undefined,0.0,2.95437502861
at160601,linearsvc_C100.0,51464,0.193738800464,0.555555555556,0.0,0.0,0.0,undefined,0.0,2.82201719284
at160601,linearsvc_C100.0,48891,0.184052613351,0.555555555556,0.0,0.0,0.0,undefined,0.0,2.62533307076
at160601,linearsvc_C100.0,46447,0.174852053186,0.555555555556,0.0,0.0,0.0,undefined,0.0,2.37925601006
at160601,linearsvc_C100.0,44125,0.166110768119,0.555555555556,0.0,0.0,0.0,undefined,0.0,2.30256795883
at160601,linearsvc_C100.0,41919,0.15780617085,0.555555555556,0.0,0.0,0.0,undefined,0.0,2.18828892708
at160601,linearsvc_C100.0,39824,0.14991943863,0.555555555556,0.0,0.0,0.0,undefined,0.0,2.10024309158
at160601,linearsvc_C100.0,37833,0.142424219609,0.555555555556,0.0,0.0,0.0,undefined,0.0,1.99167299271
at160601,linearsvc_C100.0,35942,0.135305455586,0.444444444444,0.0,0.0,0.0,undefined,0.0,1.86134386063
at160601,linearsvc_C100.0,34145,0.128540559262,0.444444444444,0.0,0.0,0.0,undefined,0.0,1.80360102654
at160601,linearsvc_C100.0,32438,0.122114472436,0.444444444444,0.0,0.0,0.0,undefined,0.0,1.70236706734
at160601,linearsvc_C100.0,30817,0.116012136909,0.444444444444,0.0,0.0,0.0,undefined,0.0,1.63736104965
at160601,linearsvc_C100.0,29277,0.110214729931,0.444444444444,0.0,0.0,0.0,undefined,0.0,1.58260893822
at160601,linearsvc_C100.0,27814,0.104707193302,0.444444444444,0.0,0.0,0.0,undefined,0.0,1.54461503029
at160601,linearsvc_C100.0,26424,0.099474468822,0.444444444444,0.0,0.0,0.0,undefined,0.0,1.36109995842
at160601,linearsvc_C100.0,25103,0.0945014982909,0.388888888889,0.0,0.0,0.0,undefined,0.0,1.2620511055
at160601,linearsvc_C100.0,23848,0.0897769880588,0.388888888889,0.0,0.0,0.0,undefined,0.0,1.27023696899
at160601,linearsvc_C100.0,22656,0.0852896444759,0.388888888889,0.0,0.0,0.0,undefined,0.0,1.08019304276
at160601,linearsvc_C100.0,21524,0.0810281738921,0.333333333333,0.0,0.0,0.0,undefined,0.0,1.09012103081
at160601,linearsvc_C100.0,20448,0.0769775181075,0.333333333333,0.0,0.0,0.0,undefined,0.0,0.992017030716
at160601,linearsvc_C100.0,19426,0.0731301480221,0.333333333333,0.0,0.0,0.0,undefined,0.0,0.890074968338
at160601,linearsvc_C100.0,18455,0.069474769986,0.333333333333,0.0,0.0,0.0,undefined,0.0,0.861445903778
at160601,linearsvc_C100.0,17533,0.0660038548992,0.333333333333,0.0,0.0,0.0,undefined,0.0,0.831266880035
at160601,linearsvc_C100.0,16657,0.0627061091117,0.333333333333,0.0,0.0,0.0,undefined,0.0,0.800288200378
at160601,linearsvc_C100.0,15825,0.0595740035236,0.333333333333,0.0,0.0,0.0,undefined,0.0,0.801630973816
at160601,linearsvc_C100.0,15034,0.0565962444849,0.333333333333,0.0,0.0,0.0,undefined,0.0,0.702281951904
at160601,linearsvc_C100.0,14283,0.0537690674457,0.333333333333,0.0,0.0,0.0,undefined,0.0,0.672582149506
at160601,linearsvc_C100.0,13569,0.0510811787559,0.333333333333,0.0,0.0,0.0,undefined,0.0,0.678651094437
at160601,linearsvc_C100.0,12891,0.0485288138656,0.333333333333,0.0,0.0,0.0,undefined,0.0,0.625963926315
at160601,linearsvc_C100.0,12247,0.0461044436748,0.333333333333,0.0,0.0,0.0,undefined,0.0,0.565102815628
at160601,linearsvc_C100.0,11635,0.0438005390836,0.333333333333,0.0,0.0,0.0,undefined,0.0,0.562369823456
at160601,linearsvc_C100.0,11054,0.0416133355419,0.333333333333,0.0,0.0,0.0,undefined,0.0,0.50239109993
at160601,linearsvc_C100.0,10502,0.0395353039498,0.333333333333,0.0,0.0,0.0,undefined,0.0,0.485909938812
at160601,linearsvc_C100.0,9977,0.0375589152073,0.333333333333,0.0,0.0,0.0,undefined,0.0,0.446003913879
at160601,linearsvc_C100.0,9479,0.0356841693144,0.277777777778,0.0,0.0,0.0,undefined,0.0,0.451418876648
at160601,linearsvc_C100.0,9006,0.0339035371712,0.277777777778,0.0,0.0,0.0,undefined,0.0,0.423133134842
at160601,linearsvc_C100.0,8556,0.0322094896776,0.277777777778,0.0,0.0,0.0,undefined,0.0,0.351521968842
at160601,linearsvc_C100.0,8129,0.0306020268337,0.222222222222,0.0,0.0,0.0,undefined,0.0,0.356845140457
at160601,linearsvc_C100.0,7723,0.0290736195395,0.222222222222,0.0,0.0,0.0,undefined,0.0,0.310233831406
at160601,linearsvc_C100.0,7337,0.027620503245,0.222222222222,0.0,0.0,0.0,undefined,0.0,0.314836025238
at160601,linearsvc_C100.0,6971,0.0262426779503,0.222222222222,0.0,0.0,0.0,undefined,0.0,0.296613931656
at160601,linearsvc_C100.0,6623,0.0249326145553,0.166666666667,0.0,0.0,0.0,undefined,0.0,0.268626213074
at160601,linearsvc_C100.0,6292,0.02368654851,0.166666666667,0.0,0.0,0.0,undefined,0.0,0.255892038345
at160601,linearsvc_C100.0,5978,0.0225044798145,0.166666666667,0.0,0.0,0.0,undefined,0.0,0.241111040115
at160601,linearsvc_C100.0,5680,0.0213826439187,0.166666666667,0.0,0.0,0.0,undefined,0.0,0.1943359375
at160601,linearsvc_C100.0,5396,0.0203135117228,0.166666666667,0.0,0.0,0.0,undefined,0.0,0.213279008865
at160601,linearsvc_C100.0,5127,0.0193008477767,0.166666666667,0.0,0.0,0.0,undefined,0.0,0.179080963135
at160601,linearsvc_C100.0,4871,0.0183371229803,0.166666666667,0.0,0.0,0.0,undefined,0.0,0.206684112549
at160601,linearsvc_C100.0,4628,0.0174223373338,0.166666666667,0.0,0.0,0.0,undefined,0.0,0.15654706955
at160601,linearsvc_C100.0,4397,0.0165527262871,0.166666666667,0.0,0.0,0.0,undefined,0.0,0.154860973358
at160601,linearsvc_C100.0,4178,0.0157282898402,0.166666666667,0.0,0.0,0.0,undefined,0.0,0.174369096756
at160601,linearsvc_C100.0,3970,0.0149452634432,0.222222222222,0.0,0.0,0.0,undefined,0.0,0.149543046951
at160601,linearsvc_C100.0,3772,0.014199882546,0.222222222222,0.0,0.0,0.0,undefined,0.0,0.13658618927
at160601,linearsvc_C100.0,3584,0.0134921471487,0.222222222222,0.0,0.0,0.0,undefined,0.0,0.178204059601
at160601,linearsvc_C100.0,3405,0.0128182927013,0.166666666667,0.0,0.0,0.0,undefined,0.0,0.161900043488
at160601,linearsvc_C100.0,3235,0.0121783192037,0.166666666667,0.0,0.0,0.0,undefined,0.0,0.1570520401
at160601,linearsvc_C100.0,3074,0.011572226656,0.166666666667,0.0,0.0,0.0,undefined,0.0,0.144670963287
at160601,linearsvc_C100.0,2921,0.0109962505082,0.166666666667,0.0,0.0,0.0,undefined,0.0,0.13034081459
at160601,linearsvc_C100.0,2775,0.0104466262103,0.166666666667,0.0,0.0,0.0,undefined,0.0,0.141206026077
at160601,linearsvc_C100.0,2637,0.00992711831228,0.166666666667,0.0,0.0,0.0,undefined,0.0,0.125957012177
at160601,linearsvc_C100.0,2506,0.00943396226415,0.166666666667,0.0,0.0,0.0,undefined,0.0,0.121619939804
at160601,linearsvc_C100.0,2381,0.00896339351594,0.166666666667,0.0,0.0,0.0,undefined,0.0,0.10992193222
at160601,linearsvc_C100.0,2262,0.00851541206764,0.111111111111,0.0,0.0,0.0,undefined,0.0,0.11908197403
at160601,linearsvc_C100.0,2149,0.00809001791926,0.111111111111,0.0,0.0,0.0,undefined,0.0,0.127300024033
at160601,linearsvc_C100.0,2042,0.00768721107079,0.111111111111,0.0,0.0,0.0,undefined,0.0,0.103316068649
at160601,linearsvc_C100.0,1940,0.00730322697225,0.111111111111,0.0,0.0,0.0,undefined,0.0,0.135339975357
at160601,linearsvc_C100.0,1843,0.00693806562364,0.111111111111,0.0,0.0,0.0,undefined,0.0,0.116813182831
at160601,linearsvc_C100.0,1751,0.00659172702495,0.111111111111,0.0,0.0,0.0,undefined,0.0,0.113767147064
at160601,linearsvc_C100.0,1664,0.0062642111762,0.111111111111,0.0,0.0,0.0,undefined,0.0,0.127372026443
at160601,linearsvc_C100.0,1581,0.00595175352738,0.111111111111,0.0,0.0,0.0,undefined,0.0,0.109910964966
at160601,linearsvc_C100.0,1502,0.00565435407851,0.111111111111,0.0,0.0,0.0,undefined,0.0,0.104938030243
at160601,linearsvc_C100.0,1427,0.00537201282959,0.111111111111,0.0,0.0,0.0,undefined,0.0,0.104623794556
at160601,linearsvc_C100.0,1356,0.0051047297806,0.111111111111,0.0,0.0,0.0,undefined,0.0,0.105744838715
at160601,linearsvc_C1000.0,265636,1.0,0.666666666667,0.0,0.0,0.0,undefined,0.0,20.0454940796
at160601,linearsvc_C1000.0,252355,0.95000301164,0.666666666667,0.0,0.0,0.0,undefined,0.0,23.1489570141
at160601,linearsvc_C1000.0,239738,0.90250568447,0.666666666667,0.0,0.0,0.0,undefined,0.0,17.7092888355
at160601,linearsvc_C1000.0,227752,0.857383788342,0.666666666667,0.0,0.0,0.0,undefined,0.0,20.0398480892
at160601,linearsvc_C1000.0,216365,0.814516857655,0.666666666667,0.0,0.0,0.0,undefined,0.0,15.4971530437
at160601,linearsvc_C1000.0,205547,0.77379195591,0.666666666667,0.0,0.0,0.0,undefined,0.0,14.6510009766
at160601,linearsvc_C1000.0,195270,0.735103675707,0.666666666667,0.0,0.0,0.0,undefined,0.0,16.4240472317
at160601,linearsvc_C1000.0,185507,0.698350374196,0.666666666667,0.0,0.0,0.0,undefined,0.0,15.0044670105
at160601,linearsvc_C1000.0,176232,0.663434173079,0.666666666667,0.0,0.0,0.0,undefined,0.0,12.5034019947
at160601,linearsvc_C1000.0,167421,0.630264723155,0.666666666667,0.0,0.0,0.0,undefined,0.0,11.2857627869
at160601,linearsvc_C1000.0,159050,0.598751675225,0.666666666667,0.0,0.0,0.0,undefined,0.0,10.7859959602
at160601,linearsvc_C1000.0,151098,0.568815973738,0.666666666667,0.0,0.0,0.0,undefined,0.0,10.3841779232
at160601,linearsvc_C1000.0,143544,0.540378563147,0.666666666667,0.0,0.0,0.0,undefined,0.0,9.52886509895
at160601,linearsvc_C1000.0,136367,0.513360387899,0.666666666667,0.0,0.0,0.0,undefined,0.0,8.78877997398
at160601,linearsvc_C1000.0,129549,0.487693686097,0.666666666667,0.0,0.0,0.0,undefined,0.0,8.4332587719
at160601,linearsvc_C1000.0,123072,0.463310695839,0.666666666667,0.0,0.0,0.0,undefined,0.0,7.8292028904
at160601,linearsvc_C1000.0,116919,0.440147419777,0.666666666667,0.0,0.0,0.0,undefined,0.0,7.36708307266
at160601,linearsvc_C1000.0,111074,0.418143625111,0.666666666667,0.0,0.0,0.0,undefined,0.0,6.96992397308
at160601,linearsvc_C1000.0,105521,0.39723907904,0.666666666667,0.0,0.0,0.0,undefined,0.0,6.54803299904
at160601,linearsvc_C1000.0,100245,0.377377313316,0.666666666667,0.0,0.0,0.0,undefined,0.0,6.15124082565
at160601,linearsvc_C1000.0,95233,0.358509388788,0.666666666667,0.0,0.0,0.0,undefined,0.0,5.86304211617
at160601,linearsvc_C1000.0,90472,0.340586366306,0.666666666667,0.0,0.0,0.0,undefined,0.0,5.63502717018
at160601,linearsvc_C1000.0,85949,0.32355930672,0.666666666667,0.0,0.0,0.0,undefined,0.0,5.17990612984
at160601,linearsvc_C1000.0,81652,0.307383035432,0.666666666667,0.0,0.0,0.0,undefined,0.0,4.80361795425
at160601,linearsvc_C1000.0,77570,0.29201614239,0.666666666667,0.0,0.0,0.0,undefined,0.0,4.64002490044
at160601,linearsvc_C1000.0,73692,0.277417217546,0.611111111111,0.0,0.0,0.0,undefined,0.0,4.25030183792
at160601,linearsvc_C1000.0,70008,0.263548615399,0.555555555556,0.0,0.0,0.0,undefined,0.0,4.06099581718
at160601,linearsvc_C1000.0,66508,0.250372690449,0.555555555556,0.0,0.0,0.0,undefined,0.0,3.94179916382
at160601,linearsvc_C1000.0,63183,0.237855561746,0.555555555556,0.0,0.0,0.0,undefined,0.0,3.54170799255
at160601,linearsvc_C1000.0,60024,0.225963348341,0.555555555556,0.0,0.0,0.0,undefined,0.0,3.31427598
at160601,linearsvc_C1000.0,57023,0.214665933834,0.555555555556,0.0,0.0,0.0,undefined,0.0,3.17905497551
at160601,linearsvc_C1000.0,54172,0.203933201825,0.555555555556,0.0,0.0,0.0,undefined,0.0,2.9814248085
at160601,linearsvc_C1000.0,51464,0.193738800464,0.555555555556,0.0,0.0,0.0,undefined,0.0,2.85345005989
at160601,linearsvc_C1000.0,48891,0.184052613351,0.555555555556,0.0,0.0,0.0,undefined,0.0,2.66366791725
at160601,linearsvc_C1000.0,46447,0.174852053186,0.5,0.0,0.0,0.0,undefined,0.0,2.53852081299
at160601,linearsvc_C1000.0,44125,0.166110768119,0.5,0.0,0.0,0.0,undefined,0.0,2.328373909
at160601,linearsvc_C1000.0,41919,0.15780617085,0.5,0.0,0.0,0.0,undefined,0.0,2.2593870163
at160601,linearsvc_C1000.0,39824,0.14991943863,0.5,0.0,0.0,0.0,undefined,0.0,2.06897592545
at160601,linearsvc_C1000.0,37833,0.142424219609,0.5,0.0,0.0,0.0,undefined,0.0,2.01248002052
at160601,linearsvc_C1000.0,35942,0.135305455586,0.5,0.0,0.0,0.0,undefined,0.0,1.95701003075
at160601,linearsvc_C1000.0,34145,0.128540559262,0.444444444444,0.0,0.0,0.0,undefined,0.0,1.74446105957
at160601,linearsvc_C1000.0,32438,0.122114472436,0.444444444444,0.0,0.0,0.0,undefined,0.0,1.75544500351
at160601,linearsvc_C1000.0,30817,0.116012136909,0.444444444444,0.0,0.0,0.0,undefined,0.0,1.64092898369
at160601,linearsvc_C1000.0,29277,0.110214729931,0.388888888889,0.0,0.0,0.0,undefined,0.0,1.4632370472
at160601,linearsvc_C1000.0,27814,0.104707193302,0.388888888889,0.0,0.0,0.0,undefined,0.0,1.42861008644
at160601,linearsvc_C1000.0,26424,0.099474468822,0.388888888889,0.0,0.0,0.0,undefined,0.0,1.32866311073
at160601,linearsvc_C1000.0,25103,0.0945014982909,0.388888888889,0.0,0.0,0.0,undefined,0.0,1.32058501244
at160601,linearsvc_C1000.0,23848,0.0897769880588,0.388888888889,0.0,0.0,0.0,undefined,0.0,1.20311188698
at160601,linearsvc_C1000.0,22656,0.0852896444759,0.333333333333,0.0,0.0,0.0,undefined,0.0,1.09383201599
at160601,linearsvc_C1000.0,21524,0.0810281738921,0.333333333333,0.0,0.0,0.0,undefined,0.0,1.08302688599
at160601,linearsvc_C1000.0,20448,0.0769775181075,0.333333333333,0.0,0.0,0.0,undefined,0.0,1.0179169178
at160601,linearsvc_C1000.0,19426,0.0731301480221,0.333333333333,0.0,0.0,0.0,undefined,0.0,0.937086105347
at160601,linearsvc_C1000.0,18455,0.069474769986,0.333333333333,0.0,0.0,0.0,undefined,0.0,0.927618026733
at160601,linearsvc_C1000.0,17533,0.0660038548992,0.333333333333,0.0,0.0,0.0,undefined,0.0,0.855700969696
at160601,linearsvc_C1000.0,16657,0.0627061091117,0.333333333333,0.0,0.0,0.0,undefined,0.0,0.769824028015
at160601,linearsvc_C1000.0,15825,0.0595740035236,0.333333333333,0.0,0.0,0.0,undefined,0.0,0.725756883621
at160601,linearsvc_C1000.0,15034,0.0565962444849,0.333333333333,0.0,0.0,0.0,undefined,0.0,0.680202960968
at160601,linearsvc_C1000.0,14283,0.0537690674457,0.333333333333,0.0,0.0,0.0,undefined,0.0,0.667799949646
at160601,linearsvc_C1000.0,13569,0.0510811787559,0.333333333333,0.0,0.0,0.0,undefined,0.0,0.58612704277
at160601,linearsvc_C1000.0,12891,0.0485288138656,0.333333333333,0.0,0.0,0.0,undefined,0.0,0.572724103928
at160601,linearsvc_C1000.0,12247,0.0461044436748,0.333333333333,0.0,0.0,0.0,undefined,0.0,0.557486057281
at160601,linearsvc_C1000.0,11635,0.0438005390836,0.277777777778,0.0,0.0,0.0,undefined,0.0,0.523199081421
at160601,linearsvc_C1000.0,11054,0.0416133355419,0.277777777778,0.0,0.0,0.0,undefined,0.0,0.476660013199
at160601,linearsvc_C1000.0,10502,0.0395353039498,0.277777777778,0.0,0.0,0.0,undefined,0.0,0.436345815659
at160601,linearsvc_C1000.0,9977,0.0375589152073,0.333333333333,0.0,0.0,0.0,undefined,0.0,0.412451028824
at160601,linearsvc_C1000.0,9479,0.0356841693144,0.333333333333,0.0,0.0,0.0,undefined,0.0,0.406481981277
at160601,linearsvc_C1000.0,9006,0.0339035371712,0.333333333333,0.0,0.0,0.0,undefined,0.0,0.348651885986
at160601,linearsvc_C1000.0,8556,0.0322094896776,0.277777777778,0.0,0.0,0.0,undefined,0.0,0.333157062531
at160601,linearsvc_C1000.0,8129,0.0306020268337,0.277777777778,0.0,0.0,0.0,undefined,0.0,0.315416097641
at160601,linearsvc_C1000.0,7723,0.0290736195395,0.277777777778,0.0,0.0,0.0,undefined,0.0,0.30301618576
at160601,linearsvc_C1000.0,7337,0.027620503245,0.277777777778,0.0,0.0,0.0,undefined,0.0,0.294637918472
at160601,linearsvc_C1000.0,6971,0.0262426779503,0.333333333333,0.0,0.0,0.0,undefined,0.0,0.291543006897
at160601,linearsvc_C1000.0,6623,0.0249326145553,0.277777777778,0.0,0.0,0.0,undefined,0.0,0.257692098618
at160601,linearsvc_C1000.0,6292,0.02368654851,0.277777777778,0.0,0.0,0.0,undefined,0.0,0.237801074982
at160601,linearsvc_C1000.0,5978,0.0225044798145,0.333333333333,0.0,0.0,0.0,undefined,0.0,0.219541072845
at160601,linearsvc_C1000.0,5680,0.0213826439187,0.333333333333,0.0,0.0,0.0,undefined,0.0,0.208472013474
at160601,linearsvc_C1000.0,5396,0.0203135117228,0.277777777778,0.0,0.0,0.0,undefined,0.0,0.200849056244
at160601,linearsvc_C1000.0,5127,0.0193008477767,0.277777777778,0.0,0.0,0.0,undefined,0.0,0.228334903717
at160601,linearsvc_C1000.0,4871,0.0183371229803,0.277777777778,0.0,0.0,0.0,undefined,0.0,0.180942058563
at160601,linearsvc_C1000.0,4628,0.0174223373338,0.277777777778,0.0,0.0,0.0,undefined,0.0,0.167944192886
at160601,linearsvc_C1000.0,4397,0.0165527262871,0.277777777778,0.0,0.0,0.0,undefined,0.0,0.16449713707
at160601,linearsvc_C1000.0,4178,0.0157282898402,0.222222222222,0.0,0.0,0.0,undefined,0.0,0.153655052185
at160601,linearsvc_C1000.0,3970,0.0149452634432,0.222222222222,0.0,0.0,0.0,undefined,0.0,0.155132055283
at160601,linearsvc_C1000.0,3772,0.014199882546,0.222222222222,0.0,0.0,0.0,undefined,0.0,0.183641195297
at160601,linearsvc_C1000.0,3584,0.0134921471487,0.222222222222,0.0,0.0,0.0,undefined,0.0,0.155426979065
at160601,linearsvc_C1000.0,3405,0.0128182927013,0.222222222222,0.0,0.0,0.0,undefined,0.0,0.150513887405
at160601,linearsvc_C1000.0,3235,0.0121783192037,0.277777777778,0.0,0.0,0.0,undefined,0.0,0.127459049225
at160601,linearsvc_C1000.0,3074,0.011572226656,0.277777777778,0.0,0.0,0.0,undefined,0.0,0.150052070618
at160601,linearsvc_C1000.0,2921,0.0109962505082,0.277777777778,0.0,0.0,0.0,undefined,0.0,0.115578889847
at160601,linearsvc_C1000.0,2775,0.0104466262103,0.277777777778,0.0,0.0,0.0,undefined,0.0,0.12947010994
at160601,linearsvc_C1000.0,2637,0.00992711831228,0.277777777778,0.0,0.0,0.0,undefined,0.0,0.114634990692
at160601,linearsvc_C1000.0,2506,0.00943396226415,0.277777777778,0.0,0.0,0.0,undefined,0.0,0.117568969727
at160601,linearsvc_C1000.0,2381,0.00896339351594,0.277777777778,0.0,0.0,0.0,undefined,0.0,0.109548091888
at160601,linearsvc_C1000.0,2262,0.00851541206764,0.277777777778,0.0,0.0,0.0,undefined,0.0,0.113672971725
at160601,linearsvc_C1000.0,2149,0.00809001791926,0.277777777778,0.0,0.0,0.0,undefined,0.0,0.0946462154388
at160601,linearsvc_C1000.0,2042,0.00768721107079,0.277777777778,0.0,0.0,0.0,undefined,0.0,0.127043962479
at160601,linearsvc_C1000.0,1940,0.00730322697225,0.277777777778,0.0,0.0,0.0,undefined,0.0,0.131579875946
at160601,linearsvc_C1000.0,1843,0.00693806562364,0.277777777778,0.0,0.0,0.0,undefined,0.0,0.126841783524
at160601,linearsvc_C1000.0,1751,0.00659172702495,0.277777777778,0.0,0.0,0.0,undefined,0.0,0.12161898613
at160601,linearsvc_C1000.0,1664,0.0062642111762,0.277777777778,0.0,0.0,0.0,undefined,0.0,0.117663860321
at160601,linearsvc_C1000.0,1581,0.00595175352738,0.222222222222,0.0,0.0,0.0,undefined,0.0,0.104799032211
at160601,linearsvc_C1000.0,1502,0.00565435407851,0.222222222222,0.0,0.0,0.0,undefined,0.0,0.115530014038
at160601,linearsvc_C1000.0,1427,0.00537201282959,0.222222222222,0.0,0.0,0.0,undefined,0.0,0.107352018356
at160601,linearsvc_C1000.0,1356,0.0051047297806,0.222222222222,0.0,0.0,0.0,undefined,0.0,0.101765871048
at160601,elasticnetiter1000_l1ratio0.15,265636,1.0,0.611111111111,0.0,0.0,0.0,undefined,0.0,1013.24124408
at160601,elasticnetiter1000_l1ratio0.15,252355,0.95000301164,0.611111111111,0.0,0.0,0.0,undefined,0.0,968.982969046
at160601,elasticnetiter1000_l1ratio0.15,239738,0.90250568447,0.444444444444,0.0,0.0,0.0,undefined,0.0,923.462679148
at160601,elasticnetiter1000_l1ratio0.15,227752,0.857383788342,0.777777777778,0.0,0.0,0.0,undefined,0.0,891.376581907
at160601,elasticnetiter1000_l1ratio0.15,216365,0.814516857655,0.5,0.0,0.0,0.0,undefined,0.0,850.42812109
at160601,elasticnetiter1000_l1ratio0.15,205547,0.77379195591,0.444444444444,0.0,0.0,0.0,undefined,0.0,814.395780087
at160601,elasticnetiter1000_l1ratio0.15,195270,0.735103675707,0.555555555556,0.0,0.0,0.0,undefined,0.0,789.160660982
at160601,elasticnetiter1000_l1ratio0.15,185507,0.698350374196,0.5,0.0,0.0,0.0,undefined,0.0,743.511757851
at160601,elasticnetiter1000_l1ratio0.15,176232,0.663434173079,0.444444444444,0.0,0.0,0.0,undefined,0.0,716.112775087
at160601,elasticnetiter1000_l1ratio0.15,167421,0.630264723155,0.444444444444,0.0,0.0,0.0,undefined,0.0,680.234848976
at160601,elasticnetiter1000_l1ratio0.15,159050,0.598751675225,0.5,0.0,0.0,0.0,undefined,0.0,654.919723988
at160601,elasticnetiter1000_l1ratio0.15,151098,0.568815973738,0.444444444444,0.0,0.0,0.0,undefined,0.0,614.592765093
at160601,elasticnetiter1000_l1ratio0.15,143544,0.540378563147,0.444444444444,0.0,0.0,0.0,undefined,0.0,600.29688406
at160601,elasticnetiter1000_l1ratio0.15,136367,0.513360387899,0.388888888889,0.0,0.0,0.0,undefined,0.0,568.629468203
at160601,elasticnetiter1000_l1ratio0.15,129549,0.487693686097,0.611111111111,0.0,0.0,0.0,undefined,0.0,544.133990049
at160601,elasticnetiter1000_l1ratio0.15,123072,0.463310695839,0.5,0.0,0.0,0.0,undefined,0.0,520.05883193
at160601,elasticnetiter1000_l1ratio0.15,116919,0.440147419777,0.555555555556,0.0,0.0,0.0,undefined,0.0,496.920554161
at160601,elasticnetiter1000_l1ratio0.15,111074,0.418143625111,0.444444444444,0.0,0.0,0.0,undefined,0.0,468.188791037
at160601,elasticnetiter1000_l1ratio0.15,105521,0.39723907904,0.222222222222,0.0,0.0,0.0,undefined,0.0,447.099195004
at160601,elasticnetiter1000_l1ratio0.15,100245,0.377377313316,0.166666666667,0.0,0.0,0.0,undefined,0.0,435.086802006
at160601,elasticnetiter1000_l1ratio0.15,95233,0.358509388788,0.166666666667,0.0,0.0,0.0,undefined,0.0,406.860531807
at160601,elasticnetiter1000_l1ratio0.15,90472,0.340586366306,0.277777777778,0.0,0.0,0.0,undefined,0.0,404.961462975
at160601,elasticnetiter1000_l1ratio0.15,85949,0.32355930672,0.111111111111,0.0,0.0,0.0,undefined,0.0,386.203090906
at160601,elasticnetiter1000_l1ratio0.15,81652,0.307383035432,0.277777777778,0.0,0.0,0.0,undefined,0.0,365.906693935
at160601,elasticnetiter1000_l1ratio0.15,77570,0.29201614239,0.111111111111,0.0,0.0,0.0,undefined,0.0,360.454053164
at160601,elasticnetiter1000_l1ratio0.15,73692,0.277417217546,0.166666666667,0.0,0.0,0.0,undefined,0.0,331.497090101
at160601,elasticnetiter1000_l1ratio0.15,70008,0.263548615399,0.111111111111,0.0,0.0,0.0,undefined,0.0,313.105556011
at160601,elasticnetiter1000_l1ratio0.15,66508,0.250372690449,0.222222222222,0.0,0.0,0.0,undefined,0.0,302.995251179
at160601,elasticnetiter1000_l1ratio0.15,63183,0.237855561746,0.222222222222,0.0,0.0,0.0,undefined,0.0,293.627194881
at160601,elasticnetiter1000_l1ratio0.15,60024,0.225963348341,0.0,0.0,0.0,0.0,undefined,0.0,281.052120924
at160601,elasticnetiter1000_l1ratio0.15,57023,0.214665933834,0.0,0.0,0.0,0.0,undefined,0.0,285.835000038
at160601,elasticnetiter1000_l1ratio0.15,54172,0.203933201825,0.0,0.0,0.0,0.0,undefined,0.0,261.694199085
at160601,elasticnetiter1000_l1ratio0.15,51464,0.193738800464,0.166666666667,0.0,0.0,0.0,undefined,0.0,247.762154102
at160601,elasticnetiter1000_l1ratio0.15,48891,0.184052613351,0.0555555555556,0.0,0.0,0.0,undefined,0.0,219.429194927
at160601,elasticnetiter1000_l1ratio0.15,46447,0.174852053186,0.0555555555556,0.0,0.0,0.0,undefined,0.0,235.26413393
at160601,elasticnetiter1000_l1ratio0.15,44125,0.166110768119,0.0555555555556,0.0,0.0,0.0,undefined,0.0,210.262202978
at160601,elasticnetiter1000_l1ratio0.15,41919,0.15780617085,0.0,0.0,0.0,0.0,undefined,0.0,195.882631063
at160601,elasticnetiter1000_l1ratio0.15,39824,0.14991943863,0.0,0.0,0.0,0.0,undefined,0.0,200.26986289
at160601,elasticnetiter1000_l1ratio0.15,37833,0.142424219609,0.0,0.0,0.0,0.0,undefined,0.0,196.022506952
at160601,elasticnetiter1000_l1ratio0.15,35942,0.135305455586,0.0555555555556,0.0,0.0,0.0,undefined,0.0,176.843923092
at160601,elasticnetiter1000_l1ratio0.15,34145,0.128540559262,0.0,0.0,0.0,0.0,undefined,0.0,171.862441063
at160601,elasticnetiter1000_l1ratio0.15,32438,0.122114472436,0.166666666667,0.0,0.0,0.0,undefined,0.0,163.044459105
at160601,elasticnetiter1000_l1ratio0.15,30817,0.116012136909,0.0555555555556,0.0,0.0,0.0,undefined,0.0,159.066443205
at160601,elasticnetiter1000_l1ratio0.15,29277,0.110214729931,0.0,0.0,0.0,0.0,undefined,0.0,144.542155027
at160601,elasticnetiter1000_l1ratio0.15,27814,0.104707193302,0.0,0.0,0.0,0.0,undefined,0.0,138.568763971
at160601,elasticnetiter1000_l1ratio0.15,26424,0.099474468822,0.0,0.0,0.0,0.0,undefined,0.0,132.5500741
at160601,elasticnetiter1000_l1ratio0.15,25103,0.0945014982909,0.0,0.0,0.0,0.0,undefined,0.0,121.046378851
at160601,elasticnetiter1000_l1ratio0.15,23848,0.0897769880588,0.0,0.0,0.0,0.0,undefined,0.0,122.958553076
at160601,elasticnetiter1000_l1ratio0.15,22656,0.0852896444759,0.0,0.0,0.0,0.0,undefined,0.0,116.495321035
at160601,elasticnetiter1000_l1ratio0.15,21524,0.0810281738921,0.0555555555556,0.0,0.0,0.0,undefined,0.0,110.878590822
at160601,elasticnetiter1000_l1ratio0.15,20448,0.0769775181075,0.0,0.0,0.0,0.0,undefined,0.0,105.65673089
at160601,elasticnetiter1000_l1ratio0.15,19426,0.0731301480221,0.0,0.0,0.0,0.0,undefined,0.0,101.210843086
at160601,elasticnetiter1000_l1ratio0.15,18455,0.069474769986,0.0,0.0,0.0,0.0,undefined,0.0,95.5949640274
at160601,elasticnetiter1000_l1ratio0.15,17533,0.0660038548992,0.0,0.0,0.0,0.0,undefined,0.0,87.2271108627
at160601,elasticnetiter1000_l1ratio0.15,16657,0.0627061091117,0.0,0.0,0.0,0.0,undefined,0.0,85.1878859997
at160601,elasticnetiter1000_l1ratio0.15,15825,0.0595740035236,0.0,0.0,0.0,0.0,undefined,0.0,81.1961169243
at160601,elasticnetiter1000_l1ratio0.15,15034,0.0565962444849,0.0,0.0,0.0,0.0,undefined,0.0,75.9563429356
at160601,elasticnetiter1000_l1ratio0.15,14283,0.0537690674457,0.0,0.0,0.0,0.0,undefined,0.0,74.0380129814
at160601,elasticnetiter1000_l1ratio0.15,13569,0.0510811787559,0.0,0.0,0.0,0.0,undefined,0.0,68.6600379944
at160601,elasticnetiter1000_l1ratio0.15,12891,0.0485288138656,0.0,0.0,0.0,0.0,undefined,0.0,64.5192940235
at160601,elasticnetiter1000_l1ratio0.15,12247,0.0461044436748,0.0,0.0,0.0,0.0,undefined,0.0,61.9948670864
at160601,elasticnetiter1000_l1ratio0.15,11635,0.0438005390836,0.0,0.0,0.0,0.0,undefined,0.0,58.1267719269
at160601,elasticnetiter1000_l1ratio0.15,11054,0.0416133355419,0.0,0.0,0.0,0.0,undefined,0.0,54.9375607967
at160601,elasticnetiter1000_l1ratio0.15,10502,0.0395353039498,0.0,0.0,0.0,0.0,undefined,0.0,52.188794136
at160601,elasticnetiter1000_l1ratio0.15,9977,0.0375589152073,0.0,0.0,0.0,0.0,undefined,0.0,50.369866848
at160601,elasticnetiter1000_l1ratio0.15,9479,0.0356841693144,0.0,0.0,0.0,0.0,undefined,0.0,47.3359129429
at160601,elasticnetiter1000_l1ratio0.15,9006,0.0339035371712,0.0,0.0,0.0,0.0,undefined,0.0,44.3391668797
at160601,elasticnetiter1000_l1ratio0.15,8556,0.0322094896776,0.0,0.0,0.0,0.0,undefined,0.0,44.0349941254
at160601,elasticnetiter1000_l1ratio0.15,8129,0.0306020268337,0.0,0.0,0.0,0.0,undefined,0.0,41.8803150654
at160601,elasticnetiter1000_l1ratio0.15,7723,0.0290736195395,0.0,0.0,0.0,0.0,undefined,0.0,37.0699009895
at160601,elasticnetiter1000_l1ratio0.15,7337,0.027620503245,0.0,0.0,0.0,0.0,undefined,0.0,36.0198521614
at160601,elasticnetiter1000_l1ratio0.15,6971,0.0262426779503,0.0,0.0,0.0,0.0,undefined,0.0,33.7257609367
at160601,elasticnetiter1000_l1ratio0.15,6623,0.0249326145553,0.0,0.0,0.0,0.0,undefined,0.0,33.3246779442
at160601,elasticnetiter1000_l1ratio0.15,6292,0.02368654851,0.0,0.0,0.0,0.0,undefined,0.0,31.8302228451
at160601,elasticnetiter1000_l1ratio0.15,5978,0.0225044798145,0.0,0.0,0.0,0.0,undefined,0.0,28.4011859894
at160601,elasticnetiter1000_l1ratio0.15,5680,0.0213826439187,0.0,0.0,0.0,0.0,undefined,0.0,28.0891869068
at160601,elasticnetiter1000_l1ratio0.15,5396,0.0203135117228,0.0,0.0,0.0,0.0,undefined,0.0,25.114716053
at160601,elasticnetiter1000_l1ratio0.15,5127,0.0193008477767,0.0,0.0,0.0,0.0,undefined,0.0,24.2565629482
at160601,elasticnetiter1000_l1ratio0.15,4871,0.0183371229803,0.0,0.0,0.0,0.0,undefined,0.0,22.5146110058
at160601,elasticnetiter1000_l1ratio0.15,4628,0.0174223373338,0.0,0.0,0.0,0.0,undefined,0.0,21.4173278809
at160601,elasticnetiter1000_l1ratio0.15,4397,0.0165527262871,0.0,0.0,0.0,0.0,undefined,0.0,20.677975893
at160601,elasticnetiter1000_l1ratio0.15,4178,0.0157282898402,0.0,0.0,0.0,0.0,undefined,0.0,19.4450109005
at160601,elasticnetiter1000_l1ratio0.15,3970,0.0149452634432,0.0,0.0,0.0,0.0,undefined,0.0,19.4874260426
at160601,elasticnetiter1000_l1ratio0.15,3772,0.014199882546,0.0,0.0,0.0,0.0,undefined,0.0,17.4060389996
at160601,elasticnetiter1000_l1ratio0.15,3584,0.0134921471487,0.0,0.0,0.0,0.0,undefined,0.0,16.4927740097
at160601,elasticnetiter1000_l1ratio0.15,3405,0.0128182927013,0.0,0.0,0.0,0.0,undefined,0.0,15.5200698376
at160601,elasticnetiter1000_l1ratio0.15,3235,0.0121783192037,0.0,0.0,0.0,0.0,undefined,0.0,14.487197876
at160601,elasticnetiter1000_l1ratio0.15,3074,0.011572226656,0.0,0.0,0.0,0.0,undefined,0.0,14.0000581741
at160601,elasticnetiter1000_l1ratio0.15,2921,0.0109962505082,0.0,0.0,0.0,0.0,undefined,0.0,12.9344661236
at160601,elasticnetiter1000_l1ratio0.15,2775,0.0104466262103,0.0,0.0,0.0,0.0,undefined,0.0,12.2627680302
at160601,elasticnetiter1000_l1ratio0.15,2637,0.00992711831228,0.0,0.0,0.0,0.0,undefined,0.0,11.6869368553
at160601,elasticnetiter1000_l1ratio0.15,2506,0.00943396226415,0.0,0.0,0.0,0.0,undefined,0.0,11.2432808876
at160601,elasticnetiter1000_l1ratio0.15,2381,0.00896339351594,0.0,0.0,0.0,0.0,undefined,0.0,10.467446804
at160601,elasticnetiter1000_l1ratio0.15,2262,0.00851541206764,0.0,0.0,0.0,0.0,undefined,0.0,9.40668392181
at160601,elasticnetiter1000_l1ratio0.15,2149,0.00809001791926,0.0,0.0,0.0,0.0,undefined,0.0,9.39692091942
at160601,elasticnetiter1000_l1ratio0.15,2042,0.00768721107079,0.0,0.0,0.0,0.0,undefined,0.0,9.0642747879
at160601,elasticnetiter1000_l1ratio0.15,1940,0.00730322697225,0.0,0.0,0.0,0.0,undefined,0.0,8.29872894287
at160601,elasticnetiter1000_l1ratio0.15,1843,0.00693806562364,0.0,0.0,0.0,0.0,undefined,0.0,7.81673502922
at160601,elasticnetiter1000_l1ratio0.15,1751,0.00659172702495,0.0,0.0,0.0,0.0,undefined,0.0,7.26584100723
at160601,elasticnetiter1000_l1ratio0.15,1664,0.0062642111762,0.0,0.0,0.0,0.0,undefined,0.0,6.61406993866
at160601,elasticnetiter1000_l1ratio0.15,1581,0.00595175352738,0.0,0.0,0.0,0.0,undefined,0.0,6.48073482513
at160601,elasticnetiter1000_l1ratio0.15,1502,0.00565435407851,0.0,0.0,0.0,0.0,undefined,0.0,6.25568008423
at160601,elasticnetiter1000_l1ratio0.15,1427,0.00537201282959,0.0,0.0,0.0,0.0,undefined,0.0,6.0249941349
at160601,elasticnetiter1000_l1ratio0.15,1356,0.0051047297806,0.0,0.0,0.0,0.0,undefined,0.0,5.57665801048
