cm160510,linearsvc_C0.0001,265636,1.0,0.666666666667,0.0,0.0,0.0,undefined,0.0,85.5488610268
cm160510,linearsvc_C0.0001,252355,0.95000301164,0.666666666667,0.0,0.0,0.0,undefined,0.0,83.4999949932
cm160510,linearsvc_C0.0001,239738,0.90250568447,0.666666666667,0.0,0.0,0.0,undefined,0.0,78.6327080727
cm160510,linearsvc_C0.0001,227752,0.857383788342,0.666666666667,0.0,0.0,0.0,undefined,0.0,51.3651878834
cm160510,linearsvc_C0.0001,216365,0.814516857655,0.666666666667,0.0,0.0,0.0,undefined,0.0,63.5979440212
cm160510,linearsvc_C0.0001,205547,0.77379195591,0.666666666667,0.0,0.0,0.0,undefined,0.0,54.3423759937
cm160510,linearsvc_C0.0001,195270,0.735103675707,0.666666666667,0.0,0.0,0.0,undefined,0.0,42.8099389076
cm160510,linearsvc_C0.0001,185507,0.698350374196,0.666666666667,0.0,0.0,0.0,undefined,0.0,48.670238018
cm160510,linearsvc_C0.0001,176232,0.663434173079,0.666666666667,0.0,0.0,0.0,undefined,0.0,40.6774511337
cm160510,linearsvc_C0.0001,167421,0.630264723155,0.666666666667,0.0,0.0,0.0,undefined,0.0,37.7984941006
cm160510,linearsvc_C0.0001,159050,0.598751675225,0.666666666667,0.0,0.0,0.0,undefined,0.0,40.7552480698
cm160510,linearsvc_C0.0001,151098,0.568815973738,0.666666666667,0.0,0.0,0.0,undefined,0.0,30.0398960114
cm160510,linearsvc_C0.0001,143544,0.540378563147,0.666666666667,0.0,0.0,0.0,undefined,0.0,28.2856791019
cm160510,linearsvc_C0.0001,136367,0.513360387899,0.611111111111,0.0,0.0,0.0,undefined,0.0,28.8229589462
cm160510,linearsvc_C0.0001,129549,0.487693686097,0.611111111111,0.0,0.0,0.0,undefined,0.0,23.2237479687
cm160510,linearsvc_C0.0001,123072,0.463310695839,0.666666666667,0.0,0.0,0.0,undefined,0.0,23.0398869514
cm160510,linearsvc_C0.0001,116919,0.440147419777,0.666666666667,0.0,0.0,0.0,undefined,0.0,20.9383170605
cm160510,linearsvc_C0.0001,111074,0.418143625111,0.611111111111,0.0,0.0,0.0,undefined,0.0,20.6550140381
cm160510,linearsvc_C0.0001,105521,0.39723907904,0.611111111111,0.0,0.0,0.0,undefined,0.0,13.7829949856
cm160510,linearsvc_C0.0001,100245,0.377377313316,0.611111111111,0.0,0.0,0.0,undefined,0.0,16.7840969563
cm160510,linearsvc_C0.0001,95233,0.358509388788,0.611111111111,0.0,0.0,0.0,undefined,0.0,14.266466856
cm160510,linearsvc_C0.0001,90472,0.340586366306,0.555555555556,0.0,0.0,0.0,undefined,0.0,14.7311329842
cm160510,linearsvc_C0.0001,85949,0.32355930672,0.611111111111,0.0,0.0,0.0,undefined,0.0,12.8251321316
cm160510,linearsvc_C0.0001,81652,0.307383035432,0.555555555556,0.0,0.0,0.0,undefined,0.0,10.6712231636
cm160510,linearsvc_C0.0001,77570,0.29201614239,0.555555555556,0.0,0.0,0.0,undefined,0.0,10.9447920322
cm160510,linearsvc_C0.0001,73692,0.277417217546,0.555555555556,0.0,0.0,0.0,undefined,0.0,9.19560408592
cm160510,linearsvc_C0.0001,70008,0.263548615399,0.555555555556,0.0,0.0,0.0,undefined,0.0,9.14887285233
cm160510,linearsvc_C0.0001,66508,0.250372690449,0.555555555556,0.0,0.0,0.0,undefined,0.0,8.1652071476
cm160510,linearsvc_C0.0001,63183,0.237855561746,0.555555555556,0.0,0.0,0.0,undefined,0.0,6.99377298355
cm160510,linearsvc_C0.0001,60024,0.225963348341,0.555555555556,0.0,0.0,0.0,undefined,0.0,6.55211806297
cm160510,linearsvc_C0.0001,57023,0.214665933834,0.555555555556,0.0,0.0,0.0,undefined,0.0,5.79694795609
cm160510,linearsvc_C0.0001,54172,0.203933201825,0.555555555556,0.0,0.0,0.0,undefined,0.0,5.49017000198
cm160510,linearsvc_C0.0001,51464,0.193738800464,0.555555555556,0.0,0.0,0.0,undefined,0.0,4.82534122467
cm160510,linearsvc_C0.0001,48891,0.184052613351,0.555555555556,0.0,0.0,0.0,undefined,0.0,4.44109416008
cm160510,linearsvc_C0.0001,46447,0.174852053186,0.555555555556,0.0,0.0,0.0,undefined,0.0,4.14954900742
cm160510,linearsvc_C0.0001,44125,0.166110768119,0.555555555556,0.0,0.0,0.0,undefined,0.0,3.39595103264
cm160510,linearsvc_C0.0001,41919,0.15780617085,0.555555555556,0.0,0.0,0.0,undefined,0.0,3.20988488197
cm160510,linearsvc_C0.0001,39824,0.14991943863,0.555555555556,0.0,0.0,0.0,undefined,0.0,2.95399594307
cm160510,linearsvc_C0.0001,37833,0.142424219609,0.555555555556,0.0,0.0,0.0,undefined,0.0,2.67723298073
cm160510,linearsvc_C0.0001,35942,0.135305455586,0.555555555556,0.0,0.0,0.0,undefined,0.0,2.87408518791
cm160510,linearsvc_C0.0001,34145,0.128540559262,0.555555555556,0.0,0.0,0.0,undefined,0.0,2.21461606026
cm160510,linearsvc_C0.0001,32438,0.122114472436,0.555555555556,0.0,0.0,0.0,undefined,0.0,2.17179393768
cm160510,linearsvc_C0.0001,30817,0.116012136909,0.555555555556,0.0,0.0,0.0,undefined,0.0,2.15002894402
cm160510,linearsvc_C0.0001,29277,0.110214729931,0.555555555556,0.0,0.0,0.0,undefined,0.0,1.78435587883
cm160510,linearsvc_C0.0001,27814,0.104707193302,0.5,0.0,0.0,0.0,undefined,0.0,1.7148809433
cm160510,linearsvc_C0.0001,26424,0.099474468822,0.5,0.0,0.0,0.0,undefined,0.0,1.36810088158
cm160510,linearsvc_C0.0001,25103,0.0945014982909,0.5,0.0,0.0,0.0,undefined,0.0,1.39555692673
cm160510,linearsvc_C0.0001,23848,0.0897769880588,0.5,0.0,0.0,0.0,undefined,0.0,1.18935990334
cm160510,linearsvc_C0.0001,22656,0.0852896444759,0.5,0.0,0.0,0.0,undefined,0.0,1.17304491997
cm160510,linearsvc_C0.0001,21524,0.0810281738921,0.5,0.0,0.0,0.0,undefined,0.0,1.13298296928
cm160510,linearsvc_C0.0001,20448,0.0769775181075,0.5,0.0,0.0,0.0,undefined,0.0,1.04227018356
cm160510,linearsvc_C0.0001,19426,0.0731301480221,0.5,0.0,0.0,0.0,undefined,0.0,0.963793992996
cm160510,linearsvc_C0.0001,18455,0.069474769986,0.555555555556,0.0,0.0,0.0,undefined,0.0,0.855134010315
cm160510,linearsvc_C0.0001,17533,0.0660038548992,0.5,0.0,0.0,0.0,undefined,0.0,0.830403089523
cm160510,linearsvc_C0.0001,16657,0.0627061091117,0.555555555556,0.0,0.0,0.0,undefined,0.0,0.752373933792
cm160510,linearsvc_C0.0001,15825,0.0595740035236,0.555555555556,0.0,0.0,0.0,undefined,0.0,0.676451921463
cm160510,linearsvc_C0.0001,15034,0.0565962444849,0.555555555556,0.0,0.0,0.0,undefined,0.0,0.605618953705
cm160510,linearsvc_C0.0001,14283,0.0537690674457,0.555555555556,0.0,0.0,0.0,undefined,0.0,0.541151046753
cm160510,linearsvc_C0.0001,13569,0.0510811787559,0.555555555556,0.0,0.0,0.0,undefined,0.0,0.512498855591
cm160510,linearsvc_C0.0001,12891,0.0485288138656,0.555555555556,0.0,0.0,0.0,undefined,0.0,0.432238101959
cm160510,linearsvc_C0.0001,12247,0.0461044436748,0.555555555556,0.0,0.0,0.0,undefined,0.0,0.39443898201
cm160510,linearsvc_C0.0001,11635,0.0438005390836,0.555555555556,0.0,0.0,0.0,undefined,0.0,0.353846073151
cm160510,linearsvc_C0.0001,11054,0.0416133355419,0.555555555556,0.0,0.0,0.0,undefined,0.0,0.372301101685
cm160510,linearsvc_C0.0001,10502,0.0395353039498,0.555555555556,0.0,0.0,0.0,undefined,0.0,0.341053962708
cm160510,linearsvc_C0.0001,9977,0.0375589152073,0.555555555556,0.0,0.0,0.0,undefined,0.0,0.29147195816
cm160510,linearsvc_C0.0001,9479,0.0356841693144,0.555555555556,0.0,0.0,0.0,undefined,0.0,0.304134130478
cm160510,linearsvc_C0.0001,9006,0.0339035371712,0.555555555556,0.0,0.0,0.0,undefined,0.0,0.255421161652
cm160510,linearsvc_C0.0001,8556,0.0322094896776,0.388888888889,0.0,0.0,0.0,undefined,0.0,0.238019943237
cm160510,linearsvc_C0.0001,8129,0.0306020268337,0.444444444444,0.0,0.0,0.0,undefined,0.0,0.209963083267
cm160510,linearsvc_C0.0001,7723,0.0290736195395,0.444444444444,0.0,0.0,0.0,undefined,0.0,0.19442987442
cm160510,linearsvc_C0.0001,7337,0.027620503245,0.444444444444,0.0,0.0,0.0,undefined,0.0,0.1912150383
cm160510,linearsvc_C0.0001,6971,0.0262426779503,0.444444444444,0.0,0.0,0.0,undefined,0.0,0.161910057068
cm160510,linearsvc_C0.0001,6623,0.0249326145553,0.5,0.0,0.0,0.0,undefined,0.0,0.155830144882
cm160510,linearsvc_C0.0001,6292,0.02368654851,0.5,0.0,0.0,0.0,undefined,0.0,0.131468057632
cm160510,linearsvc_C0.0001,5978,0.0225044798145,0.444444444444,0.0,0.0,0.0,undefined,0.0,0.12327504158
cm160510,linearsvc_C0.0001,5680,0.0213826439187,0.388888888889,0.0,0.0,0.0,undefined,0.0,0.122491836548
cm160510,linearsvc_C0.0001,5396,0.0203135117228,0.388888888889,0.0,0.0,0.0,undefined,0.0,0.10661816597
cm160510,linearsvc_C0.0001,5127,0.0193008477767,0.444444444444,0.0,0.0,0.0,undefined,0.0,0.101727962494
cm160510,linearsvc_C0.0001,4871,0.0183371229803,0.5,0.0,0.0,0.0,undefined,0.0,0.0958819389343
cm160510,linearsvc_C0.0001,4628,0.0174223373338,0.5,0.0,0.0,0.0,undefined,0.0,0.0863111019135
cm160510,linearsvc_C0.0001,4397,0.0165527262871,0.5,0.0,0.0,0.0,undefined,0.0,0.102842092514
cm160510,linearsvc_C0.0001,4178,0.0157282898402,0.5,0.0,0.0,0.0,undefined,0.0,0.0972619056702
cm160510,linearsvc_C0.0001,3970,0.0149452634432,0.5,0.0,0.0,0.0,undefined,0.0,0.0895121097565
cm160510,linearsvc_C0.0001,3772,0.014199882546,0.5,0.0,0.0,0.0,undefined,0.0,0.0838260650635
cm160510,linearsvc_C0.0001,3584,0.0134921471487,0.444444444444,0.0,0.0,0.0,undefined,0.0,0.0807499885559
cm160510,linearsvc_C0.0001,3405,0.0128182927013,0.444444444444,0.0,0.0,0.0,undefined,0.0,0.0727770328522
cm160510,linearsvc_C0.0001,3235,0.0121783192037,0.444444444444,0.0,0.0,0.0,undefined,0.0,0.0726931095123
cm160510,linearsvc_C0.0001,3074,0.011572226656,0.444444444444,0.0,0.0,0.0,undefined,0.0,0.0727350711823
cm160510,linearsvc_C0.0001,2921,0.0109962505082,0.444444444444,0.0,0.0,0.0,undefined,0.0,0.0673100948334
cm160510,linearsvc_C0.0001,2775,0.0104466262103,0.444444444444,0.0,0.0,0.0,undefined,0.0,0.0614910125732
cm160510,linearsvc_C0.0001,2637,0.00992711831228,0.444444444444,0.0,0.0,0.0,undefined,0.0,0.0585739612579
cm160510,linearsvc_C0.0001,2506,0.00943396226415,0.444444444444,0.0,0.0,0.0,undefined,0.0,0.0564601421356
cm160510,linearsvc_C0.0001,2381,0.00896339351594,0.444444444444,0.0,0.0,0.0,undefined,0.0,0.0554978847504
cm160510,linearsvc_C0.0001,2262,0.00851541206764,0.444444444444,0.0,0.0,0.0,undefined,0.0,0.0561130046844
cm160510,linearsvc_C0.0001,2149,0.00809001791926,0.444444444444,0.0,0.0,0.0,undefined,0.0,0.0829019546509
cm160510,linearsvc_C0.0001,2042,0.00768721107079,0.444444444444,0.0,0.0,0.0,undefined,0.0,0.0822241306305
cm160510,linearsvc_C0.0001,1940,0.00730322697225,0.444444444444,0.0,0.0,0.0,undefined,0.0,0.0788908004761
cm160510,linearsvc_C0.0001,1843,0.00693806562364,0.444444444444,0.0,0.0,0.0,undefined,0.0,0.0790920257568
cm160510,linearsvc_C0.0001,1751,0.00659172702495,0.444444444444,0.0,0.0,0.0,undefined,0.0,0.0778269767761
cm160510,linearsvc_C0.0001,1664,0.0062642111762,0.5,0.0,0.0,0.0,undefined,0.0,0.0755920410156
cm160510,linearsvc_C0.0001,1581,0.00595175352738,0.444444444444,0.0,0.0,0.0,undefined,0.0,0.0745050907135
cm160510,linearsvc_C0.0001,1502,0.00565435407851,0.5,0.0,0.0,0.0,undefined,0.0,0.0723140239716
cm160510,linearsvc_C0.0001,1427,0.00537201282959,0.5,0.0,0.0,0.0,undefined,0.0,0.0729479789734
cm160510,linearsvc_C0.0001,1356,0.0051047297806,0.5,0.0,0.0,0.0,undefined,0.0,0.0690679550171
cm160510,linearsvc_C0.001,265636,1.0,0.611111111111,0.0,0.0,0.0,undefined,0.0,263.403254986
cm160510,linearsvc_C0.001,252355,0.95000301164,0.611111111111,0.0,0.0,0.0,undefined,0.0,249.655579805
cm160510,linearsvc_C0.001,239738,0.90250568447,0.611111111111,0.0,0.0,0.0,undefined,0.0,237.789205074
cm160510,linearsvc_C0.001,227752,0.857383788342,0.611111111111,0.0,0.0,0.0,undefined,0.0,239.157098055
cm160510,linearsvc_C0.001,216365,0.814516857655,0.611111111111,0.0,0.0,0.0,undefined,0.0,262.06322217
cm160510,linearsvc_C0.001,205547,0.77379195591,0.611111111111,0.0,0.0,0.0,undefined,0.0,253.719791889
cm160510,linearsvc_C0.001,195270,0.735103675707,0.666666666667,0.0,0.0,0.0,undefined,0.0,230.685829163
cm160510,linearsvc_C0.001,185507,0.698350374196,0.611111111111,0.0,0.0,0.0,undefined,0.0,225.805598021
cm160510,linearsvc_C0.001,176232,0.663434173079,0.611111111111,0.0,0.0,0.0,undefined,0.0,205.575799942
cm160510,linearsvc_C0.001,167421,0.630264723155,0.611111111111,0.0,0.0,0.0,undefined,0.0,194.259547949
cm160510,linearsvc_C0.001,159050,0.598751675225,0.611111111111,0.0,0.0,0.0,undefined,0.0,182.622372866
cm160510,linearsvc_C0.001,151098,0.568815973738,0.611111111111,0.0,0.0,0.0,undefined,0.0,174.320313931
cm160510,linearsvc_C0.001,143544,0.540378563147,0.611111111111,0.0,0.0,0.0,undefined,0.0,165.257755995
cm160510,linearsvc_C0.001,136367,0.513360387899,0.611111111111,0.0,0.0,0.0,undefined,0.0,156.694516897
cm160510,linearsvc_C0.001,129549,0.487693686097,0.611111111111,0.0,0.0,0.0,undefined,0.0,148.580929995
cm160510,linearsvc_C0.001,123072,0.463310695839,0.611111111111,0.0,0.0,0.0,undefined,0.0,140.658596992
cm160510,linearsvc_C0.001,116919,0.440147419777,0.611111111111,0.0,0.0,0.0,undefined,0.0,120.978778124
cm160510,linearsvc_C0.001,111074,0.418143625111,0.611111111111,0.0,0.0,0.0,undefined,0.0,125.670596123
cm160510,linearsvc_C0.001,105521,0.39723907904,0.611111111111,0.0,0.0,0.0,undefined,0.0,110.440064907
cm160510,linearsvc_C0.001,100245,0.377377313316,0.611111111111,0.0,0.0,0.0,undefined,0.0,104.81820488
cm160510,linearsvc_C0.001,95233,0.358509388788,0.611111111111,0.0,0.0,0.0,undefined,0.0,95.538640976
cm160510,linearsvc_C0.001,90472,0.340586366306,0.611111111111,0.0,0.0,0.0,undefined,0.0,101.39520812
cm160510,linearsvc_C0.001,85949,0.32355930672,0.611111111111,0.0,0.0,0.0,undefined,0.0,93.8278009892
cm160510,linearsvc_C0.001,81652,0.307383035432,0.555555555556,0.0,0.0,0.0,undefined,0.0,89.7983591557
cm160510,linearsvc_C0.001,77570,0.29201614239,0.555555555556,0.0,0.0,0.0,undefined,0.0,56.8033878803
cm160510,linearsvc_C0.001,73692,0.277417217546,0.555555555556,0.0,0.0,0.0,undefined,0.0,50.3525178432
cm160510,linearsvc_C0.001,70008,0.263548615399,0.5,0.0,0.0,0.0,undefined,0.0,55.9129350185
cm160510,linearsvc_C0.001,66508,0.250372690449,0.5,0.0,0.0,0.0,undefined,0.0,77.7565920353
cm160510,linearsvc_C0.001,63183,0.237855561746,0.5,0.0,0.0,0.0,undefined,0.0,59.3556280136
cm160510,linearsvc_C0.001,60024,0.225963348341,0.5,0.0,0.0,0.0,undefined,0.0,39.5117321014
cm160510,linearsvc_C0.001,57023,0.214665933834,0.5,0.0,0.0,0.0,undefined,0.0,45.6896209717
cm160510,linearsvc_C0.001,54172,0.203933201825,0.444444444444,0.0,0.0,0.0,undefined,0.0,44.0919570923
cm160510,linearsvc_C0.001,51464,0.193738800464,0.444444444444,0.0,0.0,0.0,undefined,0.0,38.3720679283
cm160510,linearsvc_C0.001,48891,0.184052613351,0.444444444444,0.0,0.0,0.0,undefined,0.0,34.0806119442
cm160510,linearsvc_C0.001,46447,0.174852053186,0.5,0.0,0.0,0.0,undefined,0.0,33.3057250977
cm160510,linearsvc_C0.001,44125,0.166110768119,0.5,0.0,0.0,0.0,undefined,0.0,51.0287311077
cm160510,linearsvc_C0.001,41919,0.15780617085,0.5,0.0,0.0,0.0,undefined,0.0,23.1628370285
cm160510,linearsvc_C0.001,39824,0.14991943863,0.444444444444,0.0,0.0,0.0,undefined,0.0,23.7634820938
cm160510,linearsvc_C0.001,37833,0.142424219609,0.444444444444,0.0,0.0,0.0,undefined,0.0,21.9609029293
cm160510,linearsvc_C0.001,35942,0.135305455586,0.5,0.0,0.0,0.0,undefined,0.0,20.4165611267
cm160510,linearsvc_C0.001,34145,0.128540559262,0.5,0.0,0.0,0.0,undefined,0.0,18.2230551243
cm160510,linearsvc_C0.001,32438,0.122114472436,0.5,0.0,0.0,0.0,undefined,0.0,13.9408700466
cm160510,linearsvc_C0.001,30817,0.116012136909,0.5,0.0,0.0,0.0,undefined,0.0,14.9080388546
cm160510,linearsvc_C0.001,29277,0.110214729931,0.5,0.0,0.0,0.0,undefined,0.0,13.7842319012
cm160510,linearsvc_C0.001,27814,0.104707193302,0.5,0.0,0.0,0.0,undefined,0.0,12.698953867
cm160510,linearsvc_C0.001,26424,0.099474468822,0.444444444444,0.0,0.0,0.0,undefined,0.0,10.9869279861
cm160510,linearsvc_C0.001,25103,0.0945014982909,0.5,0.0,0.0,0.0,undefined,0.0,10.9312269688
cm160510,linearsvc_C0.001,23848,0.0897769880588,0.5,0.0,0.0,0.0,undefined,0.0,9.8289039135
cm160510,linearsvc_C0.001,22656,0.0852896444759,0.5,0.0,0.0,0.0,undefined,0.0,8.9855298996
cm160510,linearsvc_C0.001,21524,0.0810281738921,0.5,0.0,0.0,0.0,undefined,0.0,7.87429189682
cm160510,linearsvc_C0.001,20448,0.0769775181075,0.5,0.0,0.0,0.0,undefined,0.0,6.17513203621
cm160510,linearsvc_C0.001,19426,0.0731301480221,0.5,0.0,0.0,0.0,undefined,0.0,6.15305805206
cm160510,linearsvc_C0.001,18455,0.069474769986,0.5,0.0,0.0,0.0,undefined,0.0,6.10972499847
cm160510,linearsvc_C0.001,17533,0.0660038548992,0.5,0.0,0.0,0.0,undefined,0.0,5.2530939579
cm160510,linearsvc_C0.001,16657,0.0627061091117,0.5,0.0,0.0,0.0,undefined,0.0,4.65163707733
cm160510,linearsvc_C0.001,15825,0.0595740035236,0.5,0.0,0.0,0.0,undefined,0.0,4.01175403595
cm160510,linearsvc_C0.001,15034,0.0565962444849,0.5,0.0,0.0,0.0,undefined,0.0,3.40600895882
cm160510,linearsvc_C0.001,14283,0.0537690674457,0.5,0.0,0.0,0.0,undefined,0.0,3.93523383141
cm160510,linearsvc_C0.001,13569,0.0510811787559,0.5,0.0,0.0,0.0,undefined,0.0,3.40246510506
cm160510,linearsvc_C0.001,12891,0.0485288138656,0.5,0.0,0.0,0.0,undefined,0.0,3.25927996635
cm160510,linearsvc_C0.001,12247,0.0461044436748,0.5,0.0,0.0,0.0,undefined,0.0,2.60012888908
cm160510,linearsvc_C0.001,11635,0.0438005390836,0.444444444444,0.0,0.0,0.0,undefined,0.0,2.56652593613
cm160510,linearsvc_C0.001,11054,0.0416133355419,0.444444444444,0.0,0.0,0.0,undefined,0.0,2.06468701363
cm160510,linearsvc_C0.001,10502,0.0395353039498,0.444444444444,0.0,0.0,0.0,undefined,0.0,2.15033316612
cm160510,linearsvc_C0.001,9977,0.0375589152073,0.444444444444,0.0,0.0,0.0,undefined,0.0,1.90897607803
cm160510,linearsvc_C0.001,9479,0.0356841693144,0.444444444444,0.0,0.0,0.0,undefined,0.0,1.74322414398
cm160510,linearsvc_C0.001,9006,0.0339035371712,0.444444444444,0.0,0.0,0.0,undefined,0.0,1.50715208054
cm160510,linearsvc_C0.001,8556,0.0322094896776,0.444444444444,0.0,0.0,0.0,undefined,0.0,1.47116494179
cm160510,linearsvc_C0.001,8129,0.0306020268337,0.444444444444,0.0,0.0,0.0,undefined,0.0,1.08523201942
cm160510,linearsvc_C0.001,7723,0.0290736195395,0.444444444444,0.0,0.0,0.0,undefined,0.0,1.21404695511
cm160510,linearsvc_C0.001,7337,0.027620503245,0.444444444444,0.0,0.0,0.0,undefined,0.0,0.917963027954
cm160510,linearsvc_C0.001,6971,0.0262426779503,0.444444444444,0.0,0.0,0.0,undefined,0.0,0.948652029037
cm160510,linearsvc_C0.001,6623,0.0249326145553,0.388888888889,0.0,0.0,0.0,undefined,0.0,0.922510147095
cm160510,linearsvc_C0.001,6292,0.02368654851,0.388888888889,0.0,0.0,0.0,undefined,0.0,0.774475812912
cm160510,linearsvc_C0.001,5978,0.0225044798145,0.388888888889,0.0,0.0,0.0,undefined,0.0,0.724435091019
cm160510,linearsvc_C0.001,5680,0.0213826439187,0.388888888889,0.0,0.0,0.0,undefined,0.0,0.669562101364
cm160510,linearsvc_C0.001,5396,0.0203135117228,0.388888888889,0.0,0.0,0.0,undefined,0.0,0.496647834778
cm160510,linearsvc_C0.001,5127,0.0193008477767,0.388888888889,0.0,0.0,0.0,undefined,0.0,0.475353956223
cm160510,linearsvc_C0.001,4871,0.0183371229803,0.388888888889,0.0,0.0,0.0,undefined,0.0,0.484599113464
cm160510,linearsvc_C0.001,4628,0.0174223373338,0.333333333333,0.0,0.0,0.0,undefined,0.0,0.421984910965
cm160510,linearsvc_C0.001,4397,0.0165527262871,0.444444444444,0.0,0.0,0.0,undefined,0.0,0.437977075577
cm160510,linearsvc_C0.001,4178,0.0157282898402,0.388888888889,0.0,0.0,0.0,undefined,0.0,0.373740911484
cm160510,linearsvc_C0.001,3970,0.0149452634432,0.388888888889,0.0,0.0,0.0,undefined,0.0,0.326397895813
cm160510,linearsvc_C0.001,3772,0.014199882546,0.388888888889,0.0,0.0,0.0,undefined,0.0,0.364060163498
cm160510,linearsvc_C0.001,3584,0.0134921471487,0.444444444444,0.0,0.0,0.0,undefined,0.0,0.287801980972
cm160510,linearsvc_C0.001,3405,0.0128182927013,0.388888888889,0.0,0.0,0.0,undefined,0.0,0.263592004776
cm160510,linearsvc_C0.001,3235,0.0121783192037,0.444444444444,0.0,0.0,0.0,undefined,0.0,0.274223804474
cm160510,linearsvc_C0.001,3074,0.011572226656,0.444444444444,0.0,0.0,0.0,undefined,0.0,0.257961034775
cm160510,linearsvc_C0.001,2921,0.0109962505082,0.388888888889,0.0,0.0,0.0,undefined,0.0,0.224992036819
cm160510,linearsvc_C0.001,2775,0.0104466262103,0.388888888889,0.0,0.0,0.0,undefined,0.0,0.188436985016
cm160510,linearsvc_C0.001,2637,0.00992711831228,0.333333333333,0.0,0.0,0.0,undefined,0.0,0.173620939255
cm160510,linearsvc_C0.001,2506,0.00943396226415,0.333333333333,0.0,0.0,0.0,undefined,0.0,0.175955057144
cm160510,linearsvc_C0.001,2381,0.00896339351594,0.333333333333,0.0,0.0,0.0,undefined,0.0,0.171676874161
cm160510,linearsvc_C0.001,2262,0.00851541206764,0.333333333333,0.0,0.0,0.0,undefined,0.0,0.138463973999
cm160510,linearsvc_C0.001,2149,0.00809001791926,0.388888888889,0.0,0.0,0.0,undefined,0.0,0.123903989792
cm160510,linearsvc_C0.001,2042,0.00768721107079,0.388888888889,0.0,0.0,0.0,undefined,0.0,0.107383012772
cm160510,linearsvc_C0.001,1940,0.00730322697225,0.444444444444,0.0,0.0,0.0,undefined,0.0,0.157147884369
cm160510,linearsvc_C0.001,1843,0.00693806562364,0.444444444444,0.0,0.0,0.0,undefined,0.0,0.126707077026
cm160510,linearsvc_C0.001,1751,0.00659172702495,0.388888888889,0.0,0.0,0.0,undefined,0.0,0.10612988472
cm160510,linearsvc_C0.001,1664,0.0062642111762,0.444444444444,0.0,0.0,0.0,undefined,0.0,0.121148109436
cm160510,linearsvc_C0.001,1581,0.00595175352738,0.444444444444,0.0,0.0,0.0,undefined,0.0,0.132524013519
cm160510,linearsvc_C0.001,1502,0.00565435407851,0.333333333333,0.0,0.0,0.0,undefined,0.0,0.11802482605
cm160510,linearsvc_C0.001,1427,0.00537201282959,0.333333333333,0.0,0.0,0.0,undefined,0.0,0.101673841476
cm160510,linearsvc_C0.001,1356,0.0051047297806,0.333333333333,0.0,0.0,0.0,undefined,0.0,0.105131149292
cm160510,linearsvc_C0.01,265636,1.0,0.555555555556,0.0,0.0,0.0,undefined,0.0,342.400967836
cm160510,linearsvc_C0.01,252355,0.95000301164,0.555555555556,0.0,0.0,0.0,undefined,0.0,325.189244986
cm160510,linearsvc_C0.01,239738,0.90250568447,0.555555555556,0.0,0.0,0.0,undefined,0.0,305.70156908
cm160510,linearsvc_C0.01,227752,0.857383788342,0.555555555556,0.0,0.0,0.0,undefined,0.0,284.040508032
cm160510,linearsvc_C0.01,216365,0.814516857655,0.555555555556,0.0,0.0,0.0,undefined,0.0,258.895250082
cm160510,linearsvc_C0.01,205547,0.77379195591,0.555555555556,0.0,0.0,0.0,undefined,0.0,243.694495916
cm160510,linearsvc_C0.01,195270,0.735103675707,0.555555555556,0.0,0.0,0.0,undefined,0.0,232.889524937
cm160510,linearsvc_C0.01,185507,0.698350374196,0.555555555556,0.0,0.0,0.0,undefined,0.0,205.221894979
cm160510,linearsvc_C0.01,176232,0.663434173079,0.555555555556,0.0,0.0,0.0,undefined,0.0,194.62688303
cm160510,linearsvc_C0.01,167421,0.630264723155,0.555555555556,0.0,0.0,0.0,undefined,0.0,186.166450977
cm160510,linearsvc_C0.01,159050,0.598751675225,0.555555555556,0.0,0.0,0.0,undefined,0.0,173.98080492
cm160510,linearsvc_C0.01,151098,0.568815973738,0.555555555556,0.0,0.0,0.0,undefined,0.0,156.720306873
cm160510,linearsvc_C0.01,143544,0.540378563147,0.555555555556,0.0,0.0,0.0,undefined,0.0,155.304054976
cm160510,linearsvc_C0.01,136367,0.513360387899,0.555555555556,0.0,0.0,0.0,undefined,0.0,146.391988993
cm160510,linearsvc_C0.01,129549,0.487693686097,0.555555555556,0.0,0.0,0.0,undefined,0.0,132.664352894
cm160510,linearsvc_C0.01,123072,0.463310695839,0.555555555556,0.0,0.0,0.0,undefined,0.0,131.48856616
cm160510,linearsvc_C0.01,116919,0.440147419777,0.555555555556,0.0,0.0,0.0,undefined,0.0,117.809452057
cm160510,linearsvc_C0.01,111074,0.418143625111,0.555555555556,0.0,0.0,0.0,undefined,0.0,112.277830124
cm160510,linearsvc_C0.01,105521,0.39723907904,0.555555555556,0.0,0.0,0.0,undefined,0.0,103.801369905
cm160510,linearsvc_C0.01,100245,0.377377313316,0.555555555556,0.0,0.0,0.0,undefined,0.0,103.223698139
cm160510,linearsvc_C0.01,95233,0.358509388788,0.555555555556,0.0,0.0,0.0,undefined,0.0,99.1182971001
cm160510,linearsvc_C0.01,90472,0.340586366306,0.555555555556,0.0,0.0,0.0,undefined,0.0,89.370554924
cm160510,linearsvc_C0.01,85949,0.32355930672,0.555555555556,0.0,0.0,0.0,undefined,0.0,84.6705048084
cm160510,linearsvc_C0.01,81652,0.307383035432,0.555555555556,0.0,0.0,0.0,undefined,0.0,81.0477778912
cm160510,linearsvc_C0.01,77570,0.29201614239,0.555555555556,0.0,0.0,0.0,undefined,0.0,76.3810338974
cm160510,linearsvc_C0.01,73692,0.277417217546,0.555555555556,0.0,0.0,0.0,undefined,0.0,73.4813888073
cm160510,linearsvc_C0.01,70008,0.263548615399,0.555555555556,0.0,0.0,0.0,undefined,0.0,74.448171854
cm160510,linearsvc_C0.01,66508,0.250372690449,0.555555555556,0.0,0.0,0.0,undefined,0.0,66.5270628929
cm160510,linearsvc_C0.01,63183,0.237855561746,0.555555555556,0.0,0.0,0.0,undefined,0.0,67.8306260109
cm160510,linearsvc_C0.01,60024,0.225963348341,0.555555555556,0.0,0.0,0.0,undefined,0.0,64.3872690201
cm160510,linearsvc_C0.01,57023,0.214665933834,0.555555555556,0.0,0.0,0.0,undefined,0.0,60.9079358578
cm160510,linearsvc_C0.01,54172,0.203933201825,0.555555555556,0.0,0.0,0.0,undefined,0.0,56.5889849663
cm160510,linearsvc_C0.01,51464,0.193738800464,0.555555555556,0.0,0.0,0.0,undefined,0.0,55.551211834
cm160510,linearsvc_C0.01,48891,0.184052613351,0.555555555556,0.0,0.0,0.0,undefined,0.0,48.3227770329
cm160510,linearsvc_C0.01,46447,0.174852053186,0.555555555556,0.0,0.0,0.0,undefined,0.0,46.7346599102
cm160510,linearsvc_C0.01,44125,0.166110768119,0.555555555556,0.0,0.0,0.0,undefined,0.0,44.8186070919
cm160510,linearsvc_C0.01,41919,0.15780617085,0.5,0.0,0.0,0.0,undefined,0.0,41.65782094
cm160510,linearsvc_C0.01,39824,0.14991943863,0.5,0.0,0.0,0.0,undefined,0.0,39.2213790417
cm160510,linearsvc_C0.01,37833,0.142424219609,0.555555555556,0.0,0.0,0.0,undefined,0.0,37.2287111282
cm160510,linearsvc_C0.01,35942,0.135305455586,0.5,0.0,0.0,0.0,undefined,0.0,35.4397699833
cm160510,linearsvc_C0.01,34145,0.128540559262,0.5,0.0,0.0,0.0,undefined,0.0,33.423609972
cm160510,linearsvc_C0.01,32438,0.122114472436,0.555555555556,0.0,0.0,0.0,undefined,0.0,31.817994833
cm160510,linearsvc_C0.01,30817,0.116012136909,0.5,0.0,0.0,0.0,undefined,0.0,30.0388329029
cm160510,linearsvc_C0.01,29277,0.110214729931,0.5,0.0,0.0,0.0,undefined,0.0,28.689841032
cm160510,linearsvc_C0.01,27814,0.104707193302,0.5,0.0,0.0,0.0,undefined,0.0,27.0764648914
cm160510,linearsvc_C0.01,26424,0.099474468822,0.5,0.0,0.0,0.0,undefined,0.0,25.7057378292
cm160510,linearsvc_C0.01,25103,0.0945014982909,0.5,0.0,0.0,0.0,undefined,0.0,23.3112390041
cm160510,linearsvc_C0.01,23848,0.0897769880588,0.5,0.0,0.0,0.0,undefined,0.0,23.1172919273
cm160510,linearsvc_C0.01,22656,0.0852896444759,0.5,0.0,0.0,0.0,undefined,0.0,22.0930900574
cm160510,linearsvc_C0.01,21524,0.0810281738921,0.5,0.0,0.0,0.0,undefined,0.0,20.8482129574
cm160510,linearsvc_C0.01,20448,0.0769775181075,0.5,0.0,0.0,0.0,undefined,0.0,19.3516237736
cm160510,linearsvc_C0.01,19426,0.0731301480221,0.5,0.0,0.0,0.0,undefined,0.0,18.7835190296
cm160510,linearsvc_C0.01,18455,0.069474769986,0.5,0.0,0.0,0.0,undefined,0.0,17.7514531612
cm160510,linearsvc_C0.01,17533,0.0660038548992,0.5,0.0,0.0,0.0,undefined,0.0,16.7504930496
cm160510,linearsvc_C0.01,16657,0.0627061091117,0.5,0.0,0.0,0.0,undefined,0.0,15.9977829456
cm160510,linearsvc_C0.01,15825,0.0595740035236,0.555555555556,0.0,0.0,0.0,undefined,0.0,15.1532430649
cm160510,linearsvc_C0.01,15034,0.0565962444849,0.555555555556,0.0,0.0,0.0,undefined,0.0,14.2183220387
cm160510,linearsvc_C0.01,14283,0.0537690674457,0.555555555556,0.0,0.0,0.0,undefined,0.0,12.8564109802
cm160510,linearsvc_C0.01,13569,0.0510811787559,0.555555555556,0.0,0.0,0.0,undefined,0.0,11.8669478893
cm160510,linearsvc_C0.01,12891,0.0485288138656,0.555555555556,0.0,0.0,0.0,undefined,0.0,12.1064388752
cm160510,linearsvc_C0.01,12247,0.0461044436748,0.5,0.0,0.0,0.0,undefined,0.0,9.92948102951
cm160510,linearsvc_C0.01,11635,0.0438005390836,0.555555555556,0.0,0.0,0.0,undefined,0.0,12.4324569702
cm160510,linearsvc_C0.01,11054,0.0416133355419,0.5,0.0,0.0,0.0,undefined,0.0,12.1940639019
cm160510,linearsvc_C0.01,10502,0.0395353039498,0.555555555556,0.0,0.0,0.0,undefined,0.0,9.81755304337
cm160510,linearsvc_C0.01,9977,0.0375589152073,0.555555555556,0.0,0.0,0.0,undefined,0.0,8.5704331398
cm160510,linearsvc_C0.01,9479,0.0356841693144,0.5,0.0,0.0,0.0,undefined,0.0,6.29806685448
cm160510,linearsvc_C0.01,9006,0.0339035371712,0.5,0.0,0.0,0.0,undefined,0.0,7.31033396721
cm160510,linearsvc_C0.01,8556,0.0322094896776,0.5,0.0,0.0,0.0,undefined,0.0,5.51459288597
cm160510,linearsvc_C0.01,8129,0.0306020268337,0.5,0.0,0.0,0.0,undefined,0.0,5.42677617073
cm160510,linearsvc_C0.01,7723,0.0290736195395,0.5,0.0,0.0,0.0,undefined,0.0,4.32443404198
cm160510,linearsvc_C0.01,7337,0.027620503245,0.5,0.0,0.0,0.0,undefined,0.0,3.95892095566
cm160510,linearsvc_C0.01,6971,0.0262426779503,0.444444444444,0.0,0.0,0.0,undefined,0.0,3.03242492676
cm160510,linearsvc_C0.01,6623,0.0249326145553,0.5,0.0,0.0,0.0,undefined,0.0,2.6989300251
cm160510,linearsvc_C0.01,6292,0.02368654851,0.444444444444,0.0,0.0,0.0,undefined,0.0,2.97181296349
cm160510,linearsvc_C0.01,5978,0.0225044798145,0.5,0.0,0.0,0.0,undefined,0.0,2.19720888138
cm160510,linearsvc_C0.01,5680,0.0213826439187,0.444444444444,0.0,0.0,0.0,undefined,0.0,2.05333399773
cm160510,linearsvc_C0.01,5396,0.0203135117228,0.444444444444,0.0,0.0,0.0,undefined,0.0,1.59841012955
cm160510,linearsvc_C0.01,5127,0.0193008477767,0.444444444444,0.0,0.0,0.0,undefined,0.0,1.83368802071
cm160510,linearsvc_C0.01,4871,0.0183371229803,0.444444444444,0.0,0.0,0.0,undefined,0.0,2.01769089699
cm160510,linearsvc_C0.01,4628,0.0174223373338,0.444444444444,0.0,0.0,0.0,undefined,0.0,1.76065993309
cm160510,linearsvc_C0.01,4397,0.0165527262871,0.5,0.0,0.0,0.0,undefined,0.0,1.31057906151
cm160510,linearsvc_C0.01,4178,0.0157282898402,0.555555555556,0.0,0.0,0.0,undefined,0.0,1.46560096741
cm160510,linearsvc_C0.01,3970,0.0149452634432,0.5,0.0,0.0,0.0,undefined,0.0,0.948528051376
cm160510,linearsvc_C0.01,3772,0.014199882546,0.444444444444,0.0,0.0,0.0,undefined,0.0,0.924694776535
cm160510,linearsvc_C0.01,3584,0.0134921471487,0.444444444444,0.0,0.0,0.0,undefined,0.0,0.994085073471
cm160510,linearsvc_C0.01,3405,0.0128182927013,0.444444444444,0.0,0.0,0.0,undefined,0.0,0.802907943726
cm160510,linearsvc_C0.01,3235,0.0121783192037,0.444444444444,0.0,0.0,0.0,undefined,0.0,0.605028152466
cm160510,linearsvc_C0.01,3074,0.011572226656,0.555555555556,0.0,0.0,0.0,undefined,0.0,0.615343093872
cm160510,linearsvc_C0.01,2921,0.0109962505082,0.5,0.0,0.0,0.0,undefined,0.0,0.681565999985
cm160510,linearsvc_C0.01,2775,0.0104466262103,0.555555555556,0.0,0.0,0.0,undefined,0.0,0.51059794426
cm160510,linearsvc_C0.01,2637,0.00992711831228,0.5,0.0,0.0,0.0,undefined,0.0,0.533606052399
cm160510,linearsvc_C0.01,2506,0.00943396226415,0.555555555556,0.0,0.0,0.0,undefined,0.0,0.433275938034
cm160510,linearsvc_C0.01,2381,0.00896339351594,0.555555555556,0.0,0.0,0.0,undefined,0.0,0.563748836517
cm160510,linearsvc_C0.01,2262,0.00851541206764,0.5,0.0,0.0,0.0,undefined,0.0,0.343162059784
cm160510,linearsvc_C0.01,2149,0.00809001791926,0.555555555556,0.0,0.0,0.0,undefined,0.0,0.449079990387
cm160510,linearsvc_C0.01,2042,0.00768721107079,0.5,0.0,0.0,0.0,undefined,0.0,0.40602684021
cm160510,linearsvc_C0.01,1940,0.00730322697225,0.5,0.0,0.0,0.0,undefined,0.0,0.399336099625
cm160510,linearsvc_C0.01,1843,0.00693806562364,0.5,0.0,0.0,0.0,undefined,0.0,0.34117102623
cm160510,linearsvc_C0.01,1751,0.00659172702495,0.5,0.0,0.0,0.0,undefined,0.0,0.337623119354
cm160510,linearsvc_C0.01,1664,0.0062642111762,0.611111111111,0.0,0.0,0.0,undefined,0.0,0.263419151306
cm160510,linearsvc_C0.01,1581,0.00595175352738,0.611111111111,0.0,0.0,0.0,undefined,0.0,0.263553142548
cm160510,linearsvc_C0.01,1502,0.00565435407851,0.555555555556,0.0,0.0,0.0,undefined,0.0,0.210687875748
cm160510,linearsvc_C0.01,1427,0.00537201282959,0.5,0.0,0.0,0.0,undefined,0.0,0.18501496315
cm160510,linearsvc_C0.01,1356,0.0051047297806,0.611111111111,0.0,0.0,0.0,undefined,0.0,0.190940856934
cm160510,linearsvc_C0.1,265636,1.0,0.555555555556,0.0,0.0,0.0,undefined,0.0,17.812237978
cm160510,linearsvc_C0.1,252355,0.95000301164,0.555555555556,0.0,0.0,0.0,undefined,0.0,18.3579611778
cm160510,linearsvc_C0.1,239738,0.90250568447,0.555555555556,0.0,0.0,0.0,undefined,0.0,146.614070892
cm160510,linearsvc_C0.1,227752,0.857383788342,0.555555555556,0.0,0.0,0.0,undefined,0.0,234.824826002
cm160510,linearsvc_C0.1,216365,0.814516857655,0.555555555556,0.0,0.0,0.0,undefined,0.0,119.158312798
cm160510,linearsvc_C0.1,205547,0.77379195591,0.555555555556,0.0,0.0,0.0,undefined,0.0,106.136817932
cm160510,linearsvc_C0.1,195270,0.735103675707,0.555555555556,0.0,0.0,0.0,undefined,0.0,14.3408560753
cm160510,linearsvc_C0.1,185507,0.698350374196,0.555555555556,0.0,0.0,0.0,undefined,0.0,41.7332179546
cm160510,linearsvc_C0.1,176232,0.663434173079,0.555555555556,0.0,0.0,0.0,undefined,0.0,111.490978003
cm160510,linearsvc_C0.1,167421,0.630264723155,0.555555555556,0.0,0.0,0.0,undefined,0.0,53.1329269409
cm160510,linearsvc_C0.1,159050,0.598751675225,0.555555555556,0.0,0.0,0.0,undefined,0.0,116.846539021
cm160510,linearsvc_C0.1,151098,0.568815973738,0.555555555556,0.0,0.0,0.0,undefined,0.0,92.2989521027
cm160510,linearsvc_C0.1,143544,0.540378563147,0.555555555556,0.0,0.0,0.0,undefined,0.0,102.815921068
cm160510,linearsvc_C0.1,136367,0.513360387899,0.555555555556,0.0,0.0,0.0,undefined,0.0,134.366406202
cm160510,linearsvc_C0.1,129549,0.487693686097,0.555555555556,0.0,0.0,0.0,undefined,0.0,44.7035908699
cm160510,linearsvc_C0.1,123072,0.463310695839,0.555555555556,0.0,0.0,0.0,undefined,0.0,121.530812025
cm160510,linearsvc_C0.1,116919,0.440147419777,0.555555555556,0.0,0.0,0.0,undefined,0.0,115.097018003
cm160510,linearsvc_C0.1,111074,0.418143625111,0.555555555556,0.0,0.0,0.0,undefined,0.0,100.199845076
cm160510,linearsvc_C0.1,105521,0.39723907904,0.555555555556,0.0,0.0,0.0,undefined,0.0,104.264733076
cm160510,linearsvc_C0.1,100245,0.377377313316,0.555555555556,0.0,0.0,0.0,undefined,0.0,99.3434150219
cm160510,linearsvc_C0.1,95233,0.358509388788,0.555555555556,0.0,0.0,0.0,undefined,0.0,94.0509080887
cm160510,linearsvc_C0.1,90472,0.340586366306,0.555555555556,0.0,0.0,0.0,undefined,0.0,89.1365580559
cm160510,linearsvc_C0.1,85949,0.32355930672,0.555555555556,0.0,0.0,0.0,undefined,0.0,84.6491689682
cm160510,linearsvc_C0.1,81652,0.307383035432,0.555555555556,0.0,0.0,0.0,undefined,0.0,80.6559350491
cm160510,linearsvc_C0.1,77570,0.29201614239,0.555555555556,0.0,0.0,0.0,undefined,0.0,76.6137428284
cm160510,linearsvc_C0.1,73692,0.277417217546,0.555555555556,0.0,0.0,0.0,undefined,0.0,60.1274678707
cm160510,linearsvc_C0.1,70008,0.263548615399,0.555555555556,0.0,0.0,0.0,undefined,0.0,69.3901000023
cm160510,linearsvc_C0.1,66508,0.250372690449,0.555555555556,0.0,0.0,0.0,undefined,0.0,65.6361119747
cm160510,linearsvc_C0.1,63183,0.237855561746,0.555555555556,0.0,0.0,0.0,undefined,0.0,62.3692748547
cm160510,linearsvc_C0.1,60024,0.225963348341,0.555555555556,0.0,0.0,0.0,undefined,0.0,58.8937561512
cm160510,linearsvc_C0.1,57023,0.214665933834,0.555555555556,0.0,0.0,0.0,undefined,0.0,56.2918679714
cm160510,linearsvc_C0.1,54172,0.203933201825,0.555555555556,0.0,0.0,0.0,undefined,0.0,53.2734060287
cm160510,linearsvc_C0.1,51464,0.193738800464,0.555555555556,0.0,0.0,0.0,undefined,0.0,50.6867809296
cm160510,linearsvc_C0.1,48891,0.184052613351,0.555555555556,0.0,0.0,0.0,undefined,0.0,48.2515289783
cm160510,linearsvc_C0.1,46447,0.174852053186,0.555555555556,0.0,0.0,0.0,undefined,0.0,45.7317140102
cm160510,linearsvc_C0.1,44125,0.166110768119,0.555555555556,0.0,0.0,0.0,undefined,0.0,44.739153862
cm160510,linearsvc_C0.1,41919,0.15780617085,0.555555555556,0.0,0.0,0.0,undefined,0.0,41.4536221027
cm160510,linearsvc_C0.1,39824,0.14991943863,0.555555555556,0.0,0.0,0.0,undefined,0.0,38.9420809746
cm160510,linearsvc_C0.1,37833,0.142424219609,0.555555555556,0.0,0.0,0.0,undefined,0.0,37.206125021
cm160510,linearsvc_C0.1,35942,0.135305455586,0.555555555556,0.0,0.0,0.0,undefined,0.0,35.2862319946
cm160510,linearsvc_C0.1,34145,0.128540559262,0.555555555556,0.0,0.0,0.0,undefined,0.0,33.6741089821
cm160510,linearsvc_C0.1,32438,0.122114472436,0.555555555556,0.0,0.0,0.0,undefined,0.0,31.5100271702
cm160510,linearsvc_C0.1,30817,0.116012136909,0.555555555556,0.0,0.0,0.0,undefined,0.0,30.205671072
cm160510,linearsvc_C0.1,29277,0.110214729931,0.555555555556,0.0,0.0,0.0,undefined,0.0,28.5144269466
cm160510,linearsvc_C0.1,27814,0.104707193302,0.555555555556,0.0,0.0,0.0,undefined,0.0,27.1743941307
cm160510,linearsvc_C0.1,26424,0.099474468822,0.611111111111,0.0,0.0,0.0,undefined,0.0,25.7987298965
cm160510,linearsvc_C0.1,25103,0.0945014982909,0.611111111111,0.0,0.0,0.0,undefined,0.0,24.4902892113
cm160510,linearsvc_C0.1,23848,0.0897769880588,0.611111111111,0.0,0.0,0.0,undefined,0.0,23.2650749683
cm160510,linearsvc_C0.1,22656,0.0852896444759,0.555555555556,0.0,0.0,0.0,undefined,0.0,22.0656180382
cm160510,linearsvc_C0.1,21524,0.0810281738921,0.555555555556,0.0,0.0,0.0,undefined,0.0,20.8267509937
cm160510,linearsvc_C0.1,20448,0.0769775181075,0.555555555556,0.0,0.0,0.0,undefined,0.0,19.4394030571
cm160510,linearsvc_C0.1,19426,0.0731301480221,0.555555555556,0.0,0.0,0.0,undefined,0.0,18.9199750423
cm160510,linearsvc_C0.1,18455,0.069474769986,0.555555555556,0.0,0.0,0.0,undefined,0.0,17.8141460419
cm160510,linearsvc_C0.1,17533,0.0660038548992,0.555555555556,0.0,0.0,0.0,undefined,0.0,17.0408799648
cm160510,linearsvc_C0.1,16657,0.0627061091117,0.555555555556,0.0,0.0,0.0,undefined,0.0,15.82417202
cm160510,linearsvc_C0.1,15825,0.0595740035236,0.555555555556,0.0,0.0,0.0,undefined,0.0,15.0994508266
cm160510,linearsvc_C0.1,15034,0.0565962444849,0.555555555556,0.0,0.0,0.0,undefined,0.0,14.2306029797
cm160510,linearsvc_C0.1,14283,0.0537690674457,0.555555555556,0.0,0.0,0.0,undefined,0.0,13.3451578617
cm160510,linearsvc_C0.1,13569,0.0510811787559,0.555555555556,0.0,0.0,0.0,undefined,0.0,12.7704489231
cm160510,linearsvc_C0.1,12891,0.0485288138656,0.555555555556,0.0,0.0,0.0,undefined,0.0,11.99665308
cm160510,linearsvc_C0.1,12247,0.0461044436748,0.555555555556,0.0,0.0,0.0,undefined,0.0,11.1819639206
cm160510,linearsvc_C0.1,11635,0.0438005390836,0.555555555556,0.0,0.0,0.0,undefined,0.0,10.8063941002
cm160510,linearsvc_C0.1,11054,0.0416133355419,0.555555555556,0.0,0.0,0.0,undefined,0.0,9.84791922569
cm160510,linearsvc_C0.1,10502,0.0395353039498,0.555555555556,0.0,0.0,0.0,undefined,0.0,9.42748093605
cm160510,linearsvc_C0.1,9977,0.0375589152073,0.555555555556,0.0,0.0,0.0,undefined,0.0,8.69316005707
cm160510,linearsvc_C0.1,9479,0.0356841693144,0.555555555556,0.0,0.0,0.0,undefined,0.0,8.42535495758
cm160510,linearsvc_C0.1,9006,0.0339035371712,0.5,0.0,0.0,0.0,undefined,0.0,7.90349316597
cm160510,linearsvc_C0.1,8556,0.0322094896776,0.555555555556,0.0,0.0,0.0,undefined,0.0,7.43843388557
cm160510,linearsvc_C0.1,8129,0.0306020268337,0.555555555556,0.0,0.0,0.0,undefined,0.0,7.09744310379
cm160510,linearsvc_C0.1,7723,0.0290736195395,0.555555555556,0.0,0.0,0.0,undefined,0.0,6.608741045
cm160510,linearsvc_C0.1,7337,0.027620503245,0.5,0.0,0.0,0.0,undefined,0.0,6.24461579323
cm160510,linearsvc_C0.1,6971,0.0262426779503,0.5,0.0,0.0,0.0,undefined,0.0,5.9371380806
cm160510,linearsvc_C0.1,6623,0.0249326145553,0.5,0.0,0.0,0.0,undefined,0.0,5.57600593567
cm160510,linearsvc_C0.1,6292,0.02368654851,0.555555555556,0.0,0.0,0.0,undefined,0.0,5.23198699951
cm160510,linearsvc_C0.1,5978,0.0225044798145,0.555555555556,0.0,0.0,0.0,undefined,0.0,4.88859391212
cm160510,linearsvc_C0.1,5680,0.0213826439187,0.555555555556,0.0,0.0,0.0,undefined,0.0,4.40254616737
cm160510,linearsvc_C0.1,5396,0.0203135117228,0.555555555556,0.0,0.0,0.0,undefined,0.0,4.36685800552
cm160510,linearsvc_C0.1,5127,0.0193008477767,0.555555555556,0.0,0.0,0.0,undefined,0.0,4.06767296791
cm160510,linearsvc_C0.1,4871,0.0183371229803,0.5,0.0,0.0,0.0,undefined,0.0,3.90584588051
cm160510,linearsvc_C0.1,4628,0.0174223373338,0.5,0.0,0.0,0.0,undefined,0.0,3.35352611542
cm160510,linearsvc_C0.1,4397,0.0165527262871,0.5,0.0,0.0,0.0,undefined,0.0,3.3464319706
cm160510,linearsvc_C0.1,4178,0.0157282898402,0.5,0.0,0.0,0.0,undefined,0.0,3.31365084648
cm160510,linearsvc_C0.1,3970,0.0149452634432,0.5,0.0,0.0,0.0,undefined,0.0,3.07097697258
cm160510,linearsvc_C0.1,3772,0.014199882546,0.555555555556,0.0,0.0,0.0,undefined,0.0,2.85220003128
cm160510,linearsvc_C0.1,3584,0.0134921471487,0.555555555556,0.0,0.0,0.0,undefined,0.0,2.52869105339
cm160510,linearsvc_C0.1,3405,0.0128182927013,0.555555555556,0.0,0.0,0.0,undefined,0.0,2.54684591293
cm160510,linearsvc_C0.1,3235,0.0121783192037,0.555555555556,0.0,0.0,0.0,undefined,0.0,2.24882102013
cm160510,linearsvc_C0.1,3074,0.011572226656,0.555555555556,0.0,0.0,0.0,undefined,0.0,1.61937093735
cm160510,linearsvc_C0.1,2921,0.0109962505082,0.5,0.0,0.0,0.0,undefined,0.0,2.07811713219
cm160510,linearsvc_C0.1,2775,0.0104466262103,0.555555555556,0.0,0.0,0.0,undefined,0.0,1.60452103615
cm160510,linearsvc_C0.1,2637,0.00992711831228,0.555555555556,0.0,0.0,0.0,undefined,0.0,1.21030306816
cm160510,linearsvc_C0.1,2506,0.00943396226415,0.444444444444,0.0,0.0,0.0,undefined,0.0,1.56231188774
cm160510,linearsvc_C0.1,2381,0.00896339351594,0.444444444444,0.0,0.0,0.0,undefined,0.0,1.21384906769
cm160510,linearsvc_C0.1,2262,0.00851541206764,0.388888888889,0.0,0.0,0.0,undefined,0.0,1.12856197357
cm160510,linearsvc_C0.1,2149,0.00809001791926,0.444444444444,0.0,0.0,0.0,undefined,0.0,1.14873194695
cm160510,linearsvc_C0.1,2042,0.00768721107079,0.444444444444,0.0,0.0,0.0,undefined,0.0,1.0268061161
cm160510,linearsvc_C0.1,1940,0.00730322697225,0.388888888889,0.0,0.0,0.0,undefined,0.0,1.07181811333
cm160510,linearsvc_C0.1,1843,0.00693806562364,0.388888888889,0.0,0.0,0.0,undefined,0.0,1.03260803223
cm160510,linearsvc_C0.1,1751,0.00659172702495,0.388888888889,0.0,0.0,0.0,undefined,0.0,0.858127117157
cm160510,linearsvc_C0.1,1664,0.0062642111762,0.444444444444,0.0,0.0,0.0,undefined,0.0,0.607074975967
cm160510,linearsvc_C0.1,1581,0.00595175352738,0.444444444444,0.0,0.0,0.0,undefined,0.0,0.61613702774
cm160510,linearsvc_C0.1,1502,0.00565435407851,0.5,0.0,0.0,0.0,undefined,0.0,0.773188829422
cm160510,linearsvc_C0.1,1427,0.00537201282959,0.444444444444,0.0,0.0,0.0,undefined,0.0,0.546000003815
cm160510,linearsvc_C0.1,1356,0.0051047297806,0.444444444444,0.0,0.0,0.0,undefined,0.0,0.432865858078
cm160510,linearsvc_C1.0,265636,1.0,0.611111111111,0.0,0.0,0.0,undefined,0.0,16.9238619804
cm160510,linearsvc_C1.0,252355,0.95000301164,0.611111111111,0.0,0.0,0.0,undefined,0.0,15.9437060356
cm160510,linearsvc_C1.0,239738,0.90250568447,0.611111111111,0.0,0.0,0.0,undefined,0.0,15.5056531429
cm160510,linearsvc_C1.0,227752,0.857383788342,0.611111111111,0.0,0.0,0.0,undefined,0.0,14.2718789577
cm160510,linearsvc_C1.0,216365,0.814516857655,0.611111111111,0.0,0.0,0.0,undefined,0.0,13.2913780212
cm160510,linearsvc_C1.0,205547,0.77379195591,0.611111111111,0.0,0.0,0.0,undefined,0.0,12.607653141
cm160510,linearsvc_C1.0,195270,0.735103675707,0.611111111111,0.0,0.0,0.0,undefined,0.0,11.6955628395
cm160510,linearsvc_C1.0,185507,0.698350374196,0.611111111111,0.0,0.0,0.0,undefined,0.0,11.3091981411
cm160510,linearsvc_C1.0,176232,0.663434173079,0.611111111111,0.0,0.0,0.0,undefined,0.0,10.7555849552
cm160510,linearsvc_C1.0,167421,0.630264723155,0.611111111111,0.0,0.0,0.0,undefined,0.0,9.81803607941
cm160510,linearsvc_C1.0,159050,0.598751675225,0.611111111111,0.0,0.0,0.0,undefined,0.0,9.26277112961
cm160510,linearsvc_C1.0,151098,0.568815973738,0.611111111111,0.0,0.0,0.0,undefined,0.0,8.42434597015
cm160510,linearsvc_C1.0,143544,0.540378563147,0.611111111111,0.0,0.0,0.0,undefined,0.0,8.12673306465
cm160510,linearsvc_C1.0,136367,0.513360387899,0.611111111111,0.0,0.0,0.0,undefined,0.0,7.68346214294
cm160510,linearsvc_C1.0,129549,0.487693686097,0.611111111111,0.0,0.0,0.0,undefined,0.0,7.24492502213
cm160510,linearsvc_C1.0,123072,0.463310695839,0.611111111111,0.0,0.0,0.0,undefined,0.0,6.96725893021
cm160510,linearsvc_C1.0,116919,0.440147419777,0.611111111111,0.0,0.0,0.0,undefined,0.0,6.4808139801
cm160510,linearsvc_C1.0,111074,0.418143625111,0.611111111111,0.0,0.0,0.0,undefined,0.0,6.1747739315
cm160510,linearsvc_C1.0,105521,0.39723907904,0.611111111111,0.0,0.0,0.0,undefined,0.0,5.82538580894
cm160510,linearsvc_C1.0,100245,0.377377313316,0.611111111111,0.0,0.0,0.0,undefined,0.0,5.44431900978
cm160510,linearsvc_C1.0,95233,0.358509388788,0.611111111111,0.0,0.0,0.0,undefined,0.0,5.08219408989
cm160510,linearsvc_C1.0,90472,0.340586366306,0.611111111111,0.0,0.0,0.0,undefined,0.0,4.72369408607
cm160510,linearsvc_C1.0,85949,0.32355930672,0.611111111111,0.0,0.0,0.0,undefined,0.0,4.60203385353
cm160510,linearsvc_C1.0,81652,0.307383035432,0.611111111111,0.0,0.0,0.0,undefined,0.0,4.27060294151
cm160510,linearsvc_C1.0,77570,0.29201614239,0.611111111111,0.0,0.0,0.0,undefined,0.0,4.12510681152
cm160510,linearsvc_C1.0,73692,0.277417217546,0.611111111111,0.0,0.0,0.0,undefined,0.0,3.88451600075
cm160510,linearsvc_C1.0,70008,0.263548615399,0.611111111111,0.0,0.0,0.0,undefined,0.0,3.73275399208
cm160510,linearsvc_C1.0,66508,0.250372690449,0.611111111111,0.0,0.0,0.0,undefined,0.0,3.39827203751
cm160510,linearsvc_C1.0,63183,0.237855561746,0.611111111111,0.0,0.0,0.0,undefined,0.0,3.12577795982
cm160510,linearsvc_C1.0,60024,0.225963348341,0.611111111111,0.0,0.0,0.0,undefined,0.0,3.09213495255
cm160510,linearsvc_C1.0,57023,0.214665933834,0.611111111111,0.0,0.0,0.0,undefined,0.0,2.96130609512
cm160510,linearsvc_C1.0,54172,0.203933201825,0.611111111111,0.0,0.0,0.0,undefined,0.0,2.69861483574
cm160510,linearsvc_C1.0,51464,0.193738800464,0.611111111111,0.0,0.0,0.0,undefined,0.0,2.63576579094
cm160510,linearsvc_C1.0,48891,0.184052613351,0.611111111111,0.0,0.0,0.0,undefined,0.0,2.47871088982
cm160510,linearsvc_C1.0,46447,0.174852053186,0.611111111111,0.0,0.0,0.0,undefined,0.0,2.18073320389
cm160510,linearsvc_C1.0,44125,0.166110768119,0.611111111111,0.0,0.0,0.0,undefined,0.0,2.22165608406
cm160510,linearsvc_C1.0,41919,0.15780617085,0.611111111111,0.0,0.0,0.0,undefined,0.0,2.1296889782
cm160510,linearsvc_C1.0,39824,0.14991943863,0.611111111111,0.0,0.0,0.0,undefined,0.0,1.93398213387
cm160510,linearsvc_C1.0,37833,0.142424219609,0.611111111111,0.0,0.0,0.0,undefined,0.0,1.87874794006
cm160510,linearsvc_C1.0,35942,0.135305455586,0.611111111111,0.0,0.0,0.0,undefined,0.0,1.72429895401
cm160510,linearsvc_C1.0,34145,0.128540559262,0.611111111111,0.0,0.0,0.0,undefined,0.0,1.62297987938
cm160510,linearsvc_C1.0,32438,0.122114472436,0.611111111111,0.0,0.0,0.0,undefined,0.0,1.53658914566
cm160510,linearsvc_C1.0,30817,0.116012136909,0.555555555556,0.0,0.0,0.0,undefined,0.0,1.49234008789
cm160510,linearsvc_C1.0,29277,0.110214729931,0.611111111111,0.0,0.0,0.0,undefined,0.0,1.40629506111
cm160510,linearsvc_C1.0,27814,0.104707193302,0.611111111111,0.0,0.0,0.0,undefined,0.0,1.24106192589
cm160510,linearsvc_C1.0,26424,0.099474468822,0.611111111111,0.0,0.0,0.0,undefined,0.0,1.22237801552
cm160510,linearsvc_C1.0,25103,0.0945014982909,0.611111111111,0.0,0.0,0.0,undefined,0.0,1.16352510452
cm160510,linearsvc_C1.0,23848,0.0897769880588,0.611111111111,0.0,0.0,0.0,undefined,0.0,1.11425995827
cm160510,linearsvc_C1.0,22656,0.0852896444759,0.611111111111,0.0,0.0,0.0,undefined,0.0,0.989207029343
cm160510,linearsvc_C1.0,21524,0.0810281738921,0.611111111111,0.0,0.0,0.0,undefined,0.0,0.997900009155
cm160510,linearsvc_C1.0,20448,0.0769775181075,0.611111111111,0.0,0.0,0.0,undefined,0.0,0.925545930862
cm160510,linearsvc_C1.0,19426,0.0731301480221,0.611111111111,0.0,0.0,0.0,undefined,0.0,0.918818950653
cm160510,linearsvc_C1.0,18455,0.069474769986,0.611111111111,0.0,0.0,0.0,undefined,0.0,0.839516162872
cm160510,linearsvc_C1.0,17533,0.0660038548992,0.555555555556,0.0,0.0,0.0,undefined,0.0,0.769114017487
cm160510,linearsvc_C1.0,16657,0.0627061091117,0.555555555556,0.0,0.0,0.0,undefined,0.0,0.767858028412
cm160510,linearsvc_C1.0,15825,0.0595740035236,0.611111111111,0.0,0.0,0.0,undefined,0.0,0.719170808792
cm160510,linearsvc_C1.0,15034,0.0565962444849,0.611111111111,0.0,0.0,0.0,undefined,0.0,0.655382871628
cm160510,linearsvc_C1.0,14283,0.0537690674457,0.555555555556,0.0,0.0,0.0,undefined,0.0,0.645119905472
cm160510,linearsvc_C1.0,13569,0.0510811787559,0.611111111111,0.0,0.0,0.0,undefined,0.0,0.584262132645
cm160510,linearsvc_C1.0,12891,0.0485288138656,0.611111111111,0.0,0.0,0.0,undefined,0.0,0.569936990738
cm160510,linearsvc_C1.0,12247,0.0461044436748,0.611111111111,0.0,0.0,0.0,undefined,0.0,0.51979804039
cm160510,linearsvc_C1.0,11635,0.0438005390836,0.611111111111,0.0,0.0,0.0,undefined,0.0,0.491459846497
cm160510,linearsvc_C1.0,11054,0.0416133355419,0.555555555556,0.0,0.0,0.0,undefined,0.0,0.451561927795
cm160510,linearsvc_C1.0,10502,0.0395353039498,0.611111111111,0.0,0.0,0.0,undefined,0.0,0.411005020142
cm160510,linearsvc_C1.0,9977,0.0375589152073,0.611111111111,0.0,0.0,0.0,undefined,0.0,0.381515979767
cm160510,linearsvc_C1.0,9479,0.0356841693144,0.611111111111,0.0,0.0,0.0,undefined,0.0,0.350884914398
cm160510,linearsvc_C1.0,9006,0.0339035371712,0.555555555556,0.0,0.0,0.0,undefined,0.0,0.344252109528
cm160510,linearsvc_C1.0,8556,0.0322094896776,0.5,0.0,0.0,0.0,undefined,0.0,0.34909081459
cm160510,linearsvc_C1.0,8129,0.0306020268337,0.5,0.0,0.0,0.0,undefined,0.0,0.296632051468
cm160510,linearsvc_C1.0,7723,0.0290736195395,0.5,0.0,0.0,0.0,undefined,0.0,0.295097112656
cm160510,linearsvc_C1.0,7337,0.027620503245,0.5,0.0,0.0,0.0,undefined,0.0,0.266566991806
cm160510,linearsvc_C1.0,6971,0.0262426779503,0.444444444444,0.0,0.0,0.0,undefined,0.0,0.268987894058
cm160510,linearsvc_C1.0,6623,0.0249326145553,0.388888888889,0.0,0.0,0.0,undefined,0.0,0.237884998322
cm160510,linearsvc_C1.0,6292,0.02368654851,0.444444444444,0.0,0.0,0.0,undefined,0.0,0.240200042725
cm160510,linearsvc_C1.0,5978,0.0225044798145,0.555555555556,0.0,0.0,0.0,undefined,0.0,0.241951942444
cm160510,linearsvc_C1.0,5680,0.0213826439187,0.444444444444,0.0,0.0,0.0,undefined,0.0,0.198635816574
cm160510,linearsvc_C1.0,5396,0.0203135117228,0.5,0.0,0.0,0.0,undefined,0.0,0.191757917404
cm160510,linearsvc_C1.0,5127,0.0193008477767,0.444444444444,0.0,0.0,0.0,undefined,0.0,0.195911169052
cm160510,linearsvc_C1.0,4871,0.0183371229803,0.5,0.0,0.0,0.0,undefined,0.0,0.184840917587
cm160510,linearsvc_C1.0,4628,0.0174223373338,0.444444444444,0.0,0.0,0.0,undefined,0.0,0.168638944626
cm160510,linearsvc_C1.0,4397,0.0165527262871,0.444444444444,0.0,0.0,0.0,undefined,0.0,0.182029008865
cm160510,linearsvc_C1.0,4178,0.0157282898402,0.444444444444,0.0,0.0,0.0,undefined,0.0,0.179714918137
cm160510,linearsvc_C1.0,3970,0.0149452634432,0.444444444444,0.0,0.0,0.0,undefined,0.0,0.155285835266
cm160510,linearsvc_C1.0,3772,0.014199882546,0.444444444444,0.0,0.0,0.0,undefined,0.0,0.155739068985
cm160510,linearsvc_C1.0,3584,0.0134921471487,0.5,0.0,0.0,0.0,undefined,0.0,0.224956989288
cm160510,linearsvc_C1.0,3405,0.0128182927013,0.5,0.0,0.0,0.0,undefined,0.0,0.200453996658
cm160510,linearsvc_C1.0,3235,0.0121783192037,0.444444444444,0.0,0.0,0.0,undefined,0.0,0.87450003624
cm160510,linearsvc_C1.0,3074,0.011572226656,0.5,0.0,0.0,0.0,undefined,0.0,1.36144709587
cm160510,linearsvc_C1.0,2921,0.0109962505082,0.555555555556,0.0,0.0,0.0,undefined,0.0,0.162781000137
cm160510,linearsvc_C1.0,2775,0.0104466262103,0.555555555556,0.0,0.0,0.0,undefined,0.0,1.01592612267
cm160510,linearsvc_C1.0,2637,0.00992711831228,0.555555555556,0.0,0.0,0.0,undefined,0.0,1.04139685631
cm160510,linearsvc_C1.0,2506,0.00943396226415,0.555555555556,0.0,0.0,0.0,undefined,0.0,1.42938804626
cm160510,linearsvc_C1.0,2381,0.00896339351594,0.555555555556,0.0,0.0,0.0,undefined,0.0,1.03704094887
cm160510,linearsvc_C1.0,2262,0.00851541206764,0.388888888889,0.0,0.0,0.0,undefined,0.0,0.984524965286
cm160510,linearsvc_C1.0,2149,0.00809001791926,0.5,0.0,0.0,0.0,undefined,0.0,1.16716504097
cm160510,linearsvc_C1.0,2042,0.00768721107079,0.444444444444,0.0,0.0,0.0,undefined,0.0,1.33226799965
cm160510,linearsvc_C1.0,1940,0.00730322697225,0.444444444444,0.0,0.0,0.0,undefined,0.0,1.13768696785
cm160510,linearsvc_C1.0,1843,0.00693806562364,0.444444444444,0.0,0.0,0.0,undefined,0.0,0.780394077301
cm160510,linearsvc_C1.0,1751,0.00659172702495,0.555555555556,0.0,0.0,0.0,undefined,0.0,0.824443101883
cm160510,linearsvc_C1.0,1664,0.0062642111762,0.555555555556,0.0,0.0,0.0,undefined,0.0,0.801057100296
cm160510,linearsvc_C1.0,1581,0.00595175352738,0.5,0.0,0.0,0.0,undefined,0.0,0.964416980743
cm160510,linearsvc_C1.0,1502,0.00565435407851,0.555555555556,0.0,0.0,0.0,undefined,0.0,1.01531386375
cm160510,linearsvc_C1.0,1427,0.00537201282959,0.555555555556,0.0,0.0,0.0,undefined,0.0,0.981093883514
cm160510,linearsvc_C1.0,1356,0.0051047297806,0.555555555556,0.0,0.0,0.0,undefined,0.0,0.754025936127
cm160510,linearsvc_C10.0,265636,1.0,0.666666666667,0.0,0.0,0.0,undefined,0.0,17.2439160347
cm160510,linearsvc_C10.0,252355,0.95000301164,0.666666666667,0.0,0.0,0.0,undefined,0.0,16.5739278793
cm160510,linearsvc_C10.0,239738,0.90250568447,0.666666666667,0.0,0.0,0.0,undefined,0.0,15.3210139275
cm160510,linearsvc_C10.0,227752,0.857383788342,0.666666666667,0.0,0.0,0.0,undefined,0.0,14.271502018
cm160510,linearsvc_C10.0,216365,0.814516857655,0.666666666667,0.0,0.0,0.0,undefined,0.0,13.3773219585
cm160510,linearsvc_C10.0,205547,0.77379195591,0.666666666667,0.0,0.0,0.0,undefined,0.0,14.3570001125
cm160510,linearsvc_C10.0,195270,0.735103675707,0.666666666667,0.0,0.0,0.0,undefined,0.0,15.0359251499
cm160510,linearsvc_C10.0,185507,0.698350374196,0.666666666667,0.0,0.0,0.0,undefined,0.0,13.6190481186
cm160510,linearsvc_C10.0,176232,0.663434173079,0.666666666667,0.0,0.0,0.0,undefined,0.0,11.805866003
cm160510,linearsvc_C10.0,167421,0.630264723155,0.666666666667,0.0,0.0,0.0,undefined,0.0,9.5910050869
cm160510,linearsvc_C10.0,159050,0.598751675225,0.666666666667,0.0,0.0,0.0,undefined,0.0,9.12511515617
cm160510,linearsvc_C10.0,151098,0.568815973738,0.666666666667,0.0,0.0,0.0,undefined,0.0,8.54416394234
cm160510,linearsvc_C10.0,143544,0.540378563147,0.666666666667,0.0,0.0,0.0,undefined,0.0,8.06558585167
cm160510,linearsvc_C10.0,136367,0.513360387899,0.666666666667,0.0,0.0,0.0,undefined,0.0,7.63834285736
cm160510,linearsvc_C10.0,129549,0.487693686097,0.666666666667,0.0,0.0,0.0,undefined,0.0,7.16549682617
cm160510,linearsvc_C10.0,123072,0.463310695839,0.666666666667,0.0,0.0,0.0,undefined,0.0,6.78958010674
cm160510,linearsvc_C10.0,116919,0.440147419777,0.666666666667,0.0,0.0,0.0,undefined,0.0,6.43617987633
cm160510,linearsvc_C10.0,111074,0.418143625111,0.666666666667,0.0,0.0,0.0,undefined,0.0,6.02734589577
cm160510,linearsvc_C10.0,105521,0.39723907904,0.666666666667,0.0,0.0,0.0,undefined,0.0,5.80036592484
cm160510,linearsvc_C10.0,100245,0.377377313316,0.666666666667,0.0,0.0,0.0,undefined,0.0,5.29109501839
cm160510,linearsvc_C10.0,95233,0.358509388788,0.666666666667,0.0,0.0,0.0,undefined,0.0,4.96731805801
cm160510,linearsvc_C10.0,90472,0.340586366306,0.666666666667,0.0,0.0,0.0,undefined,0.0,4.66789007187
cm160510,linearsvc_C10.0,85949,0.32355930672,0.666666666667,0.0,0.0,0.0,undefined,0.0,4.60393095016
cm160510,linearsvc_C10.0,81652,0.307383035432,0.666666666667,0.0,0.0,0.0,undefined,0.0,4.26756501198
cm160510,linearsvc_C10.0,77570,0.29201614239,0.666666666667,0.0,0.0,0.0,undefined,0.0,4.08419299126
cm160510,linearsvc_C10.0,73692,0.277417217546,0.611111111111,0.0,0.0,0.0,undefined,0.0,3.82978987694
cm160510,linearsvc_C10.0,70008,0.263548615399,0.611111111111,0.0,0.0,0.0,undefined,0.0,3.55381584167
cm160510,linearsvc_C10.0,66508,0.250372690449,0.666666666667,0.0,0.0,0.0,undefined,0.0,3.2952041626
cm160510,linearsvc_C10.0,63183,0.237855561746,0.666666666667,0.0,0.0,0.0,undefined,0.0,3.20997977257
cm160510,linearsvc_C10.0,60024,0.225963348341,0.611111111111,0.0,0.0,0.0,undefined,0.0,2.94045591354
cm160510,linearsvc_C10.0,57023,0.214665933834,0.611111111111,0.0,0.0,0.0,undefined,0.0,2.93749690056
cm160510,linearsvc_C10.0,54172,0.203933201825,0.611111111111,0.0,0.0,0.0,undefined,0.0,2.68082094193
cm160510,linearsvc_C10.0,51464,0.193738800464,0.611111111111,0.0,0.0,0.0,undefined,0.0,2.51043891907
cm160510,linearsvc_C10.0,48891,0.184052613351,0.611111111111,0.0,0.0,0.0,undefined,0.0,2.34389996529
cm160510,linearsvc_C10.0,46447,0.174852053186,0.611111111111,0.0,0.0,0.0,undefined,0.0,2.33548307419
cm160510,linearsvc_C10.0,44125,0.166110768119,0.611111111111,0.0,0.0,0.0,undefined,0.0,2.00660705566
cm160510,linearsvc_C10.0,41919,0.15780617085,0.611111111111,0.0,0.0,0.0,undefined,0.0,1.99694490433
cm160510,linearsvc_C10.0,39824,0.14991943863,0.611111111111,0.0,0.0,0.0,undefined,0.0,1.79178118706
cm160510,linearsvc_C10.0,37833,0.142424219609,0.611111111111,0.0,0.0,0.0,undefined,0.0,1.78379702568
cm160510,linearsvc_C10.0,35942,0.135305455586,0.611111111111,0.0,0.0,0.0,undefined,0.0,1.70321798325
cm160510,linearsvc_C10.0,34145,0.128540559262,0.611111111111,0.0,0.0,0.0,undefined,0.0,1.55105805397
cm160510,linearsvc_C10.0,32438,0.122114472436,0.611111111111,0.0,0.0,0.0,undefined,0.0,1.4770128727
cm160510,linearsvc_C10.0,30817,0.116012136909,0.611111111111,0.0,0.0,0.0,undefined,0.0,1.28846001625
cm160510,linearsvc_C10.0,29277,0.110214729931,0.611111111111,0.0,0.0,0.0,undefined,0.0,1.28447294235
cm160510,linearsvc_C10.0,27814,0.104707193302,0.555555555556,0.0,0.0,0.0,undefined,0.0,1.22588014603
cm160510,linearsvc_C10.0,26424,0.099474468822,0.555555555556,0.0,0.0,0.0,undefined,0.0,1.1596570015
cm160510,linearsvc_C10.0,25103,0.0945014982909,0.555555555556,0.0,0.0,0.0,undefined,0.0,1.09982395172
cm160510,linearsvc_C10.0,23848,0.0897769880588,0.555555555556,0.0,0.0,0.0,undefined,0.0,1.02132892609
cm160510,linearsvc_C10.0,22656,0.0852896444759,0.555555555556,0.0,0.0,0.0,undefined,0.0,0.965963125229
cm160510,linearsvc_C10.0,21524,0.0810281738921,0.555555555556,0.0,0.0,0.0,undefined,0.0,0.924476146698
cm160510,linearsvc_C10.0,20448,0.0769775181075,0.555555555556,0.0,0.0,0.0,undefined,0.0,0.86012005806
cm160510,linearsvc_C10.0,19426,0.0731301480221,0.555555555556,0.0,0.0,0.0,undefined,0.0,0.800827026367
cm160510,linearsvc_C10.0,18455,0.069474769986,0.555555555556,0.0,0.0,0.0,undefined,0.0,0.796514034271
cm160510,linearsvc_C10.0,17533,0.0660038548992,0.555555555556,0.0,0.0,0.0,undefined,0.0,0.703355073929
cm160510,linearsvc_C10.0,16657,0.0627061091117,0.555555555556,0.0,0.0,0.0,undefined,0.0,0.696674108505
cm160510,linearsvc_C10.0,15825,0.0595740035236,0.555555555556,0.0,0.0,0.0,undefined,0.0,0.636940956116
cm160510,linearsvc_C10.0,15034,0.0565962444849,0.555555555556,0.0,0.0,0.0,undefined,0.0,0.607819795609
cm160510,linearsvc_C10.0,14283,0.0537690674457,0.555555555556,0.0,0.0,0.0,undefined,0.0,0.576834917068
cm160510,linearsvc_C10.0,13569,0.0510811787559,0.555555555556,0.0,0.0,0.0,undefined,0.0,0.530301809311
cm160510,linearsvc_C10.0,12891,0.0485288138656,0.555555555556,0.0,0.0,0.0,undefined,0.0,0.510953903198
cm160510,linearsvc_C10.0,12247,0.0461044436748,0.555555555556,0.0,0.0,0.0,undefined,0.0,0.469063997269
cm160510,linearsvc_C10.0,11635,0.0438005390836,0.555555555556,0.0,0.0,0.0,undefined,0.0,0.476345062256
cm160510,linearsvc_C10.0,11054,0.0416133355419,0.555555555556,0.0,0.0,0.0,undefined,0.0,0.425200223923
cm160510,linearsvc_C10.0,10502,0.0395353039498,0.555555555556,0.0,0.0,0.0,undefined,0.0,0.389394044876
cm160510,linearsvc_C10.0,9977,0.0375589152073,0.5,0.0,0.0,0.0,undefined,0.0,0.375217914581
cm160510,linearsvc_C10.0,9479,0.0356841693144,0.555555555556,0.0,0.0,0.0,undefined,0.0,0.334555149078
cm160510,linearsvc_C10.0,9006,0.0339035371712,0.5,0.0,0.0,0.0,undefined,0.0,0.287328004837
cm160510,linearsvc_C10.0,8556,0.0322094896776,0.5,0.0,0.0,0.0,undefined,0.0,0.297866106033
cm160510,linearsvc_C10.0,8129,0.0306020268337,0.5,0.0,0.0,0.0,undefined,0.0,0.298884868622
cm160510,linearsvc_C10.0,7723,0.0290736195395,0.555555555556,0.0,0.0,0.0,undefined,0.0,0.241144895554
cm160510,linearsvc_C10.0,7337,0.027620503245,0.555555555556,0.0,0.0,0.0,undefined,0.0,0.239567041397
cm160510,linearsvc_C10.0,6971,0.0262426779503,0.555555555556,0.0,0.0,0.0,undefined,0.0,0.228546142578
cm160510,linearsvc_C10.0,6623,0.0249326145553,0.555555555556,0.0,0.0,0.0,undefined,0.0,0.241362094879
cm160510,linearsvc_C10.0,6292,0.02368654851,0.555555555556,0.0,0.0,0.0,undefined,0.0,0.217833042145
cm160510,linearsvc_C10.0,5978,0.0225044798145,0.555555555556,0.0,0.0,0.0,undefined,0.0,0.199486017227
cm160510,linearsvc_C10.0,5680,0.0213826439187,0.444444444444,0.0,0.0,0.0,undefined,0.0,0.198327064514
cm160510,linearsvc_C10.0,5396,0.0203135117228,0.444444444444,0.0,0.0,0.0,undefined,0.0,0.179300069809
cm160510,linearsvc_C10.0,5127,0.0193008477767,0.388888888889,0.0,0.0,0.0,undefined,0.0,0.154124975204
cm160510,linearsvc_C10.0,4871,0.0183371229803,0.388888888889,0.0,0.0,0.0,undefined,0.0,0.157768011093
cm160510,linearsvc_C10.0,4628,0.0174223373338,0.388888888889,0.0,0.0,0.0,undefined,0.0,0.159383058548
cm160510,linearsvc_C10.0,4397,0.0165527262871,0.388888888889,0.0,0.0,0.0,undefined,0.0,0.160283088684
cm160510,linearsvc_C10.0,4178,0.0157282898402,0.444444444444,0.0,0.0,0.0,undefined,0.0,0.140527009964
cm160510,linearsvc_C10.0,3970,0.0149452634432,0.444444444444,0.0,0.0,0.0,undefined,0.0,0.140444040298
cm160510,linearsvc_C10.0,3772,0.014199882546,0.444444444444,0.0,0.0,0.0,undefined,0.0,0.130125999451
cm160510,linearsvc_C10.0,3584,0.0134921471487,0.444444444444,0.0,0.0,0.0,undefined,0.0,0.130572795868
cm160510,linearsvc_C10.0,3405,0.0128182927013,0.444444444444,0.0,0.0,0.0,undefined,0.0,0.121883869171
cm160510,linearsvc_C10.0,3235,0.0121783192037,0.444444444444,0.0,0.0,0.0,undefined,0.0,0.125255823135
cm160510,linearsvc_C10.0,3074,0.011572226656,0.444444444444,0.0,0.0,0.0,undefined,0.0,0.109796047211
cm160510,linearsvc_C10.0,2921,0.0109962505082,0.444444444444,0.0,0.0,0.0,undefined,0.0,0.112782001495
cm160510,linearsvc_C10.0,2775,0.0104466262103,0.444444444444,0.0,0.0,0.0,undefined,0.0,0.100389003754
cm160510,linearsvc_C10.0,2637,0.00992711831228,0.444444444444,0.0,0.0,0.0,undefined,0.0,0.0974059104919
cm160510,linearsvc_C10.0,2506,0.00943396226415,0.5,0.0,0.0,0.0,undefined,0.0,0.100574016571
cm160510,linearsvc_C10.0,2381,0.00896339351594,0.5,0.0,0.0,0.0,undefined,0.0,0.0896170139313
cm160510,linearsvc_C10.0,2262,0.00851541206764,0.5,0.0,0.0,0.0,undefined,0.0,0.126981973648
cm160510,linearsvc_C10.0,2149,0.00809001791926,0.5,0.0,0.0,0.0,undefined,0.0,0.117295980453
cm160510,linearsvc_C10.0,2042,0.00768721107079,0.5,0.0,0.0,0.0,undefined,0.0,0.0841059684753
cm160510,linearsvc_C10.0,1940,0.00730322697225,0.5,0.0,0.0,0.0,undefined,0.0,0.117395877838
cm160510,linearsvc_C10.0,1843,0.00693806562364,0.5,0.0,0.0,0.0,undefined,0.0,0.105099916458
cm160510,linearsvc_C10.0,1751,0.00659172702495,0.555555555556,0.0,0.0,0.0,undefined,0.0,0.104041814804
cm160510,linearsvc_C10.0,1664,0.0062642111762,0.555555555556,0.0,0.0,0.0,undefined,0.0,0.109720945358
cm160510,linearsvc_C10.0,1581,0.00595175352738,0.555555555556,0.0,0.0,0.0,undefined,0.0,0.104476928711
cm160510,linearsvc_C10.0,1502,0.00565435407851,0.555555555556,0.0,0.0,0.0,undefined,0.0,0.112550020218
cm160510,linearsvc_C10.0,1427,0.00537201282959,0.555555555556,0.0,0.0,0.0,undefined,0.0,0.103748083115
cm160510,linearsvc_C10.0,1356,0.0051047297806,0.611111111111,0.0,0.0,0.0,undefined,0.0,0.0968580245972
cm160510,linearsvc_C100.0,265636,1.0,0.555555555556,0.0,0.0,0.0,undefined,0.0,17.96043396
cm160510,linearsvc_C100.0,252355,0.95000301164,0.555555555556,0.0,0.0,0.0,undefined,0.0,17.044711113
cm160510,linearsvc_C100.0,239738,0.90250568447,0.555555555556,0.0,0.0,0.0,undefined,0.0,16.2313559055
cm160510,linearsvc_C100.0,227752,0.857383788342,0.555555555556,0.0,0.0,0.0,undefined,0.0,15.1712119579
cm160510,linearsvc_C100.0,216365,0.814516857655,0.555555555556,0.0,0.0,0.0,undefined,0.0,13.944108963
cm160510,linearsvc_C100.0,205547,0.77379195591,0.611111111111,0.0,0.0,0.0,undefined,0.0,13.2212290764
cm160510,linearsvc_C100.0,195270,0.735103675707,0.611111111111,0.0,0.0,0.0,undefined,0.0,12.5109591484
cm160510,linearsvc_C100.0,185507,0.698350374196,0.555555555556,0.0,0.0,0.0,undefined,0.0,11.5400810242
cm160510,linearsvc_C100.0,176232,0.663434173079,0.611111111111,0.0,0.0,0.0,undefined,0.0,10.9286060333
cm160510,linearsvc_C100.0,167421,0.630264723155,0.555555555556,0.0,0.0,0.0,undefined,0.0,10.2991881371
cm160510,linearsvc_C100.0,159050,0.598751675225,0.555555555556,0.0,0.0,0.0,undefined,0.0,9.8240840435
cm160510,linearsvc_C100.0,151098,0.568815973738,0.611111111111,0.0,0.0,0.0,undefined,0.0,9.0554318428
cm160510,linearsvc_C100.0,143544,0.540378563147,0.611111111111,0.0,0.0,0.0,undefined,0.0,8.47088813782
cm160510,linearsvc_C100.0,136367,0.513360387899,0.611111111111,0.0,0.0,0.0,undefined,0.0,7.90123414993
cm160510,linearsvc_C100.0,129549,0.487693686097,0.666666666667,0.0,0.0,0.0,undefined,0.0,7.6460340023
cm160510,linearsvc_C100.0,123072,0.463310695839,0.666666666667,0.0,0.0,0.0,undefined,0.0,7.14047288895
cm160510,linearsvc_C100.0,116919,0.440147419777,0.666666666667,0.0,0.0,0.0,undefined,0.0,6.5468249321
cm160510,linearsvc_C100.0,111074,0.418143625111,0.611111111111,0.0,0.0,0.0,undefined,0.0,6.29645109177
cm160510,linearsvc_C100.0,105521,0.39723907904,0.611111111111,0.0,0.0,0.0,undefined,0.0,6.0469648838
cm160510,linearsvc_C100.0,100245,0.377377313316,0.611111111111,0.0,0.0,0.0,undefined,0.0,5.63715195656
cm160510,linearsvc_C100.0,95233,0.358509388788,0.611111111111,0.0,0.0,0.0,undefined,0.0,5.28742694855
cm160510,linearsvc_C100.0,90472,0.340586366306,0.611111111111,0.0,0.0,0.0,undefined,0.0,4.93039393425
cm160510,linearsvc_C100.0,85949,0.32355930672,0.611111111111,0.0,0.0,0.0,undefined,0.0,4.66490507126
cm160510,linearsvc_C100.0,81652,0.307383035432,0.611111111111,0.0,0.0,0.0,undefined,0.0,4.35717916489
cm160510,linearsvc_C100.0,77570,0.29201614239,0.611111111111,0.0,0.0,0.0,undefined,0.0,4.21068501472
cm160510,linearsvc_C100.0,73692,0.277417217546,0.611111111111,0.0,0.0,0.0,undefined,0.0,3.90399312973
cm160510,linearsvc_C100.0,70008,0.263548615399,0.611111111111,0.0,0.0,0.0,undefined,0.0,3.58843398094
cm160510,linearsvc_C100.0,66508,0.250372690449,0.555555555556,0.0,0.0,0.0,undefined,0.0,3.38696599007
cm160510,linearsvc_C100.0,63183,0.237855561746,0.555555555556,0.0,0.0,0.0,undefined,0.0,3.22445106506
cm160510,linearsvc_C100.0,60024,0.225963348341,0.555555555556,0.0,0.0,0.0,undefined,0.0,3.17470407486
cm160510,linearsvc_C100.0,57023,0.214665933834,0.555555555556,0.0,0.0,0.0,undefined,0.0,2.7601017952
cm160510,linearsvc_C100.0,54172,0.203933201825,0.555555555556,0.0,0.0,0.0,undefined,0.0,2.7678129673
cm160510,linearsvc_C100.0,51464,0.193738800464,0.555555555556,0.0,0.0,0.0,undefined,0.0,2.57586193085
cm160510,linearsvc_C100.0,48891,0.184052613351,0.555555555556,0.0,0.0,0.0,undefined,0.0,2.44334983826
cm160510,linearsvc_C100.0,46447,0.174852053186,0.555555555556,0.0,0.0,0.0,undefined,0.0,2.302090168
cm160510,linearsvc_C100.0,44125,0.166110768119,0.5,0.0,0.0,0.0,undefined,0.0,2.14638900757
cm160510,linearsvc_C100.0,41919,0.15780617085,0.555555555556,0.0,0.0,0.0,undefined,0.0,1.96867704391
cm160510,linearsvc_C100.0,39824,0.14991943863,0.5,0.0,0.0,0.0,undefined,0.0,1.93418502808
cm160510,linearsvc_C100.0,37833,0.142424219609,0.5,0.0,0.0,0.0,undefined,0.0,1.80460190773
cm160510,linearsvc_C100.0,35942,0.135305455586,0.5,0.0,0.0,0.0,undefined,0.0,1.72216796875
cm160510,linearsvc_C100.0,34145,0.128540559262,0.5,0.0,0.0,0.0,undefined,0.0,1.53232502937
cm160510,linearsvc_C100.0,32438,0.122114472436,0.5,0.0,0.0,0.0,undefined,0.0,1.46217393875
cm160510,linearsvc_C100.0,30817,0.116012136909,0.5,0.0,0.0,0.0,undefined,0.0,1.42647194862
cm160510,linearsvc_C100.0,29277,0.110214729931,0.5,0.0,0.0,0.0,undefined,0.0,1.30001688004
cm160510,linearsvc_C100.0,27814,0.104707193302,0.5,0.0,0.0,0.0,undefined,0.0,1.29142689705
cm160510,linearsvc_C100.0,26424,0.099474468822,0.5,0.0,0.0,0.0,undefined,0.0,1.20941495895
cm160510,linearsvc_C100.0,25103,0.0945014982909,0.5,0.0,0.0,0.0,undefined,0.0,1.07402896881
cm160510,linearsvc_C100.0,23848,0.0897769880588,0.5,0.0,0.0,0.0,undefined,0.0,1.02117800713
cm160510,linearsvc_C100.0,22656,0.0852896444759,0.5,0.0,0.0,0.0,undefined,0.0,0.966973781586
cm160510,linearsvc_C100.0,21524,0.0810281738921,0.5,0.0,0.0,0.0,undefined,0.0,0.906222820282
cm160510,linearsvc_C100.0,20448,0.0769775181075,0.5,0.0,0.0,0.0,undefined,0.0,0.899130105972
cm160510,linearsvc_C100.0,19426,0.0731301480221,0.5,0.0,0.0,0.0,undefined,0.0,0.823544025421
cm160510,linearsvc_C100.0,18455,0.069474769986,0.5,0.0,0.0,0.0,undefined,0.0,0.815232038498
cm160510,linearsvc_C100.0,17533,0.0660038548992,0.5,0.0,0.0,0.0,undefined,0.0,0.745033025742
cm160510,linearsvc_C100.0,16657,0.0627061091117,0.5,0.0,0.0,0.0,undefined,0.0,0.743411064148
cm160510,linearsvc_C100.0,15825,0.0595740035236,0.444444444444,0.0,0.0,0.0,undefined,0.0,0.64284491539
cm160510,linearsvc_C100.0,15034,0.0565962444849,0.444444444444,0.0,0.0,0.0,undefined,0.0,0.627166032791
cm160510,linearsvc_C100.0,14283,0.0537690674457,0.444444444444,0.0,0.0,0.0,undefined,0.0,0.62791800499
cm160510,linearsvc_C100.0,13569,0.0510811787559,0.444444444444,0.0,0.0,0.0,undefined,0.0,0.553521871567
cm160510,linearsvc_C100.0,12891,0.0485288138656,0.444444444444,0.0,0.0,0.0,undefined,0.0,0.573534965515
cm160510,linearsvc_C100.0,12247,0.0461044436748,0.444444444444,0.0,0.0,0.0,undefined,0.0,0.522140026093
cm160510,linearsvc_C100.0,11635,0.0438005390836,0.444444444444,0.0,0.0,0.0,undefined,0.0,0.566384792328
cm160510,linearsvc_C100.0,11054,0.0416133355419,0.444444444444,0.0,0.0,0.0,undefined,0.0,0.516881942749
cm160510,linearsvc_C100.0,10502,0.0395353039498,0.444444444444,0.0,0.0,0.0,undefined,0.0,0.455411195755
cm160510,linearsvc_C100.0,9977,0.0375589152073,0.444444444444,0.0,0.0,0.0,undefined,0.0,0.468409061432
cm160510,linearsvc_C100.0,9479,0.0356841693144,0.444444444444,0.0,0.0,0.0,undefined,0.0,0.398688793182
cm160510,linearsvc_C100.0,9006,0.0339035371712,0.444444444444,0.0,0.0,0.0,undefined,0.0,0.406079053879
cm160510,linearsvc_C100.0,8556,0.0322094896776,0.444444444444,0.0,0.0,0.0,undefined,0.0,0.370951890945
cm160510,linearsvc_C100.0,8129,0.0306020268337,0.444444444444,0.0,0.0,0.0,undefined,0.0,0.370943069458
cm160510,linearsvc_C100.0,7723,0.0290736195395,0.444444444444,0.0,0.0,0.0,undefined,0.0,0.338877916336
cm160510,linearsvc_C100.0,7337,0.027620503245,0.5,0.0,0.0,0.0,undefined,0.0,0.34668302536
cm160510,linearsvc_C100.0,6971,0.0262426779503,0.5,0.0,0.0,0.0,undefined,0.0,0.313652992249
cm160510,linearsvc_C100.0,6623,0.0249326145553,0.5,0.0,0.0,0.0,undefined,0.0,0.286199092865
cm160510,linearsvc_C100.0,6292,0.02368654851,0.5,0.0,0.0,0.0,undefined,0.0,0.252291917801
cm160510,linearsvc_C100.0,5978,0.0225044798145,0.5,0.0,0.0,0.0,undefined,0.0,0.214993953705
cm160510,linearsvc_C100.0,5680,0.0213826439187,0.5,0.0,0.0,0.0,undefined,0.0,0.241114854813
cm160510,linearsvc_C100.0,5396,0.0203135117228,0.5,0.0,0.0,0.0,undefined,0.0,0.200731039047
cm160510,linearsvc_C100.0,5127,0.0193008477767,0.5,0.0,0.0,0.0,undefined,0.0,0.217824935913
cm160510,linearsvc_C100.0,4871,0.0183371229803,0.444444444444,0.0,0.0,0.0,undefined,0.0,0.239155054092
cm160510,linearsvc_C100.0,4628,0.0174223373338,0.444444444444,0.0,0.0,0.0,undefined,0.0,0.206879138947
cm160510,linearsvc_C100.0,4397,0.0165527262871,0.444444444444,0.0,0.0,0.0,undefined,0.0,0.164324045181
cm160510,linearsvc_C100.0,4178,0.0157282898402,0.444444444444,0.0,0.0,0.0,undefined,0.0,0.170175075531
cm160510,linearsvc_C100.0,3970,0.0149452634432,0.444444444444,0.0,0.0,0.0,undefined,0.0,0.154756069183
cm160510,linearsvc_C100.0,3772,0.014199882546,0.444444444444,0.0,0.0,0.0,undefined,0.0,0.17702293396
cm160510,linearsvc_C100.0,3584,0.0134921471487,0.444444444444,0.0,0.0,0.0,undefined,0.0,0.175070047379
cm160510,linearsvc_C100.0,3405,0.0128182927013,0.444444444444,0.0,0.0,0.0,undefined,0.0,0.190504074097
cm160510,linearsvc_C100.0,3235,0.0121783192037,0.444444444444,0.0,0.0,0.0,undefined,0.0,0.207406044006
cm160510,linearsvc_C100.0,3074,0.011572226656,0.444444444444,0.0,0.0,0.0,undefined,0.0,0.154536008835
cm160510,linearsvc_C100.0,2921,0.0109962505082,0.444444444444,0.0,0.0,0.0,undefined,0.0,0.137583017349
cm160510,linearsvc_C100.0,2775,0.0104466262103,0.444444444444,0.0,0.0,0.0,undefined,0.0,0.16838312149
cm160510,linearsvc_C100.0,2637,0.00992711831228,0.444444444444,0.0,0.0,0.0,undefined,0.0,0.165413856506
cm160510,linearsvc_C100.0,2506,0.00943396226415,0.444444444444,0.0,0.0,0.0,undefined,0.0,0.123282909393
cm160510,linearsvc_C100.0,2381,0.00896339351594,0.444444444444,0.0,0.0,0.0,undefined,0.0,0.118566036224
cm160510,linearsvc_C100.0,2262,0.00851541206764,0.444444444444,0.0,0.0,0.0,undefined,0.0,0.117286205292
cm160510,linearsvc_C100.0,2149,0.00809001791926,0.444444444444,0.0,0.0,0.0,undefined,0.0,0.135583877563
cm160510,linearsvc_C100.0,2042,0.00768721107079,0.444444444444,0.0,0.0,0.0,undefined,0.0,0.131664037704
cm160510,linearsvc_C100.0,1940,0.00730322697225,0.333333333333,0.0,0.0,0.0,undefined,0.0,0.126800060272
cm160510,linearsvc_C100.0,1843,0.00693806562364,0.333333333333,0.0,0.0,0.0,undefined,0.0,0.114540100098
cm160510,linearsvc_C100.0,1751,0.00659172702495,0.333333333333,0.0,0.0,0.0,undefined,0.0,0.141529083252
cm160510,linearsvc_C100.0,1664,0.0062642111762,0.333333333333,0.0,0.0,0.0,undefined,0.0,0.14060997963
cm160510,linearsvc_C100.0,1581,0.00595175352738,0.333333333333,0.0,0.0,0.0,undefined,0.0,0.144880056381
cm160510,linearsvc_C100.0,1502,0.00565435407851,0.333333333333,0.0,0.0,0.0,undefined,0.0,0.12132692337
cm160510,linearsvc_C100.0,1427,0.00537201282959,0.333333333333,0.0,0.0,0.0,undefined,0.0,0.112083911896
cm160510,linearsvc_C100.0,1356,0.0051047297806,0.333333333333,0.0,0.0,0.0,undefined,0.0,0.10559797287
cm160510,linearsvc_C1000.0,265636,1.0,0.666666666667,0.0,0.0,0.0,undefined,0.0,17.2168040276
cm160510,linearsvc_C1000.0,252355,0.95000301164,0.666666666667,0.0,0.0,0.0,undefined,0.0,16.4083640575
cm160510,linearsvc_C1000.0,239738,0.90250568447,0.666666666667,0.0,0.0,0.0,undefined,0.0,15.1582992077
cm160510,linearsvc_C1000.0,227752,0.857383788342,0.666666666667,0.0,0.0,0.0,undefined,0.0,14.328083992
cm160510,linearsvc_C1000.0,216365,0.814516857655,0.666666666667,0.0,0.0,0.0,undefined,0.0,15.8772411346
cm160510,linearsvc_C1000.0,205547,0.77379195591,0.666666666667,0.0,0.0,0.0,undefined,0.0,16.0686478615
cm160510,linearsvc_C1000.0,195270,0.735103675707,0.666666666667,0.0,0.0,0.0,undefined,0.0,15.1607151031
cm160510,linearsvc_C1000.0,185507,0.698350374196,0.666666666667,0.0,0.0,0.0,undefined,0.0,11.669396162
cm160510,linearsvc_C1000.0,176232,0.663434173079,0.666666666667,0.0,0.0,0.0,undefined,0.0,10.4040720463
cm160510,linearsvc_C1000.0,167421,0.630264723155,0.666666666667,0.0,0.0,0.0,undefined,0.0,10.0838809013
cm160510,linearsvc_C1000.0,159050,0.598751675225,0.666666666667,0.0,0.0,0.0,undefined,0.0,9.44869208336
cm160510,linearsvc_C1000.0,151098,0.568815973738,0.666666666667,0.0,0.0,0.0,undefined,0.0,8.98627114296
cm160510,linearsvc_C1000.0,143544,0.540378563147,0.666666666667,0.0,0.0,0.0,undefined,0.0,8.35936784744
cm160510,linearsvc_C1000.0,136367,0.513360387899,0.666666666667,0.0,0.0,0.0,undefined,0.0,7.81391596794
cm160510,linearsvc_C1000.0,129549,0.487693686097,0.611111111111,0.0,0.0,0.0,undefined,0.0,7.43494200706
cm160510,linearsvc_C1000.0,123072,0.463310695839,0.611111111111,0.0,0.0,0.0,undefined,0.0,6.76085495949
cm160510,linearsvc_C1000.0,116919,0.440147419777,0.611111111111,0.0,0.0,0.0,undefined,0.0,6.69028902054
cm160510,linearsvc_C1000.0,111074,0.418143625111,0.611111111111,0.0,0.0,0.0,undefined,0.0,6.02269291878
cm160510,linearsvc_C1000.0,105521,0.39723907904,0.611111111111,0.0,0.0,0.0,undefined,0.0,5.69085597992
cm160510,linearsvc_C1000.0,100245,0.377377313316,0.611111111111,0.0,0.0,0.0,undefined,0.0,5.24846601486
cm160510,linearsvc_C1000.0,95233,0.358509388788,0.611111111111,0.0,0.0,0.0,undefined,0.0,5.0287361145
cm160510,linearsvc_C1000.0,90472,0.340586366306,0.611111111111,0.0,0.0,0.0,undefined,0.0,4.65392994881
cm160510,linearsvc_C1000.0,85949,0.32355930672,0.611111111111,0.0,0.0,0.0,undefined,0.0,4.42966914177
cm160510,linearsvc_C1000.0,81652,0.307383035432,0.611111111111,0.0,0.0,0.0,undefined,0.0,4.13275098801
cm160510,linearsvc_C1000.0,77570,0.29201614239,0.611111111111,0.0,0.0,0.0,undefined,0.0,4.00844693184
cm160510,linearsvc_C1000.0,73692,0.277417217546,0.611111111111,0.0,0.0,0.0,undefined,0.0,3.7225420475
cm160510,linearsvc_C1000.0,70008,0.263548615399,0.611111111111,0.0,0.0,0.0,undefined,0.0,3.47296094894
cm160510,linearsvc_C1000.0,66508,0.250372690449,0.611111111111,0.0,0.0,0.0,undefined,0.0,3.32746720314
cm160510,linearsvc_C1000.0,63183,0.237855561746,0.611111111111,0.0,0.0,0.0,undefined,0.0,3.1202352047
cm160510,linearsvc_C1000.0,60024,0.225963348341,0.611111111111,0.0,0.0,0.0,undefined,0.0,3.08983302116
cm160510,linearsvc_C1000.0,57023,0.214665933834,0.611111111111,0.0,0.0,0.0,undefined,0.0,2.85392689705
cm160510,linearsvc_C1000.0,54172,0.203933201825,0.611111111111,0.0,0.0,0.0,undefined,0.0,2.67458081245
cm160510,linearsvc_C1000.0,51464,0.193738800464,0.611111111111,0.0,0.0,0.0,undefined,0.0,2.43452095985
cm160510,linearsvc_C1000.0,48891,0.184052613351,0.611111111111,0.0,0.0,0.0,undefined,0.0,2.20803999901
cm160510,linearsvc_C1000.0,46447,0.174852053186,0.611111111111,0.0,0.0,0.0,undefined,0.0,2.20502901077
cm160510,linearsvc_C1000.0,44125,0.166110768119,0.611111111111,0.0,0.0,0.0,undefined,0.0,2.08796000481
cm160510,linearsvc_C1000.0,41919,0.15780617085,0.611111111111,0.0,0.0,0.0,undefined,0.0,1.95045208931
cm160510,linearsvc_C1000.0,39824,0.14991943863,0.611111111111,0.0,0.0,0.0,undefined,0.0,1.90423512459
cm160510,linearsvc_C1000.0,37833,0.142424219609,0.611111111111,0.0,0.0,0.0,undefined,0.0,1.72397112846
cm160510,linearsvc_C1000.0,35942,0.135305455586,0.611111111111,0.0,0.0,0.0,undefined,0.0,1.61975097656
cm160510,linearsvc_C1000.0,34145,0.128540559262,0.611111111111,0.0,0.0,0.0,undefined,0.0,1.61069989204
cm160510,linearsvc_C1000.0,32438,0.122114472436,0.611111111111,0.0,0.0,0.0,undefined,0.0,1.43012714386
cm160510,linearsvc_C1000.0,30817,0.116012136909,0.611111111111,0.0,0.0,0.0,undefined,0.0,1.36969304085
cm160510,linearsvc_C1000.0,29277,0.110214729931,0.611111111111,0.0,0.0,0.0,undefined,0.0,1.25642490387
cm160510,linearsvc_C1000.0,27814,0.104707193302,0.611111111111,0.0,0.0,0.0,undefined,0.0,1.19115209579
cm160510,linearsvc_C1000.0,26424,0.099474468822,0.611111111111,0.0,0.0,0.0,undefined,0.0,1.17077803612
cm160510,linearsvc_C1000.0,25103,0.0945014982909,0.611111111111,0.0,0.0,0.0,undefined,0.0,1.10144615173
cm160510,linearsvc_C1000.0,23848,0.0897769880588,0.611111111111,0.0,0.0,0.0,undefined,0.0,1.03187417984
cm160510,linearsvc_C1000.0,22656,0.0852896444759,0.555555555556,0.0,0.0,0.0,undefined,0.0,0.970456123352
cm160510,linearsvc_C1000.0,21524,0.0810281738921,0.611111111111,0.0,0.0,0.0,undefined,0.0,0.903878927231
cm160510,linearsvc_C1000.0,20448,0.0769775181075,0.611111111111,0.0,0.0,0.0,undefined,0.0,0.841974020004
cm160510,linearsvc_C1000.0,19426,0.0731301480221,0.611111111111,0.0,0.0,0.0,undefined,0.0,0.800871133804
cm160510,linearsvc_C1000.0,18455,0.069474769986,0.555555555556,0.0,0.0,0.0,undefined,0.0,0.751593112946
cm160510,linearsvc_C1000.0,17533,0.0660038548992,0.555555555556,0.0,0.0,0.0,undefined,0.0,0.746049880981
cm160510,linearsvc_C1000.0,16657,0.0627061091117,0.555555555556,0.0,0.0,0.0,undefined,0.0,0.685986995697
cm160510,linearsvc_C1000.0,15825,0.0595740035236,0.555555555556,0.0,0.0,0.0,undefined,0.0,0.657819032669
cm160510,linearsvc_C1000.0,15034,0.0565962444849,0.555555555556,0.0,0.0,0.0,undefined,0.0,0.605515003204
cm160510,linearsvc_C1000.0,14283,0.0537690674457,0.555555555556,0.0,0.0,0.0,undefined,0.0,0.566782951355
cm160510,linearsvc_C1000.0,13569,0.0510811787559,0.555555555556,0.0,0.0,0.0,undefined,0.0,0.523638963699
cm160510,linearsvc_C1000.0,12891,0.0485288138656,0.5,0.0,0.0,0.0,undefined,0.0,0.527414083481
cm160510,linearsvc_C1000.0,12247,0.0461044436748,0.5,0.0,0.0,0.0,undefined,0.0,0.460843086243
cm160510,linearsvc_C1000.0,11635,0.0438005390836,0.5,0.0,0.0,0.0,undefined,0.0,0.44498705864
cm160510,linearsvc_C1000.0,11054,0.0416133355419,0.5,0.0,0.0,0.0,undefined,0.0,0.371026992798
cm160510,linearsvc_C1000.0,10502,0.0395353039498,0.5,0.0,0.0,0.0,undefined,0.0,0.406312942505
cm160510,linearsvc_C1000.0,9977,0.0375589152073,0.5,0.0,0.0,0.0,undefined,0.0,0.354330062866
cm160510,linearsvc_C1000.0,9479,0.0356841693144,0.555555555556,0.0,0.0,0.0,undefined,0.0,0.320645093918
cm160510,linearsvc_C1000.0,9006,0.0339035371712,0.555555555556,0.0,0.0,0.0,undefined,0.0,0.31033706665
cm160510,linearsvc_C1000.0,8556,0.0322094896776,0.555555555556,0.0,0.0,0.0,undefined,0.0,0.300993919373
cm160510,linearsvc_C1000.0,8129,0.0306020268337,0.555555555556,0.0,0.0,0.0,undefined,0.0,0.272135019302
cm160510,linearsvc_C1000.0,7723,0.0290736195395,0.555555555556,0.0,0.0,0.0,undefined,0.0,0.257800102234
cm160510,linearsvc_C1000.0,7337,0.027620503245,0.555555555556,0.0,0.0,0.0,undefined,0.0,0.235777854919
cm160510,linearsvc_C1000.0,6971,0.0262426779503,0.555555555556,0.0,0.0,0.0,undefined,0.0,0.22677397728
cm160510,linearsvc_C1000.0,6623,0.0249326145553,0.5,0.0,0.0,0.0,undefined,0.0,0.229029893875
cm160510,linearsvc_C1000.0,6292,0.02368654851,0.5,0.0,0.0,0.0,undefined,0.0,0.218834161758
cm160510,linearsvc_C1000.0,5978,0.0225044798145,0.555555555556,0.0,0.0,0.0,undefined,0.0,0.198237895966
cm160510,linearsvc_C1000.0,5680,0.0213826439187,0.5,0.0,0.0,0.0,undefined,0.0,0.183431863785
cm160510,linearsvc_C1000.0,5396,0.0203135117228,0.5,0.0,0.0,0.0,undefined,0.0,0.185481071472
cm160510,linearsvc_C1000.0,5127,0.0193008477767,0.444444444444,0.0,0.0,0.0,undefined,0.0,0.157381057739
cm160510,linearsvc_C1000.0,4871,0.0183371229803,0.444444444444,0.0,0.0,0.0,undefined,0.0,0.166842937469
cm160510,linearsvc_C1000.0,4628,0.0174223373338,0.5,0.0,0.0,0.0,undefined,0.0,0.136632919312
cm160510,linearsvc_C1000.0,4397,0.0165527262871,0.5,0.0,0.0,0.0,undefined,0.0,0.156475782394
cm160510,linearsvc_C1000.0,4178,0.0157282898402,0.5,0.0,0.0,0.0,undefined,0.0,0.162072896957
cm160510,linearsvc_C1000.0,3970,0.0149452634432,0.444444444444,0.0,0.0,0.0,undefined,0.0,0.15807890892
cm160510,linearsvc_C1000.0,3772,0.014199882546,0.444444444444,0.0,0.0,0.0,undefined,0.0,0.147118806839
cm160510,linearsvc_C1000.0,3584,0.0134921471487,0.444444444444,0.0,0.0,0.0,undefined,0.0,0.140222072601
cm160510,linearsvc_C1000.0,3405,0.0128182927013,0.5,0.0,0.0,0.0,undefined,0.0,0.139940023422
cm160510,linearsvc_C1000.0,3235,0.0121783192037,0.388888888889,0.0,0.0,0.0,undefined,0.0,0.114063978195
cm160510,linearsvc_C1000.0,3074,0.011572226656,0.5,0.0,0.0,0.0,undefined,0.0,0.128106832504
cm160510,linearsvc_C1000.0,2921,0.0109962505082,0.444444444444,0.0,0.0,0.0,undefined,0.0,0.0986800193787
cm160510,linearsvc_C1000.0,2775,0.0104466262103,0.444444444444,0.0,0.0,0.0,undefined,0.0,0.104245185852
cm160510,linearsvc_C1000.0,2637,0.00992711831228,0.444444444444,0.0,0.0,0.0,undefined,0.0,0.110113143921
cm160510,linearsvc_C1000.0,2506,0.00943396226415,0.5,0.0,0.0,0.0,undefined,0.0,0.0998558998108
cm160510,linearsvc_C1000.0,2381,0.00896339351594,0.444444444444,0.0,0.0,0.0,undefined,0.0,0.10316991806
cm160510,linearsvc_C1000.0,2262,0.00851541206764,0.5,0.0,0.0,0.0,undefined,0.0,0.131596088409
cm160510,linearsvc_C1000.0,2149,0.00809001791926,0.444444444444,0.0,0.0,0.0,undefined,0.0,0.115139007568
cm160510,linearsvc_C1000.0,2042,0.00768721107079,0.444444444444,0.0,0.0,0.0,undefined,0.0,0.118294000626
cm160510,linearsvc_C1000.0,1940,0.00730322697225,0.444444444444,0.0,0.0,0.0,undefined,0.0,0.111304998398
cm160510,linearsvc_C1000.0,1843,0.00693806562364,0.444444444444,0.0,0.0,0.0,undefined,0.0,0.115163087845
cm160510,linearsvc_C1000.0,1751,0.00659172702495,0.5,0.0,0.0,0.0,undefined,0.0,0.108132123947
cm160510,linearsvc_C1000.0,1664,0.0062642111762,0.444444444444,0.0,0.0,0.0,undefined,0.0,0.105740070343
cm160510,linearsvc_C1000.0,1581,0.00595175352738,0.444444444444,0.0,0.0,0.0,undefined,0.0,0.110970973969
cm160510,linearsvc_C1000.0,1502,0.00565435407851,0.444444444444,0.0,0.0,0.0,undefined,0.0,0.102119922638
cm160510,linearsvc_C1000.0,1427,0.00537201282959,0.444444444444,0.0,0.0,0.0,undefined,0.0,0.0966160297394
cm160510,linearsvc_C1000.0,1356,0.0051047297806,0.444444444444,0.0,0.0,0.0,undefined,0.0,0.0978479385376
cm160510,elasticnetiter1000_l1ratio0.15,265636,1.0,0.5,0.0,0.0,0.0,undefined,0.0,900.364041805
cm160510,elasticnetiter1000_l1ratio0.15,252355,0.95000301164,0.611111111111,0.0,0.0,0.0,undefined,0.0,870.95478797
cm160510,elasticnetiter1000_l1ratio0.15,239738,0.90250568447,0.611111111111,0.0,0.0,0.0,undefined,0.0,840.807816982
cm160510,elasticnetiter1000_l1ratio0.15,227752,0.857383788342,0.555555555556,0.0,0.0,0.0,undefined,0.0,805.859872818
cm160510,elasticnetiter1000_l1ratio0.15,216365,0.814516857655,0.555555555556,0.0,0.0,0.0,undefined,0.0,766.749251127
cm160510,elasticnetiter1000_l1ratio0.15,205547,0.77379195591,0.611111111111,0.0,0.0,0.0,undefined,0.0,730.681730032
cm160510,elasticnetiter1000_l1ratio0.15,195270,0.735103675707,0.555555555556,0.0,0.0,0.0,undefined,0.0,698.012025118
cm160510,elasticnetiter1000_l1ratio0.15,185507,0.698350374196,0.555555555556,0.0,0.0,0.0,undefined,0.0,671.50989604
cm160510,elasticnetiter1000_l1ratio0.15,176232,0.663434173079,0.555555555556,0.0,0.0,0.0,undefined,0.0,640.094038963
cm160510,elasticnetiter1000_l1ratio0.15,167421,0.630264723155,0.611111111111,0.0,0.0,0.0,undefined,0.0,607.512442827
cm160510,elasticnetiter1000_l1ratio0.15,159050,0.598751675225,0.555555555556,0.0,0.0,0.0,undefined,0.0,575.314752102
cm160510,elasticnetiter1000_l1ratio0.15,151098,0.568815973738,0.388888888889,0.0,0.0,0.0,undefined,0.0,566.128816843
cm160510,elasticnetiter1000_l1ratio0.15,143544,0.540378563147,0.611111111111,0.0,0.0,0.0,undefined,0.0,539.550536156
cm160510,elasticnetiter1000_l1ratio0.15,136367,0.513360387899,0.5,0.0,0.0,0.0,undefined,0.0,507.271958113
cm160510,elasticnetiter1000_l1ratio0.15,129549,0.487693686097,0.611111111111,0.0,0.0,0.0,undefined,0.0,479.448905945
cm160510,elasticnetiter1000_l1ratio0.15,123072,0.463310695839,0.5,0.0,0.0,0.0,undefined,0.0,456.346688986
cm160510,elasticnetiter1000_l1ratio0.15,116919,0.440147419777,0.611111111111,0.0,0.0,0.0,undefined,0.0,439.217705011
cm160510,elasticnetiter1000_l1ratio0.15,111074,0.418143625111,0.555555555556,0.0,0.0,0.0,undefined,0.0,420.508967161
cm160510,elasticnetiter1000_l1ratio0.15,105521,0.39723907904,0.555555555556,0.0,0.0,0.0,undefined,0.0,398.44647789
cm160510,elasticnetiter1000_l1ratio0.15,100245,0.377377313316,0.222222222222,0.0,0.0,0.0,undefined,0.0,402.487454891
cm160510,elasticnetiter1000_l1ratio0.15,95233,0.358509388788,0.222222222222,0.0,0.0,0.0,undefined,0.0,386.89763689
cm160510,elasticnetiter1000_l1ratio0.15,90472,0.340586366306,0.388888888889,0.0,0.0,0.0,undefined,0.0,364.849546909
cm160510,elasticnetiter1000_l1ratio0.15,85949,0.32355930672,0.444444444444,0.0,0.0,0.0,undefined,0.0,344.676448107
cm160510,elasticnetiter1000_l1ratio0.15,81652,0.307383035432,0.5,0.0,0.0,0.0,undefined,0.0,312.52687788
cm160510,elasticnetiter1000_l1ratio0.15,77570,0.29201614239,0.444444444444,0.0,0.0,0.0,undefined,0.0,306.139701843
cm160510,elasticnetiter1000_l1ratio0.15,73692,0.277417217546,0.5,0.0,0.0,0.0,undefined,0.0,289.193843842
cm160510,elasticnetiter1000_l1ratio0.15,70008,0.263548615399,0.388888888889,0.0,0.0,0.0,undefined,0.0,292.42394495
cm160510,elasticnetiter1000_l1ratio0.15,66508,0.250372690449,0.222222222222,0.0,0.0,0.0,undefined,0.0,278.900010109
cm160510,elasticnetiter1000_l1ratio0.15,63183,0.237855561746,0.333333333333,0.0,0.0,0.0,undefined,0.0,264.973885059
cm160510,elasticnetiter1000_l1ratio0.15,60024,0.225963348341,0.333333333333,0.0,0.0,0.0,undefined,0.0,252.768965006
cm160510,elasticnetiter1000_l1ratio0.15,57023,0.214665933834,0.222222222222,0.0,0.0,0.0,undefined,0.0,247.528059006
cm160510,elasticnetiter1000_l1ratio0.15,54172,0.203933201825,0.444444444444,0.0,0.0,0.0,undefined,0.0,214.897406101
cm160510,elasticnetiter1000_l1ratio0.15,51464,0.193738800464,0.5,0.0,0.0,0.0,undefined,0.0,225.086931944
cm160510,elasticnetiter1000_l1ratio0.15,48891,0.184052613351,0.277777777778,0.0,0.0,0.0,undefined,0.0,201.021677971
cm160510,elasticnetiter1000_l1ratio0.15,46447,0.174852053186,0.555555555556,0.0,0.0,0.0,undefined,0.0,214.886413813
cm160510,elasticnetiter1000_l1ratio0.15,44125,0.166110768119,0.111111111111,0.0,0.0,0.0,undefined,0.0,188.045238018
cm160510,elasticnetiter1000_l1ratio0.15,41919,0.15780617085,0.111111111111,0.0,0.0,0.0,undefined,0.0,180.544677973
cm160510,elasticnetiter1000_l1ratio0.15,39824,0.14991943863,0.333333333333,0.0,0.0,0.0,undefined,0.0,169.067756891
cm160510,elasticnetiter1000_l1ratio0.15,37833,0.142424219609,0.333333333333,0.0,0.0,0.0,undefined,0.0,159.331372976
cm160510,elasticnetiter1000_l1ratio0.15,35942,0.135305455586,0.444444444444,0.0,0.0,0.0,undefined,0.0,155.192786932
cm160510,elasticnetiter1000_l1ratio0.15,34145,0.128540559262,0.277777777778,0.0,0.0,0.0,undefined,0.0,160.199595928
cm160510,elasticnetiter1000_l1ratio0.15,32438,0.122114472436,0.166666666667,0.0,0.0,0.0,undefined,0.0,144.566519976
cm160510,elasticnetiter1000_l1ratio0.15,30817,0.116012136909,0.277777777778,0.0,0.0,0.0,undefined,0.0,137.559785128
cm160510,elasticnetiter1000_l1ratio0.15,29277,0.110214729931,0.111111111111,0.0,0.0,0.0,undefined,0.0,135.385493994
cm160510,elasticnetiter1000_l1ratio0.15,27814,0.104707193302,0.0555555555556,0.0,0.0,0.0,undefined,0.0,120.32485199
cm160510,elasticnetiter1000_l1ratio0.15,26424,0.099474468822,0.0555555555556,0.0,0.0,0.0,undefined,0.0,110.095933914
cm160510,elasticnetiter1000_l1ratio0.15,25103,0.0945014982909,0.0,0.0,0.0,0.0,undefined,0.0,108.888301134
cm160510,elasticnetiter1000_l1ratio0.15,23848,0.0897769880588,0.0555555555556,0.0,0.0,0.0,undefined,0.0,108.915418148
cm160510,elasticnetiter1000_l1ratio0.15,22656,0.0852896444759,0.111111111111,0.0,0.0,0.0,undefined,0.0,103.069794893
cm160510,elasticnetiter1000_l1ratio0.15,21524,0.0810281738921,0.111111111111,0.0,0.0,0.0,undefined,0.0,104.416499853
cm160510,elasticnetiter1000_l1ratio0.15,20448,0.0769775181075,0.0,0.0,0.0,0.0,undefined,0.0,92.495978117
cm160510,elasticnetiter1000_l1ratio0.15,19426,0.0731301480221,0.0555555555556,0.0,0.0,0.0,undefined,0.0,87.1632418633
cm160510,elasticnetiter1000_l1ratio0.15,18455,0.069474769986,0.0555555555556,0.0,0.0,0.0,undefined,0.0,88.3639848232
cm160510,elasticnetiter1000_l1ratio0.15,17533,0.0660038548992,0.222222222222,0.0,0.0,0.0,undefined,0.0,79.5849759579
cm160510,elasticnetiter1000_l1ratio0.15,16657,0.0627061091117,0.222222222222,0.0,0.0,0.0,undefined,0.0,75.6776149273
cm160510,elasticnetiter1000_l1ratio0.15,15825,0.0595740035236,0.111111111111,0.0,0.0,0.0,undefined,0.0,70.2107517719
cm160510,elasticnetiter1000_l1ratio0.15,15034,0.0565962444849,0.111111111111,0.0,0.0,0.0,undefined,0.0,67.2798948288
cm160510,elasticnetiter1000_l1ratio0.15,14283,0.0537690674457,0.111111111111,0.0,0.0,0.0,undefined,0.0,69.7202951908
cm160510,elasticnetiter1000_l1ratio0.15,13569,0.0510811787559,0.0555555555556,0.0,0.0,0.0,undefined,0.0,63.4103219509
cm160510,elasticnetiter1000_l1ratio0.15,12891,0.0485288138656,0.0,0.0,0.0,0.0,undefined,0.0,59.7577250004
cm160510,elasticnetiter1000_l1ratio0.15,12247,0.0461044436748,0.0555555555556,0.0,0.0,0.0,undefined,0.0,56.426543951
cm160510,elasticnetiter1000_l1ratio0.15,11635,0.0438005390836,0.111111111111,0.0,0.0,0.0,undefined,0.0,50.6837320328
cm160510,elasticnetiter1000_l1ratio0.15,11054,0.0416133355419,0.0,0.0,0.0,0.0,undefined,0.0,51.736177206
cm160510,elasticnetiter1000_l1ratio0.15,10502,0.0395353039498,0.0,0.0,0.0,0.0,undefined,0.0,51.8706829548
cm160510,elasticnetiter1000_l1ratio0.15,9977,0.0375589152073,0.0,0.0,0.0,0.0,undefined,0.0,44.8792669773
cm160510,elasticnetiter1000_l1ratio0.15,9479,0.0356841693144,0.277777777778,0.0,0.0,0.0,undefined,0.0,40.6417529583
cm160510,elasticnetiter1000_l1ratio0.15,9006,0.0339035371712,0.0555555555556,0.0,0.0,0.0,undefined,0.0,38.6816880703
cm160510,elasticnetiter1000_l1ratio0.15,8556,0.0322094896776,0.0,0.0,0.0,0.0,undefined,0.0,36.560229063
cm160510,elasticnetiter1000_l1ratio0.15,8129,0.0306020268337,0.0,0.0,0.0,0.0,undefined,0.0,36.2199161053
cm160510,elasticnetiter1000_l1ratio0.15,7723,0.0290736195395,0.0,0.0,0.0,0.0,undefined,0.0,34.0827579498
cm160510,elasticnetiter1000_l1ratio0.15,7337,0.027620503245,0.0,0.0,0.0,0.0,undefined,0.0,33.0838911533
cm160510,elasticnetiter1000_l1ratio0.15,6971,0.0262426779503,0.0,0.0,0.0,0.0,undefined,0.0,35.3700780869
cm160510,elasticnetiter1000_l1ratio0.15,6623,0.0249326145553,0.0,0.0,0.0,0.0,undefined,0.0,30.3361358643
cm160510,elasticnetiter1000_l1ratio0.15,6292,0.02368654851,0.0,0.0,0.0,0.0,undefined,0.0,26.736716032
cm160510,elasticnetiter1000_l1ratio0.15,5978,0.0225044798145,0.0,0.0,0.0,0.0,undefined,0.0,25.120098114
cm160510,elasticnetiter1000_l1ratio0.15,5680,0.0213826439187,0.0,0.0,0.0,0.0,undefined,0.0,24.2375781536
cm160510,elasticnetiter1000_l1ratio0.15,5396,0.0203135117228,0.0,0.0,0.0,0.0,undefined,0.0,24.1356430054
cm160510,elasticnetiter1000_l1ratio0.15,5127,0.0193008477767,0.0,0.0,0.0,0.0,undefined,0.0,21.719162941
cm160510,elasticnetiter1000_l1ratio0.15,4871,0.0183371229803,0.0,0.0,0.0,0.0,undefined,0.0,20.5724179745
cm160510,elasticnetiter1000_l1ratio0.15,4628,0.0174223373338,0.0,0.0,0.0,0.0,undefined,0.0,19.3112909794
cm160510,elasticnetiter1000_l1ratio0.15,4397,0.0165527262871,0.0,0.0,0.0,0.0,undefined,0.0,17.9333357811
cm160510,elasticnetiter1000_l1ratio0.15,4178,0.0157282898402,0.0,0.0,0.0,0.0,undefined,0.0,18.1932740211
cm160510,elasticnetiter1000_l1ratio0.15,3970,0.0149452634432,0.0555555555556,0.0,0.0,0.0,undefined,0.0,16.3483278751
cm160510,elasticnetiter1000_l1ratio0.15,3772,0.014199882546,0.0555555555556,0.0,0.0,0.0,undefined,0.0,16.802380085
cm160510,elasticnetiter1000_l1ratio0.15,3584,0.0134921471487,0.0,0.0,0.0,0.0,undefined,0.0,15.993227005
cm160510,elasticnetiter1000_l1ratio0.15,3405,0.0128182927013,0.0,0.0,0.0,0.0,undefined,0.0,15.3262050152
cm160510,elasticnetiter1000_l1ratio0.15,3235,0.0121783192037,0.0,0.0,0.0,0.0,undefined,0.0,14.2468881607
cm160510,elasticnetiter1000_l1ratio0.15,3074,0.011572226656,0.0555555555556,0.0,0.0,0.0,undefined,0.0,13.536937952
cm160510,elasticnetiter1000_l1ratio0.15,2921,0.0109962505082,0.0555555555556,0.0,0.0,0.0,undefined,0.0,12.7687020302
cm160510,elasticnetiter1000_l1ratio0.15,2775,0.0104466262103,0.0,0.0,0.0,0.0,undefined,0.0,12.0009939671
cm160510,elasticnetiter1000_l1ratio0.15,2637,0.00992711831228,0.0,0.0,0.0,0.0,undefined,0.0,11.1319839954
cm160510,elasticnetiter1000_l1ratio0.15,2506,0.00943396226415,0.0,0.0,0.0,0.0,undefined,0.0,11.2808899879
cm160510,elasticnetiter1000_l1ratio0.15,2381,0.00896339351594,0.0,0.0,0.0,0.0,undefined,0.0,10.0582208633
cm160510,elasticnetiter1000_l1ratio0.15,2262,0.00851541206764,0.0,0.0,0.0,0.0,undefined,0.0,9.10159301758
cm160510,elasticnetiter1000_l1ratio0.15,2149,0.00809001791926,0.0,0.0,0.0,0.0,undefined,0.0,8.48079299927
cm160510,elasticnetiter1000_l1ratio0.15,2042,0.00768721107079,0.0,0.0,0.0,0.0,undefined,0.0,8.18409800529
cm160510,elasticnetiter1000_l1ratio0.15,1940,0.00730322697225,0.0,0.0,0.0,0.0,undefined,0.0,7.87183499336
cm160510,elasticnetiter1000_l1ratio0.15,1843,0.00693806562364,0.944444444444,0.0,0.0,0.0,undefined,0.0,7.51833605766
cm160510,elasticnetiter1000_l1ratio0.15,1751,0.00659172702495,0.0,0.0,0.0,0.0,undefined,0.0,6.61393785477
cm160510,elasticnetiter1000_l1ratio0.15,1664,0.0062642111762,0.0555555555556,0.0,0.0,0.0,undefined,0.0,6.38560295105
cm160510,elasticnetiter1000_l1ratio0.15,1581,0.00595175352738,0.0555555555556,0.0,0.0,0.0,undefined,0.0,5.82674384117
cm160510,elasticnetiter1000_l1ratio0.15,1502,0.00565435407851,0.0,0.0,0.0,0.0,undefined,0.0,5.98861312866
cm160510,elasticnetiter1000_l1ratio0.15,1427,0.00537201282959,0.0,0.0,0.0,0.0,undefined,0.0,5.44081401825
cm160510,elasticnetiter1000_l1ratio0.15,1356,0.0051047297806,0.0,0.0,0.0,0.0,undefined,0.0,5.16352415085
