ja160416,linearsvc_C0.0001,265636,1.0,0.722222222222,0.0,0.0,0.0,undefined,0.0,125.124831915
ja160416,linearsvc_C0.0001,252355,0.95000301164,0.722222222222,0.0,0.0,0.0,undefined,0.0,116.56102109
ja160416,linearsvc_C0.0001,239738,0.90250568447,0.722222222222,0.0,0.0,0.0,undefined,0.0,88.6590621471
ja160416,linearsvc_C0.0001,227752,0.857383788342,0.722222222222,0.0,0.0,0.0,undefined,0.0,90.7775630951
ja160416,linearsvc_C0.0001,216365,0.814516857655,0.722222222222,0.0,0.0,0.0,undefined,0.0,79.9888601303
ja160416,linearsvc_C0.0001,205547,0.77379195591,0.722222222222,0.0,0.0,0.0,undefined,0.0,73.9229009151
ja160416,linearsvc_C0.0001,195270,0.735103675707,0.722222222222,0.0,0.0,0.0,undefined,0.0,72.5369820595
ja160416,linearsvc_C0.0001,185507,0.698350374196,0.777777777778,0.0,0.0,0.0,undefined,0.0,66.799476862
ja160416,linearsvc_C0.0001,176232,0.663434173079,0.777777777778,0.0,0.0,0.0,undefined,0.0,57.7718751431
ja160416,linearsvc_C0.0001,167421,0.630264723155,0.777777777778,0.0,0.0,0.0,undefined,0.0,53.0408110619
ja160416,linearsvc_C0.0001,159050,0.598751675225,0.777777777778,0.0,0.0,0.0,undefined,0.0,44.0901420116
ja160416,linearsvc_C0.0001,151098,0.568815973738,0.777777777778,0.0,0.0,0.0,undefined,0.0,44.1079230309
ja160416,linearsvc_C0.0001,143544,0.540378563147,0.777777777778,0.0,0.0,0.0,undefined,0.0,39.5996129513
ja160416,linearsvc_C0.0001,136367,0.513360387899,0.777777777778,0.0,0.0,0.0,undefined,0.0,37.682500124
ja160416,linearsvc_C0.0001,129549,0.487693686097,0.777777777778,0.0,0.0,0.0,undefined,0.0,33.0763530731
ja160416,linearsvc_C0.0001,123072,0.463310695839,0.777777777778,0.0,0.0,0.0,undefined,0.0,30.3529019356
ja160416,linearsvc_C0.0001,116919,0.440147419777,0.777777777778,0.0,0.0,0.0,undefined,0.0,24.054035902
ja160416,linearsvc_C0.0001,111074,0.418143625111,0.777777777778,0.0,0.0,0.0,undefined,0.0,22.7481210232
ja160416,linearsvc_C0.0001,105521,0.39723907904,0.777777777778,0.0,0.0,0.0,undefined,0.0,22.4871089458
ja160416,linearsvc_C0.0001,100245,0.377377313316,0.777777777778,0.0,0.0,0.0,undefined,0.0,18.4526970387
ja160416,linearsvc_C0.0001,95233,0.358509388788,0.777777777778,0.0,0.0,0.0,undefined,0.0,16.7794640064
ja160416,linearsvc_C0.0001,90472,0.340586366306,0.777777777778,0.0,0.0,0.0,undefined,0.0,28.1012058258
ja160416,linearsvc_C0.0001,85949,0.32355930672,0.777777777778,0.0,0.0,0.0,undefined,0.0,16.1072859764
ja160416,linearsvc_C0.0001,81652,0.307383035432,0.777777777778,0.0,0.0,0.0,undefined,0.0,15.5969049931
ja160416,linearsvc_C0.0001,77570,0.29201614239,0.777777777778,0.0,0.0,0.0,undefined,0.0,13.8781659603
ja160416,linearsvc_C0.0001,73692,0.277417217546,0.777777777778,0.0,0.0,0.0,undefined,0.0,11.7844340801
ja160416,linearsvc_C0.0001,70008,0.263548615399,0.777777777778,0.0,0.0,0.0,undefined,0.0,10.5636050701
ja160416,linearsvc_C0.0001,66508,0.250372690449,0.777777777778,0.0,0.0,0.0,undefined,0.0,9.2089509964
ja160416,linearsvc_C0.0001,63183,0.237855561746,0.777777777778,0.0,0.0,0.0,undefined,0.0,8.98485088348
ja160416,linearsvc_C0.0001,60024,0.225963348341,0.777777777778,0.0,0.0,0.0,undefined,0.0,8.14352798462
ja160416,linearsvc_C0.0001,57023,0.214665933834,0.777777777778,0.0,0.0,0.0,undefined,0.0,7.49859905243
ja160416,linearsvc_C0.0001,54172,0.203933201825,0.777777777778,0.0,0.0,0.0,undefined,0.0,6.8536670208
ja160416,linearsvc_C0.0001,51464,0.193738800464,0.777777777778,0.0,0.0,0.0,undefined,0.0,5.96473693848
ja160416,linearsvc_C0.0001,48891,0.184052613351,0.777777777778,0.0,0.0,0.0,undefined,0.0,5.59255099297
ja160416,linearsvc_C0.0001,46447,0.174852053186,0.777777777778,0.0,0.0,0.0,undefined,0.0,5.37089109421
ja160416,linearsvc_C0.0001,44125,0.166110768119,0.777777777778,0.0,0.0,0.0,undefined,0.0,4.38028311729
ja160416,linearsvc_C0.0001,41919,0.15780617085,0.777777777778,0.0,0.0,0.0,undefined,0.0,4.12786102295
ja160416,linearsvc_C0.0001,39824,0.14991943863,0.777777777778,0.0,0.0,0.0,undefined,0.0,3.78620386124
ja160416,linearsvc_C0.0001,37833,0.142424219609,0.777777777778,0.0,0.0,0.0,undefined,0.0,3.43646097183
ja160416,linearsvc_C0.0001,35942,0.135305455586,0.777777777778,0.0,0.0,0.0,undefined,0.0,2.98226904869
ja160416,linearsvc_C0.0001,34145,0.128540559262,0.777777777778,0.0,0.0,0.0,undefined,0.0,2.98757004738
ja160416,linearsvc_C0.0001,32438,0.122114472436,0.777777777778,0.0,0.0,0.0,undefined,0.0,2.50658607483
ja160416,linearsvc_C0.0001,30817,0.116012136909,0.777777777778,0.0,0.0,0.0,undefined,0.0,2.42177319527
ja160416,linearsvc_C0.0001,29277,0.110214729931,0.777777777778,0.0,0.0,0.0,undefined,0.0,2.06960201263
ja160416,linearsvc_C0.0001,27814,0.104707193302,0.777777777778,0.0,0.0,0.0,undefined,0.0,1.8612818718
ja160416,linearsvc_C0.0001,26424,0.099474468822,0.777777777778,0.0,0.0,0.0,undefined,0.0,2.07149386406
ja160416,linearsvc_C0.0001,25103,0.0945014982909,0.777777777778,0.0,0.0,0.0,undefined,0.0,1.77517795563
ja160416,linearsvc_C0.0001,23848,0.0897769880588,0.777777777778,0.0,0.0,0.0,undefined,0.0,1.50269412994
ja160416,linearsvc_C0.0001,22656,0.0852896444759,0.777777777778,0.0,0.0,0.0,undefined,0.0,1.46910500526
ja160416,linearsvc_C0.0001,21524,0.0810281738921,0.777777777778,0.0,0.0,0.0,undefined,0.0,1.25326013565
ja160416,linearsvc_C0.0001,20448,0.0769775181075,0.777777777778,0.0,0.0,0.0,undefined,0.0,1.2569899559
ja160416,linearsvc_C0.0001,19426,0.0731301480221,0.777777777778,0.0,0.0,0.0,undefined,0.0,1.12272906303
ja160416,linearsvc_C0.0001,18455,0.069474769986,0.777777777778,0.0,0.0,0.0,undefined,0.0,1.12249588966
ja160416,linearsvc_C0.0001,17533,0.0660038548992,0.777777777778,0.0,0.0,0.0,undefined,0.0,0.916104078293
ja160416,linearsvc_C0.0001,16657,0.0627061091117,0.777777777778,0.0,0.0,0.0,undefined,0.0,0.83060002327
ja160416,linearsvc_C0.0001,15825,0.0595740035236,0.777777777778,0.0,0.0,0.0,undefined,0.0,0.804568052292
ja160416,linearsvc_C0.0001,15034,0.0565962444849,0.777777777778,0.0,0.0,0.0,undefined,0.0,0.710453033447
ja160416,linearsvc_C0.0001,14283,0.0537690674457,0.777777777778,0.0,0.0,0.0,undefined,0.0,0.577773809433
ja160416,linearsvc_C0.0001,13569,0.0510811787559,0.777777777778,0.0,0.0,0.0,undefined,0.0,0.63477897644
ja160416,linearsvc_C0.0001,12891,0.0485288138656,0.777777777778,0.0,0.0,0.0,undefined,0.0,0.57945394516
ja160416,linearsvc_C0.0001,12247,0.0461044436748,0.777777777778,0.0,0.0,0.0,undefined,0.0,0.466975927353
ja160416,linearsvc_C0.0001,11635,0.0438005390836,0.722222222222,0.0,0.0,0.0,undefined,0.0,0.453877210617
ja160416,linearsvc_C0.0001,11054,0.0416133355419,0.722222222222,0.0,0.0,0.0,undefined,0.0,0.40277504921
ja160416,linearsvc_C0.0001,10502,0.0395353039498,0.722222222222,0.0,0.0,0.0,undefined,0.0,0.400048017502
ja160416,linearsvc_C0.0001,9977,0.0375589152073,0.777777777778,0.0,0.0,0.0,undefined,0.0,0.362925052643
ja160416,linearsvc_C0.0001,9479,0.0356841693144,0.777777777778,0.0,0.0,0.0,undefined,0.0,0.333662033081
ja160416,linearsvc_C0.0001,9006,0.0339035371712,0.777777777778,0.0,0.0,0.0,undefined,0.0,0.317754983902
ja160416,linearsvc_C0.0001,8556,0.0322094896776,0.777777777778,0.0,0.0,0.0,undefined,0.0,0.25128698349
ja160416,linearsvc_C0.0001,8129,0.0306020268337,0.777777777778,0.0,0.0,0.0,undefined,0.0,0.257756948471
ja160416,linearsvc_C0.0001,7723,0.0290736195395,0.777777777778,0.0,0.0,0.0,undefined,0.0,0.216281890869
ja160416,linearsvc_C0.0001,7337,0.027620503245,0.777777777778,0.0,0.0,0.0,undefined,0.0,0.220674037933
ja160416,linearsvc_C0.0001,6971,0.0262426779503,0.833333333333,0.0,0.0,0.0,undefined,0.0,0.17224407196
ja160416,linearsvc_C0.0001,6623,0.0249326145553,0.833333333333,0.0,0.0,0.0,undefined,0.0,0.164781093597
ja160416,linearsvc_C0.0001,6292,0.02368654851,0.833333333333,0.0,0.0,0.0,undefined,0.0,0.15077996254
ja160416,linearsvc_C0.0001,5978,0.0225044798145,0.833333333333,0.0,0.0,0.0,undefined,0.0,0.130758047104
ja160416,linearsvc_C0.0001,5680,0.0213826439187,0.833333333333,0.0,0.0,0.0,undefined,0.0,0.135546922684
ja160416,linearsvc_C0.0001,5396,0.0203135117228,0.833333333333,0.0,0.0,0.0,undefined,0.0,0.117578029633
ja160416,linearsvc_C0.0001,5127,0.0193008477767,0.833333333333,0.0,0.0,0.0,undefined,0.0,0.11695599556
ja160416,linearsvc_C0.0001,4871,0.0183371229803,0.833333333333,0.0,0.0,0.0,undefined,0.0,0.110548019409
ja160416,linearsvc_C0.0001,4628,0.0174223373338,0.833333333333,0.0,0.0,0.0,undefined,0.0,0.0957961082458
ja160416,linearsvc_C0.0001,4397,0.0165527262871,0.777777777778,0.0,0.0,0.0,undefined,0.0,0.0992791652679
ja160416,linearsvc_C0.0001,4178,0.0157282898402,0.777777777778,0.0,0.0,0.0,undefined,0.0,0.0937008857727
ja160416,linearsvc_C0.0001,3970,0.0149452634432,0.777777777778,0.0,0.0,0.0,undefined,0.0,0.0773181915283
ja160416,linearsvc_C0.0001,3772,0.014199882546,0.777777777778,0.0,0.0,0.0,undefined,0.0,0.0910000801086
ja160416,linearsvc_C0.0001,3584,0.0134921471487,0.777777777778,0.0,0.0,0.0,undefined,0.0,0.081836938858
ja160416,linearsvc_C0.0001,3405,0.0128182927013,0.777777777778,0.0,0.0,0.0,undefined,0.0,0.0835788249969
ja160416,linearsvc_C0.0001,3235,0.0121783192037,0.777777777778,0.0,0.0,0.0,undefined,0.0,0.0810120105743
ja160416,linearsvc_C0.0001,3074,0.011572226656,0.777777777778,0.0,0.0,0.0,undefined,0.0,0.0744030475616
ja160416,linearsvc_C0.0001,2921,0.0109962505082,0.777777777778,0.0,0.0,0.0,undefined,0.0,0.0671448707581
ja160416,linearsvc_C0.0001,2775,0.0104466262103,0.888888888889,0.0,0.0,0.0,undefined,0.0,0.0655829906464
ja160416,linearsvc_C0.0001,2637,0.00992711831228,0.833333333333,0.0,0.0,0.0,undefined,0.0,0.0662820339203
ja160416,linearsvc_C0.0001,2506,0.00943396226415,0.833333333333,0.0,0.0,0.0,undefined,0.0,0.0611929893494
ja160416,linearsvc_C0.0001,2381,0.00896339351594,0.777777777778,0.0,0.0,0.0,undefined,0.0,0.0565149784088
ja160416,linearsvc_C0.0001,2262,0.00851541206764,0.833333333333,0.0,0.0,0.0,undefined,0.0,0.0552589893341
ja160416,linearsvc_C0.0001,2149,0.00809001791926,0.833333333333,0.0,0.0,0.0,undefined,0.0,0.0509080886841
ja160416,linearsvc_C0.0001,2042,0.00768721107079,0.777777777778,0.0,0.0,0.0,undefined,0.0,0.0825228691101
ja160416,linearsvc_C0.0001,1940,0.00730322697225,0.777777777778,0.0,0.0,0.0,undefined,0.0,0.0518589019775
ja160416,linearsvc_C0.0001,1843,0.00693806562364,0.833333333333,0.0,0.0,0.0,undefined,0.0,0.0786337852478
ja160416,linearsvc_C0.0001,1751,0.00659172702495,0.777777777778,0.0,0.0,0.0,undefined,0.0,0.0801208019257
ja160416,linearsvc_C0.0001,1664,0.0062642111762,0.777777777778,0.0,0.0,0.0,undefined,0.0,0.0752599239349
ja160416,linearsvc_C0.0001,1581,0.00595175352738,0.777777777778,0.0,0.0,0.0,undefined,0.0,0.0748720169067
ja160416,linearsvc_C0.0001,1502,0.00565435407851,0.777777777778,0.0,0.0,0.0,undefined,0.0,0.0746011734009
ja160416,linearsvc_C0.0001,1427,0.00537201282959,0.777777777778,0.0,0.0,0.0,undefined,0.0,0.0706260204315
ja160416,linearsvc_C0.0001,1356,0.0051047297806,0.722222222222,0.0,0.0,0.0,undefined,0.0,0.0715808868408
ja160416,linearsvc_C0.001,265636,1.0,0.777777777778,0.0,0.0,0.0,undefined,0.0,299.732419014
ja160416,linearsvc_C0.001,252355,0.95000301164,0.777777777778,0.0,0.0,0.0,undefined,0.0,304.971330881
ja160416,linearsvc_C0.001,239738,0.90250568447,0.777777777778,0.0,0.0,0.0,undefined,0.0,305.425318956
ja160416,linearsvc_C0.001,227752,0.857383788342,0.777777777778,0.0,0.0,0.0,undefined,0.0,283.171306133
ja160416,linearsvc_C0.001,216365,0.814516857655,0.777777777778,0.0,0.0,0.0,undefined,0.0,273.040253162
ja160416,linearsvc_C0.001,205547,0.77379195591,0.777777777778,0.0,0.0,0.0,undefined,0.0,240.17002511
ja160416,linearsvc_C0.001,195270,0.735103675707,0.777777777778,0.0,0.0,0.0,undefined,0.0,216.407892942
ja160416,linearsvc_C0.001,185507,0.698350374196,0.777777777778,0.0,0.0,0.0,undefined,0.0,205.569349051
ja160416,linearsvc_C0.001,176232,0.663434173079,0.777777777778,0.0,0.0,0.0,undefined,0.0,195.042846918
ja160416,linearsvc_C0.001,167421,0.630264723155,0.777777777778,0.0,0.0,0.0,undefined,0.0,184.687825918
ja160416,linearsvc_C0.001,159050,0.598751675225,0.777777777778,0.0,0.0,0.0,undefined,0.0,175.103747129
ja160416,linearsvc_C0.001,151098,0.568815973738,0.777777777778,0.0,0.0,0.0,undefined,0.0,154.737946033
ja160416,linearsvc_C0.001,143544,0.540378563147,0.777777777778,0.0,0.0,0.0,undefined,0.0,113.91205883
ja160416,linearsvc_C0.001,136367,0.513360387899,0.777777777778,0.0,0.0,0.0,undefined,0.0,150.815121889
ja160416,linearsvc_C0.001,129549,0.487693686097,0.777777777778,0.0,0.0,0.0,undefined,0.0,127.548027039
ja160416,linearsvc_C0.001,123072,0.463310695839,0.777777777778,0.0,0.0,0.0,undefined,0.0,132.526608944
ja160416,linearsvc_C0.001,116919,0.440147419777,0.777777777778,0.0,0.0,0.0,undefined,0.0,123.32276988
ja160416,linearsvc_C0.001,111074,0.418143625111,0.777777777778,0.0,0.0,0.0,undefined,0.0,112.123006821
ja160416,linearsvc_C0.001,105521,0.39723907904,0.777777777778,0.0,0.0,0.0,undefined,0.0,102.803339958
ja160416,linearsvc_C0.001,100245,0.377377313316,0.777777777778,0.0,0.0,0.0,undefined,0.0,86.081499815
ja160416,linearsvc_C0.001,95233,0.358509388788,0.777777777778,0.0,0.0,0.0,undefined,0.0,83.0195159912
ja160416,linearsvc_C0.001,90472,0.340586366306,0.777777777778,0.0,0.0,0.0,undefined,0.0,73.5734839439
ja160416,linearsvc_C0.001,85949,0.32355930672,0.777777777778,0.0,0.0,0.0,undefined,0.0,41.863437891
ja160416,linearsvc_C0.001,81652,0.307383035432,0.777777777778,0.0,0.0,0.0,undefined,0.0,61.5066959858
ja160416,linearsvc_C0.001,77570,0.29201614239,0.777777777778,0.0,0.0,0.0,undefined,0.0,35.4976131916
ja160416,linearsvc_C0.001,73692,0.277417217546,0.777777777778,0.0,0.0,0.0,undefined,0.0,77.8390760422
ja160416,linearsvc_C0.001,70008,0.263548615399,0.777777777778,0.0,0.0,0.0,undefined,0.0,47.7918789387
ja160416,linearsvc_C0.001,66508,0.250372690449,0.777777777778,0.0,0.0,0.0,undefined,0.0,40.9656090736
ja160416,linearsvc_C0.001,63183,0.237855561746,0.777777777778,0.0,0.0,0.0,undefined,0.0,32.8578960896
ja160416,linearsvc_C0.001,60024,0.225963348341,0.777777777778,0.0,0.0,0.0,undefined,0.0,24.9271669388
ja160416,linearsvc_C0.001,57023,0.214665933834,0.777777777778,0.0,0.0,0.0,undefined,0.0,31.3091921806
ja160416,linearsvc_C0.001,54172,0.203933201825,0.777777777778,0.0,0.0,0.0,undefined,0.0,25.0974860191
ja160416,linearsvc_C0.001,51464,0.193738800464,0.777777777778,0.0,0.0,0.0,undefined,0.0,22.7667479515
ja160416,linearsvc_C0.001,48891,0.184052613351,0.777777777778,0.0,0.0,0.0,undefined,0.0,19.7953009605
ja160416,linearsvc_C0.001,46447,0.174852053186,0.777777777778,0.0,0.0,0.0,undefined,0.0,22.2637770176
ja160416,linearsvc_C0.001,44125,0.166110768119,0.777777777778,0.0,0.0,0.0,undefined,0.0,17.875649929
ja160416,linearsvc_C0.001,41919,0.15780617085,0.777777777778,0.0,0.0,0.0,undefined,0.0,18.678429842
ja160416,linearsvc_C0.001,39824,0.14991943863,0.777777777778,0.0,0.0,0.0,undefined,0.0,16.4452600479
ja160416,linearsvc_C0.001,37833,0.142424219609,0.777777777778,0.0,0.0,0.0,undefined,0.0,13.2891180515
ja160416,linearsvc_C0.001,35942,0.135305455586,0.777777777778,0.0,0.0,0.0,undefined,0.0,13.1087651253
ja160416,linearsvc_C0.001,34145,0.128540559262,0.777777777778,0.0,0.0,0.0,undefined,0.0,9.86064195633
ja160416,linearsvc_C0.001,32438,0.122114472436,0.777777777778,0.0,0.0,0.0,undefined,0.0,9.66979312897
ja160416,linearsvc_C0.001,30817,0.116012136909,0.777777777778,0.0,0.0,0.0,undefined,0.0,10.6942009926
ja160416,linearsvc_C0.001,29277,0.110214729931,0.777777777778,0.0,0.0,0.0,undefined,0.0,9.53048491478
ja160416,linearsvc_C0.001,27814,0.104707193302,0.833333333333,0.0,0.0,0.0,undefined,0.0,8.88414907455
ja160416,linearsvc_C0.001,26424,0.099474468822,0.833333333333,0.0,0.0,0.0,undefined,0.0,7.52081894875
ja160416,linearsvc_C0.001,25103,0.0945014982909,0.833333333333,0.0,0.0,0.0,undefined,0.0,6.1248691082
ja160416,linearsvc_C0.001,23848,0.0897769880588,0.777777777778,0.0,0.0,0.0,undefined,0.0,6.47404408455
ja160416,linearsvc_C0.001,22656,0.0852896444759,0.777777777778,0.0,0.0,0.0,undefined,0.0,4.96665811539
ja160416,linearsvc_C0.001,21524,0.0810281738921,0.777777777778,0.0,0.0,0.0,undefined,0.0,5.48450303078
ja160416,linearsvc_C0.001,20448,0.0769775181075,0.777777777778,0.0,0.0,0.0,undefined,0.0,4.6703619957
ja160416,linearsvc_C0.001,19426,0.0731301480221,0.777777777778,0.0,0.0,0.0,undefined,0.0,4.2601749897
ja160416,linearsvc_C0.001,18455,0.069474769986,0.777777777778,0.0,0.0,0.0,undefined,0.0,4.20117712021
ja160416,linearsvc_C0.001,17533,0.0660038548992,0.777777777778,0.0,0.0,0.0,undefined,0.0,3.83660292625
ja160416,linearsvc_C0.001,16657,0.0627061091117,0.777777777778,0.0,0.0,0.0,undefined,0.0,3.79471802711
ja160416,linearsvc_C0.001,15825,0.0595740035236,0.833333333333,0.0,0.0,0.0,undefined,0.0,2.9757809639
ja160416,linearsvc_C0.001,15034,0.0565962444849,0.833333333333,0.0,0.0,0.0,undefined,0.0,2.57536911964
ja160416,linearsvc_C0.001,14283,0.0537690674457,0.833333333333,0.0,0.0,0.0,undefined,0.0,1.64312887192
ja160416,linearsvc_C0.001,13569,0.0510811787559,0.833333333333,0.0,0.0,0.0,undefined,0.0,2.38718605042
ja160416,linearsvc_C0.001,12891,0.0485288138656,0.833333333333,0.0,0.0,0.0,undefined,0.0,2.05986595154
ja160416,linearsvc_C0.001,12247,0.0461044436748,0.833333333333,0.0,0.0,0.0,undefined,0.0,1.86581993103
ja160416,linearsvc_C0.001,11635,0.0438005390836,0.833333333333,0.0,0.0,0.0,undefined,0.0,1.56552100182
ja160416,linearsvc_C0.001,11054,0.0416133355419,0.833333333333,0.0,0.0,0.0,undefined,0.0,1.53629517555
ja160416,linearsvc_C0.001,10502,0.0395353039498,0.833333333333,0.0,0.0,0.0,undefined,0.0,1.48335599899
ja160416,linearsvc_C0.001,9977,0.0375589152073,0.888888888889,0.0,0.0,0.0,undefined,0.0,1.12627005577
ja160416,linearsvc_C0.001,9479,0.0356841693144,0.888888888889,0.0,0.0,0.0,undefined,0.0,1.14607214928
ja160416,linearsvc_C0.001,9006,0.0339035371712,0.944444444444,0.0,0.0,0.0,undefined,0.0,0.929001092911
ja160416,linearsvc_C0.001,8556,0.0322094896776,0.944444444444,0.0,0.0,0.0,undefined,0.0,0.940330028534
ja160416,linearsvc_C0.001,8129,0.0306020268337,0.888888888889,0.0,0.0,0.0,undefined,0.0,0.910584926605
ja160416,linearsvc_C0.001,7723,0.0290736195395,0.888888888889,0.0,0.0,0.0,undefined,0.0,0.818649768829
ja160416,linearsvc_C0.001,7337,0.027620503245,0.888888888889,0.0,0.0,0.0,undefined,0.0,0.749032974243
ja160416,linearsvc_C0.001,6971,0.0262426779503,0.888888888889,0.0,0.0,0.0,undefined,0.0,0.64096903801
ja160416,linearsvc_C0.001,6623,0.0249326145553,0.888888888889,0.0,0.0,0.0,undefined,0.0,0.610486984253
ja160416,linearsvc_C0.001,6292,0.02368654851,0.944444444444,0.0,0.0,0.0,undefined,0.0,0.570484876633
ja160416,linearsvc_C0.001,5978,0.0225044798145,0.888888888889,0.0,0.0,0.0,undefined,0.0,0.451149225235
ja160416,linearsvc_C0.001,5680,0.0213826439187,0.944444444444,0.0,0.0,0.0,undefined,0.0,0.467643022537
ja160416,linearsvc_C0.001,5396,0.0203135117228,1.0,0.0,0.0,0.0,undefined,1.0,0.424685955048
ja160416,linearsvc_C0.001,5127,0.0193008477767,0.888888888889,0.0,0.0,0.0,undefined,0.0,0.351603984833
ja160416,linearsvc_C0.001,4871,0.0183371229803,0.888888888889,0.0,0.0,0.0,undefined,0.0,0.353792905807
ja160416,linearsvc_C0.001,4628,0.0174223373338,0.888888888889,0.0,0.0,0.0,undefined,0.0,0.300135850906
ja160416,linearsvc_C0.001,4397,0.0165527262871,0.888888888889,0.0,0.0,0.0,undefined,0.0,0.228497982025
ja160416,linearsvc_C0.001,4178,0.0157282898402,0.888888888889,0.0,0.0,0.0,undefined,0.0,0.26064491272
ja160416,linearsvc_C0.001,3970,0.0149452634432,0.833333333333,0.0,0.0,0.0,undefined,0.0,0.204531908035
ja160416,linearsvc_C0.001,3772,0.014199882546,0.833333333333,0.0,0.0,0.0,undefined,0.0,0.220743894577
ja160416,linearsvc_C0.001,3584,0.0134921471487,0.833333333333,0.0,0.0,0.0,undefined,0.0,0.20286989212
ja160416,linearsvc_C0.001,3405,0.0128182927013,0.833333333333,0.0,0.0,0.0,undefined,0.0,0.174602985382
ja160416,linearsvc_C0.001,3235,0.0121783192037,0.833333333333,0.0,0.0,0.0,undefined,0.0,0.20371389389
ja160416,linearsvc_C0.001,3074,0.011572226656,0.833333333333,0.0,0.0,0.0,undefined,0.0,0.175822019577
ja160416,linearsvc_C0.001,2921,0.0109962505082,0.833333333333,0.0,0.0,0.0,undefined,0.0,0.160144805908
ja160416,linearsvc_C0.001,2775,0.0104466262103,0.833333333333,0.0,0.0,0.0,undefined,0.0,0.145740032196
ja160416,linearsvc_C0.001,2637,0.00992711831228,0.833333333333,0.0,0.0,0.0,undefined,0.0,0.139611959457
ja160416,linearsvc_C0.001,2506,0.00943396226415,0.833333333333,0.0,0.0,0.0,undefined,0.0,0.137104988098
ja160416,linearsvc_C0.001,2381,0.00896339351594,0.833333333333,0.0,0.0,0.0,undefined,0.0,0.0947828292847
ja160416,linearsvc_C0.001,2262,0.00851541206764,0.833333333333,0.0,0.0,0.0,undefined,0.0,0.0914540290833
ja160416,linearsvc_C0.001,2149,0.00809001791926,0.833333333333,0.0,0.0,0.0,undefined,0.0,0.0988209247589
ja160416,linearsvc_C0.001,2042,0.00768721107079,0.833333333333,0.0,0.0,0.0,undefined,0.0,0.0892238616943
ja160416,linearsvc_C0.001,1940,0.00730322697225,0.833333333333,0.0,0.0,0.0,undefined,0.0,0.0951330661774
ja160416,linearsvc_C0.001,1843,0.00693806562364,0.833333333333,0.0,0.0,0.0,undefined,0.0,0.0780119895935
ja160416,linearsvc_C0.001,1751,0.00659172702495,0.833333333333,0.0,0.0,0.0,undefined,0.0,0.0742149353027
ja160416,linearsvc_C0.001,1664,0.0062642111762,0.833333333333,0.0,0.0,0.0,undefined,0.0,0.109606027603
ja160416,linearsvc_C0.001,1581,0.00595175352738,0.833333333333,0.0,0.0,0.0,undefined,0.0,0.0995330810547
ja160416,linearsvc_C0.001,1502,0.00565435407851,0.833333333333,0.0,0.0,0.0,undefined,0.0,0.092983007431
ja160416,linearsvc_C0.001,1427,0.00537201282959,0.833333333333,0.0,0.0,0.0,undefined,0.0,0.0880918502808
ja160416,linearsvc_C0.001,1356,0.0051047297806,0.833333333333,0.0,0.0,0.0,undefined,0.0,0.0860779285431
ja160416,linearsvc_C0.01,265636,1.0,0.722222222222,0.0,0.0,0.0,undefined,0.0,312.530936003
ja160416,linearsvc_C0.01,252355,0.95000301164,0.722222222222,0.0,0.0,0.0,undefined,0.0,295.184679985
ja160416,linearsvc_C0.01,239738,0.90250568447,0.722222222222,0.0,0.0,0.0,undefined,0.0,279.940590143
ja160416,linearsvc_C0.01,227752,0.857383788342,0.722222222222,0.0,0.0,0.0,undefined,0.0,263.936666012
ja160416,linearsvc_C0.01,216365,0.814516857655,0.722222222222,0.0,0.0,0.0,undefined,0.0,250.760013103
ja160416,linearsvc_C0.01,205547,0.77379195591,0.722222222222,0.0,0.0,0.0,undefined,0.0,238.62471199
ja160416,linearsvc_C0.01,195270,0.735103675707,0.722222222222,0.0,0.0,0.0,undefined,0.0,225.714926958
ja160416,linearsvc_C0.01,185507,0.698350374196,0.722222222222,0.0,0.0,0.0,undefined,0.0,214.402435064
ja160416,linearsvc_C0.01,176232,0.663434173079,0.722222222222,0.0,0.0,0.0,undefined,0.0,204.39120698
ja160416,linearsvc_C0.01,167421,0.630264723155,0.722222222222,0.0,0.0,0.0,undefined,0.0,196.151973963
ja160416,linearsvc_C0.01,159050,0.598751675225,0.722222222222,0.0,0.0,0.0,undefined,0.0,184.099467039
ja160416,linearsvc_C0.01,151098,0.568815973738,0.722222222222,0.0,0.0,0.0,undefined,0.0,173.725530863
ja160416,linearsvc_C0.01,143544,0.540378563147,0.722222222222,0.0,0.0,0.0,undefined,0.0,166.00919199
ja160416,linearsvc_C0.01,136367,0.513360387899,0.722222222222,0.0,0.0,0.0,undefined,0.0,157.204719067
ja160416,linearsvc_C0.01,129549,0.487693686097,0.722222222222,0.0,0.0,0.0,undefined,0.0,148.928064823
ja160416,linearsvc_C0.01,123072,0.463310695839,0.722222222222,0.0,0.0,0.0,undefined,0.0,140.779793024
ja160416,linearsvc_C0.01,116919,0.440147419777,0.722222222222,0.0,0.0,0.0,undefined,0.0,133.939465046
ja160416,linearsvc_C0.01,111074,0.418143625111,0.722222222222,0.0,0.0,0.0,undefined,0.0,127.036643028
ja160416,linearsvc_C0.01,105521,0.39723907904,0.722222222222,0.0,0.0,0.0,undefined,0.0,121.33790803
ja160416,linearsvc_C0.01,100245,0.377377313316,0.722222222222,0.0,0.0,0.0,undefined,0.0,114.504276991
ja160416,linearsvc_C0.01,95233,0.358509388788,0.722222222222,0.0,0.0,0.0,undefined,0.0,108.135095835
ja160416,linearsvc_C0.01,90472,0.340586366306,0.722222222222,0.0,0.0,0.0,undefined,0.0,102.596369028
ja160416,linearsvc_C0.01,85949,0.32355930672,0.722222222222,0.0,0.0,0.0,undefined,0.0,98.4214389324
ja160416,linearsvc_C0.01,81652,0.307383035432,0.722222222222,0.0,0.0,0.0,undefined,0.0,92.5350489616
ja160416,linearsvc_C0.01,77570,0.29201614239,0.722222222222,0.0,0.0,0.0,undefined,0.0,87.9452910423
ja160416,linearsvc_C0.01,73692,0.277417217546,0.722222222222,0.0,0.0,0.0,undefined,0.0,83.0318958759
ja160416,linearsvc_C0.01,70008,0.263548615399,0.722222222222,0.0,0.0,0.0,undefined,0.0,79.2665469646
ja160416,linearsvc_C0.01,66508,0.250372690449,0.777777777778,0.0,0.0,0.0,undefined,0.0,75.3320040703
ja160416,linearsvc_C0.01,63183,0.237855561746,0.722222222222,0.0,0.0,0.0,undefined,0.0,71.5312180519
ja160416,linearsvc_C0.01,60024,0.225963348341,0.777777777778,0.0,0.0,0.0,undefined,0.0,67.6523559093
ja160416,linearsvc_C0.01,57023,0.214665933834,0.722222222222,0.0,0.0,0.0,undefined,0.0,64.2473351955
ja160416,linearsvc_C0.01,54172,0.203933201825,0.722222222222,0.0,0.0,0.0,undefined,0.0,60.830121994
ja160416,linearsvc_C0.01,51464,0.193738800464,0.722222222222,0.0,0.0,0.0,undefined,0.0,57.7995140553
ja160416,linearsvc_C0.01,48891,0.184052613351,0.777777777778,0.0,0.0,0.0,undefined,0.0,54.6661121845
ja160416,linearsvc_C0.01,46447,0.174852053186,0.777777777778,0.0,0.0,0.0,undefined,0.0,52.2635300159
ja160416,linearsvc_C0.01,44125,0.166110768119,0.777777777778,0.0,0.0,0.0,undefined,0.0,49.5196199417
ja160416,linearsvc_C0.01,41919,0.15780617085,0.777777777778,0.0,0.0,0.0,undefined,0.0,47.0713710785
ja160416,linearsvc_C0.01,39824,0.14991943863,0.777777777778,0.0,0.0,0.0,undefined,0.0,44.6415410042
ja160416,linearsvc_C0.01,37833,0.142424219609,0.777777777778,0.0,0.0,0.0,undefined,0.0,42.6095409393
ja160416,linearsvc_C0.01,35942,0.135305455586,0.777777777778,0.0,0.0,0.0,undefined,0.0,39.8261620998
ja160416,linearsvc_C0.01,34145,0.128540559262,0.777777777778,0.0,0.0,0.0,undefined,0.0,38.4533748627
ja160416,linearsvc_C0.01,32438,0.122114472436,0.833333333333,0.0,0.0,0.0,undefined,0.0,36.3645880222
ja160416,linearsvc_C0.01,30817,0.116012136909,0.833333333333,0.0,0.0,0.0,undefined,0.0,34.6839888096
ja160416,linearsvc_C0.01,29277,0.110214729931,0.833333333333,0.0,0.0,0.0,undefined,0.0,32.6704359055
ja160416,linearsvc_C0.01,27814,0.104707193302,0.833333333333,0.0,0.0,0.0,undefined,0.0,30.4470670223
ja160416,linearsvc_C0.01,26424,0.099474468822,0.833333333333,0.0,0.0,0.0,undefined,0.0,29.285367012
ja160416,linearsvc_C0.01,25103,0.0945014982909,0.833333333333,0.0,0.0,0.0,undefined,0.0,27.9501390457
ja160416,linearsvc_C0.01,23848,0.0897769880588,0.833333333333,0.0,0.0,0.0,undefined,0.0,26.6190218925
ja160416,linearsvc_C0.01,22656,0.0852896444759,0.833333333333,0.0,0.0,0.0,undefined,0.0,25.2544720173
ja160416,linearsvc_C0.01,21524,0.0810281738921,0.833333333333,0.0,0.0,0.0,undefined,0.0,23.9895718098
ja160416,linearsvc_C0.01,20448,0.0769775181075,0.833333333333,0.0,0.0,0.0,undefined,0.0,21.4845099449
ja160416,linearsvc_C0.01,19426,0.0731301480221,0.833333333333,0.0,0.0,0.0,undefined,0.0,21.4603900909
ja160416,linearsvc_C0.01,18455,0.069474769986,0.833333333333,0.0,0.0,0.0,undefined,0.0,18.485076189
ja160416,linearsvc_C0.01,17533,0.0660038548992,0.833333333333,0.0,0.0,0.0,undefined,0.0,17.7315409184
ja160416,linearsvc_C0.01,16657,0.0627061091117,0.833333333333,0.0,0.0,0.0,undefined,0.0,14.4240949154
ja160416,linearsvc_C0.01,15825,0.0595740035236,0.833333333333,0.0,0.0,0.0,undefined,0.0,17.4520478249
ja160416,linearsvc_C0.01,15034,0.0565962444849,0.833333333333,0.0,0.0,0.0,undefined,0.0,16.4437289238
ja160416,linearsvc_C0.01,14283,0.0537690674457,0.833333333333,0.0,0.0,0.0,undefined,0.0,15.5515961647
ja160416,linearsvc_C0.01,13569,0.0510811787559,0.833333333333,0.0,0.0,0.0,undefined,0.0,12.8631699085
ja160416,linearsvc_C0.01,12891,0.0485288138656,0.833333333333,0.0,0.0,0.0,undefined,0.0,12.9087891579
ja160416,linearsvc_C0.01,12247,0.0461044436748,0.833333333333,0.0,0.0,0.0,undefined,0.0,9.61838078499
ja160416,linearsvc_C0.01,11635,0.0438005390836,0.833333333333,0.0,0.0,0.0,undefined,0.0,9.69494199753
ja160416,linearsvc_C0.01,11054,0.0416133355419,0.833333333333,0.0,0.0,0.0,undefined,0.0,6.58803915977
ja160416,linearsvc_C0.01,10502,0.0395353039498,0.833333333333,0.0,0.0,0.0,undefined,0.0,8.61656117439
ja160416,linearsvc_C0.01,9977,0.0375589152073,0.833333333333,0.0,0.0,0.0,undefined,0.0,8.16069602966
ja160416,linearsvc_C0.01,9479,0.0356841693144,0.833333333333,0.0,0.0,0.0,undefined,0.0,6.24945497513
ja160416,linearsvc_C0.01,9006,0.0339035371712,0.833333333333,0.0,0.0,0.0,undefined,0.0,6.59709501266
ja160416,linearsvc_C0.01,8556,0.0322094896776,0.888888888889,0.0,0.0,0.0,undefined,0.0,6.19861793518
ja160416,linearsvc_C0.01,8129,0.0306020268337,0.888888888889,0.0,0.0,0.0,undefined,0.0,5.3753027916
ja160416,linearsvc_C0.01,7723,0.0290736195395,0.888888888889,0.0,0.0,0.0,undefined,0.0,3.57979083061
ja160416,linearsvc_C0.01,7337,0.027620503245,0.888888888889,0.0,0.0,0.0,undefined,0.0,4.87337398529
ja160416,linearsvc_C0.01,6971,0.0262426779503,0.888888888889,0.0,0.0,0.0,undefined,0.0,2.84036803246
ja160416,linearsvc_C0.01,6623,0.0249326145553,0.888888888889,0.0,0.0,0.0,undefined,0.0,2.46875309944
ja160416,linearsvc_C0.01,6292,0.02368654851,0.888888888889,0.0,0.0,0.0,undefined,0.0,2.41586399078
ja160416,linearsvc_C0.01,5978,0.0225044798145,0.888888888889,0.0,0.0,0.0,undefined,0.0,3.17795991898
ja160416,linearsvc_C0.01,5680,0.0213826439187,0.888888888889,0.0,0.0,0.0,undefined,0.0,2.90830516815
ja160416,linearsvc_C0.01,5396,0.0203135117228,0.888888888889,0.0,0.0,0.0,undefined,0.0,1.68426203728
ja160416,linearsvc_C0.01,5127,0.0193008477767,0.888888888889,0.0,0.0,0.0,undefined,0.0,1.95339989662
ja160416,linearsvc_C0.01,4871,0.0183371229803,0.888888888889,0.0,0.0,0.0,undefined,0.0,1.41124892235
ja160416,linearsvc_C0.01,4628,0.0174223373338,0.888888888889,0.0,0.0,0.0,undefined,0.0,2.24546813965
ja160416,linearsvc_C0.01,4397,0.0165527262871,0.888888888889,0.0,0.0,0.0,undefined,0.0,1.67071795464
ja160416,linearsvc_C0.01,4178,0.0157282898402,0.833333333333,0.0,0.0,0.0,undefined,0.0,1.38575911522
ja160416,linearsvc_C0.01,3970,0.0149452634432,0.833333333333,0.0,0.0,0.0,undefined,0.0,1.38045501709
ja160416,linearsvc_C0.01,3772,0.014199882546,0.888888888889,0.0,0.0,0.0,undefined,0.0,1.37115097046
ja160416,linearsvc_C0.01,3584,0.0134921471487,0.888888888889,0.0,0.0,0.0,undefined,0.0,1.08686804771
ja160416,linearsvc_C0.01,3405,0.0128182927013,0.888888888889,0.0,0.0,0.0,undefined,0.0,0.871630907059
ja160416,linearsvc_C0.01,3235,0.0121783192037,0.888888888889,0.0,0.0,0.0,undefined,0.0,0.795336008072
ja160416,linearsvc_C0.01,3074,0.011572226656,0.888888888889,0.0,0.0,0.0,undefined,0.0,0.898725032806
ja160416,linearsvc_C0.01,2921,0.0109962505082,0.888888888889,0.0,0.0,0.0,undefined,0.0,0.792314052582
ja160416,linearsvc_C0.01,2775,0.0104466262103,0.888888888889,0.0,0.0,0.0,undefined,0.0,0.779407978058
ja160416,linearsvc_C0.01,2637,0.00992711831228,0.888888888889,0.0,0.0,0.0,undefined,0.0,0.787953853607
ja160416,linearsvc_C0.01,2506,0.00943396226415,0.888888888889,0.0,0.0,0.0,undefined,0.0,0.57653093338
ja160416,linearsvc_C0.01,2381,0.00896339351594,0.888888888889,0.0,0.0,0.0,undefined,0.0,0.632073879242
ja160416,linearsvc_C0.01,2262,0.00851541206764,0.888888888889,0.0,0.0,0.0,undefined,0.0,0.472020864487
ja160416,linearsvc_C0.01,2149,0.00809001791926,0.888888888889,0.0,0.0,0.0,undefined,0.0,0.452671051025
ja160416,linearsvc_C0.01,2042,0.00768721107079,0.888888888889,0.0,0.0,0.0,undefined,0.0,0.364451885223
ja160416,linearsvc_C0.01,1940,0.00730322697225,0.888888888889,0.0,0.0,0.0,undefined,0.0,0.33464717865
ja160416,linearsvc_C0.01,1843,0.00693806562364,0.888888888889,0.0,0.0,0.0,undefined,0.0,0.359644889832
ja160416,linearsvc_C0.01,1751,0.00659172702495,0.944444444444,0.0,0.0,0.0,undefined,0.0,0.324626922607
ja160416,linearsvc_C0.01,1664,0.0062642111762,0.944444444444,0.0,0.0,0.0,undefined,0.0,0.249628067017
ja160416,linearsvc_C0.01,1581,0.00595175352738,0.944444444444,0.0,0.0,0.0,undefined,0.0,0.32196521759
ja160416,linearsvc_C0.01,1502,0.00565435407851,0.944444444444,0.0,0.0,0.0,undefined,0.0,0.293947935104
ja160416,linearsvc_C0.01,1427,0.00537201282959,0.944444444444,0.0,0.0,0.0,undefined,0.0,0.261250019073
ja160416,linearsvc_C0.01,1356,0.0051047297806,0.888888888889,0.0,0.0,0.0,undefined,0.0,0.250690937042
ja160416,linearsvc_C0.1,265636,1.0,0.611111111111,0.0,0.0,0.0,undefined,0.0,21.2867221832
ja160416,linearsvc_C0.1,252355,0.95000301164,0.611111111111,0.0,0.0,0.0,undefined,0.0,22.4283189774
ja160416,linearsvc_C0.1,239738,0.90250568447,0.611111111111,0.0,0.0,0.0,undefined,0.0,20.154006958
ja160416,linearsvc_C0.1,227752,0.857383788342,0.611111111111,0.0,0.0,0.0,undefined,0.0,20.4449930191
ja160416,linearsvc_C0.1,216365,0.814516857655,0.611111111111,0.0,0.0,0.0,undefined,0.0,21.9973340034
ja160416,linearsvc_C0.1,205547,0.77379195591,0.611111111111,0.0,0.0,0.0,undefined,0.0,16.1628367901
ja160416,linearsvc_C0.1,195270,0.735103675707,0.611111111111,0.0,0.0,0.0,undefined,0.0,18.130795002
ja160416,linearsvc_C0.1,185507,0.698350374196,0.611111111111,0.0,0.0,0.0,undefined,0.0,34.8893752098
ja160416,linearsvc_C0.1,176232,0.663434173079,0.611111111111,0.0,0.0,0.0,undefined,0.0,17.359224081
ja160416,linearsvc_C0.1,167421,0.630264723155,0.611111111111,0.0,0.0,0.0,undefined,0.0,13.8751130104
ja160416,linearsvc_C0.1,159050,0.598751675225,0.611111111111,0.0,0.0,0.0,undefined,0.0,110.746106863
ja160416,linearsvc_C0.1,151098,0.568815973738,0.611111111111,0.0,0.0,0.0,undefined,0.0,67.7499730587
ja160416,linearsvc_C0.1,143544,0.540378563147,0.611111111111,0.0,0.0,0.0,undefined,0.0,165.362818003
ja160416,linearsvc_C0.1,136367,0.513360387899,0.611111111111,0.0,0.0,0.0,undefined,0.0,130.268847942
ja160416,linearsvc_C0.1,129549,0.487693686097,0.611111111111,0.0,0.0,0.0,undefined,0.0,69.7168869972
ja160416,linearsvc_C0.1,123072,0.463310695839,0.611111111111,0.0,0.0,0.0,undefined,0.0,140.179925919
ja160416,linearsvc_C0.1,116919,0.440147419777,0.611111111111,0.0,0.0,0.0,undefined,0.0,134.34699297
ja160416,linearsvc_C0.1,111074,0.418143625111,0.666666666667,0.0,0.0,0.0,undefined,0.0,126.656021118
ja160416,linearsvc_C0.1,105521,0.39723907904,0.666666666667,0.0,0.0,0.0,undefined,0.0,119.989261866
ja160416,linearsvc_C0.1,100245,0.377377313316,0.611111111111,0.0,0.0,0.0,undefined,0.0,113.424921989
ja160416,linearsvc_C0.1,95233,0.358509388788,0.666666666667,0.0,0.0,0.0,undefined,0.0,107.919523001
ja160416,linearsvc_C0.1,90472,0.340586366306,0.666666666667,0.0,0.0,0.0,undefined,0.0,101.780831099
ja160416,linearsvc_C0.1,85949,0.32355930672,0.666666666667,0.0,0.0,0.0,undefined,0.0,96.5465040207
ja160416,linearsvc_C0.1,81652,0.307383035432,0.666666666667,0.0,0.0,0.0,undefined,0.0,91.6253120899
ja160416,linearsvc_C0.1,77570,0.29201614239,0.666666666667,0.0,0.0,0.0,undefined,0.0,87.2372448444
ja160416,linearsvc_C0.1,73692,0.277417217546,0.666666666667,0.0,0.0,0.0,undefined,0.0,82.4675071239
ja160416,linearsvc_C0.1,70008,0.263548615399,0.666666666667,0.0,0.0,0.0,undefined,0.0,78.6991169453
ja160416,linearsvc_C0.1,66508,0.250372690449,0.666666666667,0.0,0.0,0.0,undefined,0.0,74.5295631886
ja160416,linearsvc_C0.1,63183,0.237855561746,0.666666666667,0.0,0.0,0.0,undefined,0.0,64.8268461227
ja160416,linearsvc_C0.1,60024,0.225963348341,0.666666666667,0.0,0.0,0.0,undefined,0.0,67.1584639549
ja160416,linearsvc_C0.1,57023,0.214665933834,0.666666666667,0.0,0.0,0.0,undefined,0.0,64.0693159103
ja160416,linearsvc_C0.1,54172,0.203933201825,0.666666666667,0.0,0.0,0.0,undefined,0.0,60.6329960823
ja160416,linearsvc_C0.1,51464,0.193738800464,0.666666666667,0.0,0.0,0.0,undefined,0.0,57.3625450134
ja160416,linearsvc_C0.1,48891,0.184052613351,0.666666666667,0.0,0.0,0.0,undefined,0.0,54.4735848904
ja160416,linearsvc_C0.1,46447,0.174852053186,0.666666666667,0.0,0.0,0.0,undefined,0.0,51.6975159645
ja160416,linearsvc_C0.1,44125,0.166110768119,0.666666666667,0.0,0.0,0.0,undefined,0.0,48.5155348778
ja160416,linearsvc_C0.1,41919,0.15780617085,0.666666666667,0.0,0.0,0.0,undefined,0.0,46.8161280155
ja160416,linearsvc_C0.1,39824,0.14991943863,0.666666666667,0.0,0.0,0.0,undefined,0.0,44.0213389397
ja160416,linearsvc_C0.1,37833,0.142424219609,0.666666666667,0.0,0.0,0.0,undefined,0.0,41.5452759266
ja160416,linearsvc_C0.1,35942,0.135305455586,0.666666666667,0.0,0.0,0.0,undefined,0.0,39.6141350269
ja160416,linearsvc_C0.1,34145,0.128540559262,0.666666666667,0.0,0.0,0.0,undefined,0.0,38.1390650272
ja160416,linearsvc_C0.1,32438,0.122114472436,0.666666666667,0.0,0.0,0.0,undefined,0.0,36.2852640152
ja160416,linearsvc_C0.1,30817,0.116012136909,0.666666666667,0.0,0.0,0.0,undefined,0.0,33.7376260757
ja160416,linearsvc_C0.1,29277,0.110214729931,0.722222222222,0.0,0.0,0.0,undefined,0.0,31.8548288345
ja160416,linearsvc_C0.1,27814,0.104707193302,0.722222222222,0.0,0.0,0.0,undefined,0.0,30.3774900436
ja160416,linearsvc_C0.1,26424,0.099474468822,0.722222222222,0.0,0.0,0.0,undefined,0.0,29.3144521713
ja160416,linearsvc_C0.1,25103,0.0945014982909,0.722222222222,0.0,0.0,0.0,undefined,0.0,27.7400400639
ja160416,linearsvc_C0.1,23848,0.0897769880588,0.722222222222,0.0,0.0,0.0,undefined,0.0,26.451187849
ja160416,linearsvc_C0.1,22656,0.0852896444759,0.722222222222,0.0,0.0,0.0,undefined,0.0,24.7541379929
ja160416,linearsvc_C0.1,21524,0.0810281738921,0.722222222222,0.0,0.0,0.0,undefined,0.0,23.4211170673
ja160416,linearsvc_C0.1,20448,0.0769775181075,0.722222222222,0.0,0.0,0.0,undefined,0.0,22.3142800331
ja160416,linearsvc_C0.1,19426,0.0731301480221,0.722222222222,0.0,0.0,0.0,undefined,0.0,21.2973701954
ja160416,linearsvc_C0.1,18455,0.069474769986,0.722222222222,0.0,0.0,0.0,undefined,0.0,20.0690050125
ja160416,linearsvc_C0.1,17533,0.0660038548992,0.722222222222,0.0,0.0,0.0,undefined,0.0,18.8551220894
ja160416,linearsvc_C0.1,16657,0.0627061091117,0.722222222222,0.0,0.0,0.0,undefined,0.0,18.1496889591
ja160416,linearsvc_C0.1,15825,0.0595740035236,0.722222222222,0.0,0.0,0.0,undefined,0.0,16.934458971
ja160416,linearsvc_C0.1,15034,0.0565962444849,0.722222222222,0.0,0.0,0.0,undefined,0.0,15.9625499249
ja160416,linearsvc_C0.1,14283,0.0537690674457,0.722222222222,0.0,0.0,0.0,undefined,0.0,15.578813076
ja160416,linearsvc_C0.1,13569,0.0510811787559,0.777777777778,0.0,0.0,0.0,undefined,0.0,14.1624929905
ja160416,linearsvc_C0.1,12891,0.0485288138656,0.777777777778,0.0,0.0,0.0,undefined,0.0,13.7399759293
ja160416,linearsvc_C0.1,12247,0.0461044436748,0.777777777778,0.0,0.0,0.0,undefined,0.0,13.0502331257
ja160416,linearsvc_C0.1,11635,0.0438005390836,0.722222222222,0.0,0.0,0.0,undefined,0.0,11.9844851494
ja160416,linearsvc_C0.1,11054,0.0416133355419,0.777777777778,0.0,0.0,0.0,undefined,0.0,11.3556008339
ja160416,linearsvc_C0.1,10502,0.0395353039498,0.777777777778,0.0,0.0,0.0,undefined,0.0,10.75938797
ja160416,linearsvc_C0.1,9977,0.0375589152073,0.777777777778,0.0,0.0,0.0,undefined,0.0,10.084608078
ja160416,linearsvc_C0.1,9479,0.0356841693144,0.777777777778,0.0,0.0,0.0,undefined,0.0,9.54804897308
ja160416,linearsvc_C0.1,9006,0.0339035371712,0.777777777778,0.0,0.0,0.0,undefined,0.0,9.15732908249
ja160416,linearsvc_C0.1,8556,0.0322094896776,0.777777777778,0.0,0.0,0.0,undefined,0.0,8.39557600021
ja160416,linearsvc_C0.1,8129,0.0306020268337,0.777777777778,0.0,0.0,0.0,undefined,0.0,8.16877198219
ja160416,linearsvc_C0.1,7723,0.0290736195395,0.777777777778,0.0,0.0,0.0,undefined,0.0,7.47627091408
ja160416,linearsvc_C0.1,7337,0.027620503245,0.833333333333,0.0,0.0,0.0,undefined,0.0,7.34655117989
ja160416,linearsvc_C0.1,6971,0.0262426779503,0.833333333333,0.0,0.0,0.0,undefined,0.0,6.78551197052
ja160416,linearsvc_C0.1,6623,0.0249326145553,0.833333333333,0.0,0.0,0.0,undefined,0.0,6.3911421299
ja160416,linearsvc_C0.1,6292,0.02368654851,0.777777777778,0.0,0.0,0.0,undefined,0.0,6.45244383812
ja160416,linearsvc_C0.1,5978,0.0225044798145,0.833333333333,0.0,0.0,0.0,undefined,0.0,5.8877799511
ja160416,linearsvc_C0.1,5680,0.0213826439187,0.833333333333,0.0,0.0,0.0,undefined,0.0,5.32583594322
ja160416,linearsvc_C0.1,5396,0.0203135117228,0.833333333333,0.0,0.0,0.0,undefined,0.0,5.14076399803
ja160416,linearsvc_C0.1,5127,0.0193008477767,0.833333333333,0.0,0.0,0.0,undefined,0.0,5.05117988586
ja160416,linearsvc_C0.1,4871,0.0183371229803,0.833333333333,0.0,0.0,0.0,undefined,0.0,4.57325196266
ja160416,linearsvc_C0.1,4628,0.0174223373338,0.833333333333,0.0,0.0,0.0,undefined,0.0,4.32225394249
ja160416,linearsvc_C0.1,4397,0.0165527262871,0.777777777778,0.0,0.0,0.0,undefined,0.0,3.86146211624
ja160416,linearsvc_C0.1,4178,0.0157282898402,0.888888888889,0.0,0.0,0.0,undefined,0.0,3.92161798477
ja160416,linearsvc_C0.1,3970,0.0149452634432,0.888888888889,0.0,0.0,0.0,undefined,0.0,3.93190813065
ja160416,linearsvc_C0.1,3772,0.014199882546,0.944444444444,0.0,0.0,0.0,undefined,0.0,3.03101205826
ja160416,linearsvc_C0.1,3584,0.0134921471487,0.833333333333,0.0,0.0,0.0,undefined,0.0,3.38709592819
ja160416,linearsvc_C0.1,3405,0.0128182927013,0.944444444444,0.0,0.0,0.0,undefined,0.0,2.80630707741
ja160416,linearsvc_C0.1,3235,0.0121783192037,0.944444444444,0.0,0.0,0.0,undefined,0.0,2.44100403786
ja160416,linearsvc_C0.1,3074,0.011572226656,0.944444444444,0.0,0.0,0.0,undefined,0.0,2.06275296211
ja160416,linearsvc_C0.1,2921,0.0109962505082,0.888888888889,0.0,0.0,0.0,undefined,0.0,2.829600811
ja160416,linearsvc_C0.1,2775,0.0104466262103,0.777777777778,0.0,0.0,0.0,undefined,0.0,2.26285910606
ja160416,linearsvc_C0.1,2637,0.00992711831228,0.722222222222,0.0,0.0,0.0,undefined,0.0,2.03877091408
ja160416,linearsvc_C0.1,2506,0.00943396226415,0.722222222222,0.0,0.0,0.0,undefined,0.0,1.68339180946
ja160416,linearsvc_C0.1,2381,0.00896339351594,0.833333333333,0.0,0.0,0.0,undefined,0.0,1.97981786728
ja160416,linearsvc_C0.1,2262,0.00851541206764,0.833333333333,0.0,0.0,0.0,undefined,0.0,1.3367869854
ja160416,linearsvc_C0.1,2149,0.00809001791926,0.833333333333,0.0,0.0,0.0,undefined,0.0,1.41939616203
ja160416,linearsvc_C0.1,2042,0.00768721107079,0.777777777778,0.0,0.0,0.0,undefined,0.0,1.10244989395
ja160416,linearsvc_C0.1,1940,0.00730322697225,0.777777777778,0.0,0.0,0.0,undefined,0.0,0.988075017929
ja160416,linearsvc_C0.1,1843,0.00693806562364,0.777777777778,0.0,0.0,0.0,undefined,0.0,1.04764318466
ja160416,linearsvc_C0.1,1751,0.00659172702495,0.722222222222,0.0,0.0,0.0,undefined,0.0,0.918306112289
ja160416,linearsvc_C0.1,1664,0.0062642111762,0.777777777778,0.0,0.0,0.0,undefined,0.0,0.803502082825
ja160416,linearsvc_C0.1,1581,0.00595175352738,0.777777777778,0.0,0.0,0.0,undefined,0.0,0.741880893707
ja160416,linearsvc_C0.1,1502,0.00565435407851,0.777777777778,0.0,0.0,0.0,undefined,0.0,0.7162129879
ja160416,linearsvc_C0.1,1427,0.00537201282959,0.777777777778,0.0,0.0,0.0,undefined,0.0,0.59494304657
ja160416,linearsvc_C0.1,1356,0.0051047297806,0.833333333333,0.0,0.0,0.0,undefined,0.0,0.602251768112
ja160416,linearsvc_C1.0,265636,1.0,0.722222222222,0.0,0.0,0.0,undefined,0.0,18.3653781414
ja160416,linearsvc_C1.0,252355,0.95000301164,0.722222222222,0.0,0.0,0.0,undefined,0.0,17.8262739182
ja160416,linearsvc_C1.0,239738,0.90250568447,0.722222222222,0.0,0.0,0.0,undefined,0.0,16.6115550995
ja160416,linearsvc_C1.0,227752,0.857383788342,0.722222222222,0.0,0.0,0.0,undefined,0.0,15.4398319721
ja160416,linearsvc_C1.0,216365,0.814516857655,0.722222222222,0.0,0.0,0.0,undefined,0.0,14.4599289894
ja160416,linearsvc_C1.0,205547,0.77379195591,0.722222222222,0.0,0.0,0.0,undefined,0.0,14.338064909
ja160416,linearsvc_C1.0,195270,0.735103675707,0.722222222222,0.0,0.0,0.0,undefined,0.0,13.4510300159
ja160416,linearsvc_C1.0,185507,0.698350374196,0.722222222222,0.0,0.0,0.0,undefined,0.0,12.1430521011
ja160416,linearsvc_C1.0,176232,0.663434173079,0.722222222222,0.0,0.0,0.0,undefined,0.0,11.2904639244
ja160416,linearsvc_C1.0,167421,0.630264723155,0.722222222222,0.0,0.0,0.0,undefined,0.0,11.1095299721
ja160416,linearsvc_C1.0,159050,0.598751675225,0.722222222222,0.0,0.0,0.0,undefined,0.0,10.0166430473
ja160416,linearsvc_C1.0,151098,0.568815973738,0.722222222222,0.0,0.0,0.0,undefined,0.0,9.87643814087
ja160416,linearsvc_C1.0,143544,0.540378563147,0.722222222222,0.0,0.0,0.0,undefined,0.0,9.08766794205
ja160416,linearsvc_C1.0,136367,0.513360387899,0.666666666667,0.0,0.0,0.0,undefined,0.0,8.3100259304
ja160416,linearsvc_C1.0,129549,0.487693686097,0.722222222222,0.0,0.0,0.0,undefined,0.0,8.27963590622
ja160416,linearsvc_C1.0,123072,0.463310695839,0.722222222222,0.0,0.0,0.0,undefined,0.0,7.74270987511
ja160416,linearsvc_C1.0,116919,0.440147419777,0.722222222222,0.0,0.0,0.0,undefined,0.0,6.94055700302
ja160416,linearsvc_C1.0,111074,0.418143625111,0.722222222222,0.0,0.0,0.0,undefined,0.0,6.52517414093
ja160416,linearsvc_C1.0,105521,0.39723907904,0.722222222222,0.0,0.0,0.0,undefined,0.0,6.29977011681
ja160416,linearsvc_C1.0,100245,0.377377313316,0.722222222222,0.0,0.0,0.0,undefined,0.0,5.83789920807
ja160416,linearsvc_C1.0,95233,0.358509388788,0.722222222222,0.0,0.0,0.0,undefined,0.0,5.69963288307
ja160416,linearsvc_C1.0,90472,0.340586366306,0.722222222222,0.0,0.0,0.0,undefined,0.0,5.36231613159
ja160416,linearsvc_C1.0,85949,0.32355930672,0.722222222222,0.0,0.0,0.0,undefined,0.0,4.85875988007
ja160416,linearsvc_C1.0,81652,0.307383035432,0.722222222222,0.0,0.0,0.0,undefined,0.0,4.61742901802
ja160416,linearsvc_C1.0,77570,0.29201614239,0.722222222222,0.0,0.0,0.0,undefined,0.0,4.47069311142
ja160416,linearsvc_C1.0,73692,0.277417217546,0.722222222222,0.0,0.0,0.0,undefined,0.0,3.9342880249
ja160416,linearsvc_C1.0,70008,0.263548615399,0.722222222222,0.0,0.0,0.0,undefined,0.0,3.94490122795
ja160416,linearsvc_C1.0,66508,0.250372690449,0.777777777778,0.0,0.0,0.0,undefined,0.0,3.63681387901
ja160416,linearsvc_C1.0,63183,0.237855561746,0.777777777778,0.0,0.0,0.0,undefined,0.0,3.29191708565
ja160416,linearsvc_C1.0,60024,0.225963348341,0.777777777778,0.0,0.0,0.0,undefined,0.0,3.26164698601
ja160416,linearsvc_C1.0,57023,0.214665933834,0.777777777778,0.0,0.0,0.0,undefined,0.0,3.07202410698
ja160416,linearsvc_C1.0,54172,0.203933201825,0.722222222222,0.0,0.0,0.0,undefined,0.0,2.89945602417
ja160416,linearsvc_C1.0,51464,0.193738800464,0.777777777778,0.0,0.0,0.0,undefined,0.0,2.7842669487
ja160416,linearsvc_C1.0,48891,0.184052613351,0.777777777778,0.0,0.0,0.0,undefined,0.0,2.46096897125
ja160416,linearsvc_C1.0,46447,0.174852053186,0.777777777778,0.0,0.0,0.0,undefined,0.0,2.333340168
ja160416,linearsvc_C1.0,44125,0.166110768119,0.777777777778,0.0,0.0,0.0,undefined,0.0,2.21016907692
ja160416,linearsvc_C1.0,41919,0.15780617085,0.777777777778,0.0,0.0,0.0,undefined,0.0,2.21612787247
ja160416,linearsvc_C1.0,39824,0.14991943863,0.777777777778,0.0,0.0,0.0,undefined,0.0,1.9713101387
ja160416,linearsvc_C1.0,37833,0.142424219609,0.777777777778,0.0,0.0,0.0,undefined,0.0,1.86406612396
ja160416,linearsvc_C1.0,35942,0.135305455586,0.777777777778,0.0,0.0,0.0,undefined,0.0,1.87775397301
ja160416,linearsvc_C1.0,34145,0.128540559262,0.777777777778,0.0,0.0,0.0,undefined,0.0,1.75479793549
ja160416,linearsvc_C1.0,32438,0.122114472436,0.777777777778,0.0,0.0,0.0,undefined,0.0,1.56904816628
ja160416,linearsvc_C1.0,30817,0.116012136909,0.777777777778,0.0,0.0,0.0,undefined,0.0,1.49681091309
ja160416,linearsvc_C1.0,29277,0.110214729931,0.777777777778,0.0,0.0,0.0,undefined,0.0,1.42136406898
ja160416,linearsvc_C1.0,27814,0.104707193302,0.722222222222,0.0,0.0,0.0,undefined,0.0,1.34420108795
ja160416,linearsvc_C1.0,26424,0.099474468822,0.722222222222,0.0,0.0,0.0,undefined,0.0,1.23015093803
ja160416,linearsvc_C1.0,25103,0.0945014982909,0.722222222222,0.0,0.0,0.0,undefined,0.0,1.22481012344
ja160416,linearsvc_C1.0,23848,0.0897769880588,0.722222222222,0.0,0.0,0.0,undefined,0.0,1.15187883377
ja160416,linearsvc_C1.0,22656,0.0852896444759,0.722222222222,0.0,0.0,0.0,undefined,0.0,1.09228801727
ja160416,linearsvc_C1.0,21524,0.0810281738921,0.722222222222,0.0,0.0,0.0,undefined,0.0,1.00262498856
ja160416,linearsvc_C1.0,20448,0.0769775181075,0.722222222222,0.0,0.0,0.0,undefined,0.0,1.00001788139
ja160416,linearsvc_C1.0,19426,0.0731301480221,0.722222222222,0.0,0.0,0.0,undefined,0.0,0.941423177719
ja160416,linearsvc_C1.0,18455,0.069474769986,0.722222222222,0.0,0.0,0.0,undefined,0.0,0.884119987488
ja160416,linearsvc_C1.0,17533,0.0660038548992,0.722222222222,0.0,0.0,0.0,undefined,0.0,0.838541984558
ja160416,linearsvc_C1.0,16657,0.0627061091117,0.722222222222,0.0,0.0,0.0,undefined,0.0,0.809528112411
ja160416,linearsvc_C1.0,15825,0.0595740035236,0.777777777778,0.0,0.0,0.0,undefined,0.0,0.712632894516
ja160416,linearsvc_C1.0,15034,0.0565962444849,0.722222222222,0.0,0.0,0.0,undefined,0.0,0.680176973343
ja160416,linearsvc_C1.0,14283,0.0537690674457,0.777777777778,0.0,0.0,0.0,undefined,0.0,0.643536806107
ja160416,linearsvc_C1.0,13569,0.0510811787559,0.777777777778,0.0,0.0,0.0,undefined,0.0,0.609153985977
ja160416,linearsvc_C1.0,12891,0.0485288138656,0.777777777778,0.0,0.0,0.0,undefined,0.0,0.592346906662
ja160416,linearsvc_C1.0,12247,0.0461044436748,0.777777777778,0.0,0.0,0.0,undefined,0.0,0.572353839874
ja160416,linearsvc_C1.0,11635,0.0438005390836,0.777777777778,0.0,0.0,0.0,undefined,0.0,0.484661102295
ja160416,linearsvc_C1.0,11054,0.0416133355419,0.777777777778,0.0,0.0,0.0,undefined,0.0,0.472632169724
ja160416,linearsvc_C1.0,10502,0.0395353039498,0.777777777778,0.0,0.0,0.0,undefined,0.0,0.465219974518
ja160416,linearsvc_C1.0,9977,0.0375589152073,0.777777777778,0.0,0.0,0.0,undefined,0.0,0.449870109558
ja160416,linearsvc_C1.0,9479,0.0356841693144,0.777777777778,0.0,0.0,0.0,undefined,0.0,0.406349897385
ja160416,linearsvc_C1.0,9006,0.0339035371712,0.777777777778,0.0,0.0,0.0,undefined,0.0,0.379545927048
ja160416,linearsvc_C1.0,8556,0.0322094896776,0.777777777778,0.0,0.0,0.0,undefined,0.0,0.361964941025
ja160416,linearsvc_C1.0,8129,0.0306020268337,0.777777777778,0.0,0.0,0.0,undefined,0.0,0.342506885529
ja160416,linearsvc_C1.0,7723,0.0290736195395,0.777777777778,0.0,0.0,0.0,undefined,0.0,0.283998012543
ja160416,linearsvc_C1.0,7337,0.027620503245,0.777777777778,0.0,0.0,0.0,undefined,0.0,0.333151102066
ja160416,linearsvc_C1.0,6971,0.0262426779503,0.777777777778,0.0,0.0,0.0,undefined,0.0,0.295226812363
ja160416,linearsvc_C1.0,6623,0.0249326145553,0.777777777778,0.0,0.0,0.0,undefined,0.0,0.277425050735
ja160416,linearsvc_C1.0,6292,0.02368654851,0.777777777778,0.0,0.0,0.0,undefined,0.0,0.246742010117
ja160416,linearsvc_C1.0,5978,0.0225044798145,0.777777777778,0.0,0.0,0.0,undefined,0.0,0.262386798859
ja160416,linearsvc_C1.0,5680,0.0213826439187,0.777777777778,0.0,0.0,0.0,undefined,0.0,0.227281093597
ja160416,linearsvc_C1.0,5396,0.0203135117228,0.777777777778,0.0,0.0,0.0,undefined,0.0,0.209902048111
ja160416,linearsvc_C1.0,5127,0.0193008477767,0.777777777778,0.0,0.0,0.0,undefined,0.0,0.213920116425
ja160416,linearsvc_C1.0,4871,0.0183371229803,0.777777777778,0.0,0.0,0.0,undefined,0.0,0.210304021835
ja160416,linearsvc_C1.0,4628,0.0174223373338,0.777777777778,0.0,0.0,0.0,undefined,0.0,0.466080904007
ja160416,linearsvc_C1.0,4397,0.0165527262871,0.777777777778,0.0,0.0,0.0,undefined,0.0,0.183716058731
ja160416,linearsvc_C1.0,4178,0.0157282898402,0.833333333333,0.0,0.0,0.0,undefined,0.0,0.218841075897
ja160416,linearsvc_C1.0,3970,0.0149452634432,0.833333333333,0.0,0.0,0.0,undefined,0.0,0.149397850037
ja160416,linearsvc_C1.0,3772,0.014199882546,0.777777777778,0.0,0.0,0.0,undefined,0.0,1.4327070713
ja160416,linearsvc_C1.0,3584,0.0134921471487,0.833333333333,0.0,0.0,0.0,undefined,0.0,0.903162956238
ja160416,linearsvc_C1.0,3405,0.0128182927013,0.777777777778,0.0,0.0,0.0,undefined,0.0,1.2442510128
ja160416,linearsvc_C1.0,3235,0.0121783192037,0.777777777778,0.0,0.0,0.0,undefined,0.0,2.03287291527
ja160416,linearsvc_C1.0,3074,0.011572226656,0.777777777778,0.0,0.0,0.0,undefined,0.0,1.40575385094
ja160416,linearsvc_C1.0,2921,0.0109962505082,0.722222222222,0.0,0.0,0.0,undefined,0.0,1.34278416634
ja160416,linearsvc_C1.0,2775,0.0104466262103,0.777777777778,0.0,0.0,0.0,undefined,0.0,0.437653064728
ja160416,linearsvc_C1.0,2637,0.00992711831228,0.777777777778,0.0,0.0,0.0,undefined,0.0,1.63322782516
ja160416,linearsvc_C1.0,2506,0.00943396226415,0.833333333333,0.0,0.0,0.0,undefined,0.0,0.896517038345
ja160416,linearsvc_C1.0,2381,0.00896339351594,0.777777777778,0.0,0.0,0.0,undefined,0.0,1.34574484825
ja160416,linearsvc_C1.0,2262,0.00851541206764,0.777777777778,0.0,0.0,0.0,undefined,0.0,1.65133905411
ja160416,linearsvc_C1.0,2149,0.00809001791926,0.777777777778,0.0,0.0,0.0,undefined,0.0,1.3003950119
ja160416,linearsvc_C1.0,2042,0.00768721107079,0.777777777778,0.0,0.0,0.0,undefined,0.0,1.62016010284
ja160416,linearsvc_C1.0,1940,0.00730322697225,0.777777777778,0.0,0.0,0.0,undefined,0.0,1.31092500687
ja160416,linearsvc_C1.0,1843,0.00693806562364,0.777777777778,0.0,0.0,0.0,undefined,0.0,1.25109100342
ja160416,linearsvc_C1.0,1751,0.00659172702495,0.722222222222,0.0,0.0,0.0,undefined,0.0,1.38453817368
ja160416,linearsvc_C1.0,1664,0.0062642111762,0.722222222222,0.0,0.0,0.0,undefined,0.0,0.977991819382
ja160416,linearsvc_C1.0,1581,0.00595175352738,0.611111111111,0.0,0.0,0.0,undefined,0.0,1.1112279892
ja160416,linearsvc_C1.0,1502,0.00565435407851,0.722222222222,0.0,0.0,0.0,undefined,0.0,1.22922897339
ja160416,linearsvc_C1.0,1427,0.00537201282959,0.722222222222,0.0,0.0,0.0,undefined,0.0,0.973995923996
ja160416,linearsvc_C1.0,1356,0.0051047297806,0.722222222222,0.0,0.0,0.0,undefined,0.0,1.02405810356
ja160416,linearsvc_C10.0,265636,1.0,0.5,0.0,0.0,0.0,undefined,0.0,18.1215538979
ja160416,linearsvc_C10.0,252355,0.95000301164,0.5,0.0,0.0,0.0,undefined,0.0,16.9202859402
ja160416,linearsvc_C10.0,239738,0.90250568447,0.5,0.0,0.0,0.0,undefined,0.0,15.6303339005
ja160416,linearsvc_C10.0,227752,0.857383788342,0.5,0.0,0.0,0.0,undefined,0.0,14.9497218132
ja160416,linearsvc_C10.0,216365,0.814516857655,0.5,0.0,0.0,0.0,undefined,0.0,13.7406730652
ja160416,linearsvc_C10.0,205547,0.77379195591,0.5,0.0,0.0,0.0,undefined,0.0,13.1726279259
ja160416,linearsvc_C10.0,195270,0.735103675707,0.5,0.0,0.0,0.0,undefined,0.0,12.5465369225
ja160416,linearsvc_C10.0,185507,0.698350374196,0.5,0.0,0.0,0.0,undefined,0.0,11.2929091454
ja160416,linearsvc_C10.0,176232,0.663434173079,0.5,0.0,0.0,0.0,undefined,0.0,11.2787339687
ja160416,linearsvc_C10.0,167421,0.630264723155,0.5,0.0,0.0,0.0,undefined,0.0,10.605093956
ja160416,linearsvc_C10.0,159050,0.598751675225,0.5,0.0,0.0,0.0,undefined,0.0,9.43661808968
ja160416,linearsvc_C10.0,151098,0.568815973738,0.5,0.0,0.0,0.0,undefined,0.0,9.36496114731
ja160416,linearsvc_C10.0,143544,0.540378563147,0.5,0.0,0.0,0.0,undefined,0.0,8.46623492241
ja160416,linearsvc_C10.0,136367,0.513360387899,0.5,0.0,0.0,0.0,undefined,0.0,8.09927892685
ja160416,linearsvc_C10.0,129549,0.487693686097,0.555555555556,0.0,0.0,0.0,undefined,0.0,7.48491406441
ja160416,linearsvc_C10.0,123072,0.463310695839,0.555555555556,0.0,0.0,0.0,undefined,0.0,7.53926706314
ja160416,linearsvc_C10.0,116919,0.440147419777,0.555555555556,0.0,0.0,0.0,undefined,0.0,6.81630706787
ja160416,linearsvc_C10.0,111074,0.418143625111,0.555555555556,0.0,0.0,0.0,undefined,0.0,6.25168800354
ja160416,linearsvc_C10.0,105521,0.39723907904,0.555555555556,0.0,0.0,0.0,undefined,0.0,6.0246629715
ja160416,linearsvc_C10.0,100245,0.377377313316,0.555555555556,0.0,0.0,0.0,undefined,0.0,5.73675704002
ja160416,linearsvc_C10.0,95233,0.358509388788,0.555555555556,0.0,0.0,0.0,undefined,0.0,5.323335886
ja160416,linearsvc_C10.0,90472,0.340586366306,0.555555555556,0.0,0.0,0.0,undefined,0.0,4.71253705025
ja160416,linearsvc_C10.0,85949,0.32355930672,0.5,0.0,0.0,0.0,undefined,0.0,4.69794106483
ja160416,linearsvc_C10.0,81652,0.307383035432,0.555555555556,0.0,0.0,0.0,undefined,0.0,4.44328093529
ja160416,linearsvc_C10.0,77570,0.29201614239,0.555555555556,0.0,0.0,0.0,undefined,0.0,4.19034194946
ja160416,linearsvc_C10.0,73692,0.277417217546,0.555555555556,0.0,0.0,0.0,undefined,0.0,4.08170795441
ja160416,linearsvc_C10.0,70008,0.263548615399,0.611111111111,0.0,0.0,0.0,undefined,0.0,3.62919378281
ja160416,linearsvc_C10.0,66508,0.250372690449,0.611111111111,0.0,0.0,0.0,undefined,0.0,3.66830897331
ja160416,linearsvc_C10.0,63183,0.237855561746,0.611111111111,0.0,0.0,0.0,undefined,0.0,3.28685903549
ja160416,linearsvc_C10.0,60024,0.225963348341,0.666666666667,0.0,0.0,0.0,undefined,0.0,3.09149503708
ja160416,linearsvc_C10.0,57023,0.214665933834,0.666666666667,0.0,0.0,0.0,undefined,0.0,2.97216010094
ja160416,linearsvc_C10.0,54172,0.203933201825,0.666666666667,0.0,0.0,0.0,undefined,0.0,2.65509390831
ja160416,linearsvc_C10.0,51464,0.193738800464,0.666666666667,0.0,0.0,0.0,undefined,0.0,2.5629298687
ja160416,linearsvc_C10.0,48891,0.184052613351,0.666666666667,0.0,0.0,0.0,undefined,0.0,2.48805403709
ja160416,linearsvc_C10.0,46447,0.174852053186,0.666666666667,0.0,0.0,0.0,undefined,0.0,2.33548998833
ja160416,linearsvc_C10.0,44125,0.166110768119,0.611111111111,0.0,0.0,0.0,undefined,0.0,2.15929102898
ja160416,linearsvc_C10.0,41919,0.15780617085,0.666666666667,0.0,0.0,0.0,undefined,0.0,2.07117009163
ja160416,linearsvc_C10.0,39824,0.14991943863,0.611111111111,0.0,0.0,0.0,undefined,0.0,2.00953793526
ja160416,linearsvc_C10.0,37833,0.142424219609,0.611111111111,0.0,0.0,0.0,undefined,0.0,1.81389498711
ja160416,linearsvc_C10.0,35942,0.135305455586,0.666666666667,0.0,0.0,0.0,undefined,0.0,1.71853709221
ja160416,linearsvc_C10.0,34145,0.128540559262,0.666666666667,0.0,0.0,0.0,undefined,0.0,1.6438498497
ja160416,linearsvc_C10.0,32438,0.122114472436,0.666666666667,0.0,0.0,0.0,undefined,0.0,1.54945611954
ja160416,linearsvc_C10.0,30817,0.116012136909,0.666666666667,0.0,0.0,0.0,undefined,0.0,1.3999941349
ja160416,linearsvc_C10.0,29277,0.110214729931,0.666666666667,0.0,0.0,0.0,undefined,0.0,1.40236186981
ja160416,linearsvc_C10.0,27814,0.104707193302,0.722222222222,0.0,0.0,0.0,undefined,0.0,1.31725382805
ja160416,linearsvc_C10.0,26424,0.099474468822,0.722222222222,0.0,0.0,0.0,undefined,0.0,1.21723008156
ja160416,linearsvc_C10.0,25103,0.0945014982909,0.722222222222,0.0,0.0,0.0,undefined,0.0,1.18843603134
ja160416,linearsvc_C10.0,23848,0.0897769880588,0.722222222222,0.0,0.0,0.0,undefined,0.0,1.1774969101
ja160416,linearsvc_C10.0,22656,0.0852896444759,0.722222222222,0.0,0.0,0.0,undefined,0.0,1.02496409416
ja160416,linearsvc_C10.0,21524,0.0810281738921,0.722222222222,0.0,0.0,0.0,undefined,0.0,0.986611127853
ja160416,linearsvc_C10.0,20448,0.0769775181075,0.722222222222,0.0,0.0,0.0,undefined,0.0,0.917560100555
ja160416,linearsvc_C10.0,19426,0.0731301480221,0.777777777778,0.0,0.0,0.0,undefined,0.0,0.877330064774
ja160416,linearsvc_C10.0,18455,0.069474769986,0.777777777778,0.0,0.0,0.0,undefined,0.0,0.900230884552
ja160416,linearsvc_C10.0,17533,0.0660038548992,0.777777777778,0.0,0.0,0.0,undefined,0.0,0.804777145386
ja160416,linearsvc_C10.0,16657,0.0627061091117,0.777777777778,0.0,0.0,0.0,undefined,0.0,0.811241149902
ja160416,linearsvc_C10.0,15825,0.0595740035236,0.777777777778,0.0,0.0,0.0,undefined,0.0,0.738047122955
ja160416,linearsvc_C10.0,15034,0.0565962444849,0.777777777778,0.0,0.0,0.0,undefined,0.0,0.751510858536
ja160416,linearsvc_C10.0,14283,0.0537690674457,0.722222222222,0.0,0.0,0.0,undefined,0.0,0.680720806122
ja160416,linearsvc_C10.0,13569,0.0510811787559,0.722222222222,0.0,0.0,0.0,undefined,0.0,0.592441082001
ja160416,linearsvc_C10.0,12891,0.0485288138656,0.722222222222,0.0,0.0,0.0,undefined,0.0,0.577322006226
ja160416,linearsvc_C10.0,12247,0.0461044436748,0.722222222222,0.0,0.0,0.0,undefined,0.0,0.56517291069
ja160416,linearsvc_C10.0,11635,0.0438005390836,0.777777777778,0.0,0.0,0.0,undefined,0.0,0.548961162567
ja160416,linearsvc_C10.0,11054,0.0416133355419,0.722222222222,0.0,0.0,0.0,undefined,0.0,0.432079792023
ja160416,linearsvc_C10.0,10502,0.0395353039498,0.722222222222,0.0,0.0,0.0,undefined,0.0,0.476490974426
ja160416,linearsvc_C10.0,9977,0.0375589152073,0.777777777778,0.0,0.0,0.0,undefined,0.0,0.376125097275
ja160416,linearsvc_C10.0,9479,0.0356841693144,0.777777777778,0.0,0.0,0.0,undefined,0.0,0.419070005417
ja160416,linearsvc_C10.0,9006,0.0339035371712,0.722222222222,0.0,0.0,0.0,undefined,0.0,0.374694824219
ja160416,linearsvc_C10.0,8556,0.0322094896776,0.722222222222,0.0,0.0,0.0,undefined,0.0,0.376239061356
ja160416,linearsvc_C10.0,8129,0.0306020268337,0.722222222222,0.0,0.0,0.0,undefined,0.0,0.282727003098
ja160416,linearsvc_C10.0,7723,0.0290736195395,0.722222222222,0.0,0.0,0.0,undefined,0.0,0.337196111679
ja160416,linearsvc_C10.0,7337,0.027620503245,0.722222222222,0.0,0.0,0.0,undefined,0.0,0.328423976898
ja160416,linearsvc_C10.0,6971,0.0262426779503,0.722222222222,0.0,0.0,0.0,undefined,0.0,0.243119955063
ja160416,linearsvc_C10.0,6623,0.0249326145553,0.722222222222,0.0,0.0,0.0,undefined,0.0,0.288508892059
ja160416,linearsvc_C10.0,6292,0.02368654851,0.777777777778,0.0,0.0,0.0,undefined,0.0,0.212235927582
ja160416,linearsvc_C10.0,5978,0.0225044798145,0.777777777778,0.0,0.0,0.0,undefined,0.0,0.214149951935
ja160416,linearsvc_C10.0,5680,0.0213826439187,0.833333333333,0.0,0.0,0.0,undefined,0.0,0.236269950867
ja160416,linearsvc_C10.0,5396,0.0203135117228,0.777777777778,0.0,0.0,0.0,undefined,0.0,0.196662902832
ja160416,linearsvc_C10.0,5127,0.0193008477767,0.722222222222,0.0,0.0,0.0,undefined,0.0,0.194957971573
ja160416,linearsvc_C10.0,4871,0.0183371229803,0.777777777778,0.0,0.0,0.0,undefined,0.0,0.168168067932
ja160416,linearsvc_C10.0,4628,0.0174223373338,0.777777777778,0.0,0.0,0.0,undefined,0.0,0.158052921295
ja160416,linearsvc_C10.0,4397,0.0165527262871,0.777777777778,0.0,0.0,0.0,undefined,0.0,0.183992147446
ja160416,linearsvc_C10.0,4178,0.0157282898402,0.777777777778,0.0,0.0,0.0,undefined,0.0,0.144570112228
ja160416,linearsvc_C10.0,3970,0.0149452634432,0.722222222222,0.0,0.0,0.0,undefined,0.0,0.153738975525
ja160416,linearsvc_C10.0,3772,0.014199882546,0.722222222222,0.0,0.0,0.0,undefined,0.0,0.177702188492
ja160416,linearsvc_C10.0,3584,0.0134921471487,0.722222222222,0.0,0.0,0.0,undefined,0.0,0.170028209686
ja160416,linearsvc_C10.0,3405,0.0128182927013,0.722222222222,0.0,0.0,0.0,undefined,0.0,0.17525100708
ja160416,linearsvc_C10.0,3235,0.0121783192037,0.722222222222,0.0,0.0,0.0,undefined,0.0,0.146228075027
ja160416,linearsvc_C10.0,3074,0.011572226656,0.722222222222,0.0,0.0,0.0,undefined,0.0,0.130396842957
ja160416,linearsvc_C10.0,2921,0.0109962505082,0.722222222222,0.0,0.0,0.0,undefined,0.0,0.135054111481
ja160416,linearsvc_C10.0,2775,0.0104466262103,0.722222222222,0.0,0.0,0.0,undefined,0.0,0.127983093262
ja160416,linearsvc_C10.0,2637,0.00992711831228,0.722222222222,0.0,0.0,0.0,undefined,0.0,0.140214920044
ja160416,linearsvc_C10.0,2506,0.00943396226415,0.722222222222,0.0,0.0,0.0,undefined,0.0,0.142405986786
ja160416,linearsvc_C10.0,2381,0.00896339351594,0.722222222222,0.0,0.0,0.0,undefined,0.0,0.116332054138
ja160416,linearsvc_C10.0,2262,0.00851541206764,0.722222222222,0.0,0.0,0.0,undefined,0.0,0.125338077545
ja160416,linearsvc_C10.0,2149,0.00809001791926,0.722222222222,0.0,0.0,0.0,undefined,0.0,0.127113103867
ja160416,linearsvc_C10.0,2042,0.00768721107079,0.722222222222,0.0,0.0,0.0,undefined,0.0,0.12108206749
ja160416,linearsvc_C10.0,1940,0.00730322697225,0.722222222222,0.0,0.0,0.0,undefined,0.0,0.129019975662
ja160416,linearsvc_C10.0,1843,0.00693806562364,0.722222222222,0.0,0.0,0.0,undefined,0.0,0.144990921021
ja160416,linearsvc_C10.0,1751,0.00659172702495,0.722222222222,0.0,0.0,0.0,undefined,0.0,0.116189956665
ja160416,linearsvc_C10.0,1664,0.0062642111762,0.722222222222,0.0,0.0,0.0,undefined,0.0,0.144295215607
ja160416,linearsvc_C10.0,1581,0.00595175352738,0.722222222222,0.0,0.0,0.0,undefined,0.0,0.13675403595
ja160416,linearsvc_C10.0,1502,0.00565435407851,0.722222222222,0.0,0.0,0.0,undefined,0.0,0.107339859009
ja160416,linearsvc_C10.0,1427,0.00537201282959,0.722222222222,0.0,0.0,0.0,undefined,0.0,0.0998249053955
ja160416,linearsvc_C10.0,1356,0.0051047297806,0.722222222222,0.0,0.0,0.0,undefined,0.0,0.103729009628
ja160416,linearsvc_C100.0,265636,1.0,0.666666666667,0.0,0.0,0.0,undefined,0.0,18.9389619827
ja160416,linearsvc_C100.0,252355,0.95000301164,0.666666666667,0.0,0.0,0.0,undefined,0.0,17.319327116
ja160416,linearsvc_C100.0,239738,0.90250568447,0.666666666667,0.0,0.0,0.0,undefined,0.0,16.4834990501
ja160416,linearsvc_C100.0,227752,0.857383788342,0.666666666667,0.0,0.0,0.0,undefined,0.0,14.6196129322
ja160416,linearsvc_C100.0,216365,0.814516857655,0.666666666667,0.0,0.0,0.0,undefined,0.0,14.1989929676
ja160416,linearsvc_C100.0,205547,0.77379195591,0.722222222222,0.0,0.0,0.0,undefined,0.0,13.2461228371
ja160416,linearsvc_C100.0,195270,0.735103675707,0.722222222222,0.0,0.0,0.0,undefined,0.0,12.9808390141
ja160416,linearsvc_C100.0,185507,0.698350374196,0.777777777778,0.0,0.0,0.0,undefined,0.0,11.3980720043
ja160416,linearsvc_C100.0,176232,0.663434173079,0.777777777778,0.0,0.0,0.0,undefined,0.0,11.1187701225
ja160416,linearsvc_C100.0,167421,0.630264723155,0.722222222222,0.0,0.0,0.0,undefined,0.0,10.3882389069
ja160416,linearsvc_C100.0,159050,0.598751675225,0.722222222222,0.0,0.0,0.0,undefined,0.0,9.70871686935
ja160416,linearsvc_C100.0,151098,0.568815973738,0.722222222222,0.0,0.0,0.0,undefined,0.0,9.26798605919
ja160416,linearsvc_C100.0,143544,0.540378563147,0.722222222222,0.0,0.0,0.0,undefined,0.0,8.36737203598
ja160416,linearsvc_C100.0,136367,0.513360387899,0.722222222222,0.0,0.0,0.0,undefined,0.0,8.19065499306
ja160416,linearsvc_C100.0,129549,0.487693686097,0.722222222222,0.0,0.0,0.0,undefined,0.0,7.57756185532
ja160416,linearsvc_C100.0,123072,0.463310695839,0.722222222222,0.0,0.0,0.0,undefined,0.0,7.00211310387
ja160416,linearsvc_C100.0,116919,0.440147419777,0.722222222222,0.0,0.0,0.0,undefined,0.0,6.69866490364
ja160416,linearsvc_C100.0,111074,0.418143625111,0.722222222222,0.0,0.0,0.0,undefined,0.0,6.47592401505
ja160416,linearsvc_C100.0,105521,0.39723907904,0.722222222222,0.0,0.0,0.0,undefined,0.0,5.82420706749
ja160416,linearsvc_C100.0,100245,0.377377313316,0.722222222222,0.0,0.0,0.0,undefined,0.0,5.9389500618
ja160416,linearsvc_C100.0,95233,0.358509388788,0.722222222222,0.0,0.0,0.0,undefined,0.0,5.30504488945
ja160416,linearsvc_C100.0,90472,0.340586366306,0.722222222222,0.0,0.0,0.0,undefined,0.0,4.88283491135
ja160416,linearsvc_C100.0,85949,0.32355930672,0.722222222222,0.0,0.0,0.0,undefined,0.0,4.63956689835
ja160416,linearsvc_C100.0,81652,0.307383035432,0.722222222222,0.0,0.0,0.0,undefined,0.0,4.62537002563
ja160416,linearsvc_C100.0,77570,0.29201614239,0.722222222222,0.0,0.0,0.0,undefined,0.0,4.23433494568
ja160416,linearsvc_C100.0,73692,0.277417217546,0.722222222222,0.0,0.0,0.0,undefined,0.0,3.82442092896
ja160416,linearsvc_C100.0,70008,0.263548615399,0.722222222222,0.0,0.0,0.0,undefined,0.0,3.73693108559
ja160416,linearsvc_C100.0,66508,0.250372690449,0.722222222222,0.0,0.0,0.0,undefined,0.0,3.40466094017
ja160416,linearsvc_C100.0,63183,0.237855561746,0.722222222222,0.0,0.0,0.0,undefined,0.0,3.35761809349
ja160416,linearsvc_C100.0,60024,0.225963348341,0.722222222222,0.0,0.0,0.0,undefined,0.0,3.19959306717
ja160416,linearsvc_C100.0,57023,0.214665933834,0.722222222222,0.0,0.0,0.0,undefined,0.0,3.0329720974
ja160416,linearsvc_C100.0,54172,0.203933201825,0.722222222222,0.0,0.0,0.0,undefined,0.0,2.82973694801
ja160416,linearsvc_C100.0,51464,0.193738800464,0.722222222222,0.0,0.0,0.0,undefined,0.0,2.52594995499
ja160416,linearsvc_C100.0,48891,0.184052613351,0.722222222222,0.0,0.0,0.0,undefined,0.0,2.53114199638
ja160416,linearsvc_C100.0,46447,0.174852053186,0.722222222222,0.0,0.0,0.0,undefined,0.0,2.42307114601
ja160416,linearsvc_C100.0,44125,0.166110768119,0.722222222222,0.0,0.0,0.0,undefined,0.0,2.10822510719
ja160416,linearsvc_C100.0,41919,0.15780617085,0.722222222222,0.0,0.0,0.0,undefined,0.0,1.99151992798
ja160416,linearsvc_C100.0,39824,0.14991943863,0.722222222222,0.0,0.0,0.0,undefined,0.0,1.98052811623
ja160416,linearsvc_C100.0,37833,0.142424219609,0.722222222222,0.0,0.0,0.0,undefined,0.0,1.89341402054
ja160416,linearsvc_C100.0,35942,0.135305455586,0.722222222222,0.0,0.0,0.0,undefined,0.0,1.84522509575
ja160416,linearsvc_C100.0,34145,0.128540559262,0.722222222222,0.0,0.0,0.0,undefined,0.0,1.7066180706
ja160416,linearsvc_C100.0,32438,0.122114472436,0.722222222222,0.0,0.0,0.0,undefined,0.0,1.50746583939
ja160416,linearsvc_C100.0,30817,0.116012136909,0.666666666667,0.0,0.0,0.0,undefined,0.0,1.50366592407
ja160416,linearsvc_C100.0,29277,0.110214729931,0.777777777778,0.0,0.0,0.0,undefined,0.0,1.38985013962
ja160416,linearsvc_C100.0,27814,0.104707193302,0.777777777778,0.0,0.0,0.0,undefined,0.0,1.31036400795
ja160416,linearsvc_C100.0,26424,0.099474468822,0.777777777778,0.0,0.0,0.0,undefined,0.0,1.17888498306
ja160416,linearsvc_C100.0,25103,0.0945014982909,0.777777777778,0.0,0.0,0.0,undefined,0.0,1.12939214706
ja160416,linearsvc_C100.0,23848,0.0897769880588,0.777777777778,0.0,0.0,0.0,undefined,0.0,1.10470485687
ja160416,linearsvc_C100.0,22656,0.0852896444759,0.777777777778,0.0,0.0,0.0,undefined,0.0,1.08152604103
ja160416,linearsvc_C100.0,21524,0.0810281738921,0.833333333333,0.0,0.0,0.0,undefined,0.0,0.994522094727
ja160416,linearsvc_C100.0,20448,0.0769775181075,0.833333333333,0.0,0.0,0.0,undefined,0.0,0.964249849319
ja160416,linearsvc_C100.0,19426,0.0731301480221,0.833333333333,0.0,0.0,0.0,undefined,0.0,0.960622787476
ja160416,linearsvc_C100.0,18455,0.069474769986,0.777777777778,0.0,0.0,0.0,undefined,0.0,0.907892942429
ja160416,linearsvc_C100.0,17533,0.0660038548992,0.833333333333,0.0,0.0,0.0,undefined,0.0,0.80660700798
ja160416,linearsvc_C100.0,16657,0.0627061091117,0.833333333333,0.0,0.0,0.0,undefined,0.0,0.797795057297
ja160416,linearsvc_C100.0,15825,0.0595740035236,0.777777777778,0.0,0.0,0.0,undefined,0.0,0.719927072525
ja160416,linearsvc_C100.0,15034,0.0565962444849,0.833333333333,0.0,0.0,0.0,undefined,0.0,0.71147108078
ja160416,linearsvc_C100.0,14283,0.0537690674457,0.777777777778,0.0,0.0,0.0,undefined,0.0,0.64403796196
ja160416,linearsvc_C100.0,13569,0.0510811787559,0.777777777778,0.0,0.0,0.0,undefined,0.0,0.545224905014
ja160416,linearsvc_C100.0,12891,0.0485288138656,0.833333333333,0.0,0.0,0.0,undefined,0.0,0.607393026352
ja160416,linearsvc_C100.0,12247,0.0461044436748,0.833333333333,0.0,0.0,0.0,undefined,0.0,0.539068937302
ja160416,linearsvc_C100.0,11635,0.0438005390836,0.777777777778,0.0,0.0,0.0,undefined,0.0,0.470448970795
ja160416,linearsvc_C100.0,11054,0.0416133355419,0.777777777778,0.0,0.0,0.0,undefined,0.0,0.429280996323
ja160416,linearsvc_C100.0,10502,0.0395353039498,0.833333333333,0.0,0.0,0.0,undefined,0.0,0.423908948898
ja160416,linearsvc_C100.0,9977,0.0375589152073,0.833333333333,0.0,0.0,0.0,undefined,0.0,0.475661993027
ja160416,linearsvc_C100.0,9479,0.0356841693144,0.833333333333,0.0,0.0,0.0,undefined,0.0,0.359519004822
ja160416,linearsvc_C100.0,9006,0.0339035371712,0.833333333333,0.0,0.0,0.0,undefined,0.0,0.408002853394
ja160416,linearsvc_C100.0,8556,0.0322094896776,0.833333333333,0.0,0.0,0.0,undefined,0.0,0.325618028641
ja160416,linearsvc_C100.0,8129,0.0306020268337,0.833333333333,0.0,0.0,0.0,undefined,0.0,0.324805021286
ja160416,linearsvc_C100.0,7723,0.0290736195395,0.833333333333,0.0,0.0,0.0,undefined,0.0,0.332338094711
ja160416,linearsvc_C100.0,7337,0.027620503245,0.833333333333,0.0,0.0,0.0,undefined,0.0,0.286470174789
ja160416,linearsvc_C100.0,6971,0.0262426779503,0.833333333333,0.0,0.0,0.0,undefined,0.0,0.268100976944
ja160416,linearsvc_C100.0,6623,0.0249326145553,0.833333333333,0.0,0.0,0.0,undefined,0.0,0.297600984573
ja160416,linearsvc_C100.0,6292,0.02368654851,0.833333333333,0.0,0.0,0.0,undefined,0.0,0.25009894371
ja160416,linearsvc_C100.0,5978,0.0225044798145,0.833333333333,0.0,0.0,0.0,undefined,0.0,0.253399848938
ja160416,linearsvc_C100.0,5680,0.0213826439187,0.833333333333,0.0,0.0,0.0,undefined,0.0,0.229545116425
ja160416,linearsvc_C100.0,5396,0.0203135117228,0.833333333333,0.0,0.0,0.0,undefined,0.0,0.218733072281
ja160416,linearsvc_C100.0,5127,0.0193008477767,0.833333333333,0.0,0.0,0.0,undefined,0.0,0.225916147232
ja160416,linearsvc_C100.0,4871,0.0183371229803,0.833333333333,0.0,0.0,0.0,undefined,0.0,0.185776948929
ja160416,linearsvc_C100.0,4628,0.0174223373338,0.833333333333,0.0,0.0,0.0,undefined,0.0,0.196135044098
ja160416,linearsvc_C100.0,4397,0.0165527262871,0.833333333333,0.0,0.0,0.0,undefined,0.0,0.183161973953
ja160416,linearsvc_C100.0,4178,0.0157282898402,0.833333333333,0.0,0.0,0.0,undefined,0.0,0.161391019821
ja160416,linearsvc_C100.0,3970,0.0149452634432,0.777777777778,0.0,0.0,0.0,undefined,0.0,0.172556877136
ja160416,linearsvc_C100.0,3772,0.014199882546,0.833333333333,0.0,0.0,0.0,undefined,0.0,0.140407800674
ja160416,linearsvc_C100.0,3584,0.0134921471487,0.833333333333,0.0,0.0,0.0,undefined,0.0,0.16727399826
ja160416,linearsvc_C100.0,3405,0.0128182927013,0.777777777778,0.0,0.0,0.0,undefined,0.0,0.140606880188
ja160416,linearsvc_C100.0,3235,0.0121783192037,0.777777777778,0.0,0.0,0.0,undefined,0.0,0.137088060379
ja160416,linearsvc_C100.0,3074,0.011572226656,0.833333333333,0.0,0.0,0.0,undefined,0.0,0.127812862396
ja160416,linearsvc_C100.0,2921,0.0109962505082,0.833333333333,0.0,0.0,0.0,undefined,0.0,0.130903959274
ja160416,linearsvc_C100.0,2775,0.0104466262103,0.833333333333,0.0,0.0,0.0,undefined,0.0,0.126681089401
ja160416,linearsvc_C100.0,2637,0.00992711831228,0.833333333333,0.0,0.0,0.0,undefined,0.0,0.118896007538
ja160416,linearsvc_C100.0,2506,0.00943396226415,0.833333333333,0.0,0.0,0.0,undefined,0.0,0.107466936111
ja160416,linearsvc_C100.0,2381,0.00896339351594,0.833333333333,0.0,0.0,0.0,undefined,0.0,0.109120130539
ja160416,linearsvc_C100.0,2262,0.00851541206764,0.833333333333,0.0,0.0,0.0,undefined,0.0,0.105510950089
ja160416,linearsvc_C100.0,2149,0.00809001791926,0.833333333333,0.0,0.0,0.0,undefined,0.0,0.0934541225433
ja160416,linearsvc_C100.0,2042,0.00768721107079,0.833333333333,0.0,0.0,0.0,undefined,0.0,0.0909478664398
ja160416,linearsvc_C100.0,1940,0.00730322697225,0.888888888889,0.0,0.0,0.0,undefined,0.0,0.139694929123
ja160416,linearsvc_C100.0,1843,0.00693806562364,0.888888888889,0.0,0.0,0.0,undefined,0.0,0.10319018364
ja160416,linearsvc_C100.0,1751,0.00659172702495,0.888888888889,0.0,0.0,0.0,undefined,0.0,0.116317987442
ja160416,linearsvc_C100.0,1664,0.0062642111762,0.833333333333,0.0,0.0,0.0,undefined,0.0,0.113363027573
ja160416,linearsvc_C100.0,1581,0.00595175352738,0.833333333333,0.0,0.0,0.0,undefined,0.0,0.120261907578
ja160416,linearsvc_C100.0,1502,0.00565435407851,0.833333333333,0.0,0.0,0.0,undefined,0.0,0.11753487587
ja160416,linearsvc_C100.0,1427,0.00537201282959,0.833333333333,0.0,0.0,0.0,undefined,0.0,0.101598978043
ja160416,linearsvc_C100.0,1356,0.0051047297806,0.833333333333,0.0,0.0,0.0,undefined,0.0,0.108034133911
ja160416,linearsvc_C1000.0,265636,1.0,0.888888888889,0.0,0.0,0.0,undefined,0.0,19.8613090515
ja160416,linearsvc_C1000.0,252355,0.95000301164,0.888888888889,0.0,0.0,0.0,undefined,0.0,18.33770895
ja160416,linearsvc_C1000.0,239738,0.90250568447,0.888888888889,0.0,0.0,0.0,undefined,0.0,17.5307219028
ja160416,linearsvc_C1000.0,227752,0.857383788342,0.888888888889,0.0,0.0,0.0,undefined,0.0,16.6396288872
ja160416,linearsvc_C1000.0,216365,0.814516857655,0.888888888889,0.0,0.0,0.0,undefined,0.0,15.4889981747
ja160416,linearsvc_C1000.0,205547,0.77379195591,0.888888888889,0.0,0.0,0.0,undefined,0.0,14.7930979729
ja160416,linearsvc_C1000.0,195270,0.735103675707,0.888888888889,0.0,0.0,0.0,undefined,0.0,13.5994238853
ja160416,linearsvc_C1000.0,185507,0.698350374196,0.888888888889,0.0,0.0,0.0,undefined,0.0,12.6483991146
ja160416,linearsvc_C1000.0,176232,0.663434173079,0.888888888889,0.0,0.0,0.0,undefined,0.0,12.1610310078
ja160416,linearsvc_C1000.0,167421,0.630264723155,0.833333333333,0.0,0.0,0.0,undefined,0.0,11.578507185
ja160416,linearsvc_C1000.0,159050,0.598751675225,0.833333333333,0.0,0.0,0.0,undefined,0.0,10.9230937958
ja160416,linearsvc_C1000.0,151098,0.568815973738,0.888888888889,0.0,0.0,0.0,undefined,0.0,10.0209498405
ja160416,linearsvc_C1000.0,143544,0.540378563147,0.833333333333,0.0,0.0,0.0,undefined,0.0,9.5887029171
ja160416,linearsvc_C1000.0,136367,0.513360387899,0.888888888889,0.0,0.0,0.0,undefined,0.0,8.91467905045
ja160416,linearsvc_C1000.0,129549,0.487693686097,0.888888888889,0.0,0.0,0.0,undefined,0.0,8.46266293526
ja160416,linearsvc_C1000.0,123072,0.463310695839,0.833333333333,0.0,0.0,0.0,undefined,0.0,8.324395895
ja160416,linearsvc_C1000.0,116919,0.440147419777,0.833333333333,0.0,0.0,0.0,undefined,0.0,7.2951798439
ja160416,linearsvc_C1000.0,111074,0.418143625111,0.833333333333,0.0,0.0,0.0,undefined,0.0,7.04885482788
ja160416,linearsvc_C1000.0,105521,0.39723907904,0.833333333333,0.0,0.0,0.0,undefined,0.0,6.71741390228
ja160416,linearsvc_C1000.0,100245,0.377377313316,0.833333333333,0.0,0.0,0.0,undefined,0.0,6.35395789146
ja160416,linearsvc_C1000.0,95233,0.358509388788,0.833333333333,0.0,0.0,0.0,undefined,0.0,5.93155384064
ja160416,linearsvc_C1000.0,90472,0.340586366306,0.888888888889,0.0,0.0,0.0,undefined,0.0,5.65358090401
ja160416,linearsvc_C1000.0,85949,0.32355930672,0.888888888889,0.0,0.0,0.0,undefined,0.0,5.49458599091
ja160416,linearsvc_C1000.0,81652,0.307383035432,0.888888888889,0.0,0.0,0.0,undefined,0.0,5.00956296921
ja160416,linearsvc_C1000.0,77570,0.29201614239,0.888888888889,0.0,0.0,0.0,undefined,0.0,4.94119596481
ja160416,linearsvc_C1000.0,73692,0.277417217546,0.888888888889,0.0,0.0,0.0,undefined,0.0,4.70783305168
ja160416,linearsvc_C1000.0,70008,0.263548615399,0.888888888889,0.0,0.0,0.0,undefined,0.0,4.40104198456
ja160416,linearsvc_C1000.0,66508,0.250372690449,0.888888888889,0.0,0.0,0.0,undefined,0.0,3.92951488495
ja160416,linearsvc_C1000.0,63183,0.237855561746,0.888888888889,0.0,0.0,0.0,undefined,0.0,3.70644402504
ja160416,linearsvc_C1000.0,60024,0.225963348341,0.888888888889,0.0,0.0,0.0,undefined,0.0,3.63124895096
ja160416,linearsvc_C1000.0,57023,0.214665933834,0.888888888889,0.0,0.0,0.0,undefined,0.0,3.42068004608
ja160416,linearsvc_C1000.0,54172,0.203933201825,0.888888888889,0.0,0.0,0.0,undefined,0.0,3.21889805794
ja160416,linearsvc_C1000.0,51464,0.193738800464,0.888888888889,0.0,0.0,0.0,undefined,0.0,2.91840696335
ja160416,linearsvc_C1000.0,48891,0.184052613351,0.833333333333,0.0,0.0,0.0,undefined,0.0,2.81286907196
ja160416,linearsvc_C1000.0,46447,0.174852053186,0.888888888889,0.0,0.0,0.0,undefined,0.0,2.63502502441
ja160416,linearsvc_C1000.0,44125,0.166110768119,0.888888888889,0.0,0.0,0.0,undefined,0.0,2.51821494102
ja160416,linearsvc_C1000.0,41919,0.15780617085,0.833333333333,0.0,0.0,0.0,undefined,0.0,2.37888383865
ja160416,linearsvc_C1000.0,39824,0.14991943863,0.833333333333,0.0,0.0,0.0,undefined,0.0,2.1334002018
ja160416,linearsvc_C1000.0,37833,0.142424219609,0.833333333333,0.0,0.0,0.0,undefined,0.0,2.04609203339
ja160416,linearsvc_C1000.0,35942,0.135305455586,0.833333333333,0.0,0.0,0.0,undefined,0.0,1.90092396736
ja160416,linearsvc_C1000.0,34145,0.128540559262,0.833333333333,0.0,0.0,0.0,undefined,0.0,1.8019618988
ja160416,linearsvc_C1000.0,32438,0.122114472436,0.833333333333,0.0,0.0,0.0,undefined,0.0,1.67351412773
ja160416,linearsvc_C1000.0,30817,0.116012136909,0.833333333333,0.0,0.0,0.0,undefined,0.0,1.63572788239
ja160416,linearsvc_C1000.0,29277,0.110214729931,0.833333333333,0.0,0.0,0.0,undefined,0.0,1.50537705421
ja160416,linearsvc_C1000.0,27814,0.104707193302,0.833333333333,0.0,0.0,0.0,undefined,0.0,1.44973683357
ja160416,linearsvc_C1000.0,26424,0.099474468822,0.833333333333,0.0,0.0,0.0,undefined,0.0,1.35890197754
ja160416,linearsvc_C1000.0,25103,0.0945014982909,0.833333333333,0.0,0.0,0.0,undefined,0.0,1.33890390396
ja160416,linearsvc_C1000.0,23848,0.0897769880588,0.833333333333,0.0,0.0,0.0,undefined,0.0,1.22553896904
ja160416,linearsvc_C1000.0,22656,0.0852896444759,0.833333333333,0.0,0.0,0.0,undefined,0.0,1.12606096268
ja160416,linearsvc_C1000.0,21524,0.0810281738921,0.833333333333,0.0,0.0,0.0,undefined,0.0,1.07481908798
ja160416,linearsvc_C1000.0,20448,0.0769775181075,0.833333333333,0.0,0.0,0.0,undefined,0.0,1.00333595276
ja160416,linearsvc_C1000.0,19426,0.0731301480221,0.833333333333,0.0,0.0,0.0,undefined,0.0,0.914962053299
ja160416,linearsvc_C1000.0,18455,0.069474769986,0.833333333333,0.0,0.0,0.0,undefined,0.0,0.883081197739
ja160416,linearsvc_C1000.0,17533,0.0660038548992,0.833333333333,0.0,0.0,0.0,undefined,0.0,0.860323905945
ja160416,linearsvc_C1000.0,16657,0.0627061091117,0.833333333333,0.0,0.0,0.0,undefined,0.0,0.830639123917
ja160416,linearsvc_C1000.0,15825,0.0595740035236,0.833333333333,0.0,0.0,0.0,undefined,0.0,0.746943950653
ja160416,linearsvc_C1000.0,15034,0.0565962444849,0.833333333333,0.0,0.0,0.0,undefined,0.0,0.700884103775
ja160416,linearsvc_C1000.0,14283,0.0537690674457,0.833333333333,0.0,0.0,0.0,undefined,0.0,0.710681915283
ja160416,linearsvc_C1000.0,13569,0.0510811787559,0.833333333333,0.0,0.0,0.0,undefined,0.0,0.599884033203
ja160416,linearsvc_C1000.0,12891,0.0485288138656,0.833333333333,0.0,0.0,0.0,undefined,0.0,0.591904163361
ja160416,linearsvc_C1000.0,12247,0.0461044436748,0.833333333333,0.0,0.0,0.0,undefined,0.0,0.540073156357
ja160416,linearsvc_C1000.0,11635,0.0438005390836,0.833333333333,0.0,0.0,0.0,undefined,0.0,0.527189016342
ja160416,linearsvc_C1000.0,11054,0.0416133355419,0.833333333333,0.0,0.0,0.0,undefined,0.0,0.504492044449
ja160416,linearsvc_C1000.0,10502,0.0395353039498,0.833333333333,0.0,0.0,0.0,undefined,0.0,0.463829994202
ja160416,linearsvc_C1000.0,9977,0.0375589152073,0.833333333333,0.0,0.0,0.0,undefined,0.0,0.611456155777
ja160416,linearsvc_C1000.0,9479,0.0356841693144,0.833333333333,0.0,0.0,0.0,undefined,0.0,0.428730964661
ja160416,linearsvc_C1000.0,9006,0.0339035371712,0.833333333333,0.0,0.0,0.0,undefined,0.0,0.355754137039
ja160416,linearsvc_C1000.0,8556,0.0322094896776,0.833333333333,0.0,0.0,0.0,undefined,0.0,0.361339092255
ja160416,linearsvc_C1000.0,8129,0.0306020268337,0.833333333333,0.0,0.0,0.0,undefined,0.0,0.321905136108
ja160416,linearsvc_C1000.0,7723,0.0290736195395,0.833333333333,0.0,0.0,0.0,undefined,0.0,0.295992851257
ja160416,linearsvc_C1000.0,7337,0.027620503245,0.833333333333,0.0,0.0,0.0,undefined,0.0,0.286948204041
ja160416,linearsvc_C1000.0,6971,0.0262426779503,0.833333333333,0.0,0.0,0.0,undefined,0.0,0.288313150406
ja160416,linearsvc_C1000.0,6623,0.0249326145553,0.833333333333,0.0,0.0,0.0,undefined,0.0,0.260365009308
ja160416,linearsvc_C1000.0,6292,0.02368654851,0.833333333333,0.0,0.0,0.0,undefined,0.0,0.237566947937
ja160416,linearsvc_C1000.0,5978,0.0225044798145,0.833333333333,0.0,0.0,0.0,undefined,0.0,0.225296020508
ja160416,linearsvc_C1000.0,5680,0.0213826439187,0.833333333333,0.0,0.0,0.0,undefined,0.0,0.238319158554
ja160416,linearsvc_C1000.0,5396,0.0203135117228,0.833333333333,0.0,0.0,0.0,undefined,0.0,0.220902919769
ja160416,linearsvc_C1000.0,5127,0.0193008477767,0.833333333333,0.0,0.0,0.0,undefined,0.0,0.226350069046
ja160416,linearsvc_C1000.0,4871,0.0183371229803,0.833333333333,0.0,0.0,0.0,undefined,0.0,0.187331199646
ja160416,linearsvc_C1000.0,4628,0.0174223373338,0.833333333333,0.0,0.0,0.0,undefined,0.0,0.168323993683
ja160416,linearsvc_C1000.0,4397,0.0165527262871,0.833333333333,0.0,0.0,0.0,undefined,0.0,0.188386917114
ja160416,linearsvc_C1000.0,4178,0.0157282898402,0.833333333333,0.0,0.0,0.0,undefined,0.0,0.170238018036
ja160416,linearsvc_C1000.0,3970,0.0149452634432,0.833333333333,0.0,0.0,0.0,undefined,0.0,0.159276008606
ja160416,linearsvc_C1000.0,3772,0.014199882546,0.833333333333,0.0,0.0,0.0,undefined,0.0,0.12895488739
ja160416,linearsvc_C1000.0,3584,0.0134921471487,0.833333333333,0.0,0.0,0.0,undefined,0.0,0.146544933319
ja160416,linearsvc_C1000.0,3405,0.0128182927013,0.833333333333,0.0,0.0,0.0,undefined,0.0,0.142508983612
ja160416,linearsvc_C1000.0,3235,0.0121783192037,0.833333333333,0.0,0.0,0.0,undefined,0.0,0.140070199966
ja160416,linearsvc_C1000.0,3074,0.011572226656,0.777777777778,0.0,0.0,0.0,undefined,0.0,0.126134157181
ja160416,linearsvc_C1000.0,2921,0.0109962505082,0.777777777778,0.0,0.0,0.0,undefined,0.0,0.119028806686
ja160416,linearsvc_C1000.0,2775,0.0104466262103,0.833333333333,0.0,0.0,0.0,undefined,0.0,0.137401103973
ja160416,linearsvc_C1000.0,2637,0.00992711831228,0.833333333333,0.0,0.0,0.0,undefined,0.0,0.123490095139
ja160416,linearsvc_C1000.0,2506,0.00943396226415,0.777777777778,0.0,0.0,0.0,undefined,0.0,0.132425069809
ja160416,linearsvc_C1000.0,2381,0.00896339351594,0.722222222222,0.0,0.0,0.0,undefined,0.0,0.108200073242
ja160416,linearsvc_C1000.0,2262,0.00851541206764,0.722222222222,0.0,0.0,0.0,undefined,0.0,0.113248109818
ja160416,linearsvc_C1000.0,2149,0.00809001791926,0.722222222222,0.0,0.0,0.0,undefined,0.0,0.117316961288
ja160416,linearsvc_C1000.0,2042,0.00768721107079,0.777777777778,0.0,0.0,0.0,undefined,0.0,0.0988948345184
ja160416,linearsvc_C1000.0,1940,0.00730322697225,0.722222222222,0.0,0.0,0.0,undefined,0.0,0.104289054871
ja160416,linearsvc_C1000.0,1843,0.00693806562364,0.777777777778,0.0,0.0,0.0,undefined,0.0,0.130481958389
ja160416,linearsvc_C1000.0,1751,0.00659172702495,0.722222222222,0.0,0.0,0.0,undefined,0.0,0.113249063492
ja160416,linearsvc_C1000.0,1664,0.0062642111762,0.722222222222,0.0,0.0,0.0,undefined,0.0,0.114352941513
ja160416,linearsvc_C1000.0,1581,0.00595175352738,0.722222222222,0.0,0.0,0.0,undefined,0.0,0.120682001114
ja160416,linearsvc_C1000.0,1502,0.00565435407851,0.722222222222,0.0,0.0,0.0,undefined,0.0,0.106369018555
ja160416,linearsvc_C1000.0,1427,0.00537201282959,0.722222222222,0.0,0.0,0.0,undefined,0.0,0.113510131836
ja160416,linearsvc_C1000.0,1356,0.0051047297806,0.722222222222,0.0,0.0,0.0,undefined,0.0,0.110810041428
ja160416,elasticnetiter1000_l1ratio0.15,265636,1.0,0.555555555556,0.0,0.0,0.0,undefined,0.0,1021.07301903
ja160416,elasticnetiter1000_l1ratio0.15,252355,0.95000301164,0.5,0.0,0.0,0.0,undefined,0.0,973.555706024
ja160416,elasticnetiter1000_l1ratio0.15,239738,0.90250568447,0.5,0.0,0.0,0.0,undefined,0.0,937.89861989
ja160416,elasticnetiter1000_l1ratio0.15,227752,0.857383788342,0.666666666667,0.0,0.0,0.0,undefined,0.0,897.554105043
ja160416,elasticnetiter1000_l1ratio0.15,216365,0.814516857655,0.555555555556,0.0,0.0,0.0,undefined,0.0,854.125976801
ja160416,elasticnetiter1000_l1ratio0.15,205547,0.77379195591,0.5,0.0,0.0,0.0,undefined,0.0,827.141241074
ja160416,elasticnetiter1000_l1ratio0.15,195270,0.735103675707,0.555555555556,0.0,0.0,0.0,undefined,0.0,792.291963816
ja160416,elasticnetiter1000_l1ratio0.15,185507,0.698350374196,0.666666666667,0.0,0.0,0.0,undefined,0.0,742.14327693
ja160416,elasticnetiter1000_l1ratio0.15,176232,0.663434173079,0.611111111111,0.0,0.0,0.0,undefined,0.0,710.213340998
ja160416,elasticnetiter1000_l1ratio0.15,167421,0.630264723155,0.611111111111,0.0,0.0,0.0,undefined,0.0,699.37183404
ja160416,elasticnetiter1000_l1ratio0.15,159050,0.598751675225,0.5,0.0,0.0,0.0,undefined,0.0,649.82009697
ja160416,elasticnetiter1000_l1ratio0.15,151098,0.568815973738,0.666666666667,0.0,0.0,0.0,undefined,0.0,619.93442297
ja160416,elasticnetiter1000_l1ratio0.15,143544,0.540378563147,0.611111111111,0.0,0.0,0.0,undefined,0.0,608.234930038
ja160416,elasticnetiter1000_l1ratio0.15,136367,0.513360387899,0.555555555556,0.0,0.0,0.0,undefined,0.0,565.894915819
ja160416,elasticnetiter1000_l1ratio0.15,129549,0.487693686097,0.5,0.0,0.0,0.0,undefined,0.0,536.815238953
ja160416,elasticnetiter1000_l1ratio0.15,123072,0.463310695839,0.611111111111,0.0,0.0,0.0,undefined,0.0,522.022922039
ja160416,elasticnetiter1000_l1ratio0.15,116919,0.440147419777,0.5,0.0,0.0,0.0,undefined,0.0,494.26473999
ja160416,elasticnetiter1000_l1ratio0.15,111074,0.418143625111,0.5,0.0,0.0,0.0,undefined,0.0,471.402276993
ja160416,elasticnetiter1000_l1ratio0.15,105521,0.39723907904,0.388888888889,0.0,0.0,0.0,undefined,0.0,445.564927101
ja160416,elasticnetiter1000_l1ratio0.15,100245,0.377377313316,0.555555555556,0.0,0.0,0.0,undefined,0.0,422.265012026
ja160416,elasticnetiter1000_l1ratio0.15,95233,0.358509388788,0.388888888889,0.0,0.0,0.0,undefined,0.0,418.428867817
ja160416,elasticnetiter1000_l1ratio0.15,90472,0.340586366306,0.222222222222,0.0,0.0,0.0,undefined,0.0,407.165042877
ja160416,elasticnetiter1000_l1ratio0.15,85949,0.32355930672,0.277777777778,0.0,0.0,0.0,undefined,0.0,382.510102034
ja160416,elasticnetiter1000_l1ratio0.15,81652,0.307383035432,0.444444444444,0.0,0.0,0.0,undefined,0.0,375.768615961
ja160416,elasticnetiter1000_l1ratio0.15,77570,0.29201614239,0.222222222222,0.0,0.0,0.0,undefined,0.0,339.060257196
ja160416,elasticnetiter1000_l1ratio0.15,73692,0.277417217546,0.388888888889,0.0,0.0,0.0,undefined,0.0,342.625981092
ja160416,elasticnetiter1000_l1ratio0.15,70008,0.263548615399,0.222222222222,0.0,0.0,0.0,undefined,0.0,328.505395889
ja160416,elasticnetiter1000_l1ratio0.15,66508,0.250372690449,0.5,0.0,0.0,0.0,undefined,0.0,286.289211035
ja160416,elasticnetiter1000_l1ratio0.15,63183,0.237855561746,0.222222222222,0.0,0.0,0.0,undefined,0.0,288.852649927
ja160416,elasticnetiter1000_l1ratio0.15,60024,0.225963348341,0.166666666667,0.0,0.0,0.0,undefined,0.0,275.933959007
ja160416,elasticnetiter1000_l1ratio0.15,57023,0.214665933834,0.333333333333,0.0,0.0,0.0,undefined,0.0,267.292099953
ja160416,elasticnetiter1000_l1ratio0.15,54172,0.203933201825,0.333333333333,0.0,0.0,0.0,undefined,0.0,241.306068182
ja160416,elasticnetiter1000_l1ratio0.15,51464,0.193738800464,0.333333333333,0.0,0.0,0.0,undefined,0.0,232.777824879
ja160416,elasticnetiter1000_l1ratio0.15,48891,0.184052613351,0.277777777778,0.0,0.0,0.0,undefined,0.0,235.322638035
ja160416,elasticnetiter1000_l1ratio0.15,46447,0.174852053186,0.0555555555556,0.0,0.0,0.0,undefined,0.0,210.550302982
ja160416,elasticnetiter1000_l1ratio0.15,44125,0.166110768119,0.277777777778,0.0,0.0,0.0,undefined,0.0,211.724302053
ja160416,elasticnetiter1000_l1ratio0.15,41919,0.15780617085,0.0555555555556,0.0,0.0,0.0,undefined,0.0,207.816448927
ja160416,elasticnetiter1000_l1ratio0.15,39824,0.14991943863,0.388888888889,0.0,0.0,0.0,undefined,0.0,197.147254944
ja160416,elasticnetiter1000_l1ratio0.15,37833,0.142424219609,0.333333333333,0.0,0.0,0.0,undefined,0.0,195.704308987
ja160416,elasticnetiter1000_l1ratio0.15,35942,0.135305455586,0.0555555555556,0.0,0.0,0.0,undefined,0.0,176.826234102
ja160416,elasticnetiter1000_l1ratio0.15,34145,0.128540559262,0.111111111111,0.0,0.0,0.0,undefined,0.0,159.838393927
ja160416,elasticnetiter1000_l1ratio0.15,32438,0.122114472436,0.0555555555556,0.0,0.0,0.0,undefined,0.0,167.39794302
ja160416,elasticnetiter1000_l1ratio0.15,30817,0.116012136909,0.0555555555556,0.0,0.0,0.0,undefined,0.0,151.737460852
ja160416,elasticnetiter1000_l1ratio0.15,29277,0.110214729931,0.166666666667,0.0,0.0,0.0,undefined,0.0,144.763918877
ja160416,elasticnetiter1000_l1ratio0.15,27814,0.104707193302,0.222222222222,0.0,0.0,0.0,undefined,0.0,135.609750032
ja160416,elasticnetiter1000_l1ratio0.15,26424,0.099474468822,0.111111111111,0.0,0.0,0.0,undefined,0.0,134.314276934
ja160416,elasticnetiter1000_l1ratio0.15,25103,0.0945014982909,0.555555555556,0.0,0.0,0.0,undefined,0.0,129.467437029
ja160416,elasticnetiter1000_l1ratio0.15,23848,0.0897769880588,0.0,0.0,0.0,0.0,undefined,0.0,121.312972069
ja160416,elasticnetiter1000_l1ratio0.15,22656,0.0852896444759,0.0555555555556,0.0,0.0,0.0,undefined,0.0,113.230962038
ja160416,elasticnetiter1000_l1ratio0.15,21524,0.0810281738921,0.0,0.0,0.0,0.0,undefined,0.0,109.055863142
ja160416,elasticnetiter1000_l1ratio0.15,20448,0.0769775181075,0.0,0.0,0.0,0.0,undefined,0.0,103.651423931
ja160416,elasticnetiter1000_l1ratio0.15,19426,0.0731301480221,0.0555555555556,0.0,0.0,0.0,undefined,0.0,97.3383378983
ja160416,elasticnetiter1000_l1ratio0.15,18455,0.069474769986,0.0,0.0,0.0,0.0,undefined,0.0,95.6616129875
ja160416,elasticnetiter1000_l1ratio0.15,17533,0.0660038548992,0.0555555555556,0.0,0.0,0.0,undefined,0.0,87.1791889668
ja160416,elasticnetiter1000_l1ratio0.15,16657,0.0627061091117,0.0555555555556,0.0,0.0,0.0,undefined,0.0,83.7833549976
ja160416,elasticnetiter1000_l1ratio0.15,15825,0.0595740035236,0.0,0.0,0.0,0.0,undefined,0.0,80.7962839603
ja160416,elasticnetiter1000_l1ratio0.15,15034,0.0565962444849,0.0,0.0,0.0,0.0,undefined,0.0,77.018586874
ja160416,elasticnetiter1000_l1ratio0.15,14283,0.0537690674457,0.0,0.0,0.0,0.0,undefined,0.0,71.5387620926
ja160416,elasticnetiter1000_l1ratio0.15,13569,0.0510811787559,0.0,0.0,0.0,0.0,undefined,0.0,70.5916919708
ja160416,elasticnetiter1000_l1ratio0.15,12891,0.0485288138656,0.0,0.0,0.0,0.0,undefined,0.0,66.2724969387
ja160416,elasticnetiter1000_l1ratio0.15,12247,0.0461044436748,0.0555555555556,0.0,0.0,0.0,undefined,0.0,61.7784771919
ja160416,elasticnetiter1000_l1ratio0.15,11635,0.0438005390836,0.0,0.0,0.0,0.0,undefined,0.0,58.4939308167
ja160416,elasticnetiter1000_l1ratio0.15,11054,0.0416133355419,0.0,0.0,0.0,0.0,undefined,0.0,61.660572052
ja160416,elasticnetiter1000_l1ratio0.15,10502,0.0395353039498,0.0,0.0,0.0,0.0,undefined,0.0,53.2297539711
ja160416,elasticnetiter1000_l1ratio0.15,9977,0.0375589152073,0.0,0.0,0.0,0.0,undefined,0.0,49.2861418724
ja160416,elasticnetiter1000_l1ratio0.15,9479,0.0356841693144,0.0,0.0,0.0,0.0,undefined,0.0,46.242937088
ja160416,elasticnetiter1000_l1ratio0.15,9006,0.0339035371712,0.0,0.0,0.0,0.0,undefined,0.0,44.6825959682
ja160416,elasticnetiter1000_l1ratio0.15,8556,0.0322094896776,0.0,0.0,0.0,0.0,undefined,0.0,42.1818888187
ja160416,elasticnetiter1000_l1ratio0.15,8129,0.0306020268337,0.0,0.0,0.0,0.0,undefined,0.0,40.0901498795
ja160416,elasticnetiter1000_l1ratio0.15,7723,0.0290736195395,0.0,0.0,0.0,0.0,undefined,0.0,41.0261318684
ja160416,elasticnetiter1000_l1ratio0.15,7337,0.027620503245,0.0,0.0,0.0,0.0,undefined,0.0,35.5218589306
ja160416,elasticnetiter1000_l1ratio0.15,6971,0.0262426779503,0.0,0.0,0.0,0.0,undefined,0.0,35.0226809978
ja160416,elasticnetiter1000_l1ratio0.15,6623,0.0249326145553,0.0,0.0,0.0,0.0,undefined,0.0,33.6582758427
ja160416,elasticnetiter1000_l1ratio0.15,6292,0.02368654851,0.0,0.0,0.0,0.0,undefined,0.0,29.8102760315
ja160416,elasticnetiter1000_l1ratio0.15,5978,0.0225044798145,0.0,0.0,0.0,0.0,undefined,0.0,29.4120228291
ja160416,elasticnetiter1000_l1ratio0.15,5680,0.0213826439187,0.0,0.0,0.0,0.0,undefined,0.0,27.0662269592
ja160416,elasticnetiter1000_l1ratio0.15,5396,0.0203135117228,0.0,0.0,0.0,0.0,undefined,0.0,25.4652731419
ja160416,elasticnetiter1000_l1ratio0.15,5127,0.0193008477767,0.0,0.0,0.0,0.0,undefined,0.0,25.1312479973
ja160416,elasticnetiter1000_l1ratio0.15,4871,0.0183371229803,0.0,0.0,0.0,0.0,undefined,0.0,23.292869091
ja160416,elasticnetiter1000_l1ratio0.15,4628,0.0174223373338,0.0,0.0,0.0,0.0,undefined,0.0,21.3752720356
ja160416,elasticnetiter1000_l1ratio0.15,4397,0.0165527262871,0.0,0.0,0.0,0.0,undefined,0.0,20.641753912
ja160416,elasticnetiter1000_l1ratio0.15,4178,0.0157282898402,0.0,0.0,0.0,0.0,undefined,0.0,19.538159132
ja160416,elasticnetiter1000_l1ratio0.15,3970,0.0149452634432,0.0,0.0,0.0,0.0,undefined,0.0,18.587487936
ja160416,elasticnetiter1000_l1ratio0.15,3772,0.014199882546,0.0,0.0,0.0,0.0,undefined,0.0,17.3064930439
ja160416,elasticnetiter1000_l1ratio0.15,3584,0.0134921471487,0.0,0.0,0.0,0.0,undefined,0.0,16.5031530857
ja160416,elasticnetiter1000_l1ratio0.15,3405,0.0128182927013,0.0,0.0,0.0,0.0,undefined,0.0,17.235090971
ja160416,elasticnetiter1000_l1ratio0.15,3235,0.0121783192037,0.0,0.0,0.0,0.0,undefined,0.0,14.6613931656
ja160416,elasticnetiter1000_l1ratio0.15,3074,0.011572226656,0.0,0.0,0.0,0.0,undefined,0.0,14.0776879787
ja160416,elasticnetiter1000_l1ratio0.15,2921,0.0109962505082,0.0,0.0,0.0,0.0,undefined,0.0,13.223801136
ja160416,elasticnetiter1000_l1ratio0.15,2775,0.0104466262103,0.0,0.0,0.0,0.0,undefined,0.0,12.4678380489
ja160416,elasticnetiter1000_l1ratio0.15,2637,0.00992711831228,0.0,0.0,0.0,0.0,undefined,0.0,11.7287750244
ja160416,elasticnetiter1000_l1ratio0.15,2506,0.00943396226415,0.0,0.0,0.0,0.0,undefined,0.0,11.0522990227
ja160416,elasticnetiter1000_l1ratio0.15,2381,0.00896339351594,0.0,0.0,0.0,0.0,undefined,0.0,10.5660338402
ja160416,elasticnetiter1000_l1ratio0.15,2262,0.00851541206764,0.0,0.0,0.0,0.0,undefined,0.0,9.90816092491
ja160416,elasticnetiter1000_l1ratio0.15,2149,0.00809001791926,0.0555555555556,0.0,0.0,0.0,undefined,0.0,9.22868514061
ja160416,elasticnetiter1000_l1ratio0.15,2042,0.00768721107079,0.0,0.0,0.0,0.0,undefined,0.0,8.737003088
ja160416,elasticnetiter1000_l1ratio0.15,1940,0.00730322697225,0.0,0.0,0.0,0.0,undefined,0.0,8.2178030014
ja160416,elasticnetiter1000_l1ratio0.15,1843,0.00693806562364,0.0,0.0,0.0,0.0,undefined,0.0,7.61796712875
ja160416,elasticnetiter1000_l1ratio0.15,1751,0.00659172702495,0.0,0.0,0.0,0.0,undefined,0.0,7.6804049015
ja160416,elasticnetiter1000_l1ratio0.15,1664,0.0062642111762,0.0,0.0,0.0,0.0,undefined,0.0,6.77250504494
ja160416,elasticnetiter1000_l1ratio0.15,1581,0.00595175352738,0.0,0.0,0.0,0.0,undefined,0.0,6.52628397942
ja160416,elasticnetiter1000_l1ratio0.15,1502,0.00565435407851,0.0,0.0,0.0,0.0,undefined,0.0,6.11026978493
ja160416,elasticnetiter1000_l1ratio0.15,1427,0.00537201282959,0.0,0.0,0.0,0.0,undefined,0.0,6.0243499279
ja160416,elasticnetiter1000_l1ratio0.15,1356,0.0051047297806,0.0,0.0,0.0,0.0,undefined,0.0,5.35397386551
