jb161004,linearsvc_C0.0001,265636,1.0,0.611111111111,0.0,0.0,0.0,undefined,0.0,106.835363865
jb161004,linearsvc_C0.0001,252355,0.95000301164,0.611111111111,0.0,0.0,0.0,undefined,0.0,89.1252310276
jb161004,linearsvc_C0.0001,239738,0.90250568447,0.611111111111,0.0,0.0,0.0,undefined,0.0,85.4106271267
jb161004,linearsvc_C0.0001,227752,0.857383788342,0.611111111111,0.0,0.0,0.0,undefined,0.0,93.173732996
jb161004,linearsvc_C0.0001,216365,0.814516857655,0.611111111111,0.0,0.0,0.0,undefined,0.0,71.9790771008
jb161004,linearsvc_C0.0001,205547,0.77379195591,0.611111111111,0.0,0.0,0.0,undefined,0.0,59.9915978909
jb161004,linearsvc_C0.0001,195270,0.735103675707,0.611111111111,0.0,0.0,0.0,undefined,0.0,66.3282060623
jb161004,linearsvc_C0.0001,185507,0.698350374196,0.611111111111,0.0,0.0,0.0,undefined,0.0,51.9616689682
jb161004,linearsvc_C0.0001,176232,0.663434173079,0.611111111111,0.0,0.0,0.0,undefined,0.0,43.7211971283
jb161004,linearsvc_C0.0001,167421,0.630264723155,0.611111111111,0.0,0.0,0.0,undefined,0.0,51.2893359661
jb161004,linearsvc_C0.0001,159050,0.598751675225,0.611111111111,0.0,0.0,0.0,undefined,0.0,45.9647688866
jb161004,linearsvc_C0.0001,151098,0.568815973738,0.611111111111,0.0,0.0,0.0,undefined,0.0,42.8663108349
jb161004,linearsvc_C0.0001,143544,0.540378563147,0.611111111111,0.0,0.0,0.0,undefined,0.0,21.8802728653
jb161004,linearsvc_C0.0001,136367,0.513360387899,0.555555555556,0.0,0.0,0.0,undefined,0.0,28.8239250183
jb161004,linearsvc_C0.0001,129549,0.487693686097,0.611111111111,0.0,0.0,0.0,undefined,0.0,30.7641830444
jb161004,linearsvc_C0.0001,123072,0.463310695839,0.611111111111,0.0,0.0,0.0,undefined,0.0,28.1504559517
jb161004,linearsvc_C0.0001,116919,0.440147419777,0.611111111111,0.0,0.0,0.0,undefined,0.0,22.6991751194
jb161004,linearsvc_C0.0001,111074,0.418143625111,0.611111111111,0.0,0.0,0.0,undefined,0.0,23.8374450207
jb161004,linearsvc_C0.0001,105521,0.39723907904,0.611111111111,0.0,0.0,0.0,undefined,0.0,15.881538868
jb161004,linearsvc_C0.0001,100245,0.377377313316,0.611111111111,0.0,0.0,0.0,undefined,0.0,17.6565449238
jb161004,linearsvc_C0.0001,95233,0.358509388788,0.611111111111,0.0,0.0,0.0,undefined,0.0,16.6866390705
jb161004,linearsvc_C0.0001,90472,0.340586366306,0.611111111111,0.0,0.0,0.0,undefined,0.0,16.113751173
jb161004,linearsvc_C0.0001,85949,0.32355930672,0.611111111111,0.0,0.0,0.0,undefined,0.0,12.4446349144
jb161004,linearsvc_C0.0001,81652,0.307383035432,0.611111111111,0.0,0.0,0.0,undefined,0.0,13.3220038414
jb161004,linearsvc_C0.0001,77570,0.29201614239,0.555555555556,0.0,0.0,0.0,undefined,0.0,11.9616258144
jb161004,linearsvc_C0.0001,73692,0.277417217546,0.611111111111,0.0,0.0,0.0,undefined,0.0,10.9943709373
jb161004,linearsvc_C0.0001,70008,0.263548615399,0.611111111111,0.0,0.0,0.0,undefined,0.0,9.94280219078
jb161004,linearsvc_C0.0001,66508,0.250372690449,0.611111111111,0.0,0.0,0.0,undefined,0.0,7.20518302917
jb161004,linearsvc_C0.0001,63183,0.237855561746,0.611111111111,0.0,0.0,0.0,undefined,0.0,8.5319890976
jb161004,linearsvc_C0.0001,60024,0.225963348341,0.611111111111,0.0,0.0,0.0,undefined,0.0,7.57661700249
jb161004,linearsvc_C0.0001,57023,0.214665933834,0.611111111111,0.0,0.0,0.0,undefined,0.0,6.8399310112
jb161004,linearsvc_C0.0001,54172,0.203933201825,0.611111111111,0.0,0.0,0.0,undefined,0.0,5.62450098991
jb161004,linearsvc_C0.0001,51464,0.193738800464,0.611111111111,0.0,0.0,0.0,undefined,0.0,4.8096280098
jb161004,linearsvc_C0.0001,48891,0.184052613351,0.555555555556,0.0,0.0,0.0,undefined,0.0,5.05803394318
jb161004,linearsvc_C0.0001,46447,0.174852053186,0.555555555556,0.0,0.0,0.0,undefined,0.0,3.3710000515
jb161004,linearsvc_C0.0001,44125,0.166110768119,0.611111111111,0.0,0.0,0.0,undefined,0.0,3.91708803177
jb161004,linearsvc_C0.0001,41919,0.15780617085,0.611111111111,0.0,0.0,0.0,undefined,0.0,3.20964884758
jb161004,linearsvc_C0.0001,39824,0.14991943863,0.611111111111,0.0,0.0,0.0,undefined,0.0,3.34589886665
jb161004,linearsvc_C0.0001,37833,0.142424219609,0.611111111111,0.0,0.0,0.0,undefined,0.0,2.83435201645
jb161004,linearsvc_C0.0001,35942,0.135305455586,0.611111111111,0.0,0.0,0.0,undefined,0.0,2.77808594704
jb161004,linearsvc_C0.0001,34145,0.128540559262,0.611111111111,0.0,0.0,0.0,undefined,0.0,2.60801291466
jb161004,linearsvc_C0.0001,32438,0.122114472436,0.611111111111,0.0,0.0,0.0,undefined,0.0,2.50891709328
jb161004,linearsvc_C0.0001,30817,0.116012136909,0.611111111111,0.0,0.0,0.0,undefined,0.0,2.37813282013
jb161004,linearsvc_C0.0001,29277,0.110214729931,0.611111111111,0.0,0.0,0.0,undefined,0.0,2.12963318825
jb161004,linearsvc_C0.0001,27814,0.104707193302,0.555555555556,0.0,0.0,0.0,undefined,0.0,1.89844679832
jb161004,linearsvc_C0.0001,26424,0.099474468822,0.611111111111,0.0,0.0,0.0,undefined,0.0,1.70434093475
jb161004,linearsvc_C0.0001,25103,0.0945014982909,0.611111111111,0.0,0.0,0.0,undefined,0.0,1.62212491035
jb161004,linearsvc_C0.0001,23848,0.0897769880588,0.611111111111,0.0,0.0,0.0,undefined,0.0,1.3557240963
jb161004,linearsvc_C0.0001,22656,0.0852896444759,0.611111111111,0.0,0.0,0.0,undefined,0.0,1.0754160881
jb161004,linearsvc_C0.0001,21524,0.0810281738921,0.611111111111,0.0,0.0,0.0,undefined,0.0,1.07336378098
jb161004,linearsvc_C0.0001,20448,0.0769775181075,0.611111111111,0.0,0.0,0.0,undefined,0.0,1.12887597084
jb161004,linearsvc_C0.0001,19426,0.0731301480221,0.611111111111,0.0,0.0,0.0,undefined,0.0,1.06939411163
jb161004,linearsvc_C0.0001,18455,0.069474769986,0.611111111111,0.0,0.0,0.0,undefined,0.0,0.921185970306
jb161004,linearsvc_C0.0001,17533,0.0660038548992,0.611111111111,0.0,0.0,0.0,undefined,0.0,0.670028924942
jb161004,linearsvc_C0.0001,16657,0.0627061091117,0.611111111111,0.0,0.0,0.0,undefined,0.0,0.780601024628
jb161004,linearsvc_C0.0001,15825,0.0595740035236,0.611111111111,0.0,0.0,0.0,undefined,0.0,0.670892000198
jb161004,linearsvc_C0.0001,15034,0.0565962444849,0.555555555556,0.0,0.0,0.0,undefined,0.0,0.683341026306
jb161004,linearsvc_C0.0001,14283,0.0537690674457,0.555555555556,0.0,0.0,0.0,undefined,0.0,0.529465913773
jb161004,linearsvc_C0.0001,13569,0.0510811787559,0.555555555556,0.0,0.0,0.0,undefined,0.0,0.596088171005
jb161004,linearsvc_C0.0001,12891,0.0485288138656,0.555555555556,0.0,0.0,0.0,undefined,0.0,0.435028076172
jb161004,linearsvc_C0.0001,12247,0.0461044436748,0.555555555556,0.0,0.0,0.0,undefined,0.0,0.398525953293
jb161004,linearsvc_C0.0001,11635,0.0438005390836,0.555555555556,0.0,0.0,0.0,undefined,0.0,0.437836885452
jb161004,linearsvc_C0.0001,11054,0.0416133355419,0.555555555556,0.0,0.0,0.0,undefined,0.0,0.361902952194
jb161004,linearsvc_C0.0001,10502,0.0395353039498,0.611111111111,0.0,0.0,0.0,undefined,0.0,0.376396894455
jb161004,linearsvc_C0.0001,9977,0.0375589152073,0.611111111111,0.0,0.0,0.0,undefined,0.0,0.312211036682
jb161004,linearsvc_C0.0001,9479,0.0356841693144,0.611111111111,0.0,0.0,0.0,undefined,0.0,0.27401804924
jb161004,linearsvc_C0.0001,9006,0.0339035371712,0.611111111111,0.0,0.0,0.0,undefined,0.0,0.270318984985
jb161004,linearsvc_C0.0001,8556,0.0322094896776,0.555555555556,0.0,0.0,0.0,undefined,0.0,0.248091936111
jb161004,linearsvc_C0.0001,8129,0.0306020268337,0.611111111111,0.0,0.0,0.0,undefined,0.0,0.224160194397
jb161004,linearsvc_C0.0001,7723,0.0290736195395,0.611111111111,0.0,0.0,0.0,undefined,0.0,0.202328920364
jb161004,linearsvc_C0.0001,7337,0.027620503245,0.611111111111,0.0,0.0,0.0,undefined,0.0,0.175920009613
jb161004,linearsvc_C0.0001,6971,0.0262426779503,0.611111111111,0.0,0.0,0.0,undefined,0.0,0.179226875305
jb161004,linearsvc_C0.0001,6623,0.0249326145553,0.611111111111,0.0,0.0,0.0,undefined,0.0,0.160382032394
jb161004,linearsvc_C0.0001,6292,0.02368654851,0.611111111111,0.0,0.0,0.0,undefined,0.0,0.139425992966
jb161004,linearsvc_C0.0001,5978,0.0225044798145,0.611111111111,0.0,0.0,0.0,undefined,0.0,0.126211166382
jb161004,linearsvc_C0.0001,5680,0.0213826439187,0.611111111111,0.0,0.0,0.0,undefined,0.0,0.12548494339
jb161004,linearsvc_C0.0001,5396,0.0203135117228,0.555555555556,0.0,0.0,0.0,undefined,0.0,0.123740911484
jb161004,linearsvc_C0.0001,5127,0.0193008477767,0.5,0.0,0.0,0.0,undefined,0.0,0.112458944321
jb161004,linearsvc_C0.0001,4871,0.0183371229803,0.5,0.0,0.0,0.0,undefined,0.0,0.0964651107788
jb161004,linearsvc_C0.0001,4628,0.0174223373338,0.5,0.0,0.0,0.0,undefined,0.0,0.0871012210846
jb161004,linearsvc_C0.0001,4397,0.0165527262871,0.555555555556,0.0,0.0,0.0,undefined,0.0,0.0953998565674
jb161004,linearsvc_C0.0001,4178,0.0157282898402,0.5,0.0,0.0,0.0,undefined,0.0,0.0777459144592
jb161004,linearsvc_C0.0001,3970,0.0149452634432,0.5,0.0,0.0,0.0,undefined,0.0,0.0981729030609
jb161004,linearsvc_C0.0001,3772,0.014199882546,0.5,0.0,0.0,0.0,undefined,0.0,0.092896938324
jb161004,linearsvc_C0.0001,3584,0.0134921471487,0.5,0.0,0.0,0.0,undefined,0.0,0.0838217735291
jb161004,linearsvc_C0.0001,3405,0.0128182927013,0.5,0.0,0.0,0.0,undefined,0.0,0.0859389305115
jb161004,linearsvc_C0.0001,3235,0.0121783192037,0.5,0.0,0.0,0.0,undefined,0.0,0.0772609710693
jb161004,linearsvc_C0.0001,3074,0.011572226656,0.5,0.0,0.0,0.0,undefined,0.0,0.0677309036255
jb161004,linearsvc_C0.0001,2921,0.0109962505082,0.5,0.0,0.0,0.0,undefined,0.0,0.067446231842
jb161004,linearsvc_C0.0001,2775,0.0104466262103,0.666666666667,0.0,0.0,0.0,undefined,0.0,0.0669319629669
jb161004,linearsvc_C0.0001,2637,0.00992711831228,0.611111111111,0.0,0.0,0.0,undefined,0.0,0.0640029907227
jb161004,linearsvc_C0.0001,2506,0.00943396226415,0.611111111111,0.0,0.0,0.0,undefined,0.0,0.062479019165
jb161004,linearsvc_C0.0001,2381,0.00896339351594,0.611111111111,0.0,0.0,0.0,undefined,0.0,0.0577659606934
jb161004,linearsvc_C0.0001,2262,0.00851541206764,0.666666666667,0.0,0.0,0.0,undefined,0.0,0.0560948848724
jb161004,linearsvc_C0.0001,2149,0.00809001791926,0.666666666667,0.0,0.0,0.0,undefined,0.0,0.0568058490753
jb161004,linearsvc_C0.0001,2042,0.00768721107079,0.666666666667,0.0,0.0,0.0,undefined,0.0,0.0840349197388
jb161004,linearsvc_C0.0001,1940,0.00730322697225,0.611111111111,0.0,0.0,0.0,undefined,0.0,0.0823311805725
jb161004,linearsvc_C0.0001,1843,0.00693806562364,0.611111111111,0.0,0.0,0.0,undefined,0.0,0.0822501182556
jb161004,linearsvc_C0.0001,1751,0.00659172702495,0.666666666667,0.0,0.0,0.0,undefined,0.0,0.0794951915741
jb161004,linearsvc_C0.0001,1664,0.0062642111762,0.666666666667,0.0,0.0,0.0,undefined,0.0,0.0773329734802
jb161004,linearsvc_C0.0001,1581,0.00595175352738,0.611111111111,0.0,0.0,0.0,undefined,0.0,0.07470703125
jb161004,linearsvc_C0.0001,1502,0.00565435407851,0.666666666667,0.0,0.0,0.0,undefined,0.0,0.0732409954071
jb161004,linearsvc_C0.0001,1427,0.00537201282959,0.611111111111,0.0,0.0,0.0,undefined,0.0,0.0729138851166
jb161004,linearsvc_C0.0001,1356,0.0051047297806,0.666666666667,0.0,0.0,0.0,undefined,0.0,0.0738151073456
jb161004,linearsvc_C0.001,265636,1.0,0.666666666667,0.0,0.0,0.0,undefined,0.0,292.327176094
jb161004,linearsvc_C0.001,252355,0.95000301164,0.666666666667,0.0,0.0,0.0,undefined,0.0,277.993764877
jb161004,linearsvc_C0.001,239738,0.90250568447,0.666666666667,0.0,0.0,0.0,undefined,0.0,264.138531923
jb161004,linearsvc_C0.001,227752,0.857383788342,0.666666666667,0.0,0.0,0.0,undefined,0.0,250.844269991
jb161004,linearsvc_C0.001,216365,0.814516857655,0.611111111111,0.0,0.0,0.0,undefined,0.0,237.855678082
jb161004,linearsvc_C0.001,205547,0.77379195591,0.611111111111,0.0,0.0,0.0,undefined,0.0,231.474843979
jb161004,linearsvc_C0.001,195270,0.735103675707,0.611111111111,0.0,0.0,0.0,undefined,0.0,214.729043007
jb161004,linearsvc_C0.001,185507,0.698350374196,0.611111111111,0.0,0.0,0.0,undefined,0.0,185.25960207
jb161004,linearsvc_C0.001,176232,0.663434173079,0.611111111111,0.0,0.0,0.0,undefined,0.0,198.954962969
jb161004,linearsvc_C0.001,167421,0.630264723155,0.611111111111,0.0,0.0,0.0,undefined,0.0,184.272098064
jb161004,linearsvc_C0.001,159050,0.598751675225,0.611111111111,0.0,0.0,0.0,undefined,0.0,131.891005039
jb161004,linearsvc_C0.001,151098,0.568815973738,0.611111111111,0.0,0.0,0.0,undefined,0.0,147.037075996
jb161004,linearsvc_C0.001,143544,0.540378563147,0.611111111111,0.0,0.0,0.0,undefined,0.0,134.496080875
jb161004,linearsvc_C0.001,136367,0.513360387899,0.611111111111,0.0,0.0,0.0,undefined,0.0,123.437973022
jb161004,linearsvc_C0.001,129549,0.487693686097,0.611111111111,0.0,0.0,0.0,undefined,0.0,128.014158964
jb161004,linearsvc_C0.001,123072,0.463310695839,0.611111111111,0.0,0.0,0.0,undefined,0.0,93.8187060356
jb161004,linearsvc_C0.001,116919,0.440147419777,0.611111111111,0.0,0.0,0.0,undefined,0.0,108.901299953
jb161004,linearsvc_C0.001,111074,0.418143625111,0.611111111111,0.0,0.0,0.0,undefined,0.0,81.9973218441
jb161004,linearsvc_C0.001,105521,0.39723907904,0.611111111111,0.0,0.0,0.0,undefined,0.0,74.736358881
jb161004,linearsvc_C0.001,100245,0.377377313316,0.611111111111,0.0,0.0,0.0,undefined,0.0,75.7376980782
jb161004,linearsvc_C0.001,95233,0.358509388788,0.611111111111,0.0,0.0,0.0,undefined,0.0,70.3840479851
jb161004,linearsvc_C0.001,90472,0.340586366306,0.611111111111,0.0,0.0,0.0,undefined,0.0,56.7521550655
jb161004,linearsvc_C0.001,85949,0.32355930672,0.611111111111,0.0,0.0,0.0,undefined,0.0,58.5744569302
jb161004,linearsvc_C0.001,81652,0.307383035432,0.611111111111,0.0,0.0,0.0,undefined,0.0,41.5350420475
jb161004,linearsvc_C0.001,77570,0.29201614239,0.611111111111,0.0,0.0,0.0,undefined,0.0,45.0788691044
jb161004,linearsvc_C0.001,73692,0.277417217546,0.611111111111,0.0,0.0,0.0,undefined,0.0,38.5243809223
jb161004,linearsvc_C0.001,70008,0.263548615399,0.611111111111,0.0,0.0,0.0,undefined,0.0,41.4148731232
jb161004,linearsvc_C0.001,66508,0.250372690449,0.611111111111,0.0,0.0,0.0,undefined,0.0,41.8411209583
jb161004,linearsvc_C0.001,63183,0.237855561746,0.611111111111,0.0,0.0,0.0,undefined,0.0,33.4264769554
jb161004,linearsvc_C0.001,60024,0.225963348341,0.611111111111,0.0,0.0,0.0,undefined,0.0,32.2735660076
jb161004,linearsvc_C0.001,57023,0.214665933834,0.611111111111,0.0,0.0,0.0,undefined,0.0,26.3084540367
jb161004,linearsvc_C0.001,54172,0.203933201825,0.611111111111,0.0,0.0,0.0,undefined,0.0,25.9354569912
jb161004,linearsvc_C0.001,51464,0.193738800464,0.611111111111,0.0,0.0,0.0,undefined,0.0,22.5504710674
jb161004,linearsvc_C0.001,48891,0.184052613351,0.666666666667,0.0,0.0,0.0,undefined,0.0,20.8723189831
jb161004,linearsvc_C0.001,46447,0.174852053186,0.666666666667,0.0,0.0,0.0,undefined,0.0,19.2819271088
jb161004,linearsvc_C0.001,44125,0.166110768119,0.666666666667,0.0,0.0,0.0,undefined,0.0,18.5401089191
jb161004,linearsvc_C0.001,41919,0.15780617085,0.666666666667,0.0,0.0,0.0,undefined,0.0,11.7360129356
jb161004,linearsvc_C0.001,39824,0.14991943863,0.666666666667,0.0,0.0,0.0,undefined,0.0,11.9962348938
jb161004,linearsvc_C0.001,37833,0.142424219609,0.666666666667,0.0,0.0,0.0,undefined,0.0,13.6486930847
jb161004,linearsvc_C0.001,35942,0.135305455586,0.666666666667,0.0,0.0,0.0,undefined,0.0,12.0330879688
jb161004,linearsvc_C0.001,34145,0.128540559262,0.666666666667,0.0,0.0,0.0,undefined,0.0,9.73956084251
jb161004,linearsvc_C0.001,32438,0.122114472436,0.611111111111,0.0,0.0,0.0,undefined,0.0,9.99033403397
jb161004,linearsvc_C0.001,30817,0.116012136909,0.611111111111,0.0,0.0,0.0,undefined,0.0,8.16610693932
jb161004,linearsvc_C0.001,29277,0.110214729931,0.611111111111,0.0,0.0,0.0,undefined,0.0,8.12544512749
jb161004,linearsvc_C0.001,27814,0.104707193302,0.611111111111,0.0,0.0,0.0,undefined,0.0,7.23417401314
jb161004,linearsvc_C0.001,26424,0.099474468822,0.611111111111,0.0,0.0,0.0,undefined,0.0,6.68961787224
jb161004,linearsvc_C0.001,25103,0.0945014982909,0.611111111111,0.0,0.0,0.0,undefined,0.0,6.29528784752
jb161004,linearsvc_C0.001,23848,0.0897769880588,0.611111111111,0.0,0.0,0.0,undefined,0.0,6.12033104897
jb161004,linearsvc_C0.001,22656,0.0852896444759,0.611111111111,0.0,0.0,0.0,undefined,0.0,4.52891206741
jb161004,linearsvc_C0.001,21524,0.0810281738921,0.611111111111,0.0,0.0,0.0,undefined,0.0,4.73866581917
jb161004,linearsvc_C0.001,20448,0.0769775181075,0.611111111111,0.0,0.0,0.0,undefined,0.0,3.65482902527
jb161004,linearsvc_C0.001,19426,0.0731301480221,0.611111111111,0.0,0.0,0.0,undefined,0.0,3.95258998871
jb161004,linearsvc_C0.001,18455,0.069474769986,0.611111111111,0.0,0.0,0.0,undefined,0.0,3.56230711937
jb161004,linearsvc_C0.001,17533,0.0660038548992,0.666666666667,0.0,0.0,0.0,undefined,0.0,3.2059481144
jb161004,linearsvc_C0.001,16657,0.0627061091117,0.666666666667,0.0,0.0,0.0,undefined,0.0,2.53170108795
jb161004,linearsvc_C0.001,15825,0.0595740035236,0.611111111111,0.0,0.0,0.0,undefined,0.0,2.51659202576
jb161004,linearsvc_C0.001,15034,0.0565962444849,0.611111111111,0.0,0.0,0.0,undefined,0.0,2.031208992
jb161004,linearsvc_C0.001,14283,0.0537690674457,0.611111111111,0.0,0.0,0.0,undefined,0.0,2.34991598129
jb161004,linearsvc_C0.001,13569,0.0510811787559,0.611111111111,0.0,0.0,0.0,undefined,0.0,1.89552998543
jb161004,linearsvc_C0.001,12891,0.0485288138656,0.611111111111,0.0,0.0,0.0,undefined,0.0,1.66992497444
jb161004,linearsvc_C0.001,12247,0.0461044436748,0.611111111111,0.0,0.0,0.0,undefined,0.0,1.47662496567
jb161004,linearsvc_C0.001,11635,0.0438005390836,0.611111111111,0.0,0.0,0.0,undefined,0.0,1.48679614067
jb161004,linearsvc_C0.001,11054,0.0416133355419,0.611111111111,0.0,0.0,0.0,undefined,0.0,1.2363319397
jb161004,linearsvc_C0.001,10502,0.0395353039498,0.611111111111,0.0,0.0,0.0,undefined,0.0,1.30609202385
jb161004,linearsvc_C0.001,9977,0.0375589152073,0.611111111111,0.0,0.0,0.0,undefined,0.0,1.15446996689
jb161004,linearsvc_C0.001,9479,0.0356841693144,0.611111111111,0.0,0.0,0.0,undefined,0.0,0.856064081192
jb161004,linearsvc_C0.001,9006,0.0339035371712,0.611111111111,0.0,0.0,0.0,undefined,0.0,0.947457075119
jb161004,linearsvc_C0.001,8556,0.0322094896776,0.611111111111,0.0,0.0,0.0,undefined,0.0,0.718506097794
jb161004,linearsvc_C0.001,8129,0.0306020268337,0.611111111111,0.0,0.0,0.0,undefined,0.0,0.705565929413
jb161004,linearsvc_C0.001,7723,0.0290736195395,0.611111111111,0.0,0.0,0.0,undefined,0.0,0.684367895126
jb161004,linearsvc_C0.001,7337,0.027620503245,0.611111111111,0.0,0.0,0.0,undefined,0.0,0.600003004074
jb161004,linearsvc_C0.001,6971,0.0262426779503,0.611111111111,0.0,0.0,0.0,undefined,0.0,0.569949865341
jb161004,linearsvc_C0.001,6623,0.0249326145553,0.611111111111,0.0,0.0,0.0,undefined,0.0,0.552199840546
jb161004,linearsvc_C0.001,6292,0.02368654851,0.611111111111,0.0,0.0,0.0,undefined,0.0,0.467299938202
jb161004,linearsvc_C0.001,5978,0.0225044798145,0.666666666667,0.0,0.0,0.0,undefined,0.0,0.383181095123
jb161004,linearsvc_C0.001,5680,0.0213826439187,0.611111111111,0.0,0.0,0.0,undefined,0.0,0.394546985626
jb161004,linearsvc_C0.001,5396,0.0203135117228,0.611111111111,0.0,0.0,0.0,undefined,0.0,0.363596916199
jb161004,linearsvc_C0.001,5127,0.0193008477767,0.611111111111,0.0,0.0,0.0,undefined,0.0,0.336405992508
jb161004,linearsvc_C0.001,4871,0.0183371229803,0.611111111111,0.0,0.0,0.0,undefined,0.0,0.297811985016
jb161004,linearsvc_C0.001,4628,0.0174223373338,0.611111111111,0.0,0.0,0.0,undefined,0.0,0.272482872009
jb161004,linearsvc_C0.001,4397,0.0165527262871,0.611111111111,0.0,0.0,0.0,undefined,0.0,0.248100042343
jb161004,linearsvc_C0.001,4178,0.0157282898402,0.611111111111,0.0,0.0,0.0,undefined,0.0,0.213571071625
jb161004,linearsvc_C0.001,3970,0.0149452634432,0.611111111111,0.0,0.0,0.0,undefined,0.0,0.21798992157
jb161004,linearsvc_C0.001,3772,0.014199882546,0.611111111111,0.0,0.0,0.0,undefined,0.0,0.176337957382
jb161004,linearsvc_C0.001,3584,0.0134921471487,0.611111111111,0.0,0.0,0.0,undefined,0.0,0.18767786026
jb161004,linearsvc_C0.001,3405,0.0128182927013,0.666666666667,0.0,0.0,0.0,undefined,0.0,0.158750772476
jb161004,linearsvc_C0.001,3235,0.0121783192037,0.666666666667,0.0,0.0,0.0,undefined,0.0,0.170832157135
jb161004,linearsvc_C0.001,3074,0.011572226656,0.611111111111,0.0,0.0,0.0,undefined,0.0,0.154221057892
jb161004,linearsvc_C0.001,2921,0.0109962505082,0.666666666667,0.0,0.0,0.0,undefined,0.0,0.146414041519
jb161004,linearsvc_C0.001,2775,0.0104466262103,0.611111111111,0.0,0.0,0.0,undefined,0.0,0.124167919159
jb161004,linearsvc_C0.001,2637,0.00992711831228,0.722222222222,0.0,0.0,0.0,undefined,0.0,0.123221874237
jb161004,linearsvc_C0.001,2506,0.00943396226415,0.722222222222,0.0,0.0,0.0,undefined,0.0,0.109155893326
jb161004,linearsvc_C0.001,2381,0.00896339351594,0.722222222222,0.0,0.0,0.0,undefined,0.0,0.109061956406
jb161004,linearsvc_C0.001,2262,0.00851541206764,0.722222222222,0.0,0.0,0.0,undefined,0.0,0.102300167084
jb161004,linearsvc_C0.001,2149,0.00809001791926,0.722222222222,0.0,0.0,0.0,undefined,0.0,0.0838360786438
jb161004,linearsvc_C0.001,2042,0.00768721107079,0.722222222222,0.0,0.0,0.0,undefined,0.0,0.07879114151
jb161004,linearsvc_C0.001,1940,0.00730322697225,0.722222222222,0.0,0.0,0.0,undefined,0.0,0.112801074982
jb161004,linearsvc_C0.001,1843,0.00693806562364,0.722222222222,0.0,0.0,0.0,undefined,0.0,0.111088037491
jb161004,linearsvc_C0.001,1751,0.00659172702495,0.722222222222,0.0,0.0,0.0,undefined,0.0,0.105032205582
jb161004,linearsvc_C0.001,1664,0.0062642111762,0.722222222222,0.0,0.0,0.0,undefined,0.0,0.0959248542786
jb161004,linearsvc_C0.001,1581,0.00595175352738,0.666666666667,0.0,0.0,0.0,undefined,0.0,0.101866960526
jb161004,linearsvc_C0.001,1502,0.00565435407851,0.722222222222,0.0,0.0,0.0,undefined,0.0,0.0911149978638
jb161004,linearsvc_C0.001,1427,0.00537201282959,0.722222222222,0.0,0.0,0.0,undefined,0.0,0.0880439281464
jb161004,linearsvc_C0.001,1356,0.0051047297806,0.722222222222,0.0,0.0,0.0,undefined,0.0,0.0839509963989
jb161004,linearsvc_C0.01,265636,1.0,0.777777777778,0.0,0.0,0.0,undefined,0.0,335.441123009
jb161004,linearsvc_C0.01,252355,0.95000301164,0.777777777778,0.0,0.0,0.0,undefined,0.0,314.625145912
jb161004,linearsvc_C0.01,239738,0.90250568447,0.777777777778,0.0,0.0,0.0,undefined,0.0,299.307302952
jb161004,linearsvc_C0.01,227752,0.857383788342,0.777777777778,0.0,0.0,0.0,undefined,0.0,281.151758909
jb161004,linearsvc_C0.01,216365,0.814516857655,0.777777777778,0.0,0.0,0.0,undefined,0.0,264.880840063
jb161004,linearsvc_C0.01,205547,0.77379195591,0.777777777778,0.0,0.0,0.0,undefined,0.0,250.865396976
jb161004,linearsvc_C0.01,195270,0.735103675707,0.777777777778,0.0,0.0,0.0,undefined,0.0,238.272305012
jb161004,linearsvc_C0.01,185507,0.698350374196,0.777777777778,0.0,0.0,0.0,undefined,0.0,225.584192991
jb161004,linearsvc_C0.01,176232,0.663434173079,0.777777777778,0.0,0.0,0.0,undefined,0.0,213.729685068
jb161004,linearsvc_C0.01,167421,0.630264723155,0.777777777778,0.0,0.0,0.0,undefined,0.0,201.582016945
jb161004,linearsvc_C0.01,159050,0.598751675225,0.777777777778,0.0,0.0,0.0,undefined,0.0,193.075011015
jb161004,linearsvc_C0.01,151098,0.568815973738,0.777777777778,0.0,0.0,0.0,undefined,0.0,180.677892923
jb161004,linearsvc_C0.01,143544,0.540378563147,0.777777777778,0.0,0.0,0.0,undefined,0.0,171.622165918
jb161004,linearsvc_C0.01,136367,0.513360387899,0.777777777778,0.0,0.0,0.0,undefined,0.0,164.297508001
jb161004,linearsvc_C0.01,129549,0.487693686097,0.777777777778,0.0,0.0,0.0,undefined,0.0,155.647225142
jb161004,linearsvc_C0.01,123072,0.463310695839,0.722222222222,0.0,0.0,0.0,undefined,0.0,148.274893999
jb161004,linearsvc_C0.01,116919,0.440147419777,0.722222222222,0.0,0.0,0.0,undefined,0.0,140.214269161
jb161004,linearsvc_C0.01,111074,0.418143625111,0.722222222222,0.0,0.0,0.0,undefined,0.0,131.480716944
jb161004,linearsvc_C0.01,105521,0.39723907904,0.722222222222,0.0,0.0,0.0,undefined,0.0,125.511854887
jb161004,linearsvc_C0.01,100245,0.377377313316,0.722222222222,0.0,0.0,0.0,undefined,0.0,118.751224041
jb161004,linearsvc_C0.01,95233,0.358509388788,0.722222222222,0.0,0.0,0.0,undefined,0.0,113.079658031
jb161004,linearsvc_C0.01,90472,0.340586366306,0.722222222222,0.0,0.0,0.0,undefined,0.0,106.884248972
jb161004,linearsvc_C0.01,85949,0.32355930672,0.722222222222,0.0,0.0,0.0,undefined,0.0,100.837754011
jb161004,linearsvc_C0.01,81652,0.307383035432,0.722222222222,0.0,0.0,0.0,undefined,0.0,96.3402888775
jb161004,linearsvc_C0.01,77570,0.29201614239,0.722222222222,0.0,0.0,0.0,undefined,0.0,90.8375461102
jb161004,linearsvc_C0.01,73692,0.277417217546,0.722222222222,0.0,0.0,0.0,undefined,0.0,86.8336820602
jb161004,linearsvc_C0.01,70008,0.263548615399,0.777777777778,0.0,0.0,0.0,undefined,0.0,81.8125090599
jb161004,linearsvc_C0.01,66508,0.250372690449,0.777777777778,0.0,0.0,0.0,undefined,0.0,78.2913200855
jb161004,linearsvc_C0.01,63183,0.237855561746,0.722222222222,0.0,0.0,0.0,undefined,0.0,74.5104091167
jb161004,linearsvc_C0.01,60024,0.225963348341,0.722222222222,0.0,0.0,0.0,undefined,0.0,70.5990788937
jb161004,linearsvc_C0.01,57023,0.214665933834,0.722222222222,0.0,0.0,0.0,undefined,0.0,67.254253149
jb161004,linearsvc_C0.01,54172,0.203933201825,0.777777777778,0.0,0.0,0.0,undefined,0.0,63.5928471088
jb161004,linearsvc_C0.01,51464,0.193738800464,0.722222222222,0.0,0.0,0.0,undefined,0.0,59.8618679047
jb161004,linearsvc_C0.01,48891,0.184052613351,0.777777777778,0.0,0.0,0.0,undefined,0.0,57.2085399628
jb161004,linearsvc_C0.01,46447,0.174852053186,0.722222222222,0.0,0.0,0.0,undefined,0.0,54.1901090145
jb161004,linearsvc_C0.01,44125,0.166110768119,0.777777777778,0.0,0.0,0.0,undefined,0.0,51.7908210754
jb161004,linearsvc_C0.01,41919,0.15780617085,0.777777777778,0.0,0.0,0.0,undefined,0.0,48.7619540691
jb161004,linearsvc_C0.01,39824,0.14991943863,0.777777777778,0.0,0.0,0.0,undefined,0.0,46.7423529625
jb161004,linearsvc_C0.01,37833,0.142424219609,0.777777777778,0.0,0.0,0.0,undefined,0.0,43.905205965
jb161004,linearsvc_C0.01,35942,0.135305455586,0.777777777778,0.0,0.0,0.0,undefined,0.0,42.1978719234
jb161004,linearsvc_C0.01,34145,0.128540559262,0.777777777778,0.0,0.0,0.0,undefined,0.0,39.6799600124
jb161004,linearsvc_C0.01,32438,0.122114472436,0.777777777778,0.0,0.0,0.0,undefined,0.0,37.6985189915
jb161004,linearsvc_C0.01,30817,0.116012136909,0.777777777778,0.0,0.0,0.0,undefined,0.0,35.8045401573
jb161004,linearsvc_C0.01,29277,0.110214729931,0.777777777778,0.0,0.0,0.0,undefined,0.0,34.0690798759
jb161004,linearsvc_C0.01,27814,0.104707193302,0.777777777778,0.0,0.0,0.0,undefined,0.0,31.033973217
jb161004,linearsvc_C0.01,26424,0.099474468822,0.833333333333,0.0,0.0,0.0,undefined,0.0,31.0389709473
jb161004,linearsvc_C0.01,25103,0.0945014982909,0.833333333333,0.0,0.0,0.0,undefined,0.0,27.3869349957
jb161004,linearsvc_C0.01,23848,0.0897769880588,0.833333333333,0.0,0.0,0.0,undefined,0.0,27.5851049423
jb161004,linearsvc_C0.01,22656,0.0852896444759,0.833333333333,0.0,0.0,0.0,undefined,0.0,23.372808218
jb161004,linearsvc_C0.01,21524,0.0810281738921,0.833333333333,0.0,0.0,0.0,undefined,0.0,21.1187999249
jb161004,linearsvc_C0.01,20448,0.0769775181075,0.833333333333,0.0,0.0,0.0,undefined,0.0,22.6340851784
jb161004,linearsvc_C0.01,19426,0.0731301480221,0.833333333333,0.0,0.0,0.0,undefined,0.0,22.1549568176
jb161004,linearsvc_C0.01,18455,0.069474769986,0.833333333333,0.0,0.0,0.0,undefined,0.0,16.8504259586
jb161004,linearsvc_C0.01,17533,0.0660038548992,0.833333333333,0.0,0.0,0.0,undefined,0.0,17.5626308918
jb161004,linearsvc_C0.01,16657,0.0627061091117,0.833333333333,0.0,0.0,0.0,undefined,0.0,15.9100120068
jb161004,linearsvc_C0.01,15825,0.0595740035236,0.833333333333,0.0,0.0,0.0,undefined,0.0,13.4191660881
jb161004,linearsvc_C0.01,15034,0.0565962444849,0.833333333333,0.0,0.0,0.0,undefined,0.0,17.187171936
jb161004,linearsvc_C0.01,14283,0.0537690674457,0.833333333333,0.0,0.0,0.0,undefined,0.0,11.1804709435
jb161004,linearsvc_C0.01,13569,0.0510811787559,0.833333333333,0.0,0.0,0.0,undefined,0.0,15.2918169498
jb161004,linearsvc_C0.01,12891,0.0485288138656,0.833333333333,0.0,0.0,0.0,undefined,0.0,6.65835309029
jb161004,linearsvc_C0.01,12247,0.0461044436748,0.833333333333,0.0,0.0,0.0,undefined,0.0,8.05394697189
jb161004,linearsvc_C0.01,11635,0.0438005390836,0.833333333333,0.0,0.0,0.0,undefined,0.0,8.74873900414
jb161004,linearsvc_C0.01,11054,0.0416133355419,0.833333333333,0.0,0.0,0.0,undefined,0.0,8.22074079514
jb161004,linearsvc_C0.01,10502,0.0395353039498,0.833333333333,0.0,0.0,0.0,undefined,0.0,7.10318207741
jb161004,linearsvc_C0.01,9977,0.0375589152073,0.833333333333,0.0,0.0,0.0,undefined,0.0,5.94618797302
jb161004,linearsvc_C0.01,9479,0.0356841693144,0.833333333333,0.0,0.0,0.0,undefined,0.0,5.49171900749
jb161004,linearsvc_C0.01,9006,0.0339035371712,0.833333333333,0.0,0.0,0.0,undefined,0.0,9.54440498352
jb161004,linearsvc_C0.01,8556,0.0322094896776,0.833333333333,0.0,0.0,0.0,undefined,0.0,4.53562903404
jb161004,linearsvc_C0.01,8129,0.0306020268337,0.833333333333,0.0,0.0,0.0,undefined,0.0,4.08278417587
jb161004,linearsvc_C0.01,7723,0.0290736195395,0.833333333333,0.0,0.0,0.0,undefined,0.0,3.72509002686
jb161004,linearsvc_C0.01,7337,0.027620503245,0.833333333333,0.0,0.0,0.0,undefined,0.0,3.30165791512
jb161004,linearsvc_C0.01,6971,0.0262426779503,0.777777777778,0.0,0.0,0.0,undefined,0.0,3.48094701767
jb161004,linearsvc_C0.01,6623,0.0249326145553,0.833333333333,0.0,0.0,0.0,undefined,0.0,3.61517310143
jb161004,linearsvc_C0.01,6292,0.02368654851,0.833333333333,0.0,0.0,0.0,undefined,0.0,2.38559603691
jb161004,linearsvc_C0.01,5978,0.0225044798145,0.833333333333,0.0,0.0,0.0,undefined,0.0,2.3566660881
jb161004,linearsvc_C0.01,5680,0.0213826439187,0.833333333333,0.0,0.0,0.0,undefined,0.0,3.31313300133
jb161004,linearsvc_C0.01,5396,0.0203135117228,0.833333333333,0.0,0.0,0.0,undefined,0.0,2.15009593964
jb161004,linearsvc_C0.01,5127,0.0193008477767,0.777777777778,0.0,0.0,0.0,undefined,0.0,1.44842290878
jb161004,linearsvc_C0.01,4871,0.0183371229803,0.777777777778,0.0,0.0,0.0,undefined,0.0,1.75634098053
jb161004,linearsvc_C0.01,4628,0.0174223373338,0.777777777778,0.0,0.0,0.0,undefined,0.0,1.60194206238
jb161004,linearsvc_C0.01,4397,0.0165527262871,0.833333333333,0.0,0.0,0.0,undefined,0.0,1.26525187492
jb161004,linearsvc_C0.01,4178,0.0157282898402,0.833333333333,0.0,0.0,0.0,undefined,0.0,1.23429703712
jb161004,linearsvc_C0.01,3970,0.0149452634432,0.833333333333,0.0,0.0,0.0,undefined,0.0,0.961526870728
jb161004,linearsvc_C0.01,3772,0.014199882546,0.833333333333,0.0,0.0,0.0,undefined,0.0,1.10285305977
jb161004,linearsvc_C0.01,3584,0.0134921471487,0.833333333333,0.0,0.0,0.0,undefined,0.0,0.932297945023
jb161004,linearsvc_C0.01,3405,0.0128182927013,0.777777777778,0.0,0.0,0.0,undefined,0.0,0.996928930283
jb161004,linearsvc_C0.01,3235,0.0121783192037,0.777777777778,0.0,0.0,0.0,undefined,0.0,0.922474861145
jb161004,linearsvc_C0.01,3074,0.011572226656,0.833333333333,0.0,0.0,0.0,undefined,0.0,0.785435914993
jb161004,linearsvc_C0.01,2921,0.0109962505082,0.833333333333,0.0,0.0,0.0,undefined,0.0,0.676753997803
jb161004,linearsvc_C0.01,2775,0.0104466262103,0.777777777778,0.0,0.0,0.0,undefined,0.0,0.537478923798
jb161004,linearsvc_C0.01,2637,0.00992711831228,0.833333333333,0.0,0.0,0.0,undefined,0.0,0.616241931915
jb161004,linearsvc_C0.01,2506,0.00943396226415,0.833333333333,0.0,0.0,0.0,undefined,0.0,0.597747087479
jb161004,linearsvc_C0.01,2381,0.00896339351594,0.777777777778,0.0,0.0,0.0,undefined,0.0,0.49193406105
jb161004,linearsvc_C0.01,2262,0.00851541206764,0.777777777778,0.0,0.0,0.0,undefined,0.0,0.423754930496
jb161004,linearsvc_C0.01,2149,0.00809001791926,0.777777777778,0.0,0.0,0.0,undefined,0.0,0.426794052124
jb161004,linearsvc_C0.01,2042,0.00768721107079,0.777777777778,0.0,0.0,0.0,undefined,0.0,0.32932806015
jb161004,linearsvc_C0.01,1940,0.00730322697225,0.722222222222,0.0,0.0,0.0,undefined,0.0,0.4024310112
jb161004,linearsvc_C0.01,1843,0.00693806562364,0.722222222222,0.0,0.0,0.0,undefined,0.0,0.290853977203
jb161004,linearsvc_C0.01,1751,0.00659172702495,0.722222222222,0.0,0.0,0.0,undefined,0.0,0.35288310051
jb161004,linearsvc_C0.01,1664,0.0062642111762,0.777777777778,0.0,0.0,0.0,undefined,0.0,0.36004114151
jb161004,linearsvc_C0.01,1581,0.00595175352738,0.833333333333,0.0,0.0,0.0,undefined,0.0,0.230047941208
jb161004,linearsvc_C0.01,1502,0.00565435407851,0.833333333333,0.0,0.0,0.0,undefined,0.0,0.261423110962
jb161004,linearsvc_C0.01,1427,0.00537201282959,0.777777777778,0.0,0.0,0.0,undefined,0.0,0.247739076614
jb161004,linearsvc_C0.01,1356,0.0051047297806,0.888888888889,0.0,0.0,0.0,undefined,0.0,0.251204013824
jb161004,linearsvc_C0.1,265636,1.0,0.666666666667,0.0,0.0,0.0,undefined,0.0,38.4216668606
jb161004,linearsvc_C0.1,252355,0.95000301164,0.666666666667,0.0,0.0,0.0,undefined,0.0,19.8278889656
jb161004,linearsvc_C0.1,239738,0.90250568447,0.666666666667,0.0,0.0,0.0,undefined,0.0,61.9889230728
jb161004,linearsvc_C0.1,227752,0.857383788342,0.666666666667,0.0,0.0,0.0,undefined,0.0,17.9642150402
jb161004,linearsvc_C0.1,216365,0.814516857655,0.666666666667,0.0,0.0,0.0,undefined,0.0,18.2583918571
jb161004,linearsvc_C0.1,205547,0.77379195591,0.666666666667,0.0,0.0,0.0,undefined,0.0,17.9814231396
jb161004,linearsvc_C0.1,195270,0.735103675707,0.666666666667,0.0,0.0,0.0,undefined,0.0,89.7516970634
jb161004,linearsvc_C0.1,185507,0.698350374196,0.666666666667,0.0,0.0,0.0,undefined,0.0,24.3303458691
jb161004,linearsvc_C0.1,176232,0.663434173079,0.666666666667,0.0,0.0,0.0,undefined,0.0,73.2361991405
jb161004,linearsvc_C0.1,167421,0.630264723155,0.666666666667,0.0,0.0,0.0,undefined,0.0,56.3643119335
jb161004,linearsvc_C0.1,159050,0.598751675225,0.666666666667,0.0,0.0,0.0,undefined,0.0,66.9895870686
jb161004,linearsvc_C0.1,151098,0.568815973738,0.666666666667,0.0,0.0,0.0,undefined,0.0,39.2210669518
jb161004,linearsvc_C0.1,143544,0.540378563147,0.666666666667,0.0,0.0,0.0,undefined,0.0,88.425360918
jb161004,linearsvc_C0.1,136367,0.513360387899,0.666666666667,0.0,0.0,0.0,undefined,0.0,51.291711092
jb161004,linearsvc_C0.1,129549,0.487693686097,0.666666666667,0.0,0.0,0.0,undefined,0.0,50.155477047
jb161004,linearsvc_C0.1,123072,0.463310695839,0.666666666667,0.0,0.0,0.0,undefined,0.0,116.913369894
jb161004,linearsvc_C0.1,116919,0.440147419777,0.666666666667,0.0,0.0,0.0,undefined,0.0,111.218620062
jb161004,linearsvc_C0.1,111074,0.418143625111,0.666666666667,0.0,0.0,0.0,undefined,0.0,126.343990088
jb161004,linearsvc_C0.1,105521,0.39723907904,0.666666666667,0.0,0.0,0.0,undefined,0.0,115.142189026
jb161004,linearsvc_C0.1,100245,0.377377313316,0.666666666667,0.0,0.0,0.0,undefined,0.0,117.461150169
jb161004,linearsvc_C0.1,95233,0.358509388788,0.666666666667,0.0,0.0,0.0,undefined,0.0,108.199941158
jb161004,linearsvc_C0.1,90472,0.340586366306,0.666666666667,0.0,0.0,0.0,undefined,0.0,105.922607899
jb161004,linearsvc_C0.1,85949,0.32355930672,0.666666666667,0.0,0.0,0.0,undefined,0.0,100.123895168
jb161004,linearsvc_C0.1,81652,0.307383035432,0.666666666667,0.0,0.0,0.0,undefined,0.0,95.0110938549
jb161004,linearsvc_C0.1,77570,0.29201614239,0.666666666667,0.0,0.0,0.0,undefined,0.0,90.8679640293
jb161004,linearsvc_C0.1,73692,0.277417217546,0.666666666667,0.0,0.0,0.0,undefined,0.0,85.9058201313
jb161004,linearsvc_C0.1,70008,0.263548615399,0.666666666667,0.0,0.0,0.0,undefined,0.0,80.8475730419
jb161004,linearsvc_C0.1,66508,0.250372690449,0.666666666667,0.0,0.0,0.0,undefined,0.0,76.9225709438
jb161004,linearsvc_C0.1,63183,0.237855561746,0.666666666667,0.0,0.0,0.0,undefined,0.0,73.5647909641
jb161004,linearsvc_C0.1,60024,0.225963348341,0.666666666667,0.0,0.0,0.0,undefined,0.0,69.808478117
jb161004,linearsvc_C0.1,57023,0.214665933834,0.666666666667,0.0,0.0,0.0,undefined,0.0,66.1354129314
jb161004,linearsvc_C0.1,54172,0.203933201825,0.666666666667,0.0,0.0,0.0,undefined,0.0,62.8383040428
jb161004,linearsvc_C0.1,51464,0.193738800464,0.666666666667,0.0,0.0,0.0,undefined,0.0,59.4391839504
jb161004,linearsvc_C0.1,48891,0.184052613351,0.666666666667,0.0,0.0,0.0,undefined,0.0,56.4538211823
jb161004,linearsvc_C0.1,46447,0.174852053186,0.666666666667,0.0,0.0,0.0,undefined,0.0,53.3738589287
jb161004,linearsvc_C0.1,44125,0.166110768119,0.666666666667,0.0,0.0,0.0,undefined,0.0,51.6270699501
jb161004,linearsvc_C0.1,41919,0.15780617085,0.611111111111,0.0,0.0,0.0,undefined,0.0,48.4388618469
jb161004,linearsvc_C0.1,39824,0.14991943863,0.611111111111,0.0,0.0,0.0,undefined,0.0,46.3659391403
jb161004,linearsvc_C0.1,37833,0.142424219609,0.611111111111,0.0,0.0,0.0,undefined,0.0,44.2115440369
jb161004,linearsvc_C0.1,35942,0.135305455586,0.611111111111,0.0,0.0,0.0,undefined,0.0,42.0271458626
jb161004,linearsvc_C0.1,34145,0.128540559262,0.555555555556,0.0,0.0,0.0,undefined,0.0,39.4212939739
jb161004,linearsvc_C0.1,32438,0.122114472436,0.611111111111,0.0,0.0,0.0,undefined,0.0,37.5900499821
jb161004,linearsvc_C0.1,30817,0.116012136909,0.611111111111,0.0,0.0,0.0,undefined,0.0,35.5630230904
jb161004,linearsvc_C0.1,29277,0.110214729931,0.611111111111,0.0,0.0,0.0,undefined,0.0,33.7818801403
jb161004,linearsvc_C0.1,27814,0.104707193302,0.611111111111,0.0,0.0,0.0,undefined,0.0,32.2332291603
jb161004,linearsvc_C0.1,26424,0.099474468822,0.611111111111,0.0,0.0,0.0,undefined,0.0,30.4917891026
jb161004,linearsvc_C0.1,25103,0.0945014982909,0.611111111111,0.0,0.0,0.0,undefined,0.0,28.8327860832
jb161004,linearsvc_C0.1,23848,0.0897769880588,0.666666666667,0.0,0.0,0.0,undefined,0.0,27.5347859859
jb161004,linearsvc_C0.1,22656,0.0852896444759,0.666666666667,0.0,0.0,0.0,undefined,0.0,25.9969069958
jb161004,linearsvc_C0.1,21524,0.0810281738921,0.666666666667,0.0,0.0,0.0,undefined,0.0,24.5021569729
jb161004,linearsvc_C0.1,20448,0.0769775181075,0.611111111111,0.0,0.0,0.0,undefined,0.0,23.4370348454
jb161004,linearsvc_C0.1,19426,0.0731301480221,0.611111111111,0.0,0.0,0.0,undefined,0.0,22.359183073
jb161004,linearsvc_C0.1,18455,0.069474769986,0.611111111111,0.0,0.0,0.0,undefined,0.0,21.1840581894
jb161004,linearsvc_C0.1,17533,0.0660038548992,0.611111111111,0.0,0.0,0.0,undefined,0.0,20.0803599358
jb161004,linearsvc_C0.1,16657,0.0627061091117,0.611111111111,0.0,0.0,0.0,undefined,0.0,19.0662801266
jb161004,linearsvc_C0.1,15825,0.0595740035236,0.611111111111,0.0,0.0,0.0,undefined,0.0,17.7409279346
jb161004,linearsvc_C0.1,15034,0.0565962444849,0.611111111111,0.0,0.0,0.0,undefined,0.0,17.1101870537
jb161004,linearsvc_C0.1,14283,0.0537690674457,0.555555555556,0.0,0.0,0.0,undefined,0.0,16.1644661427
jb161004,linearsvc_C0.1,13569,0.0510811787559,0.555555555556,0.0,0.0,0.0,undefined,0.0,14.9450380802
jb161004,linearsvc_C0.1,12891,0.0485288138656,0.555555555556,0.0,0.0,0.0,undefined,0.0,14.1622409821
jb161004,linearsvc_C0.1,12247,0.0461044436748,0.611111111111,0.0,0.0,0.0,undefined,0.0,13.3288969994
jb161004,linearsvc_C0.1,11635,0.0438005390836,0.555555555556,0.0,0.0,0.0,undefined,0.0,12.986964941
jb161004,linearsvc_C0.1,11054,0.0416133355419,0.611111111111,0.0,0.0,0.0,undefined,0.0,11.4919838905
jb161004,linearsvc_C0.1,10502,0.0395353039498,0.555555555556,0.0,0.0,0.0,undefined,0.0,11.2300519943
jb161004,linearsvc_C0.1,9977,0.0375589152073,0.611111111111,0.0,0.0,0.0,undefined,0.0,10.7212171555
jb161004,linearsvc_C0.1,9479,0.0356841693144,0.611111111111,0.0,0.0,0.0,undefined,0.0,10.1029388905
jb161004,linearsvc_C0.1,9006,0.0339035371712,0.666666666667,0.0,0.0,0.0,undefined,0.0,9.48818206787
jb161004,linearsvc_C0.1,8556,0.0322094896776,0.555555555556,0.0,0.0,0.0,undefined,0.0,8.69982218742
jb161004,linearsvc_C0.1,8129,0.0306020268337,0.611111111111,0.0,0.0,0.0,undefined,0.0,8.62434792519
jb161004,linearsvc_C0.1,7723,0.0290736195395,0.611111111111,0.0,0.0,0.0,undefined,0.0,8.31927704811
jb161004,linearsvc_C0.1,7337,0.027620503245,0.611111111111,0.0,0.0,0.0,undefined,0.0,7.43647098541
jb161004,linearsvc_C0.1,6971,0.0262426779503,0.666666666667,0.0,0.0,0.0,undefined,0.0,7.16002106667
jb161004,linearsvc_C0.1,6623,0.0249326145553,0.666666666667,0.0,0.0,0.0,undefined,0.0,6.983096838
jb161004,linearsvc_C0.1,6292,0.02368654851,0.666666666667,0.0,0.0,0.0,undefined,0.0,6.35076403618
jb161004,linearsvc_C0.1,5978,0.0225044798145,0.666666666667,0.0,0.0,0.0,undefined,0.0,5.94968986511
jb161004,linearsvc_C0.1,5680,0.0213826439187,0.666666666667,0.0,0.0,0.0,undefined,0.0,5.62914586067
jb161004,linearsvc_C0.1,5396,0.0203135117228,0.666666666667,0.0,0.0,0.0,undefined,0.0,4.83784985542
jb161004,linearsvc_C0.1,5127,0.0193008477767,0.666666666667,0.0,0.0,0.0,undefined,0.0,4.9225590229
jb161004,linearsvc_C0.1,4871,0.0183371229803,0.666666666667,0.0,0.0,0.0,undefined,0.0,4.89332795143
jb161004,linearsvc_C0.1,4628,0.0174223373338,0.666666666667,0.0,0.0,0.0,undefined,0.0,4.54164123535
jb161004,linearsvc_C0.1,4397,0.0165527262871,0.666666666667,0.0,0.0,0.0,undefined,0.0,4.2204709053
jb161004,linearsvc_C0.1,4178,0.0157282898402,0.666666666667,0.0,0.0,0.0,undefined,0.0,4.16606092453
jb161004,linearsvc_C0.1,3970,0.0149452634432,0.666666666667,0.0,0.0,0.0,undefined,0.0,4.0045800209
jb161004,linearsvc_C0.1,3772,0.014199882546,0.611111111111,0.0,0.0,0.0,undefined,0.0,2.82662296295
jb161004,linearsvc_C0.1,3584,0.0134921471487,0.666666666667,0.0,0.0,0.0,undefined,0.0,3.46038508415
jb161004,linearsvc_C0.1,3405,0.0128182927013,0.666666666667,0.0,0.0,0.0,undefined,0.0,2.41828894615
jb161004,linearsvc_C0.1,3235,0.0121783192037,0.666666666667,0.0,0.0,0.0,undefined,0.0,2.65324997902
jb161004,linearsvc_C0.1,3074,0.011572226656,0.666666666667,0.0,0.0,0.0,undefined,0.0,2.59089493752
jb161004,linearsvc_C0.1,2921,0.0109962505082,0.666666666667,0.0,0.0,0.0,undefined,0.0,2.45169496536
jb161004,linearsvc_C0.1,2775,0.0104466262103,0.722222222222,0.0,0.0,0.0,undefined,0.0,2.26498293877
jb161004,linearsvc_C0.1,2637,0.00992711831228,0.666666666667,0.0,0.0,0.0,undefined,0.0,1.84880495071
jb161004,linearsvc_C0.1,2506,0.00943396226415,0.611111111111,0.0,0.0,0.0,undefined,0.0,1.71595001221
jb161004,linearsvc_C0.1,2381,0.00896339351594,0.666666666667,0.0,0.0,0.0,undefined,0.0,1.67485404015
jb161004,linearsvc_C0.1,2262,0.00851541206764,0.666666666667,0.0,0.0,0.0,undefined,0.0,1.49654507637
jb161004,linearsvc_C0.1,2149,0.00809001791926,0.611111111111,0.0,0.0,0.0,undefined,0.0,1.28073000908
jb161004,linearsvc_C0.1,2042,0.00768721107079,0.611111111111,0.0,0.0,0.0,undefined,0.0,0.913380146027
jb161004,linearsvc_C0.1,1940,0.00730322697225,0.611111111111,0.0,0.0,0.0,undefined,0.0,1.12877202034
jb161004,linearsvc_C0.1,1843,0.00693806562364,0.611111111111,0.0,0.0,0.0,undefined,0.0,1.05929398537
jb161004,linearsvc_C0.1,1751,0.00659172702495,0.611111111111,0.0,0.0,0.0,undefined,0.0,0.823332071304
jb161004,linearsvc_C0.1,1664,0.0062642111762,0.611111111111,0.0,0.0,0.0,undefined,0.0,0.826032876968
jb161004,linearsvc_C0.1,1581,0.00595175352738,0.555555555556,0.0,0.0,0.0,undefined,0.0,0.887055158615
jb161004,linearsvc_C0.1,1502,0.00565435407851,0.555555555556,0.0,0.0,0.0,undefined,0.0,0.839914083481
jb161004,linearsvc_C0.1,1427,0.00537201282959,0.555555555556,0.0,0.0,0.0,undefined,0.0,0.83043217659
jb161004,linearsvc_C0.1,1356,0.0051047297806,0.555555555556,0.0,0.0,0.0,undefined,0.0,0.569411993027
jb161004,linearsvc_C1.0,265636,1.0,0.611111111111,0.0,0.0,0.0,undefined,0.0,19.2136189938
jb161004,linearsvc_C1.0,252355,0.95000301164,0.611111111111,0.0,0.0,0.0,undefined,0.0,18.3293881416
jb161004,linearsvc_C1.0,239738,0.90250568447,0.611111111111,0.0,0.0,0.0,undefined,0.0,18.0137481689
jb161004,linearsvc_C1.0,227752,0.857383788342,0.611111111111,0.0,0.0,0.0,undefined,0.0,16.3975608349
jb161004,linearsvc_C1.0,216365,0.814516857655,0.611111111111,0.0,0.0,0.0,undefined,0.0,15.0760719776
jb161004,linearsvc_C1.0,205547,0.77379195591,0.611111111111,0.0,0.0,0.0,undefined,0.0,14.2862539291
jb161004,linearsvc_C1.0,195270,0.735103675707,0.611111111111,0.0,0.0,0.0,undefined,0.0,13.2169110775
jb161004,linearsvc_C1.0,185507,0.698350374196,0.611111111111,0.0,0.0,0.0,undefined,0.0,12.296736002
jb161004,linearsvc_C1.0,176232,0.663434173079,0.611111111111,0.0,0.0,0.0,undefined,0.0,11.6290268898
jb161004,linearsvc_C1.0,167421,0.630264723155,0.611111111111,0.0,0.0,0.0,undefined,0.0,11.742606163
jb161004,linearsvc_C1.0,159050,0.598751675225,0.611111111111,0.0,0.0,0.0,undefined,0.0,10.1520831585
jb161004,linearsvc_C1.0,151098,0.568815973738,0.611111111111,0.0,0.0,0.0,undefined,0.0,10.0176558495
jb161004,linearsvc_C1.0,143544,0.540378563147,0.611111111111,0.0,0.0,0.0,undefined,0.0,8.7244040966
jb161004,linearsvc_C1.0,136367,0.513360387899,0.611111111111,0.0,0.0,0.0,undefined,0.0,8.67730307579
jb161004,linearsvc_C1.0,129549,0.487693686097,0.611111111111,0.0,0.0,0.0,undefined,0.0,8.07697987556
jb161004,linearsvc_C1.0,123072,0.463310695839,0.611111111111,0.0,0.0,0.0,undefined,0.0,7.57586407661
jb161004,linearsvc_C1.0,116919,0.440147419777,0.611111111111,0.0,0.0,0.0,undefined,0.0,6.77026987076
jb161004,linearsvc_C1.0,111074,0.418143625111,0.611111111111,0.0,0.0,0.0,undefined,0.0,6.97617387772
jb161004,linearsvc_C1.0,105521,0.39723907904,0.611111111111,0.0,0.0,0.0,undefined,0.0,6.15673995018
jb161004,linearsvc_C1.0,100245,0.377377313316,0.611111111111,0.0,0.0,0.0,undefined,0.0,5.96734404564
jb161004,linearsvc_C1.0,95233,0.358509388788,0.611111111111,0.0,0.0,0.0,undefined,0.0,5.16055297852
jb161004,linearsvc_C1.0,90472,0.340586366306,0.611111111111,0.0,0.0,0.0,undefined,0.0,5.3498840332
jb161004,linearsvc_C1.0,85949,0.32355930672,0.611111111111,0.0,0.0,0.0,undefined,0.0,4.91733407974
jb161004,linearsvc_C1.0,81652,0.307383035432,0.611111111111,0.0,0.0,0.0,undefined,0.0,4.69798898697
jb161004,linearsvc_C1.0,77570,0.29201614239,0.611111111111,0.0,0.0,0.0,undefined,0.0,4.46792721748
jb161004,linearsvc_C1.0,73692,0.277417217546,0.611111111111,0.0,0.0,0.0,undefined,0.0,4.16845798492
jb161004,linearsvc_C1.0,70008,0.263548615399,0.611111111111,0.0,0.0,0.0,undefined,0.0,3.89163303375
jb161004,linearsvc_C1.0,66508,0.250372690449,0.611111111111,0.0,0.0,0.0,undefined,0.0,3.7344751358
jb161004,linearsvc_C1.0,63183,0.237855561746,0.611111111111,0.0,0.0,0.0,undefined,0.0,3.63222002983
jb161004,linearsvc_C1.0,60024,0.225963348341,0.611111111111,0.0,0.0,0.0,undefined,0.0,3.18393802643
jb161004,linearsvc_C1.0,57023,0.214665933834,0.611111111111,0.0,0.0,0.0,undefined,0.0,3.02440500259
jb161004,linearsvc_C1.0,54172,0.203933201825,0.611111111111,0.0,0.0,0.0,undefined,0.0,2.83775305748
jb161004,linearsvc_C1.0,51464,0.193738800464,0.611111111111,0.0,0.0,0.0,undefined,0.0,2.83330178261
jb161004,linearsvc_C1.0,48891,0.184052613351,0.611111111111,0.0,0.0,0.0,undefined,0.0,2.56496095657
jb161004,linearsvc_C1.0,46447,0.174852053186,0.611111111111,0.0,0.0,0.0,undefined,0.0,2.60049200058
jb161004,linearsvc_C1.0,44125,0.166110768119,0.611111111111,0.0,0.0,0.0,undefined,0.0,2.55879187584
jb161004,linearsvc_C1.0,41919,0.15780617085,0.611111111111,0.0,0.0,0.0,undefined,0.0,2.06106710434
jb161004,linearsvc_C1.0,39824,0.14991943863,0.611111111111,0.0,0.0,0.0,undefined,0.0,2.0523788929
jb161004,linearsvc_C1.0,37833,0.142424219609,0.611111111111,0.0,0.0,0.0,undefined,0.0,1.95906400681
jb161004,linearsvc_C1.0,35942,0.135305455586,0.611111111111,0.0,0.0,0.0,undefined,0.0,1.85967206955
jb161004,linearsvc_C1.0,34145,0.128540559262,0.611111111111,0.0,0.0,0.0,undefined,0.0,1.75934004784
jb161004,linearsvc_C1.0,32438,0.122114472436,0.611111111111,0.0,0.0,0.0,undefined,0.0,1.63837718964
jb161004,linearsvc_C1.0,30817,0.116012136909,0.611111111111,0.0,0.0,0.0,undefined,0.0,1.53944516182
jb161004,linearsvc_C1.0,29277,0.110214729931,0.611111111111,0.0,0.0,0.0,undefined,0.0,1.43299603462
jb161004,linearsvc_C1.0,27814,0.104707193302,0.611111111111,0.0,0.0,0.0,undefined,0.0,1.39641499519
jb161004,linearsvc_C1.0,26424,0.099474468822,0.611111111111,0.0,0.0,0.0,undefined,0.0,1.27686905861
jb161004,linearsvc_C1.0,25103,0.0945014982909,0.611111111111,0.0,0.0,0.0,undefined,0.0,1.28934311867
jb161004,linearsvc_C1.0,23848,0.0897769880588,0.611111111111,0.0,0.0,0.0,undefined,0.0,1.21819496155
jb161004,linearsvc_C1.0,22656,0.0852896444759,0.611111111111,0.0,0.0,0.0,undefined,0.0,1.01745796204
jb161004,linearsvc_C1.0,21524,0.0810281738921,0.611111111111,0.0,0.0,0.0,undefined,0.0,1.10576200485
jb161004,linearsvc_C1.0,20448,0.0769775181075,0.611111111111,0.0,0.0,0.0,undefined,0.0,1.02060699463
jb161004,linearsvc_C1.0,19426,0.0731301480221,0.611111111111,0.0,0.0,0.0,undefined,0.0,0.975507974625
jb161004,linearsvc_C1.0,18455,0.069474769986,0.611111111111,0.0,0.0,0.0,undefined,0.0,0.984622001648
jb161004,linearsvc_C1.0,17533,0.0660038548992,0.611111111111,0.0,0.0,0.0,undefined,0.0,0.885069847107
jb161004,linearsvc_C1.0,16657,0.0627061091117,0.611111111111,0.0,0.0,0.0,undefined,0.0,0.803518772125
jb161004,linearsvc_C1.0,15825,0.0595740035236,0.611111111111,0.0,0.0,0.0,undefined,0.0,0.739413976669
jb161004,linearsvc_C1.0,15034,0.0565962444849,0.611111111111,0.0,0.0,0.0,undefined,0.0,0.680257081985
jb161004,linearsvc_C1.0,14283,0.0537690674457,0.611111111111,0.0,0.0,0.0,undefined,0.0,0.635259151459
jb161004,linearsvc_C1.0,13569,0.0510811787559,0.611111111111,0.0,0.0,0.0,undefined,0.0,0.62093091011
jb161004,linearsvc_C1.0,12891,0.0485288138656,0.611111111111,0.0,0.0,0.0,undefined,0.0,0.616580963135
jb161004,linearsvc_C1.0,12247,0.0461044436748,0.611111111111,0.0,0.0,0.0,undefined,0.0,0.550856113434
jb161004,linearsvc_C1.0,11635,0.0438005390836,0.611111111111,0.0,0.0,0.0,undefined,0.0,0.518477201462
jb161004,linearsvc_C1.0,11054,0.0416133355419,0.611111111111,0.0,0.0,0.0,undefined,0.0,0.488639831543
jb161004,linearsvc_C1.0,10502,0.0395353039498,0.611111111111,0.0,0.0,0.0,undefined,0.0,0.466300964355
jb161004,linearsvc_C1.0,9977,0.0375589152073,0.611111111111,0.0,0.0,0.0,undefined,0.0,0.455262899399
jb161004,linearsvc_C1.0,9479,0.0356841693144,0.611111111111,0.0,0.0,0.0,undefined,0.0,0.424952983856
jb161004,linearsvc_C1.0,9006,0.0339035371712,0.611111111111,0.0,0.0,0.0,undefined,0.0,0.390772819519
jb161004,linearsvc_C1.0,8556,0.0322094896776,0.611111111111,0.0,0.0,0.0,undefined,0.0,0.357015132904
jb161004,linearsvc_C1.0,8129,0.0306020268337,0.611111111111,0.0,0.0,0.0,undefined,0.0,0.368357181549
jb161004,linearsvc_C1.0,7723,0.0290736195395,0.611111111111,0.0,0.0,0.0,undefined,0.0,0.340420007706
jb161004,linearsvc_C1.0,7337,0.027620503245,0.611111111111,0.0,0.0,0.0,undefined,0.0,0.322499990463
jb161004,linearsvc_C1.0,6971,0.0262426779503,0.611111111111,0.0,0.0,0.0,undefined,0.0,0.294471025467
jb161004,linearsvc_C1.0,6623,0.0249326145553,0.611111111111,0.0,0.0,0.0,undefined,0.0,0.279173135757
jb161004,linearsvc_C1.0,6292,0.02368654851,0.555555555556,0.0,0.0,0.0,undefined,0.0,0.268801212311
jb161004,linearsvc_C1.0,5978,0.0225044798145,0.611111111111,0.0,0.0,0.0,undefined,0.0,0.249794960022
jb161004,linearsvc_C1.0,5680,0.0213826439187,0.555555555556,0.0,0.0,0.0,undefined,0.0,0.263119935989
jb161004,linearsvc_C1.0,5396,0.0203135117228,0.555555555556,0.0,0.0,0.0,undefined,0.0,0.236664056778
jb161004,linearsvc_C1.0,5127,0.0193008477767,0.555555555556,0.0,0.0,0.0,undefined,0.0,0.216514110565
jb161004,linearsvc_C1.0,4871,0.0183371229803,0.555555555556,0.0,0.0,0.0,undefined,0.0,0.198024988174
jb161004,linearsvc_C1.0,4628,0.0174223373338,0.555555555556,0.0,0.0,0.0,undefined,0.0,0.217881917953
jb161004,linearsvc_C1.0,4397,0.0165527262871,0.555555555556,0.0,0.0,0.0,undefined,0.0,0.189363002777
jb161004,linearsvc_C1.0,4178,0.0157282898402,0.5,0.0,0.0,0.0,undefined,0.0,0.195209980011
jb161004,linearsvc_C1.0,3970,0.0149452634432,0.5,0.0,0.0,0.0,undefined,0.0,0.304574012756
jb161004,linearsvc_C1.0,3772,0.014199882546,0.5,0.0,0.0,0.0,undefined,0.0,0.773342132568
jb161004,linearsvc_C1.0,3584,0.0134921471487,0.5,0.0,0.0,0.0,undefined,0.0,0.466043949127
jb161004,linearsvc_C1.0,3405,0.0128182927013,0.5,0.0,0.0,0.0,undefined,0.0,0.643327951431
jb161004,linearsvc_C1.0,3235,0.0121783192037,0.5,0.0,0.0,0.0,undefined,0.0,0.175058841705
jb161004,linearsvc_C1.0,3074,0.011572226656,0.5,0.0,0.0,0.0,undefined,0.0,0.668871879578
jb161004,linearsvc_C1.0,2921,0.0109962505082,0.555555555556,0.0,0.0,0.0,undefined,0.0,2.24889302254
jb161004,linearsvc_C1.0,2775,0.0104466262103,0.555555555556,0.0,0.0,0.0,undefined,0.0,2.07082700729
jb161004,linearsvc_C1.0,2637,0.00992711831228,0.555555555556,0.0,0.0,0.0,undefined,0.0,1.18274211884
jb161004,linearsvc_C1.0,2506,0.00943396226415,0.555555555556,0.0,0.0,0.0,undefined,0.0,1.82072091103
jb161004,linearsvc_C1.0,2381,0.00896339351594,0.555555555556,0.0,0.0,0.0,undefined,0.0,1.92398810387
jb161004,linearsvc_C1.0,2262,0.00851541206764,0.555555555556,0.0,0.0,0.0,undefined,0.0,1.68044018745
jb161004,linearsvc_C1.0,2149,0.00809001791926,0.555555555556,0.0,0.0,0.0,undefined,0.0,1.56840205193
jb161004,linearsvc_C1.0,2042,0.00768721107079,0.444444444444,0.0,0.0,0.0,undefined,0.0,1.65262103081
jb161004,linearsvc_C1.0,1940,0.00730322697225,0.444444444444,0.0,0.0,0.0,undefined,0.0,1.70350003242
jb161004,linearsvc_C1.0,1843,0.00693806562364,0.444444444444,0.0,0.0,0.0,undefined,0.0,1.50034093857
jb161004,linearsvc_C1.0,1751,0.00659172702495,0.444444444444,0.0,0.0,0.0,undefined,0.0,1.34552621841
jb161004,linearsvc_C1.0,1664,0.0062642111762,0.444444444444,0.0,0.0,0.0,undefined,0.0,1.5821480751
jb161004,linearsvc_C1.0,1581,0.00595175352738,0.444444444444,0.0,0.0,0.0,undefined,0.0,1.37679505348
jb161004,linearsvc_C1.0,1502,0.00565435407851,0.444444444444,0.0,0.0,0.0,undefined,0.0,1.29892420769
jb161004,linearsvc_C1.0,1427,0.00537201282959,0.444444444444,0.0,0.0,0.0,undefined,0.0,1.01139116287
jb161004,linearsvc_C1.0,1356,0.0051047297806,0.388888888889,0.0,0.0,0.0,undefined,0.0,1.18982601166
jb161004,linearsvc_C10.0,265636,1.0,0.611111111111,0.0,0.0,0.0,undefined,0.0,20.7080750465
jb161004,linearsvc_C10.0,252355,0.95000301164,0.611111111111,0.0,0.0,0.0,undefined,0.0,19.6012718678
jb161004,linearsvc_C10.0,239738,0.90250568447,0.611111111111,0.0,0.0,0.0,undefined,0.0,19.1011981964
jb161004,linearsvc_C10.0,227752,0.857383788342,0.611111111111,0.0,0.0,0.0,undefined,0.0,17.3637809753
jb161004,linearsvc_C10.0,216365,0.814516857655,0.611111111111,0.0,0.0,0.0,undefined,0.0,15.5699779987
jb161004,linearsvc_C10.0,205547,0.77379195591,0.611111111111,0.0,0.0,0.0,undefined,0.0,20.055893898
jb161004,linearsvc_C10.0,195270,0.735103675707,0.611111111111,0.0,0.0,0.0,undefined,0.0,14.1905250549
jb161004,linearsvc_C10.0,185507,0.698350374196,0.611111111111,0.0,0.0,0.0,undefined,0.0,12.9737839699
jb161004,linearsvc_C10.0,176232,0.663434173079,0.611111111111,0.0,0.0,0.0,undefined,0.0,14.3276281357
jb161004,linearsvc_C10.0,167421,0.630264723155,0.611111111111,0.0,0.0,0.0,undefined,0.0,11.2439088821
jb161004,linearsvc_C10.0,159050,0.598751675225,0.611111111111,0.0,0.0,0.0,undefined,0.0,13.6202120781
jb161004,linearsvc_C10.0,151098,0.568815973738,0.611111111111,0.0,0.0,0.0,undefined,0.0,10.3799090385
jb161004,linearsvc_C10.0,143544,0.540378563147,0.555555555556,0.0,0.0,0.0,undefined,0.0,11.7962419987
jb161004,linearsvc_C10.0,136367,0.513360387899,0.555555555556,0.0,0.0,0.0,undefined,0.0,9.56837105751
jb161004,linearsvc_C10.0,129549,0.487693686097,0.555555555556,0.0,0.0,0.0,undefined,0.0,8.69011497498
jb161004,linearsvc_C10.0,123072,0.463310695839,0.555555555556,0.0,0.0,0.0,undefined,0.0,8.39325094223
jb161004,linearsvc_C10.0,116919,0.440147419777,0.555555555556,0.0,0.0,0.0,undefined,0.0,7.46583795547
jb161004,linearsvc_C10.0,111074,0.418143625111,0.555555555556,0.0,0.0,0.0,undefined,0.0,7.26339697838
jb161004,linearsvc_C10.0,105521,0.39723907904,0.5,0.0,0.0,0.0,undefined,0.0,6.97850894928
jb161004,linearsvc_C10.0,100245,0.377377313316,0.5,0.0,0.0,0.0,undefined,0.0,6.11014103889
jb161004,linearsvc_C10.0,95233,0.358509388788,0.5,0.0,0.0,0.0,undefined,0.0,6.01523399353
jb161004,linearsvc_C10.0,90472,0.340586366306,0.5,0.0,0.0,0.0,undefined,0.0,5.77027797699
jb161004,linearsvc_C10.0,85949,0.32355930672,0.5,0.0,0.0,0.0,undefined,0.0,5.17477989197
jb161004,linearsvc_C10.0,81652,0.307383035432,0.5,0.0,0.0,0.0,undefined,0.0,4.92210102081
jb161004,linearsvc_C10.0,77570,0.29201614239,0.555555555556,0.0,0.0,0.0,undefined,0.0,4.82668995857
jb161004,linearsvc_C10.0,73692,0.277417217546,0.555555555556,0.0,0.0,0.0,undefined,0.0,4.40647602081
jb161004,linearsvc_C10.0,70008,0.263548615399,0.555555555556,0.0,0.0,0.0,undefined,0.0,4.17919993401
jb161004,linearsvc_C10.0,66508,0.250372690449,0.555555555556,0.0,0.0,0.0,undefined,0.0,3.82322096825
jb161004,linearsvc_C10.0,63183,0.237855561746,0.555555555556,0.0,0.0,0.0,undefined,0.0,3.57515287399
jb161004,linearsvc_C10.0,60024,0.225963348341,0.555555555556,0.0,0.0,0.0,undefined,0.0,3.60908794403
jb161004,linearsvc_C10.0,57023,0.214665933834,0.555555555556,0.0,0.0,0.0,undefined,0.0,3.57010102272
jb161004,linearsvc_C10.0,54172,0.203933201825,0.555555555556,0.0,0.0,0.0,undefined,0.0,3.21921610832
jb161004,linearsvc_C10.0,51464,0.193738800464,0.555555555556,0.0,0.0,0.0,undefined,0.0,2.96261692047
jb161004,linearsvc_C10.0,48891,0.184052613351,0.611111111111,0.0,0.0,0.0,undefined,0.0,2.60596299171
jb161004,linearsvc_C10.0,46447,0.174852053186,0.611111111111,0.0,0.0,0.0,undefined,0.0,2.55482411385
jb161004,linearsvc_C10.0,44125,0.166110768119,0.611111111111,0.0,0.0,0.0,undefined,0.0,2.47533488274
jb161004,linearsvc_C10.0,41919,0.15780617085,0.611111111111,0.0,0.0,0.0,undefined,0.0,2.42263293266
jb161004,linearsvc_C10.0,39824,0.14991943863,0.555555555556,0.0,0.0,0.0,undefined,0.0,2.21374583244
jb161004,linearsvc_C10.0,37833,0.142424219609,0.611111111111,0.0,0.0,0.0,undefined,0.0,2.08933806419
jb161004,linearsvc_C10.0,35942,0.135305455586,0.611111111111,0.0,0.0,0.0,undefined,0.0,2.09846901894
jb161004,linearsvc_C10.0,34145,0.128540559262,0.611111111111,0.0,0.0,0.0,undefined,0.0,1.92380309105
jb161004,linearsvc_C10.0,32438,0.122114472436,0.611111111111,0.0,0.0,0.0,undefined,0.0,1.74355196953
jb161004,linearsvc_C10.0,30817,0.116012136909,0.611111111111,0.0,0.0,0.0,undefined,0.0,1.63825297356
jb161004,linearsvc_C10.0,29277,0.110214729931,0.611111111111,0.0,0.0,0.0,undefined,0.0,1.45693588257
jb161004,linearsvc_C10.0,27814,0.104707193302,0.611111111111,0.0,0.0,0.0,undefined,0.0,1.42951107025
jb161004,linearsvc_C10.0,26424,0.099474468822,0.611111111111,0.0,0.0,0.0,undefined,0.0,1.40168690681
jb161004,linearsvc_C10.0,25103,0.0945014982909,0.666666666667,0.0,0.0,0.0,undefined,0.0,1.34283804893
jb161004,linearsvc_C10.0,23848,0.0897769880588,0.611111111111,0.0,0.0,0.0,undefined,0.0,1.24343585968
jb161004,linearsvc_C10.0,22656,0.0852896444759,0.666666666667,0.0,0.0,0.0,undefined,0.0,1.15893602371
jb161004,linearsvc_C10.0,21524,0.0810281738921,0.666666666667,0.0,0.0,0.0,undefined,0.0,1.10826706886
jb161004,linearsvc_C10.0,20448,0.0769775181075,0.666666666667,0.0,0.0,0.0,undefined,0.0,1.03098297119
jb161004,linearsvc_C10.0,19426,0.0731301480221,0.611111111111,0.0,0.0,0.0,undefined,0.0,0.975563049316
jb161004,linearsvc_C10.0,18455,0.069474769986,0.666666666667,0.0,0.0,0.0,undefined,0.0,0.986902952194
jb161004,linearsvc_C10.0,17533,0.0660038548992,0.666666666667,0.0,0.0,0.0,undefined,0.0,0.897254943848
jb161004,linearsvc_C10.0,16657,0.0627061091117,0.666666666667,0.0,0.0,0.0,undefined,0.0,0.834463119507
jb161004,linearsvc_C10.0,15825,0.0595740035236,0.666666666667,0.0,0.0,0.0,undefined,0.0,0.803987979889
jb161004,linearsvc_C10.0,15034,0.0565962444849,0.666666666667,0.0,0.0,0.0,undefined,0.0,0.736861944199
jb161004,linearsvc_C10.0,14283,0.0537690674457,0.666666666667,0.0,0.0,0.0,undefined,0.0,0.700531005859
jb161004,linearsvc_C10.0,13569,0.0510811787559,0.666666666667,0.0,0.0,0.0,undefined,0.0,0.656028032303
jb161004,linearsvc_C10.0,12891,0.0485288138656,0.611111111111,0.0,0.0,0.0,undefined,0.0,0.611206054688
jb161004,linearsvc_C10.0,12247,0.0461044436748,0.611111111111,0.0,0.0,0.0,undefined,0.0,0.547457933426
jb161004,linearsvc_C10.0,11635,0.0438005390836,0.611111111111,0.0,0.0,0.0,undefined,0.0,0.542015075684
jb161004,linearsvc_C10.0,11054,0.0416133355419,0.611111111111,0.0,0.0,0.0,undefined,0.0,0.48791885376
jb161004,linearsvc_C10.0,10502,0.0395353039498,0.611111111111,0.0,0.0,0.0,undefined,0.0,0.477066993713
jb161004,linearsvc_C10.0,9977,0.0375589152073,0.666666666667,0.0,0.0,0.0,undefined,0.0,0.441474914551
jb161004,linearsvc_C10.0,9479,0.0356841693144,0.666666666667,0.0,0.0,0.0,undefined,0.0,0.403028011322
jb161004,linearsvc_C10.0,9006,0.0339035371712,0.722222222222,0.0,0.0,0.0,undefined,0.0,0.401933908463
jb161004,linearsvc_C10.0,8556,0.0322094896776,0.666666666667,0.0,0.0,0.0,undefined,0.0,0.417542934418
jb161004,linearsvc_C10.0,8129,0.0306020268337,0.666666666667,0.0,0.0,0.0,undefined,0.0,0.342805147171
jb161004,linearsvc_C10.0,7723,0.0290736195395,0.722222222222,0.0,0.0,0.0,undefined,0.0,0.349291086197
jb161004,linearsvc_C10.0,7337,0.027620503245,0.722222222222,0.0,0.0,0.0,undefined,0.0,0.310073137283
jb161004,linearsvc_C10.0,6971,0.0262426779503,0.722222222222,0.0,0.0,0.0,undefined,0.0,0.345247983932
jb161004,linearsvc_C10.0,6623,0.0249326145553,0.666666666667,0.0,0.0,0.0,undefined,0.0,0.312655925751
jb161004,linearsvc_C10.0,6292,0.02368654851,0.666666666667,0.0,0.0,0.0,undefined,0.0,0.264476060867
jb161004,linearsvc_C10.0,5978,0.0225044798145,0.666666666667,0.0,0.0,0.0,undefined,0.0,0.256541013718
jb161004,linearsvc_C10.0,5680,0.0213826439187,0.666666666667,0.0,0.0,0.0,undefined,0.0,0.278465986252
jb161004,linearsvc_C10.0,5396,0.0203135117228,0.722222222222,0.0,0.0,0.0,undefined,0.0,0.255469083786
jb161004,linearsvc_C10.0,5127,0.0193008477767,0.722222222222,0.0,0.0,0.0,undefined,0.0,0.25053191185
jb161004,linearsvc_C10.0,4871,0.0183371229803,0.666666666667,0.0,0.0,0.0,undefined,0.0,0.217713117599
jb161004,linearsvc_C10.0,4628,0.0174223373338,0.722222222222,0.0,0.0,0.0,undefined,0.0,0.205668210983
jb161004,linearsvc_C10.0,4397,0.0165527262871,0.777777777778,0.0,0.0,0.0,undefined,0.0,0.181587934494
jb161004,linearsvc_C10.0,4178,0.0157282898402,0.722222222222,0.0,0.0,0.0,undefined,0.0,0.171722888947
jb161004,linearsvc_C10.0,3970,0.0149452634432,0.666666666667,0.0,0.0,0.0,undefined,0.0,0.191015005112
jb161004,linearsvc_C10.0,3772,0.014199882546,0.722222222222,0.0,0.0,0.0,undefined,0.0,0.18886089325
jb161004,linearsvc_C10.0,3584,0.0134921471487,0.722222222222,0.0,0.0,0.0,undefined,0.0,0.157102823257
jb161004,linearsvc_C10.0,3405,0.0128182927013,0.666666666667,0.0,0.0,0.0,undefined,0.0,0.178483009338
jb161004,linearsvc_C10.0,3235,0.0121783192037,0.666666666667,0.0,0.0,0.0,undefined,0.0,0.160359144211
jb161004,linearsvc_C10.0,3074,0.011572226656,0.611111111111,0.0,0.0,0.0,undefined,0.0,0.143262863159
jb161004,linearsvc_C10.0,2921,0.0109962505082,0.611111111111,0.0,0.0,0.0,undefined,0.0,0.137505054474
jb161004,linearsvc_C10.0,2775,0.0104466262103,0.611111111111,0.0,0.0,0.0,undefined,0.0,0.155511140823
jb161004,linearsvc_C10.0,2637,0.00992711831228,0.611111111111,0.0,0.0,0.0,undefined,0.0,0.140108108521
jb161004,linearsvc_C10.0,2506,0.00943396226415,0.611111111111,0.0,0.0,0.0,undefined,0.0,0.111742019653
jb161004,linearsvc_C10.0,2381,0.00896339351594,0.611111111111,0.0,0.0,0.0,undefined,0.0,0.128739118576
jb161004,linearsvc_C10.0,2262,0.00851541206764,0.666666666667,0.0,0.0,0.0,undefined,0.0,0.104931116104
jb161004,linearsvc_C10.0,2149,0.00809001791926,0.666666666667,0.0,0.0,0.0,undefined,0.0,0.112547874451
jb161004,linearsvc_C10.0,2042,0.00768721107079,0.611111111111,0.0,0.0,0.0,undefined,0.0,0.108375787735
jb161004,linearsvc_C10.0,1940,0.00730322697225,0.666666666667,0.0,0.0,0.0,undefined,0.0,0.0994298458099
jb161004,linearsvc_C10.0,1843,0.00693806562364,0.777777777778,0.0,0.0,0.0,undefined,0.0,0.135479211807
jb161004,linearsvc_C10.0,1751,0.00659172702495,0.611111111111,0.0,0.0,0.0,undefined,0.0,0.0905339717865
jb161004,linearsvc_C10.0,1664,0.0062642111762,0.555555555556,0.0,0.0,0.0,undefined,0.0,0.115334033966
jb161004,linearsvc_C10.0,1581,0.00595175352738,0.611111111111,0.0,0.0,0.0,undefined,0.0,0.121321201324
jb161004,linearsvc_C10.0,1502,0.00565435407851,0.666666666667,0.0,0.0,0.0,undefined,0.0,0.112689971924
jb161004,linearsvc_C10.0,1427,0.00537201282959,0.611111111111,0.0,0.0,0.0,undefined,0.0,0.100509881973
jb161004,linearsvc_C10.0,1356,0.0051047297806,0.611111111111,0.0,0.0,0.0,undefined,0.0,0.0989441871643
jb161004,linearsvc_C100.0,265636,1.0,0.777777777778,0.0,0.0,0.0,undefined,0.0,20.7288680077
jb161004,linearsvc_C100.0,252355,0.95000301164,0.777777777778,0.0,0.0,0.0,undefined,0.0,19.4390380383
jb161004,linearsvc_C100.0,239738,0.90250568447,0.777777777778,0.0,0.0,0.0,undefined,0.0,18.3158888817
jb161004,linearsvc_C100.0,227752,0.857383788342,0.777777777778,0.0,0.0,0.0,undefined,0.0,18.0397770405
jb161004,linearsvc_C100.0,216365,0.814516857655,0.777777777778,0.0,0.0,0.0,undefined,0.0,15.8600029945
jb161004,linearsvc_C100.0,205547,0.77379195591,0.777777777778,0.0,0.0,0.0,undefined,0.0,14.9558560848
jb161004,linearsvc_C100.0,195270,0.735103675707,0.777777777778,0.0,0.0,0.0,undefined,0.0,14.9984579086
jb161004,linearsvc_C100.0,185507,0.698350374196,0.777777777778,0.0,0.0,0.0,undefined,0.0,13.0001239777
jb161004,linearsvc_C100.0,176232,0.663434173079,0.777777777778,0.0,0.0,0.0,undefined,0.0,16.8209547997
jb161004,linearsvc_C100.0,167421,0.630264723155,0.777777777778,0.0,0.0,0.0,undefined,0.0,12.0892388821
jb161004,linearsvc_C100.0,159050,0.598751675225,0.777777777778,0.0,0.0,0.0,undefined,0.0,11.3227059841
jb161004,linearsvc_C100.0,151098,0.568815973738,0.722222222222,0.0,0.0,0.0,undefined,0.0,10.8985779285
jb161004,linearsvc_C100.0,143544,0.540378563147,0.722222222222,0.0,0.0,0.0,undefined,0.0,9.93158793449
jb161004,linearsvc_C100.0,136367,0.513360387899,0.722222222222,0.0,0.0,0.0,undefined,0.0,9.29394316673
jb161004,linearsvc_C100.0,129549,0.487693686097,0.722222222222,0.0,0.0,0.0,undefined,0.0,8.52357697487
jb161004,linearsvc_C100.0,123072,0.463310695839,0.722222222222,0.0,0.0,0.0,undefined,0.0,7.95742797852
jb161004,linearsvc_C100.0,116919,0.440147419777,0.722222222222,0.0,0.0,0.0,undefined,0.0,7.47159194946
jb161004,linearsvc_C100.0,111074,0.418143625111,0.722222222222,0.0,0.0,0.0,undefined,0.0,7.00016307831
jb161004,linearsvc_C100.0,105521,0.39723907904,0.722222222222,0.0,0.0,0.0,undefined,0.0,7.16357111931
jb161004,linearsvc_C100.0,100245,0.377377313316,0.722222222222,0.0,0.0,0.0,undefined,0.0,6.67294120789
jb161004,linearsvc_C100.0,95233,0.358509388788,0.722222222222,0.0,0.0,0.0,undefined,0.0,5.84177899361
jb161004,linearsvc_C100.0,90472,0.340586366306,0.722222222222,0.0,0.0,0.0,undefined,0.0,5.76384115219
jb161004,linearsvc_C100.0,85949,0.32355930672,0.722222222222,0.0,0.0,0.0,undefined,0.0,5.45603299141
jb161004,linearsvc_C100.0,81652,0.307383035432,0.722222222222,0.0,0.0,0.0,undefined,0.0,5.12236881256
jb161004,linearsvc_C100.0,77570,0.29201614239,0.722222222222,0.0,0.0,0.0,undefined,0.0,4.83768391609
jb161004,linearsvc_C100.0,73692,0.277417217546,0.722222222222,0.0,0.0,0.0,undefined,0.0,4.38737797737
jb161004,linearsvc_C100.0,70008,0.263548615399,0.722222222222,0.0,0.0,0.0,undefined,0.0,4.26738905907
jb161004,linearsvc_C100.0,66508,0.250372690449,0.722222222222,0.0,0.0,0.0,undefined,0.0,3.90093493462
jb161004,linearsvc_C100.0,63183,0.237855561746,0.722222222222,0.0,0.0,0.0,undefined,0.0,3.72976398468
jb161004,linearsvc_C100.0,60024,0.225963348341,0.722222222222,0.0,0.0,0.0,undefined,0.0,3.53757786751
jb161004,linearsvc_C100.0,57023,0.214665933834,0.722222222222,0.0,0.0,0.0,undefined,0.0,3.32356309891
jb161004,linearsvc_C100.0,54172,0.203933201825,0.722222222222,0.0,0.0,0.0,undefined,0.0,3.10771012306
jb161004,linearsvc_C100.0,51464,0.193738800464,0.722222222222,0.0,0.0,0.0,undefined,0.0,3.11089801788
jb161004,linearsvc_C100.0,48891,0.184052613351,0.722222222222,0.0,0.0,0.0,undefined,0.0,2.99361586571
jb161004,linearsvc_C100.0,46447,0.174852053186,0.722222222222,0.0,0.0,0.0,undefined,0.0,2.71398210526
jb161004,linearsvc_C100.0,44125,0.166110768119,0.722222222222,0.0,0.0,0.0,undefined,0.0,2.45028018951
jb161004,linearsvc_C100.0,41919,0.15780617085,0.722222222222,0.0,0.0,0.0,undefined,0.0,2.36729216576
jb161004,linearsvc_C100.0,39824,0.14991943863,0.722222222222,0.0,0.0,0.0,undefined,0.0,2.22996401787
jb161004,linearsvc_C100.0,37833,0.142424219609,0.722222222222,0.0,0.0,0.0,undefined,0.0,2.17276716232
jb161004,linearsvc_C100.0,35942,0.135305455586,0.722222222222,0.0,0.0,0.0,undefined,0.0,2.14218711853
jb161004,linearsvc_C100.0,34145,0.128540559262,0.722222222222,0.0,0.0,0.0,undefined,0.0,1.91212797165
jb161004,linearsvc_C100.0,32438,0.122114472436,0.722222222222,0.0,0.0,0.0,undefined,0.0,1.71810817719
jb161004,linearsvc_C100.0,30817,0.116012136909,0.722222222222,0.0,0.0,0.0,undefined,0.0,1.67879986763
jb161004,linearsvc_C100.0,29277,0.110214729931,0.722222222222,0.0,0.0,0.0,undefined,0.0,1.56388497353
jb161004,linearsvc_C100.0,27814,0.104707193302,0.722222222222,0.0,0.0,0.0,undefined,0.0,1.51203799248
jb161004,linearsvc_C100.0,26424,0.099474468822,0.722222222222,0.0,0.0,0.0,undefined,0.0,1.40526413918
jb161004,linearsvc_C100.0,25103,0.0945014982909,0.722222222222,0.0,0.0,0.0,undefined,0.0,1.27386498451
jb161004,linearsvc_C100.0,23848,0.0897769880588,0.722222222222,0.0,0.0,0.0,undefined,0.0,1.31944489479
jb161004,linearsvc_C100.0,22656,0.0852896444759,0.722222222222,0.0,0.0,0.0,undefined,0.0,1.11551189423
jb161004,linearsvc_C100.0,21524,0.0810281738921,0.722222222222,0.0,0.0,0.0,undefined,0.0,1.07578206062
jb161004,linearsvc_C100.0,20448,0.0769775181075,0.722222222222,0.0,0.0,0.0,undefined,0.0,1.01019787788
jb161004,linearsvc_C100.0,19426,0.0731301480221,0.722222222222,0.0,0.0,0.0,undefined,0.0,0.93768787384
jb161004,linearsvc_C100.0,18455,0.069474769986,0.722222222222,0.0,0.0,0.0,undefined,0.0,0.981178998947
jb161004,linearsvc_C100.0,17533,0.0660038548992,0.722222222222,0.0,0.0,0.0,undefined,0.0,0.973906993866
jb161004,linearsvc_C100.0,16657,0.0627061091117,0.666666666667,0.0,0.0,0.0,undefined,0.0,0.810724973679
jb161004,linearsvc_C100.0,15825,0.0595740035236,0.722222222222,0.0,0.0,0.0,undefined,0.0,0.811933040619
jb161004,linearsvc_C100.0,15034,0.0565962444849,0.722222222222,0.0,0.0,0.0,undefined,0.0,0.691500902176
jb161004,linearsvc_C100.0,14283,0.0537690674457,0.666666666667,0.0,0.0,0.0,undefined,0.0,0.758749008179
jb161004,linearsvc_C100.0,13569,0.0510811787559,0.666666666667,0.0,0.0,0.0,undefined,0.0,0.630766868591
jb161004,linearsvc_C100.0,12891,0.0485288138656,0.722222222222,0.0,0.0,0.0,undefined,0.0,0.615203857422
jb161004,linearsvc_C100.0,12247,0.0461044436748,0.666666666667,0.0,0.0,0.0,undefined,0.0,0.573996067047
jb161004,linearsvc_C100.0,11635,0.0438005390836,0.666666666667,0.0,0.0,0.0,undefined,0.0,0.533762216568
jb161004,linearsvc_C100.0,11054,0.0416133355419,0.666666666667,0.0,0.0,0.0,undefined,0.0,0.494329929352
jb161004,linearsvc_C100.0,10502,0.0395353039498,0.666666666667,0.0,0.0,0.0,undefined,0.0,0.483163118362
jb161004,linearsvc_C100.0,9977,0.0375589152073,0.666666666667,0.0,0.0,0.0,undefined,0.0,0.450901985168
jb161004,linearsvc_C100.0,9479,0.0356841693144,0.666666666667,0.0,0.0,0.0,undefined,0.0,0.424952983856
jb161004,linearsvc_C100.0,9006,0.0339035371712,0.666666666667,0.0,0.0,0.0,undefined,0.0,0.378093004227
jb161004,linearsvc_C100.0,8556,0.0322094896776,0.666666666667,0.0,0.0,0.0,undefined,0.0,0.327992200851
jb161004,linearsvc_C100.0,8129,0.0306020268337,0.666666666667,0.0,0.0,0.0,undefined,0.0,0.316557168961
jb161004,linearsvc_C100.0,7723,0.0290736195395,0.666666666667,0.0,0.0,0.0,undefined,0.0,0.325080871582
jb161004,linearsvc_C100.0,7337,0.027620503245,0.666666666667,0.0,0.0,0.0,undefined,0.0,0.277191162109
jb161004,linearsvc_C100.0,6971,0.0262426779503,0.666666666667,0.0,0.0,0.0,undefined,0.0,0.295973062515
jb161004,linearsvc_C100.0,6623,0.0249326145553,0.666666666667,0.0,0.0,0.0,undefined,0.0,0.2858710289
jb161004,linearsvc_C100.0,6292,0.02368654851,0.666666666667,0.0,0.0,0.0,undefined,0.0,0.256490945816
jb161004,linearsvc_C100.0,5978,0.0225044798145,0.666666666667,0.0,0.0,0.0,undefined,0.0,0.221149206161
jb161004,linearsvc_C100.0,5680,0.0213826439187,0.666666666667,0.0,0.0,0.0,undefined,0.0,0.2458319664
jb161004,linearsvc_C100.0,5396,0.0203135117228,0.666666666667,0.0,0.0,0.0,undefined,0.0,0.21848988533
jb161004,linearsvc_C100.0,5127,0.0193008477767,0.666666666667,0.0,0.0,0.0,undefined,0.0,0.185847997665
jb161004,linearsvc_C100.0,4871,0.0183371229803,0.611111111111,0.0,0.0,0.0,undefined,0.0,0.179828882217
jb161004,linearsvc_C100.0,4628,0.0174223373338,0.666666666667,0.0,0.0,0.0,undefined,0.0,0.209809064865
jb161004,linearsvc_C100.0,4397,0.0165527262871,0.611111111111,0.0,0.0,0.0,undefined,0.0,0.170632123947
jb161004,linearsvc_C100.0,4178,0.0157282898402,0.611111111111,0.0,0.0,0.0,undefined,0.0,0.175362825394
jb161004,linearsvc_C100.0,3970,0.0149452634432,0.611111111111,0.0,0.0,0.0,undefined,0.0,0.180100917816
jb161004,linearsvc_C100.0,3772,0.014199882546,0.611111111111,0.0,0.0,0.0,undefined,0.0,0.145421981812
jb161004,linearsvc_C100.0,3584,0.0134921471487,0.611111111111,0.0,0.0,0.0,undefined,0.0,0.157929182053
jb161004,linearsvc_C100.0,3405,0.0128182927013,0.611111111111,0.0,0.0,0.0,undefined,0.0,0.14914894104
jb161004,linearsvc_C100.0,3235,0.0121783192037,0.611111111111,0.0,0.0,0.0,undefined,0.0,0.164623022079
jb161004,linearsvc_C100.0,3074,0.011572226656,0.611111111111,0.0,0.0,0.0,undefined,0.0,0.138849973679
jb161004,linearsvc_C100.0,2921,0.0109962505082,0.611111111111,0.0,0.0,0.0,undefined,0.0,0.12726521492
jb161004,linearsvc_C100.0,2775,0.0104466262103,0.666666666667,0.0,0.0,0.0,undefined,0.0,0.1364839077
jb161004,linearsvc_C100.0,2637,0.00992711831228,0.722222222222,0.0,0.0,0.0,undefined,0.0,0.130396127701
jb161004,linearsvc_C100.0,2506,0.00943396226415,0.777777777778,0.0,0.0,0.0,undefined,0.0,0.132877111435
jb161004,linearsvc_C100.0,2381,0.00896339351594,0.722222222222,0.0,0.0,0.0,undefined,0.0,0.12127494812
jb161004,linearsvc_C100.0,2262,0.00851541206764,0.777777777778,0.0,0.0,0.0,undefined,0.0,0.113895893097
jb161004,linearsvc_C100.0,2149,0.00809001791926,0.722222222222,0.0,0.0,0.0,undefined,0.0,0.107095003128
jb161004,linearsvc_C100.0,2042,0.00768721107079,0.722222222222,0.0,0.0,0.0,undefined,0.0,0.14023399353
jb161004,linearsvc_C100.0,1940,0.00730322697225,0.722222222222,0.0,0.0,0.0,undefined,0.0,0.100124120712
jb161004,linearsvc_C100.0,1843,0.00693806562364,0.722222222222,0.0,0.0,0.0,undefined,0.0,0.136770963669
jb161004,linearsvc_C100.0,1751,0.00659172702495,0.722222222222,0.0,0.0,0.0,undefined,0.0,0.122264862061
jb161004,linearsvc_C100.0,1664,0.0062642111762,0.722222222222,0.0,0.0,0.0,undefined,0.0,0.119693040848
jb161004,linearsvc_C100.0,1581,0.00595175352738,0.722222222222,0.0,0.0,0.0,undefined,0.0,0.116694927216
jb161004,linearsvc_C100.0,1502,0.00565435407851,0.777777777778,0.0,0.0,0.0,undefined,0.0,0.112490177155
jb161004,linearsvc_C100.0,1427,0.00537201282959,0.777777777778,0.0,0.0,0.0,undefined,0.0,0.11314201355
jb161004,linearsvc_C100.0,1356,0.0051047297806,0.666666666667,0.0,0.0,0.0,undefined,0.0,0.121533155441
jb161004,linearsvc_C1000.0,265636,1.0,0.777777777778,0.0,0.0,0.0,undefined,0.0,21.1659970284
jb161004,linearsvc_C1000.0,252355,0.95000301164,0.777777777778,0.0,0.0,0.0,undefined,0.0,19.3063130379
jb161004,linearsvc_C1000.0,239738,0.90250568447,0.777777777778,0.0,0.0,0.0,undefined,0.0,18.4375641346
jb161004,linearsvc_C1000.0,227752,0.857383788342,0.777777777778,0.0,0.0,0.0,undefined,0.0,17.3298580647
jb161004,linearsvc_C1000.0,216365,0.814516857655,0.777777777778,0.0,0.0,0.0,undefined,0.0,15.5608079433
jb161004,linearsvc_C1000.0,205547,0.77379195591,0.777777777778,0.0,0.0,0.0,undefined,0.0,14.6260998249
jb161004,linearsvc_C1000.0,195270,0.735103675707,0.777777777778,0.0,0.0,0.0,undefined,0.0,14.5946750641
jb161004,linearsvc_C1000.0,185507,0.698350374196,0.777777777778,0.0,0.0,0.0,undefined,0.0,12.6552329063
jb161004,linearsvc_C1000.0,176232,0.663434173079,0.777777777778,0.0,0.0,0.0,undefined,0.0,12.2618069649
jb161004,linearsvc_C1000.0,167421,0.630264723155,0.777777777778,0.0,0.0,0.0,undefined,0.0,11.864718914
jb161004,linearsvc_C1000.0,159050,0.598751675225,0.777777777778,0.0,0.0,0.0,undefined,0.0,11.176473856
jb161004,linearsvc_C1000.0,151098,0.568815973738,0.777777777778,0.0,0.0,0.0,undefined,0.0,9.99047684669
jb161004,linearsvc_C1000.0,143544,0.540378563147,0.777777777778,0.0,0.0,0.0,undefined,0.0,10.1021671295
jb161004,linearsvc_C1000.0,136367,0.513360387899,0.777777777778,0.0,0.0,0.0,undefined,0.0,9.35641908646
jb161004,linearsvc_C1000.0,129549,0.487693686097,0.777777777778,0.0,0.0,0.0,undefined,0.0,8.70671391487
jb161004,linearsvc_C1000.0,123072,0.463310695839,0.777777777778,0.0,0.0,0.0,undefined,0.0,8.46796607971
jb161004,linearsvc_C1000.0,116919,0.440147419777,0.777777777778,0.0,0.0,0.0,undefined,0.0,7.60812497139
jb161004,linearsvc_C1000.0,111074,0.418143625111,0.722222222222,0.0,0.0,0.0,undefined,0.0,7.1416618824
jb161004,linearsvc_C1000.0,105521,0.39723907904,0.722222222222,0.0,0.0,0.0,undefined,0.0,7.13672614098
jb161004,linearsvc_C1000.0,100245,0.377377313316,0.722222222222,0.0,0.0,0.0,undefined,0.0,6.57953381538
jb161004,linearsvc_C1000.0,95233,0.358509388788,0.722222222222,0.0,0.0,0.0,undefined,0.0,6.04083704948
jb161004,linearsvc_C1000.0,90472,0.340586366306,0.666666666667,0.0,0.0,0.0,undefined,0.0,5.57939100266
jb161004,linearsvc_C1000.0,85949,0.32355930672,0.666666666667,0.0,0.0,0.0,undefined,0.0,5.49596977234
jb161004,linearsvc_C1000.0,81652,0.307383035432,0.666666666667,0.0,0.0,0.0,undefined,0.0,4.95213103294
jb161004,linearsvc_C1000.0,77570,0.29201614239,0.722222222222,0.0,0.0,0.0,undefined,0.0,4.79307508469
jb161004,linearsvc_C1000.0,73692,0.277417217546,0.722222222222,0.0,0.0,0.0,undefined,0.0,4.52365803719
jb161004,linearsvc_C1000.0,70008,0.263548615399,0.777777777778,0.0,0.0,0.0,undefined,0.0,4.20863699913
jb161004,linearsvc_C1000.0,66508,0.250372690449,0.722222222222,0.0,0.0,0.0,undefined,0.0,3.92164897919
jb161004,linearsvc_C1000.0,63183,0.237855561746,0.722222222222,0.0,0.0,0.0,undefined,0.0,3.67380714417
jb161004,linearsvc_C1000.0,60024,0.225963348341,0.722222222222,0.0,0.0,0.0,undefined,0.0,3.55101704597
jb161004,linearsvc_C1000.0,57023,0.214665933834,0.722222222222,0.0,0.0,0.0,undefined,0.0,3.07187700272
jb161004,linearsvc_C1000.0,54172,0.203933201825,0.722222222222,0.0,0.0,0.0,undefined,0.0,3.02030706406
jb161004,linearsvc_C1000.0,51464,0.193738800464,0.666666666667,0.0,0.0,0.0,undefined,0.0,2.96048498154
jb161004,linearsvc_C1000.0,48891,0.184052613351,0.722222222222,0.0,0.0,0.0,undefined,0.0,2.71391797066
jb161004,linearsvc_C1000.0,46447,0.174852053186,0.666666666667,0.0,0.0,0.0,undefined,0.0,2.61233401299
jb161004,linearsvc_C1000.0,44125,0.166110768119,0.666666666667,0.0,0.0,0.0,undefined,0.0,2.40594005585
jb161004,linearsvc_C1000.0,41919,0.15780617085,0.666666666667,0.0,0.0,0.0,undefined,0.0,2.35972905159
jb161004,linearsvc_C1000.0,39824,0.14991943863,0.722222222222,0.0,0.0,0.0,undefined,0.0,2.18212485313
jb161004,linearsvc_C1000.0,37833,0.142424219609,0.666666666667,0.0,0.0,0.0,undefined,0.0,2.00347781181
jb161004,linearsvc_C1000.0,35942,0.135305455586,0.666666666667,0.0,0.0,0.0,undefined,0.0,1.90597510338
jb161004,linearsvc_C1000.0,34145,0.128540559262,0.666666666667,0.0,0.0,0.0,undefined,0.0,1.92719006538
jb161004,linearsvc_C1000.0,32438,0.122114472436,0.666666666667,0.0,0.0,0.0,undefined,0.0,1.77784204483
jb161004,linearsvc_C1000.0,30817,0.116012136909,0.666666666667,0.0,0.0,0.0,undefined,0.0,1.758507967
jb161004,linearsvc_C1000.0,29277,0.110214729931,0.611111111111,0.0,0.0,0.0,undefined,0.0,1.50460386276
jb161004,linearsvc_C1000.0,27814,0.104707193302,0.611111111111,0.0,0.0,0.0,undefined,0.0,1.43551778793
jb161004,linearsvc_C1000.0,26424,0.099474468822,0.611111111111,0.0,0.0,0.0,undefined,0.0,1.35114812851
jb161004,linearsvc_C1000.0,25103,0.0945014982909,0.611111111111,0.0,0.0,0.0,undefined,0.0,1.3175611496
jb161004,linearsvc_C1000.0,23848,0.0897769880588,0.666666666667,0.0,0.0,0.0,undefined,0.0,1.22498488426
jb161004,linearsvc_C1000.0,22656,0.0852896444759,0.666666666667,0.0,0.0,0.0,undefined,0.0,1.20548701286
jb161004,linearsvc_C1000.0,21524,0.0810281738921,0.666666666667,0.0,0.0,0.0,undefined,0.0,1.05105495453
jb161004,linearsvc_C1000.0,20448,0.0769775181075,0.666666666667,0.0,0.0,0.0,undefined,0.0,1.03573799133
jb161004,linearsvc_C1000.0,19426,0.0731301480221,0.666666666667,0.0,0.0,0.0,undefined,0.0,0.989540100098
jb161004,linearsvc_C1000.0,18455,0.069474769986,0.666666666667,0.0,0.0,0.0,undefined,0.0,0.9720890522
jb161004,linearsvc_C1000.0,17533,0.0660038548992,0.666666666667,0.0,0.0,0.0,undefined,0.0,0.929112911224
jb161004,linearsvc_C1000.0,16657,0.0627061091117,0.666666666667,0.0,0.0,0.0,undefined,0.0,0.842223882675
jb161004,linearsvc_C1000.0,15825,0.0595740035236,0.666666666667,0.0,0.0,0.0,undefined,0.0,0.795577049255
jb161004,linearsvc_C1000.0,15034,0.0565962444849,0.666666666667,0.0,0.0,0.0,undefined,0.0,0.713049173355
jb161004,linearsvc_C1000.0,14283,0.0537690674457,0.666666666667,0.0,0.0,0.0,undefined,0.0,0.664048910141
jb161004,linearsvc_C1000.0,13569,0.0510811787559,0.666666666667,0.0,0.0,0.0,undefined,0.0,0.640080928802
jb161004,linearsvc_C1000.0,12891,0.0485288138656,0.666666666667,0.0,0.0,0.0,undefined,0.0,0.610033988953
jb161004,linearsvc_C1000.0,12247,0.0461044436748,0.666666666667,0.0,0.0,0.0,undefined,0.0,0.587669849396
jb161004,linearsvc_C1000.0,11635,0.0438005390836,0.666666666667,0.0,0.0,0.0,undefined,0.0,0.542112112045
jb161004,linearsvc_C1000.0,11054,0.0416133355419,0.666666666667,0.0,0.0,0.0,undefined,0.0,0.500881195068
jb161004,linearsvc_C1000.0,10502,0.0395353039498,0.666666666667,0.0,0.0,0.0,undefined,0.0,0.465187072754
jb161004,linearsvc_C1000.0,9977,0.0375589152073,0.666666666667,0.0,0.0,0.0,undefined,0.0,0.480710983276
jb161004,linearsvc_C1000.0,9479,0.0356841693144,0.666666666667,0.0,0.0,0.0,undefined,0.0,0.387861013412
jb161004,linearsvc_C1000.0,9006,0.0339035371712,0.666666666667,0.0,0.0,0.0,undefined,0.0,0.389070987701
jb161004,linearsvc_C1000.0,8556,0.0322094896776,0.666666666667,0.0,0.0,0.0,undefined,0.0,0.375856161118
jb161004,linearsvc_C1000.0,8129,0.0306020268337,0.666666666667,0.0,0.0,0.0,undefined,0.0,0.351218938828
jb161004,linearsvc_C1000.0,7723,0.0290736195395,0.555555555556,0.0,0.0,0.0,undefined,0.0,0.348212003708
jb161004,linearsvc_C1000.0,7337,0.027620503245,0.666666666667,0.0,0.0,0.0,undefined,0.0,0.326948165894
jb161004,linearsvc_C1000.0,6971,0.0262426779503,0.611111111111,0.0,0.0,0.0,undefined,0.0,0.348994970322
jb161004,linearsvc_C1000.0,6623,0.0249326145553,0.611111111111,0.0,0.0,0.0,undefined,0.0,0.276547908783
jb161004,linearsvc_C1000.0,6292,0.02368654851,0.611111111111,0.0,0.0,0.0,undefined,0.0,0.278470039368
jb161004,linearsvc_C1000.0,5978,0.0225044798145,0.5,0.0,0.0,0.0,undefined,0.0,0.252660036087
jb161004,linearsvc_C1000.0,5680,0.0213826439187,0.5,0.0,0.0,0.0,undefined,0.0,0.240782976151
jb161004,linearsvc_C1000.0,5396,0.0203135117228,0.555555555556,0.0,0.0,0.0,undefined,0.0,0.302274942398
jb161004,linearsvc_C1000.0,5127,0.0193008477767,0.5,0.0,0.0,0.0,undefined,0.0,0.193642139435
jb161004,linearsvc_C1000.0,4871,0.0183371229803,0.555555555556,0.0,0.0,0.0,undefined,0.0,0.198683023453
jb161004,linearsvc_C1000.0,4628,0.0174223373338,0.555555555556,0.0,0.0,0.0,undefined,0.0,0.19951415062
jb161004,linearsvc_C1000.0,4397,0.0165527262871,0.555555555556,0.0,0.0,0.0,undefined,0.0,0.191102981567
jb161004,linearsvc_C1000.0,4178,0.0157282898402,0.611111111111,0.0,0.0,0.0,undefined,0.0,0.176627874374
jb161004,linearsvc_C1000.0,3970,0.0149452634432,0.611111111111,0.0,0.0,0.0,undefined,0.0,0.180525779724
jb161004,linearsvc_C1000.0,3772,0.014199882546,0.611111111111,0.0,0.0,0.0,undefined,0.0,0.167179107666
jb161004,linearsvc_C1000.0,3584,0.0134921471487,0.611111111111,0.0,0.0,0.0,undefined,0.0,0.177785873413
jb161004,linearsvc_C1000.0,3405,0.0128182927013,0.611111111111,0.0,0.0,0.0,undefined,0.0,0.167448043823
jb161004,linearsvc_C1000.0,3235,0.0121783192037,0.666666666667,0.0,0.0,0.0,undefined,0.0,0.170955896378
jb161004,linearsvc_C1000.0,3074,0.011572226656,0.611111111111,0.0,0.0,0.0,undefined,0.0,0.154803991318
jb161004,linearsvc_C1000.0,2921,0.0109962505082,0.555555555556,0.0,0.0,0.0,undefined,0.0,0.12512087822
jb161004,linearsvc_C1000.0,2775,0.0104466262103,0.555555555556,0.0,0.0,0.0,undefined,0.0,0.13930106163
jb161004,linearsvc_C1000.0,2637,0.00992711831228,0.555555555556,0.0,0.0,0.0,undefined,0.0,0.124107122421
jb161004,linearsvc_C1000.0,2506,0.00943396226415,0.555555555556,0.0,0.0,0.0,undefined,0.0,0.111625909805
jb161004,linearsvc_C1000.0,2381,0.00896339351594,0.555555555556,0.0,0.0,0.0,undefined,0.0,0.102504014969
jb161004,linearsvc_C1000.0,2262,0.00851541206764,0.444444444444,0.0,0.0,0.0,undefined,0.0,0.107831954956
jb161004,linearsvc_C1000.0,2149,0.00809001791926,0.388888888889,0.0,0.0,0.0,undefined,0.0,0.0936410427094
jb161004,linearsvc_C1000.0,2042,0.00768721107079,0.444444444444,0.0,0.0,0.0,undefined,0.0,0.0941081047058
jb161004,linearsvc_C1000.0,1940,0.00730322697225,0.388888888889,0.0,0.0,0.0,undefined,0.0,0.0875658988953
jb161004,linearsvc_C1000.0,1843,0.00693806562364,0.444444444444,0.0,0.0,0.0,undefined,0.0,0.102593898773
jb161004,linearsvc_C1000.0,1751,0.00659172702495,0.444444444444,0.0,0.0,0.0,undefined,0.0,0.122478961945
jb161004,linearsvc_C1000.0,1664,0.0062642111762,0.5,0.0,0.0,0.0,undefined,0.0,0.0908329486847
jb161004,linearsvc_C1000.0,1581,0.00595175352738,0.444444444444,0.0,0.0,0.0,undefined,0.0,0.120760917664
jb161004,linearsvc_C1000.0,1502,0.00565435407851,0.444444444444,0.0,0.0,0.0,undefined,0.0,0.110971212387
jb161004,linearsvc_C1000.0,1427,0.00537201282959,0.5,0.0,0.0,0.0,undefined,0.0,0.112136125565
jb161004,linearsvc_C1000.0,1356,0.0051047297806,0.444444444444,0.0,0.0,0.0,undefined,0.0,0.111352920532
jb161004,elasticnetiter1000_l1ratio0.15,265636,1.0,0.5,0.0,0.0,0.0,undefined,0.0,1051.23286295
jb161004,elasticnetiter1000_l1ratio0.15,252355,0.95000301164,0.611111111111,0.0,0.0,0.0,undefined,0.0,977.058578014
jb161004,elasticnetiter1000_l1ratio0.15,239738,0.90250568447,0.611111111111,0.0,0.0,0.0,undefined,0.0,929.805556059
jb161004,elasticnetiter1000_l1ratio0.15,227752,0.857383788342,0.666666666667,0.0,0.0,0.0,undefined,0.0,892.96182394
jb161004,elasticnetiter1000_l1ratio0.15,216365,0.814516857655,0.555555555556,0.0,0.0,0.0,undefined,0.0,854.817121983
jb161004,elasticnetiter1000_l1ratio0.15,205547,0.77379195591,0.777777777778,0.0,0.0,0.0,undefined,0.0,813.883198977
jb161004,elasticnetiter1000_l1ratio0.15,195270,0.735103675707,0.611111111111,0.0,0.0,0.0,undefined,0.0,783.823554039
jb161004,elasticnetiter1000_l1ratio0.15,185507,0.698350374196,0.777777777778,0.0,0.0,0.0,undefined,0.0,742.144788027
jb161004,elasticnetiter1000_l1ratio0.15,176232,0.663434173079,0.666666666667,0.0,0.0,0.0,undefined,0.0,712.209193945
jb161004,elasticnetiter1000_l1ratio0.15,167421,0.630264723155,0.5,0.0,0.0,0.0,undefined,0.0,690.785991907
jb161004,elasticnetiter1000_l1ratio0.15,159050,0.598751675225,0.666666666667,0.0,0.0,0.0,undefined,0.0,652.114268064
jb161004,elasticnetiter1000_l1ratio0.15,151098,0.568815973738,0.555555555556,0.0,0.0,0.0,undefined,0.0,620.160745144
jb161004,elasticnetiter1000_l1ratio0.15,143544,0.540378563147,0.611111111111,0.0,0.0,0.0,undefined,0.0,590.578344107
jb161004,elasticnetiter1000_l1ratio0.15,136367,0.513360387899,0.666666666667,0.0,0.0,0.0,undefined,0.0,569.398394823
jb161004,elasticnetiter1000_l1ratio0.15,129549,0.487693686097,0.611111111111,0.0,0.0,0.0,undefined,0.0,537.373749971
jb161004,elasticnetiter1000_l1ratio0.15,123072,0.463310695839,0.222222222222,0.0,0.0,0.0,undefined,0.0,523.219154119
jb161004,elasticnetiter1000_l1ratio0.15,116919,0.440147419777,0.333333333333,0.0,0.0,0.0,undefined,0.0,490.940374136
jb161004,elasticnetiter1000_l1ratio0.15,111074,0.418143625111,0.666666666667,0.0,0.0,0.0,undefined,0.0,464.367825985
jb161004,elasticnetiter1000_l1ratio0.15,105521,0.39723907904,0.444444444444,0.0,0.0,0.0,undefined,0.0,453.802742004
jb161004,elasticnetiter1000_l1ratio0.15,100245,0.377377313316,0.555555555556,0.0,0.0,0.0,undefined,0.0,426.762505054
jb161004,elasticnetiter1000_l1ratio0.15,95233,0.358509388788,0.277777777778,0.0,0.0,0.0,undefined,0.0,410.703508139
jb161004,elasticnetiter1000_l1ratio0.15,90472,0.340586366306,0.277777777778,0.0,0.0,0.0,undefined,0.0,395.711466074
jb161004,elasticnetiter1000_l1ratio0.15,85949,0.32355930672,0.388888888889,0.0,0.0,0.0,undefined,0.0,384.264595032
jb161004,elasticnetiter1000_l1ratio0.15,81652,0.307383035432,0.166666666667,0.0,0.0,0.0,undefined,0.0,365.666427135
jb161004,elasticnetiter1000_l1ratio0.15,77570,0.29201614239,0.5,0.0,0.0,0.0,undefined,0.0,343.891899824
jb161004,elasticnetiter1000_l1ratio0.15,73692,0.277417217546,0.333333333333,0.0,0.0,0.0,undefined,0.0,328.578603029
jb161004,elasticnetiter1000_l1ratio0.15,70008,0.263548615399,0.333333333333,0.0,0.0,0.0,undefined,0.0,318.941389084
jb161004,elasticnetiter1000_l1ratio0.15,66508,0.250372690449,0.222222222222,0.0,0.0,0.0,undefined,0.0,313.768141985
jb161004,elasticnetiter1000_l1ratio0.15,63183,0.237855561746,0.222222222222,0.0,0.0,0.0,undefined,0.0,286.760868073
jb161004,elasticnetiter1000_l1ratio0.15,60024,0.225963348341,0.444444444444,0.0,0.0,0.0,undefined,0.0,269.608743906
jb161004,elasticnetiter1000_l1ratio0.15,57023,0.214665933834,0.277777777778,0.0,0.0,0.0,undefined,0.0,263.37048912
jb161004,elasticnetiter1000_l1ratio0.15,54172,0.203933201825,0.277777777778,0.0,0.0,0.0,undefined,0.0,248.26373291
jb161004,elasticnetiter1000_l1ratio0.15,51464,0.193738800464,0.333333333333,0.0,0.0,0.0,undefined,0.0,245.682600021
jb161004,elasticnetiter1000_l1ratio0.15,48891,0.184052613351,0.166666666667,0.0,0.0,0.0,undefined,0.0,234.971149921
jb161004,elasticnetiter1000_l1ratio0.15,46447,0.174852053186,0.222222222222,0.0,0.0,0.0,undefined,0.0,224.362131119
jb161004,elasticnetiter1000_l1ratio0.15,44125,0.166110768119,0.0555555555556,0.0,0.0,0.0,undefined,0.0,218.807108164
jb161004,elasticnetiter1000_l1ratio0.15,41919,0.15780617085,0.0555555555556,0.0,0.0,0.0,undefined,0.0,209.256199121
jb161004,elasticnetiter1000_l1ratio0.15,39824,0.14991943863,0.111111111111,0.0,0.0,0.0,undefined,0.0,194.826281071
jb161004,elasticnetiter1000_l1ratio0.15,37833,0.142424219609,0.222222222222,0.0,0.0,0.0,undefined,0.0,184.380222797
jb161004,elasticnetiter1000_l1ratio0.15,35942,0.135305455586,0.555555555556,0.0,0.0,0.0,undefined,0.0,189.478089094
jb161004,elasticnetiter1000_l1ratio0.15,34145,0.128540559262,0.166666666667,0.0,0.0,0.0,undefined,0.0,168.402490854
jb161004,elasticnetiter1000_l1ratio0.15,32438,0.122114472436,0.277777777778,0.0,0.0,0.0,undefined,0.0,154.69246316
jb161004,elasticnetiter1000_l1ratio0.15,30817,0.116012136909,0.166666666667,0.0,0.0,0.0,undefined,0.0,157.552568197
jb161004,elasticnetiter1000_l1ratio0.15,29277,0.110214729931,0.166666666667,0.0,0.0,0.0,undefined,0.0,136.424484968
jb161004,elasticnetiter1000_l1ratio0.15,27814,0.104707193302,0.166666666667,0.0,0.0,0.0,undefined,0.0,134.610714197
jb161004,elasticnetiter1000_l1ratio0.15,26424,0.099474468822,0.0555555555556,0.0,0.0,0.0,undefined,0.0,132.268203974
jb161004,elasticnetiter1000_l1ratio0.15,25103,0.0945014982909,0.0555555555556,0.0,0.0,0.0,undefined,0.0,125.723446846
jb161004,elasticnetiter1000_l1ratio0.15,23848,0.0897769880588,0.0,0.0,0.0,0.0,undefined,0.0,124.231477022
jb161004,elasticnetiter1000_l1ratio0.15,22656,0.0852896444759,0.0555555555556,0.0,0.0,0.0,undefined,0.0,109.915191889
jb161004,elasticnetiter1000_l1ratio0.15,21524,0.0810281738921,0.111111111111,0.0,0.0,0.0,undefined,0.0,104.623139143
jb161004,elasticnetiter1000_l1ratio0.15,20448,0.0769775181075,0.111111111111,0.0,0.0,0.0,undefined,0.0,105.548118114
jb161004,elasticnetiter1000_l1ratio0.15,19426,0.0731301480221,0.0,0.0,0.0,0.0,undefined,0.0,98.8321490288
jb161004,elasticnetiter1000_l1ratio0.15,18455,0.069474769986,0.0555555555556,0.0,0.0,0.0,undefined,0.0,91.8778960705
jb161004,elasticnetiter1000_l1ratio0.15,17533,0.0660038548992,0.0555555555556,0.0,0.0,0.0,undefined,0.0,90.1677758694
jb161004,elasticnetiter1000_l1ratio0.15,16657,0.0627061091117,0.0,0.0,0.0,0.0,undefined,0.0,85.4355971813
jb161004,elasticnetiter1000_l1ratio0.15,15825,0.0595740035236,0.0555555555556,0.0,0.0,0.0,undefined,0.0,85.6868209839
jb161004,elasticnetiter1000_l1ratio0.15,15034,0.0565962444849,0.0,0.0,0.0,0.0,undefined,0.0,78.1699838638
jb161004,elasticnetiter1000_l1ratio0.15,14283,0.0537690674457,0.111111111111,0.0,0.0,0.0,undefined,0.0,72.847454071
jb161004,elasticnetiter1000_l1ratio0.15,13569,0.0510811787559,0.166666666667,0.0,0.0,0.0,undefined,0.0,69.7823719978
jb161004,elasticnetiter1000_l1ratio0.15,12891,0.0485288138656,0.0555555555556,0.0,0.0,0.0,undefined,0.0,65.7783648968
jb161004,elasticnetiter1000_l1ratio0.15,12247,0.0461044436748,0.0,0.0,0.0,0.0,undefined,0.0,63.8844909668
jb161004,elasticnetiter1000_l1ratio0.15,11635,0.0438005390836,0.0555555555556,0.0,0.0,0.0,undefined,0.0,58.4950489998
jb161004,elasticnetiter1000_l1ratio0.15,11054,0.0416133355419,0.0555555555556,0.0,0.0,0.0,undefined,0.0,55.492208004
jb161004,elasticnetiter1000_l1ratio0.15,10502,0.0395353039498,0.0,0.0,0.0,0.0,undefined,0.0,54.8143491745
jb161004,elasticnetiter1000_l1ratio0.15,9977,0.0375589152073,0.0,0.0,0.0,0.0,undefined,0.0,52.9184639454
jb161004,elasticnetiter1000_l1ratio0.15,9479,0.0356841693144,0.0,0.0,0.0,0.0,undefined,0.0,48.0265228748
jb161004,elasticnetiter1000_l1ratio0.15,9006,0.0339035371712,0.0,0.0,0.0,0.0,undefined,0.0,45.3166041374
jb161004,elasticnetiter1000_l1ratio0.15,8556,0.0322094896776,0.0,0.0,0.0,0.0,undefined,0.0,44.0368978977
jb161004,elasticnetiter1000_l1ratio0.15,8129,0.0306020268337,0.0555555555556,0.0,0.0,0.0,undefined,0.0,39.768173933
jb161004,elasticnetiter1000_l1ratio0.15,7723,0.0290736195395,0.0,0.0,0.0,0.0,undefined,0.0,39.8373360634
jb161004,elasticnetiter1000_l1ratio0.15,7337,0.027620503245,0.0555555555556,0.0,0.0,0.0,undefined,0.0,36.2752561569
jb161004,elasticnetiter1000_l1ratio0.15,6971,0.0262426779503,0.0,0.0,0.0,0.0,undefined,0.0,34.9645569324
jb161004,elasticnetiter1000_l1ratio0.15,6623,0.0249326145553,0.0,0.0,0.0,0.0,undefined,0.0,33.4783937931
jb161004,elasticnetiter1000_l1ratio0.15,6292,0.02368654851,0.0,0.0,0.0,0.0,undefined,0.0,31.7709870338
jb161004,elasticnetiter1000_l1ratio0.15,5978,0.0225044798145,0.0,0.0,0.0,0.0,undefined,0.0,29.559648037
jb161004,elasticnetiter1000_l1ratio0.15,5680,0.0213826439187,0.0,0.0,0.0,0.0,undefined,0.0,27.2416400909
jb161004,elasticnetiter1000_l1ratio0.15,5396,0.0203135117228,0.0,0.0,0.0,0.0,undefined,0.0,26.2074019909
jb161004,elasticnetiter1000_l1ratio0.15,5127,0.0193008477767,0.0555555555556,0.0,0.0,0.0,undefined,0.0,24.3290150166
jb161004,elasticnetiter1000_l1ratio0.15,4871,0.0183371229803,0.0555555555556,0.0,0.0,0.0,undefined,0.0,23.725028038
jb161004,elasticnetiter1000_l1ratio0.15,4628,0.0174223373338,0.0,0.0,0.0,0.0,undefined,0.0,22.0195231438
jb161004,elasticnetiter1000_l1ratio0.15,4397,0.0165527262871,0.0,0.0,0.0,0.0,undefined,0.0,21.6862771511
jb161004,elasticnetiter1000_l1ratio0.15,4178,0.0157282898402,0.0,0.0,0.0,0.0,undefined,0.0,19.6826000214
jb161004,elasticnetiter1000_l1ratio0.15,3970,0.0149452634432,0.0555555555556,0.0,0.0,0.0,undefined,0.0,19.5795550346
jb161004,elasticnetiter1000_l1ratio0.15,3772,0.014199882546,0.0,0.0,0.0,0.0,undefined,0.0,17.8292598724
jb161004,elasticnetiter1000_l1ratio0.15,3584,0.0134921471487,0.0555555555556,0.0,0.0,0.0,undefined,0.0,17.0963199139
jb161004,elasticnetiter1000_l1ratio0.15,3405,0.0128182927013,0.0,0.0,0.0,0.0,undefined,0.0,15.5922548771
jb161004,elasticnetiter1000_l1ratio0.15,3235,0.0121783192037,0.0,0.0,0.0,0.0,undefined,0.0,15.0930669308
jb161004,elasticnetiter1000_l1ratio0.15,3074,0.011572226656,0.0,0.0,0.0,0.0,undefined,0.0,15.3774929047
jb161004,elasticnetiter1000_l1ratio0.15,2921,0.0109962505082,0.0555555555556,0.0,0.0,0.0,undefined,0.0,13.0548770428
jb161004,elasticnetiter1000_l1ratio0.15,2775,0.0104466262103,0.0555555555556,0.0,0.0,0.0,undefined,0.0,12.4022569656
jb161004,elasticnetiter1000_l1ratio0.15,2637,0.00992711831228,0.0555555555556,0.0,0.0,0.0,undefined,0.0,11.6682329178
jb161004,elasticnetiter1000_l1ratio0.15,2506,0.00943396226415,0.0555555555556,0.0,0.0,0.0,undefined,0.0,11.4608490467
jb161004,elasticnetiter1000_l1ratio0.15,2381,0.00896339351594,0.0555555555556,0.0,0.0,0.0,undefined,0.0,11.1098520756
jb161004,elasticnetiter1000_l1ratio0.15,2262,0.00851541206764,0.0555555555556,0.0,0.0,0.0,undefined,0.0,10.1913599968
jb161004,elasticnetiter1000_l1ratio0.15,2149,0.00809001791926,0.0555555555556,0.0,0.0,0.0,undefined,0.0,9.36886405945
jb161004,elasticnetiter1000_l1ratio0.15,2042,0.00768721107079,0.0555555555556,0.0,0.0,0.0,undefined,0.0,8.71223187447
jb161004,elasticnetiter1000_l1ratio0.15,1940,0.00730322697225,0.0555555555556,0.0,0.0,0.0,undefined,0.0,8.27954912186
jb161004,elasticnetiter1000_l1ratio0.15,1843,0.00693806562364,0.111111111111,0.0,0.0,0.0,undefined,0.0,8.50038790703
jb161004,elasticnetiter1000_l1ratio0.15,1751,0.00659172702495,0.0555555555556,0.0,0.0,0.0,undefined,0.0,7.18820309639
jb161004,elasticnetiter1000_l1ratio0.15,1664,0.0062642111762,0.0555555555556,0.0,0.0,0.0,undefined,0.0,7.16728210449
jb161004,elasticnetiter1000_l1ratio0.15,1581,0.00595175352738,0.0555555555556,0.0,0.0,0.0,undefined,0.0,6.73204779625
jb161004,elasticnetiter1000_l1ratio0.15,1502,0.00565435407851,0.111111111111,0.0,0.0,0.0,undefined,0.0,6.46347093582
jb161004,elasticnetiter1000_l1ratio0.15,1427,0.00537201282959,0.0555555555556,0.0,0.0,0.0,undefined,0.0,5.9215669632
jb161004,elasticnetiter1000_l1ratio0.15,1356,0.0051047297806,0.0555555555556,0.0,0.0,0.0,undefined,0.0,5.45675992966
