jc170501,linearsvc_C0.0001,265636,1.0,0.944444444444,0.0,0.0,0.0,undefined,0.0,80.3064498901
jc170501,linearsvc_C0.0001,252355,0.95000301164,0.944444444444,0.0,0.0,0.0,undefined,0.0,81.1407060623
jc170501,linearsvc_C0.0001,239738,0.90250568447,0.944444444444,0.0,0.0,0.0,undefined,0.0,66.8355569839
jc170501,linearsvc_C0.0001,227752,0.857383788342,0.944444444444,0.0,0.0,0.0,undefined,0.0,65.0095231533
jc170501,linearsvc_C0.0001,216365,0.814516857655,0.944444444444,0.0,0.0,0.0,undefined,0.0,55.9159970284
jc170501,linearsvc_C0.0001,205547,0.77379195591,0.944444444444,0.0,0.0,0.0,undefined,0.0,54.4318420887
jc170501,linearsvc_C0.0001,195270,0.735103675707,0.944444444444,0.0,0.0,0.0,undefined,0.0,46.6750230789
jc170501,linearsvc_C0.0001,185507,0.698350374196,0.944444444444,0.0,0.0,0.0,undefined,0.0,45.6538510323
jc170501,linearsvc_C0.0001,176232,0.663434173079,0.888888888889,0.0,0.0,0.0,undefined,0.0,37.5211400986
jc170501,linearsvc_C0.0001,167421,0.630264723155,0.944444444444,0.0,0.0,0.0,undefined,0.0,36.539867878
jc170501,linearsvc_C0.0001,159050,0.598751675225,0.944444444444,0.0,0.0,0.0,undefined,0.0,33.8346860409
jc170501,linearsvc_C0.0001,151098,0.568815973738,0.944444444444,0.0,0.0,0.0,undefined,0.0,30.2287509441
jc170501,linearsvc_C0.0001,143544,0.540378563147,0.944444444444,0.0,0.0,0.0,undefined,0.0,26.323307991
jc170501,linearsvc_C0.0001,136367,0.513360387899,0.944444444444,0.0,0.0,0.0,undefined,0.0,23.788020134
jc170501,linearsvc_C0.0001,129549,0.487693686097,0.944444444444,0.0,0.0,0.0,undefined,0.0,21.7594118118
jc170501,linearsvc_C0.0001,123072,0.463310695839,0.888888888889,0.0,0.0,0.0,undefined,0.0,20.9412109852
jc170501,linearsvc_C0.0001,116919,0.440147419777,0.888888888889,0.0,0.0,0.0,undefined,0.0,19.6688268185
jc170501,linearsvc_C0.0001,111074,0.418143625111,0.888888888889,0.0,0.0,0.0,undefined,0.0,18.1886529922
jc170501,linearsvc_C0.0001,105521,0.39723907904,0.888888888889,0.0,0.0,0.0,undefined,0.0,15.6821119785
jc170501,linearsvc_C0.0001,100245,0.377377313316,0.888888888889,0.0,0.0,0.0,undefined,0.0,12.3617289066
jc170501,linearsvc_C0.0001,95233,0.358509388788,0.888888888889,0.0,0.0,0.0,undefined,0.0,13.5384831429
jc170501,linearsvc_C0.0001,90472,0.340586366306,0.888888888889,0.0,0.0,0.0,undefined,0.0,9.90611982346
jc170501,linearsvc_C0.0001,85949,0.32355930672,0.888888888889,0.0,0.0,0.0,undefined,0.0,11.5020599365
jc170501,linearsvc_C0.0001,81652,0.307383035432,0.888888888889,0.0,0.0,0.0,undefined,0.0,10.1410009861
jc170501,linearsvc_C0.0001,77570,0.29201614239,0.888888888889,0.0,0.0,0.0,undefined,0.0,9.77351784706
jc170501,linearsvc_C0.0001,73692,0.277417217546,0.888888888889,0.0,0.0,0.0,undefined,0.0,8.73935699463
jc170501,linearsvc_C0.0001,70008,0.263548615399,0.888888888889,0.0,0.0,0.0,undefined,0.0,7.75618505478
jc170501,linearsvc_C0.0001,66508,0.250372690449,0.888888888889,0.0,0.0,0.0,undefined,0.0,7.06970000267
jc170501,linearsvc_C0.0001,63183,0.237855561746,0.888888888889,0.0,0.0,0.0,undefined,0.0,6.15128302574
jc170501,linearsvc_C0.0001,60024,0.225963348341,0.888888888889,0.0,0.0,0.0,undefined,0.0,6.19459986687
jc170501,linearsvc_C0.0001,57023,0.214665933834,0.944444444444,0.0,0.0,0.0,undefined,0.0,5.28580498695
jc170501,linearsvc_C0.0001,54172,0.203933201825,0.888888888889,0.0,0.0,0.0,undefined,0.0,4.6780731678
jc170501,linearsvc_C0.0001,51464,0.193738800464,0.888888888889,0.0,0.0,0.0,undefined,0.0,4.53464508057
jc170501,linearsvc_C0.0001,48891,0.184052613351,0.888888888889,0.0,0.0,0.0,undefined,0.0,4.03634905815
jc170501,linearsvc_C0.0001,46447,0.174852053186,0.888888888889,0.0,0.0,0.0,undefined,0.0,4.35159802437
jc170501,linearsvc_C0.0001,44125,0.166110768119,0.888888888889,0.0,0.0,0.0,undefined,0.0,3.47171497345
jc170501,linearsvc_C0.0001,41919,0.15780617085,0.888888888889,0.0,0.0,0.0,undefined,0.0,2.90588092804
jc170501,linearsvc_C0.0001,39824,0.14991943863,0.888888888889,0.0,0.0,0.0,undefined,0.0,2.84620499611
jc170501,linearsvc_C0.0001,37833,0.142424219609,0.888888888889,0.0,0.0,0.0,undefined,0.0,2.83245205879
jc170501,linearsvc_C0.0001,35942,0.135305455586,0.944444444444,0.0,0.0,0.0,undefined,0.0,2.5816488266
jc170501,linearsvc_C0.0001,34145,0.128540559262,0.944444444444,0.0,0.0,0.0,undefined,0.0,2.2132101059
jc170501,linearsvc_C0.0001,32438,0.122114472436,0.944444444444,0.0,0.0,0.0,undefined,0.0,2.27253389359
jc170501,linearsvc_C0.0001,30817,0.116012136909,0.944444444444,0.0,0.0,0.0,undefined,0.0,2.17839884758
jc170501,linearsvc_C0.0001,29277,0.110214729931,0.944444444444,0.0,0.0,0.0,undefined,0.0,1.74702787399
jc170501,linearsvc_C0.0001,27814,0.104707193302,0.944444444444,0.0,0.0,0.0,undefined,0.0,1.41979694366
jc170501,linearsvc_C0.0001,26424,0.099474468822,0.944444444444,0.0,0.0,0.0,undefined,0.0,1.65891695023
jc170501,linearsvc_C0.0001,25103,0.0945014982909,0.944444444444,0.0,0.0,0.0,undefined,0.0,1.58882212639
jc170501,linearsvc_C0.0001,23848,0.0897769880588,0.944444444444,0.0,0.0,0.0,undefined,0.0,1.40553212166
jc170501,linearsvc_C0.0001,22656,0.0852896444759,0.944444444444,0.0,0.0,0.0,undefined,0.0,1.31878304482
jc170501,linearsvc_C0.0001,21524,0.0810281738921,0.944444444444,0.0,0.0,0.0,undefined,0.0,1.16953492165
jc170501,linearsvc_C0.0001,20448,0.0769775181075,0.944444444444,0.0,0.0,0.0,undefined,0.0,0.910295009613
jc170501,linearsvc_C0.0001,19426,0.0731301480221,0.944444444444,0.0,0.0,0.0,undefined,0.0,1.01755714417
jc170501,linearsvc_C0.0001,18455,0.069474769986,1.0,0.0,0.0,0.0,undefined,1.0,0.763381958008
jc170501,linearsvc_C0.0001,17533,0.0660038548992,1.0,0.0,0.0,0.0,undefined,1.0,0.906248092651
jc170501,linearsvc_C0.0001,16657,0.0627061091117,1.0,0.0,0.0,0.0,undefined,1.0,0.690613031387
jc170501,linearsvc_C0.0001,15825,0.0595740035236,1.0,0.0,0.0,0.0,undefined,1.0,0.755440950394
jc170501,linearsvc_C0.0001,15034,0.0565962444849,1.0,0.0,0.0,0.0,undefined,1.0,0.679431915283
jc170501,linearsvc_C0.0001,14283,0.0537690674457,1.0,0.0,0.0,0.0,undefined,1.0,0.619497060776
jc170501,linearsvc_C0.0001,13569,0.0510811787559,1.0,0.0,0.0,0.0,undefined,1.0,0.557737827301
jc170501,linearsvc_C0.0001,12891,0.0485288138656,1.0,0.0,0.0,0.0,undefined,1.0,0.514703035355
jc170501,linearsvc_C0.0001,12247,0.0461044436748,1.0,0.0,0.0,0.0,undefined,1.0,0.449599027634
jc170501,linearsvc_C0.0001,11635,0.0438005390836,1.0,0.0,0.0,0.0,undefined,1.0,0.438548088074
jc170501,linearsvc_C0.0001,11054,0.0416133355419,1.0,0.0,0.0,0.0,undefined,1.0,0.39229798317
jc170501,linearsvc_C0.0001,10502,0.0395353039498,1.0,0.0,0.0,0.0,undefined,1.0,0.350704193115
jc170501,linearsvc_C0.0001,9977,0.0375589152073,1.0,0.0,0.0,0.0,undefined,1.0,0.321398973465
jc170501,linearsvc_C0.0001,9479,0.0356841693144,1.0,0.0,0.0,0.0,undefined,1.0,0.325912952423
jc170501,linearsvc_C0.0001,9006,0.0339035371712,1.0,0.0,0.0,0.0,undefined,1.0,0.286872148514
jc170501,linearsvc_C0.0001,8556,0.0322094896776,1.0,0.0,0.0,0.0,undefined,1.0,0.275402069092
jc170501,linearsvc_C0.0001,8129,0.0306020268337,1.0,0.0,0.0,0.0,undefined,1.0,0.273984909058
jc170501,linearsvc_C0.0001,7723,0.0290736195395,1.0,0.0,0.0,0.0,undefined,1.0,0.214496135712
jc170501,linearsvc_C0.0001,7337,0.027620503245,0.944444444444,0.0,0.0,0.0,undefined,0.0,0.219008922577
jc170501,linearsvc_C0.0001,6971,0.0262426779503,0.944444444444,0.0,0.0,0.0,undefined,0.0,0.185282945633
jc170501,linearsvc_C0.0001,6623,0.0249326145553,0.944444444444,0.0,0.0,0.0,undefined,0.0,0.177062034607
jc170501,linearsvc_C0.0001,6292,0.02368654851,0.944444444444,0.0,0.0,0.0,undefined,0.0,0.169818878174
jc170501,linearsvc_C0.0001,5978,0.0225044798145,0.944444444444,0.0,0.0,0.0,undefined,0.0,0.163861989975
jc170501,linearsvc_C0.0001,5680,0.0213826439187,0.944444444444,0.0,0.0,0.0,undefined,0.0,0.139647960663
jc170501,linearsvc_C0.0001,5396,0.0203135117228,0.944444444444,0.0,0.0,0.0,undefined,0.0,0.134160995483
jc170501,linearsvc_C0.0001,5127,0.0193008477767,0.944444444444,0.0,0.0,0.0,undefined,0.0,0.127038002014
jc170501,linearsvc_C0.0001,4871,0.0183371229803,0.944444444444,0.0,0.0,0.0,undefined,0.0,0.122811079025
jc170501,linearsvc_C0.0001,4628,0.0174223373338,0.944444444444,0.0,0.0,0.0,undefined,0.0,0.10394692421
jc170501,linearsvc_C0.0001,4397,0.0165527262871,0.944444444444,0.0,0.0,0.0,undefined,0.0,0.0985531806946
jc170501,linearsvc_C0.0001,4178,0.0157282898402,0.944444444444,0.0,0.0,0.0,undefined,0.0,0.0817978382111
jc170501,linearsvc_C0.0001,3970,0.0149452634432,0.944444444444,0.0,0.0,0.0,undefined,0.0,0.0870678424835
jc170501,linearsvc_C0.0001,3772,0.014199882546,1.0,0.0,0.0,0.0,undefined,1.0,0.0787642002106
jc170501,linearsvc_C0.0001,3584,0.0134921471487,1.0,0.0,0.0,0.0,undefined,1.0,0.0957350730896
jc170501,linearsvc_C0.0001,3405,0.0128182927013,0.944444444444,0.0,0.0,0.0,undefined,0.0,0.0936598777771
jc170501,linearsvc_C0.0001,3235,0.0121783192037,0.944444444444,0.0,0.0,0.0,undefined,0.0,0.0833170413971
jc170501,linearsvc_C0.0001,3074,0.011572226656,0.944444444444,0.0,0.0,0.0,undefined,0.0,0.0787279605865
jc170501,linearsvc_C0.0001,2921,0.0109962505082,1.0,0.0,0.0,0.0,undefined,1.0,0.0751571655273
jc170501,linearsvc_C0.0001,2775,0.0104466262103,0.944444444444,0.0,0.0,0.0,undefined,0.0,0.0791780948639
jc170501,linearsvc_C0.0001,2637,0.00992711831228,0.944444444444,0.0,0.0,0.0,undefined,0.0,0.0664091110229
jc170501,linearsvc_C0.0001,2506,0.00943396226415,1.0,0.0,0.0,0.0,undefined,1.0,0.0639359951019
jc170501,linearsvc_C0.0001,2381,0.00896339351594,0.944444444444,0.0,0.0,0.0,undefined,0.0,0.0672030448914
jc170501,linearsvc_C0.0001,2262,0.00851541206764,0.944444444444,0.0,0.0,0.0,undefined,0.0,0.0588879585266
jc170501,linearsvc_C0.0001,2149,0.00809001791926,0.944444444444,0.0,0.0,0.0,undefined,0.0,0.0553538799286
jc170501,linearsvc_C0.0001,2042,0.00768721107079,1.0,0.0,0.0,0.0,undefined,1.0,0.0553021430969
jc170501,linearsvc_C0.0001,1940,0.00730322697225,1.0,0.0,0.0,0.0,undefined,1.0,0.056214094162
jc170501,linearsvc_C0.0001,1843,0.00693806562364,1.0,0.0,0.0,0.0,undefined,1.0,0.0921080112457
jc170501,linearsvc_C0.0001,1751,0.00659172702495,0.944444444444,0.0,0.0,0.0,undefined,0.0,0.0846540927887
jc170501,linearsvc_C0.0001,1664,0.0062642111762,1.0,0.0,0.0,0.0,undefined,1.0,0.0748109817505
jc170501,linearsvc_C0.0001,1581,0.00595175352738,1.0,0.0,0.0,0.0,undefined,1.0,0.0840361118317
jc170501,linearsvc_C0.0001,1502,0.00565435407851,1.0,0.0,0.0,0.0,undefined,1.0,0.0824618339539
jc170501,linearsvc_C0.0001,1427,0.00537201282959,0.944444444444,0.0,0.0,0.0,undefined,0.0,0.0870151519775
jc170501,linearsvc_C0.0001,1356,0.0051047297806,0.944444444444,0.0,0.0,0.0,undefined,0.0,0.0713219642639
jc170501,linearsvc_C0.001,265636,1.0,0.888888888889,0.0,0.0,0.0,undefined,0.0,343.102168083
jc170501,linearsvc_C0.001,252355,0.95000301164,0.888888888889,0.0,0.0,0.0,undefined,0.0,321.403436899
jc170501,linearsvc_C0.001,239738,0.90250568447,0.888888888889,0.0,0.0,0.0,undefined,0.0,305.09541297
jc170501,linearsvc_C0.001,227752,0.857383788342,0.888888888889,0.0,0.0,0.0,undefined,0.0,287.270109892
jc170501,linearsvc_C0.001,216365,0.814516857655,0.888888888889,0.0,0.0,0.0,undefined,0.0,272.257529974
jc170501,linearsvc_C0.001,205547,0.77379195591,0.888888888889,0.0,0.0,0.0,undefined,0.0,258.978355169
jc170501,linearsvc_C0.001,195270,0.735103675707,0.888888888889,0.0,0.0,0.0,undefined,0.0,243.249036074
jc170501,linearsvc_C0.001,185507,0.698350374196,0.888888888889,0.0,0.0,0.0,undefined,0.0,230.485929966
jc170501,linearsvc_C0.001,176232,0.663434173079,0.888888888889,0.0,0.0,0.0,undefined,0.0,195.949424028
jc170501,linearsvc_C0.001,167421,0.630264723155,0.888888888889,0.0,0.0,0.0,undefined,0.0,171.491963863
jc170501,linearsvc_C0.001,159050,0.598751675225,0.888888888889,0.0,0.0,0.0,undefined,0.0,161.844524145
jc170501,linearsvc_C0.001,151098,0.568815973738,0.833333333333,0.0,0.0,0.0,undefined,0.0,153.612421036
jc170501,linearsvc_C0.001,143544,0.540378563147,0.888888888889,0.0,0.0,0.0,undefined,0.0,145.688894987
jc170501,linearsvc_C0.001,136367,0.513360387899,0.888888888889,0.0,0.0,0.0,undefined,0.0,138.629062891
jc170501,linearsvc_C0.001,129549,0.487693686097,0.833333333333,0.0,0.0,0.0,undefined,0.0,131.972671032
jc170501,linearsvc_C0.001,123072,0.463310695839,0.833333333333,0.0,0.0,0.0,undefined,0.0,124.602831841
jc170501,linearsvc_C0.001,116919,0.440147419777,0.833333333333,0.0,0.0,0.0,undefined,0.0,118.936078072
jc170501,linearsvc_C0.001,111074,0.418143625111,0.833333333333,0.0,0.0,0.0,undefined,0.0,112.259022951
jc170501,linearsvc_C0.001,105521,0.39723907904,0.833333333333,0.0,0.0,0.0,undefined,0.0,106.847872019
jc170501,linearsvc_C0.001,100245,0.377377313316,0.833333333333,0.0,0.0,0.0,undefined,0.0,99.8300600052
jc170501,linearsvc_C0.001,95233,0.358509388788,0.833333333333,0.0,0.0,0.0,undefined,0.0,88.4674539566
jc170501,linearsvc_C0.001,90472,0.340586366306,0.833333333333,0.0,0.0,0.0,undefined,0.0,91.3184008598
jc170501,linearsvc_C0.001,85949,0.32355930672,0.833333333333,0.0,0.0,0.0,undefined,0.0,76.1420931816
jc170501,linearsvc_C0.001,81652,0.307383035432,0.833333333333,0.0,0.0,0.0,undefined,0.0,77.3305671215
jc170501,linearsvc_C0.001,77570,0.29201614239,0.833333333333,0.0,0.0,0.0,undefined,0.0,59.1497819424
jc170501,linearsvc_C0.001,73692,0.277417217546,0.833333333333,0.0,0.0,0.0,undefined,0.0,55.5692739487
jc170501,linearsvc_C0.001,70008,0.263548615399,0.833333333333,0.0,0.0,0.0,undefined,0.0,50.3603439331
jc170501,linearsvc_C0.001,66508,0.250372690449,0.833333333333,0.0,0.0,0.0,undefined,0.0,45.8518021107
jc170501,linearsvc_C0.001,63183,0.237855561746,0.833333333333,0.0,0.0,0.0,undefined,0.0,35.4437479973
jc170501,linearsvc_C0.001,60024,0.225963348341,0.833333333333,0.0,0.0,0.0,undefined,0.0,32.8994190693
jc170501,linearsvc_C0.001,57023,0.214665933834,0.833333333333,0.0,0.0,0.0,undefined,0.0,33.2429299355
jc170501,linearsvc_C0.001,54172,0.203933201825,0.833333333333,0.0,0.0,0.0,undefined,0.0,26.6598358154
jc170501,linearsvc_C0.001,51464,0.193738800464,0.833333333333,0.0,0.0,0.0,undefined,0.0,30.7960948944
jc170501,linearsvc_C0.001,48891,0.184052613351,0.833333333333,0.0,0.0,0.0,undefined,0.0,26.6504001617
jc170501,linearsvc_C0.001,46447,0.174852053186,0.833333333333,0.0,0.0,0.0,undefined,0.0,26.9346981049
jc170501,linearsvc_C0.001,44125,0.166110768119,0.833333333333,0.0,0.0,0.0,undefined,0.0,22.0581579208
jc170501,linearsvc_C0.001,41919,0.15780617085,0.833333333333,0.0,0.0,0.0,undefined,0.0,19.5155789852
jc170501,linearsvc_C0.001,39824,0.14991943863,0.833333333333,0.0,0.0,0.0,undefined,0.0,19.4952008724
jc170501,linearsvc_C0.001,37833,0.142424219609,0.833333333333,0.0,0.0,0.0,undefined,0.0,12.7367110252
jc170501,linearsvc_C0.001,35942,0.135305455586,0.833333333333,0.0,0.0,0.0,undefined,0.0,15.6274049282
jc170501,linearsvc_C0.001,34145,0.128540559262,0.833333333333,0.0,0.0,0.0,undefined,0.0,12.8818361759
jc170501,linearsvc_C0.001,32438,0.122114472436,0.888888888889,0.0,0.0,0.0,undefined,0.0,14.1834340096
jc170501,linearsvc_C0.001,30817,0.116012136909,0.888888888889,0.0,0.0,0.0,undefined,0.0,12.8056299686
jc170501,linearsvc_C0.001,29277,0.110214729931,0.888888888889,0.0,0.0,0.0,undefined,0.0,9.13919997215
jc170501,linearsvc_C0.001,27814,0.104707193302,0.888888888889,0.0,0.0,0.0,undefined,0.0,8.33400821686
jc170501,linearsvc_C0.001,26424,0.099474468822,0.888888888889,0.0,0.0,0.0,undefined,0.0,9.80799484253
jc170501,linearsvc_C0.001,25103,0.0945014982909,0.833333333333,0.0,0.0,0.0,undefined,0.0,7.97224593163
jc170501,linearsvc_C0.001,23848,0.0897769880588,0.833333333333,0.0,0.0,0.0,undefined,0.0,7.01423597336
jc170501,linearsvc_C0.001,22656,0.0852896444759,0.833333333333,0.0,0.0,0.0,undefined,0.0,6.84463000298
jc170501,linearsvc_C0.001,21524,0.0810281738921,0.888888888889,0.0,0.0,0.0,undefined,0.0,5.63292598724
jc170501,linearsvc_C0.001,20448,0.0769775181075,0.888888888889,0.0,0.0,0.0,undefined,0.0,5.47304582596
jc170501,linearsvc_C0.001,19426,0.0731301480221,0.888888888889,0.0,0.0,0.0,undefined,0.0,4.63793706894
jc170501,linearsvc_C0.001,18455,0.069474769986,0.888888888889,0.0,0.0,0.0,undefined,0.0,4.50863194466
jc170501,linearsvc_C0.001,17533,0.0660038548992,0.888888888889,0.0,0.0,0.0,undefined,0.0,4.38774108887
jc170501,linearsvc_C0.001,16657,0.0627061091117,0.888888888889,0.0,0.0,0.0,undefined,0.0,4.20370197296
jc170501,linearsvc_C0.001,15825,0.0595740035236,0.888888888889,0.0,0.0,0.0,undefined,0.0,3.58887887001
jc170501,linearsvc_C0.001,15034,0.0565962444849,0.888888888889,0.0,0.0,0.0,undefined,0.0,2.60913491249
jc170501,linearsvc_C0.001,14283,0.0537690674457,0.888888888889,0.0,0.0,0.0,undefined,0.0,2.55555915833
jc170501,linearsvc_C0.001,13569,0.0510811787559,0.888888888889,0.0,0.0,0.0,undefined,0.0,2.67684793472
jc170501,linearsvc_C0.001,12891,0.0485288138656,0.888888888889,0.0,0.0,0.0,undefined,0.0,2.63772702217
jc170501,linearsvc_C0.001,12247,0.0461044436748,0.888888888889,0.0,0.0,0.0,undefined,0.0,1.9564139843
jc170501,linearsvc_C0.001,11635,0.0438005390836,0.888888888889,0.0,0.0,0.0,undefined,0.0,1.23896408081
jc170501,linearsvc_C0.001,11054,0.0416133355419,0.888888888889,0.0,0.0,0.0,undefined,0.0,1.46770596504
jc170501,linearsvc_C0.001,10502,0.0395353039498,0.888888888889,0.0,0.0,0.0,undefined,0.0,1.63877606392
jc170501,linearsvc_C0.001,9977,0.0375589152073,0.888888888889,0.0,0.0,0.0,undefined,0.0,1.49222588539
jc170501,linearsvc_C0.001,9479,0.0356841693144,0.944444444444,0.0,0.0,0.0,undefined,0.0,1.13218188286
jc170501,linearsvc_C0.001,9006,0.0339035371712,0.944444444444,0.0,0.0,0.0,undefined,0.0,1.11152291298
jc170501,linearsvc_C0.001,8556,0.0322094896776,0.944444444444,0.0,0.0,0.0,undefined,0.0,1.07875704765
jc170501,linearsvc_C0.001,8129,0.0306020268337,0.944444444444,0.0,0.0,0.0,undefined,0.0,0.885524988174
jc170501,linearsvc_C0.001,7723,0.0290736195395,0.944444444444,0.0,0.0,0.0,undefined,0.0,0.853622913361
jc170501,linearsvc_C0.001,7337,0.027620503245,0.944444444444,0.0,0.0,0.0,undefined,0.0,0.702208042145
jc170501,linearsvc_C0.001,6971,0.0262426779503,0.944444444444,0.0,0.0,0.0,undefined,0.0,0.693522930145
jc170501,linearsvc_C0.001,6623,0.0249326145553,0.944444444444,0.0,0.0,0.0,undefined,0.0,0.540601015091
jc170501,linearsvc_C0.001,6292,0.02368654851,0.944444444444,0.0,0.0,0.0,undefined,0.0,0.551083087921
jc170501,linearsvc_C0.001,5978,0.0225044798145,0.944444444444,0.0,0.0,0.0,undefined,0.0,0.510123968124
jc170501,linearsvc_C0.001,5680,0.0213826439187,0.944444444444,0.0,0.0,0.0,undefined,0.0,0.428591012955
jc170501,linearsvc_C0.001,5396,0.0203135117228,0.944444444444,0.0,0.0,0.0,undefined,0.0,0.464607000351
jc170501,linearsvc_C0.001,5127,0.0193008477767,0.944444444444,0.0,0.0,0.0,undefined,0.0,0.390408992767
jc170501,linearsvc_C0.001,4871,0.0183371229803,0.944444444444,0.0,0.0,0.0,undefined,0.0,0.344127893448
jc170501,linearsvc_C0.001,4628,0.0174223373338,0.944444444444,0.0,0.0,0.0,undefined,0.0,0.368843078613
jc170501,linearsvc_C0.001,4397,0.0165527262871,0.944444444444,0.0,0.0,0.0,undefined,0.0,0.331078052521
jc170501,linearsvc_C0.001,4178,0.0157282898402,0.944444444444,0.0,0.0,0.0,undefined,0.0,0.270092010498
jc170501,linearsvc_C0.001,3970,0.0149452634432,0.944444444444,0.0,0.0,0.0,undefined,0.0,0.255002975464
jc170501,linearsvc_C0.001,3772,0.014199882546,0.944444444444,0.0,0.0,0.0,undefined,0.0,0.248353004456
jc170501,linearsvc_C0.001,3584,0.0134921471487,0.944444444444,0.0,0.0,0.0,undefined,0.0,0.240509986877
jc170501,linearsvc_C0.001,3405,0.0128182927013,0.944444444444,0.0,0.0,0.0,undefined,0.0,0.195083141327
jc170501,linearsvc_C0.001,3235,0.0121783192037,0.944444444444,0.0,0.0,0.0,undefined,0.0,0.181447982788
jc170501,linearsvc_C0.001,3074,0.011572226656,0.944444444444,0.0,0.0,0.0,undefined,0.0,0.173749923706
jc170501,linearsvc_C0.001,2921,0.0109962505082,0.888888888889,0.0,0.0,0.0,undefined,0.0,0.167503833771
jc170501,linearsvc_C0.001,2775,0.0104466262103,0.944444444444,0.0,0.0,0.0,undefined,0.0,0.127175092697
jc170501,linearsvc_C0.001,2637,0.00992711831228,0.944444444444,0.0,0.0,0.0,undefined,0.0,0.127288818359
jc170501,linearsvc_C0.001,2506,0.00943396226415,0.888888888889,0.0,0.0,0.0,undefined,0.0,0.130966901779
jc170501,linearsvc_C0.001,2381,0.00896339351594,0.944444444444,0.0,0.0,0.0,undefined,0.0,0.118409872055
jc170501,linearsvc_C0.001,2262,0.00851541206764,0.944444444444,0.0,0.0,0.0,undefined,0.0,0.128228902817
jc170501,linearsvc_C0.001,2149,0.00809001791926,0.888888888889,0.0,0.0,0.0,undefined,0.0,0.126227140427
jc170501,linearsvc_C0.001,2042,0.00768721107079,0.888888888889,0.0,0.0,0.0,undefined,0.0,0.12718296051
jc170501,linearsvc_C0.001,1940,0.00730322697225,0.833333333333,0.0,0.0,0.0,undefined,0.0,0.119212865829
jc170501,linearsvc_C0.001,1843,0.00693806562364,0.833333333333,0.0,0.0,0.0,undefined,0.0,0.109852790833
jc170501,linearsvc_C0.001,1751,0.00659172702495,0.944444444444,0.0,0.0,0.0,undefined,0.0,0.103122234344
jc170501,linearsvc_C0.001,1664,0.0062642111762,0.888888888889,0.0,0.0,0.0,undefined,0.0,0.106734991074
jc170501,linearsvc_C0.001,1581,0.00595175352738,0.888888888889,0.0,0.0,0.0,undefined,0.0,0.0982251167297
jc170501,linearsvc_C0.001,1502,0.00565435407851,0.888888888889,0.0,0.0,0.0,undefined,0.0,0.0973110198975
jc170501,linearsvc_C0.001,1427,0.00537201282959,0.888888888889,0.0,0.0,0.0,undefined,0.0,0.0899848937988
jc170501,linearsvc_C0.001,1356,0.0051047297806,0.888888888889,0.0,0.0,0.0,undefined,0.0,0.0903639793396
jc170501,linearsvc_C0.01,265636,1.0,0.888888888889,0.0,0.0,0.0,undefined,0.0,265.310796022
jc170501,linearsvc_C0.01,252355,0.95000301164,0.888888888889,0.0,0.0,0.0,undefined,0.0,252.195791006
jc170501,linearsvc_C0.01,239738,0.90250568447,0.888888888889,0.0,0.0,0.0,undefined,0.0,239.887030125
jc170501,linearsvc_C0.01,227752,0.857383788342,0.888888888889,0.0,0.0,0.0,undefined,0.0,227.354284048
jc170501,linearsvc_C0.01,216365,0.814516857655,0.888888888889,0.0,0.0,0.0,undefined,0.0,216.258938789
jc170501,linearsvc_C0.01,205547,0.77379195591,0.888888888889,0.0,0.0,0.0,undefined,0.0,204.821439981
jc170501,linearsvc_C0.01,195270,0.735103675707,0.888888888889,0.0,0.0,0.0,undefined,0.0,194.903874874
jc170501,linearsvc_C0.01,185507,0.698350374196,0.888888888889,0.0,0.0,0.0,undefined,0.0,200.121771097
jc170501,linearsvc_C0.01,176232,0.663434173079,0.888888888889,0.0,0.0,0.0,undefined,0.0,185.397151947
jc170501,linearsvc_C0.01,167421,0.630264723155,0.888888888889,0.0,0.0,0.0,undefined,0.0,175.605826139
jc170501,linearsvc_C0.01,159050,0.598751675225,0.888888888889,0.0,0.0,0.0,undefined,0.0,167.479819059
jc170501,linearsvc_C0.01,151098,0.568815973738,0.888888888889,0.0,0.0,0.0,undefined,0.0,159.111685038
jc170501,linearsvc_C0.01,143544,0.540378563147,0.888888888889,0.0,0.0,0.0,undefined,0.0,150.418168068
jc170501,linearsvc_C0.01,136367,0.513360387899,0.888888888889,0.0,0.0,0.0,undefined,0.0,143.208475828
jc170501,linearsvc_C0.01,129549,0.487693686097,0.888888888889,0.0,0.0,0.0,undefined,0.0,134.905181885
jc170501,linearsvc_C0.01,123072,0.463310695839,0.888888888889,0.0,0.0,0.0,undefined,0.0,128.00554204
jc170501,linearsvc_C0.01,116919,0.440147419777,0.888888888889,0.0,0.0,0.0,undefined,0.0,121.817785978
jc170501,linearsvc_C0.01,111074,0.418143625111,0.888888888889,0.0,0.0,0.0,undefined,0.0,114.806577921
jc170501,linearsvc_C0.01,105521,0.39723907904,0.888888888889,0.0,0.0,0.0,undefined,0.0,110.269490957
jc170501,linearsvc_C0.01,100245,0.377377313316,0.888888888889,0.0,0.0,0.0,undefined,0.0,103.970092058
jc170501,linearsvc_C0.01,95233,0.358509388788,0.888888888889,0.0,0.0,0.0,undefined,0.0,99.0453901291
jc170501,linearsvc_C0.01,90472,0.340586366306,0.888888888889,0.0,0.0,0.0,undefined,0.0,93.5722279549
jc170501,linearsvc_C0.01,85949,0.32355930672,0.888888888889,0.0,0.0,0.0,undefined,0.0,89.461550951
jc170501,linearsvc_C0.01,81652,0.307383035432,0.888888888889,0.0,0.0,0.0,undefined,0.0,84.4386639595
jc170501,linearsvc_C0.01,77570,0.29201614239,0.888888888889,0.0,0.0,0.0,undefined,0.0,80.1096959114
jc170501,linearsvc_C0.01,73692,0.277417217546,0.888888888889,0.0,0.0,0.0,undefined,0.0,76.2920079231
jc170501,linearsvc_C0.01,70008,0.263548615399,0.888888888889,0.0,0.0,0.0,undefined,0.0,72.3217761517
jc170501,linearsvc_C0.01,66508,0.250372690449,0.888888888889,0.0,0.0,0.0,undefined,0.0,68.4890019894
jc170501,linearsvc_C0.01,63183,0.237855561746,0.888888888889,0.0,0.0,0.0,undefined,0.0,64.7783229351
jc170501,linearsvc_C0.01,60024,0.225963348341,0.888888888889,0.0,0.0,0.0,undefined,0.0,61.5855879784
jc170501,linearsvc_C0.01,57023,0.214665933834,0.888888888889,0.0,0.0,0.0,undefined,0.0,59.0705900192
jc170501,linearsvc_C0.01,54172,0.203933201825,0.888888888889,0.0,0.0,0.0,undefined,0.0,55.8207681179
jc170501,linearsvc_C0.01,51464,0.193738800464,0.888888888889,0.0,0.0,0.0,undefined,0.0,53.436866045
jc170501,linearsvc_C0.01,48891,0.184052613351,0.888888888889,0.0,0.0,0.0,undefined,0.0,50.272383213
jc170501,linearsvc_C0.01,46447,0.174852053186,0.888888888889,0.0,0.0,0.0,undefined,0.0,48.0708401203
jc170501,linearsvc_C0.01,44125,0.166110768119,0.888888888889,0.0,0.0,0.0,undefined,0.0,45.771324873
jc170501,linearsvc_C0.01,41919,0.15780617085,0.888888888889,0.0,0.0,0.0,undefined,0.0,43.3894100189
jc170501,linearsvc_C0.01,39824,0.14991943863,0.833333333333,0.0,0.0,0.0,undefined,0.0,41.1031451225
jc170501,linearsvc_C0.01,37833,0.142424219609,0.833333333333,0.0,0.0,0.0,undefined,0.0,38.8255050182
jc170501,linearsvc_C0.01,35942,0.135305455586,0.833333333333,0.0,0.0,0.0,undefined,0.0,33.654966116
jc170501,linearsvc_C0.01,34145,0.128540559262,0.833333333333,0.0,0.0,0.0,undefined,0.0,35.0092730522
jc170501,linearsvc_C0.01,32438,0.122114472436,0.833333333333,0.0,0.0,0.0,undefined,0.0,33.3964960575
jc170501,linearsvc_C0.01,30817,0.116012136909,0.833333333333,0.0,0.0,0.0,undefined,0.0,27.1472010612
jc170501,linearsvc_C0.01,29277,0.110214729931,0.833333333333,0.0,0.0,0.0,undefined,0.0,29.8568618298
jc170501,linearsvc_C0.01,27814,0.104707193302,0.833333333333,0.0,0.0,0.0,undefined,0.0,28.820510149
jc170501,linearsvc_C0.01,26424,0.099474468822,0.888888888889,0.0,0.0,0.0,undefined,0.0,26.8551361561
jc170501,linearsvc_C0.01,25103,0.0945014982909,0.888888888889,0.0,0.0,0.0,undefined,0.0,25.2934010029
jc170501,linearsvc_C0.01,23848,0.0897769880588,0.888888888889,0.0,0.0,0.0,undefined,0.0,24.3930199146
jc170501,linearsvc_C0.01,22656,0.0852896444759,0.888888888889,0.0,0.0,0.0,undefined,0.0,21.1846940517
jc170501,linearsvc_C0.01,21524,0.0810281738921,0.888888888889,0.0,0.0,0.0,undefined,0.0,13.8318810463
jc170501,linearsvc_C0.01,20448,0.0769775181075,0.888888888889,0.0,0.0,0.0,undefined,0.0,16.9536700249
jc170501,linearsvc_C0.01,19426,0.0731301480221,0.888888888889,0.0,0.0,0.0,undefined,0.0,15.9938709736
jc170501,linearsvc_C0.01,18455,0.069474769986,0.833333333333,0.0,0.0,0.0,undefined,0.0,17.5588979721
jc170501,linearsvc_C0.01,17533,0.0660038548992,0.833333333333,0.0,0.0,0.0,undefined,0.0,12.7686638832
jc170501,linearsvc_C0.01,16657,0.0627061091117,0.833333333333,0.0,0.0,0.0,undefined,0.0,9.15492916107
jc170501,linearsvc_C0.01,15825,0.0595740035236,0.833333333333,0.0,0.0,0.0,undefined,0.0,10.1070709229
jc170501,linearsvc_C0.01,15034,0.0565962444849,0.833333333333,0.0,0.0,0.0,undefined,0.0,11.5339450836
jc170501,linearsvc_C0.01,14283,0.0537690674457,0.888888888889,0.0,0.0,0.0,undefined,0.0,9.44277906418
jc170501,linearsvc_C0.01,13569,0.0510811787559,0.833333333333,0.0,0.0,0.0,undefined,0.0,6.52291798592
jc170501,linearsvc_C0.01,12891,0.0485288138656,0.888888888889,0.0,0.0,0.0,undefined,0.0,8.10674715042
jc170501,linearsvc_C0.01,12247,0.0461044436748,0.888888888889,0.0,0.0,0.0,undefined,0.0,5.49104809761
jc170501,linearsvc_C0.01,11635,0.0438005390836,0.888888888889,0.0,0.0,0.0,undefined,0.0,4.39505910873
jc170501,linearsvc_C0.01,11054,0.0416133355419,0.888888888889,0.0,0.0,0.0,undefined,0.0,5.29392194748
jc170501,linearsvc_C0.01,10502,0.0395353039498,0.888888888889,0.0,0.0,0.0,undefined,0.0,3.93175506592
jc170501,linearsvc_C0.01,9977,0.0375589152073,0.888888888889,0.0,0.0,0.0,undefined,0.0,5.09420108795
jc170501,linearsvc_C0.01,9479,0.0356841693144,0.944444444444,0.0,0.0,0.0,undefined,0.0,3.10815405846
jc170501,linearsvc_C0.01,9006,0.0339035371712,0.944444444444,0.0,0.0,0.0,undefined,0.0,2.76795887947
jc170501,linearsvc_C0.01,8556,0.0322094896776,0.944444444444,0.0,0.0,0.0,undefined,0.0,2.56355476379
jc170501,linearsvc_C0.01,8129,0.0306020268337,0.944444444444,0.0,0.0,0.0,undefined,0.0,2.36455512047
jc170501,linearsvc_C0.01,7723,0.0290736195395,0.944444444444,0.0,0.0,0.0,undefined,0.0,2.81257891655
jc170501,linearsvc_C0.01,7337,0.027620503245,0.944444444444,0.0,0.0,0.0,undefined,0.0,1.84930491447
jc170501,linearsvc_C0.01,6971,0.0262426779503,0.944444444444,0.0,0.0,0.0,undefined,0.0,1.93516802788
jc170501,linearsvc_C0.01,6623,0.0249326145553,0.944444444444,0.0,0.0,0.0,undefined,0.0,1.83417105675
jc170501,linearsvc_C0.01,6292,0.02368654851,0.944444444444,0.0,0.0,0.0,undefined,0.0,1.72378492355
jc170501,linearsvc_C0.01,5978,0.0225044798145,0.944444444444,0.0,0.0,0.0,undefined,0.0,1.37316703796
jc170501,linearsvc_C0.01,5680,0.0213826439187,0.944444444444,0.0,0.0,0.0,undefined,0.0,1.18209815025
jc170501,linearsvc_C0.01,5396,0.0203135117228,0.944444444444,0.0,0.0,0.0,undefined,0.0,1.59509301186
jc170501,linearsvc_C0.01,5127,0.0193008477767,0.944444444444,0.0,0.0,0.0,undefined,0.0,1.48679018021
jc170501,linearsvc_C0.01,4871,0.0183371229803,0.944444444444,0.0,0.0,0.0,undefined,0.0,1.20574903488
jc170501,linearsvc_C0.01,4628,0.0174223373338,0.944444444444,0.0,0.0,0.0,undefined,0.0,1.17207598686
jc170501,linearsvc_C0.01,4397,0.0165527262871,0.944444444444,0.0,0.0,0.0,undefined,0.0,0.753603935242
jc170501,linearsvc_C0.01,4178,0.0157282898402,0.944444444444,0.0,0.0,0.0,undefined,0.0,0.986869096756
jc170501,linearsvc_C0.01,3970,0.0149452634432,0.944444444444,0.0,0.0,0.0,undefined,0.0,0.756732225418
jc170501,linearsvc_C0.01,3772,0.014199882546,0.944444444444,0.0,0.0,0.0,undefined,0.0,0.791170835495
jc170501,linearsvc_C0.01,3584,0.0134921471487,0.944444444444,0.0,0.0,0.0,undefined,0.0,0.836707115173
jc170501,linearsvc_C0.01,3405,0.0128182927013,0.944444444444,0.0,0.0,0.0,undefined,0.0,0.508414983749
jc170501,linearsvc_C0.01,3235,0.0121783192037,0.944444444444,0.0,0.0,0.0,undefined,0.0,0.477458000183
jc170501,linearsvc_C0.01,3074,0.011572226656,0.944444444444,0.0,0.0,0.0,undefined,0.0,0.41210103035
jc170501,linearsvc_C0.01,2921,0.0109962505082,0.944444444444,0.0,0.0,0.0,undefined,0.0,0.403454065323
jc170501,linearsvc_C0.01,2775,0.0104466262103,0.944444444444,0.0,0.0,0.0,undefined,0.0,0.52879691124
jc170501,linearsvc_C0.01,2637,0.00992711831228,0.944444444444,0.0,0.0,0.0,undefined,0.0,0.357913970947
jc170501,linearsvc_C0.01,2506,0.00943396226415,0.944444444444,0.0,0.0,0.0,undefined,0.0,0.368371009827
jc170501,linearsvc_C0.01,2381,0.00896339351594,0.944444444444,0.0,0.0,0.0,undefined,0.0,0.270198106766
jc170501,linearsvc_C0.01,2262,0.00851541206764,0.944444444444,0.0,0.0,0.0,undefined,0.0,0.233819007874
jc170501,linearsvc_C0.01,2149,0.00809001791926,0.944444444444,0.0,0.0,0.0,undefined,0.0,0.267395019531
jc170501,linearsvc_C0.01,2042,0.00768721107079,0.944444444444,0.0,0.0,0.0,undefined,0.0,0.276639938354
jc170501,linearsvc_C0.01,1940,0.00730322697225,0.944444444444,0.0,0.0,0.0,undefined,0.0,0.242038011551
jc170501,linearsvc_C0.01,1843,0.00693806562364,0.944444444444,0.0,0.0,0.0,undefined,0.0,0.227167844772
jc170501,linearsvc_C0.01,1751,0.00659172702495,0.944444444444,0.0,0.0,0.0,undefined,0.0,0.20333313942
jc170501,linearsvc_C0.01,1664,0.0062642111762,0.944444444444,0.0,0.0,0.0,undefined,0.0,0.186676025391
jc170501,linearsvc_C0.01,1581,0.00595175352738,0.944444444444,0.0,0.0,0.0,undefined,0.0,0.198738098145
jc170501,linearsvc_C0.01,1502,0.00565435407851,0.944444444444,0.0,0.0,0.0,undefined,0.0,0.190649032593
jc170501,linearsvc_C0.01,1427,0.00537201282959,0.944444444444,0.0,0.0,0.0,undefined,0.0,0.175652980804
jc170501,linearsvc_C0.01,1356,0.0051047297806,0.944444444444,0.0,0.0,0.0,undefined,0.0,0.147377967834
jc170501,linearsvc_C0.1,265636,1.0,0.888888888889,0.0,0.0,0.0,undefined,0.0,27.5027029514
jc170501,linearsvc_C0.1,252355,0.95000301164,0.888888888889,0.0,0.0,0.0,undefined,0.0,22.2917490005
jc170501,linearsvc_C0.1,239738,0.90250568447,0.888888888889,0.0,0.0,0.0,undefined,0.0,123.025433064
jc170501,linearsvc_C0.1,227752,0.857383788342,0.888888888889,0.0,0.0,0.0,undefined,0.0,25.8412778378
jc170501,linearsvc_C0.1,216365,0.814516857655,0.888888888889,0.0,0.0,0.0,undefined,0.0,42.6875970364
jc170501,linearsvc_C0.1,205547,0.77379195591,0.888888888889,0.0,0.0,0.0,undefined,0.0,81.7764239311
jc170501,linearsvc_C0.1,195270,0.735103675707,0.888888888889,0.0,0.0,0.0,undefined,0.0,18.5661718845
jc170501,linearsvc_C0.1,185507,0.698350374196,0.888888888889,0.0,0.0,0.0,undefined,0.0,50.7158298492
jc170501,linearsvc_C0.1,176232,0.663434173079,0.888888888889,0.0,0.0,0.0,undefined,0.0,99.3482098579
jc170501,linearsvc_C0.1,167421,0.630264723155,0.888888888889,0.0,0.0,0.0,undefined,0.0,33.1098470688
jc170501,linearsvc_C0.1,159050,0.598751675225,0.888888888889,0.0,0.0,0.0,undefined,0.0,139.226771832
jc170501,linearsvc_C0.1,151098,0.568815973738,0.888888888889,0.0,0.0,0.0,undefined,0.0,70.1266679764
jc170501,linearsvc_C0.1,143544,0.540378563147,0.888888888889,0.0,0.0,0.0,undefined,0.0,37.3118679523
jc170501,linearsvc_C0.1,136367,0.513360387899,0.888888888889,0.0,0.0,0.0,undefined,0.0,43.6092808247
jc170501,linearsvc_C0.1,129549,0.487693686097,0.888888888889,0.0,0.0,0.0,undefined,0.0,106.018563032
jc170501,linearsvc_C0.1,123072,0.463310695839,0.888888888889,0.0,0.0,0.0,undefined,0.0,52.381262064
jc170501,linearsvc_C0.1,116919,0.440147419777,0.888888888889,0.0,0.0,0.0,undefined,0.0,35.261826992
jc170501,linearsvc_C0.1,111074,0.418143625111,0.888888888889,0.0,0.0,0.0,undefined,0.0,96.385545969
jc170501,linearsvc_C0.1,105521,0.39723907904,0.888888888889,0.0,0.0,0.0,undefined,0.0,105.619923115
jc170501,linearsvc_C0.1,100245,0.377377313316,0.888888888889,0.0,0.0,0.0,undefined,0.0,79.0829851627
jc170501,linearsvc_C0.1,95233,0.358509388788,0.888888888889,0.0,0.0,0.0,undefined,0.0,80.045331955
jc170501,linearsvc_C0.1,90472,0.340586366306,0.888888888889,0.0,0.0,0.0,undefined,0.0,96.9955408573
jc170501,linearsvc_C0.1,85949,0.32355930672,0.888888888889,0.0,0.0,0.0,undefined,0.0,81.1373269558
jc170501,linearsvc_C0.1,81652,0.307383035432,0.888888888889,0.0,0.0,0.0,undefined,0.0,79.1096332073
jc170501,linearsvc_C0.1,77570,0.29201614239,0.888888888889,0.0,0.0,0.0,undefined,0.0,82.9734890461
jc170501,linearsvc_C0.1,73692,0.277417217546,0.888888888889,0.0,0.0,0.0,undefined,0.0,76.9408421516
jc170501,linearsvc_C0.1,70008,0.263548615399,0.888888888889,0.0,0.0,0.0,undefined,0.0,74.8180449009
jc170501,linearsvc_C0.1,66508,0.250372690449,0.888888888889,0.0,0.0,0.0,undefined,0.0,70.2428088188
jc170501,linearsvc_C0.1,63183,0.237855561746,0.888888888889,0.0,0.0,0.0,undefined,0.0,66.769318819
jc170501,linearsvc_C0.1,60024,0.225963348341,0.888888888889,0.0,0.0,0.0,undefined,0.0,62.6286671162
jc170501,linearsvc_C0.1,57023,0.214665933834,0.888888888889,0.0,0.0,0.0,undefined,0.0,61.2639379501
jc170501,linearsvc_C0.1,54172,0.203933201825,0.888888888889,0.0,0.0,0.0,undefined,0.0,57.5856120586
jc170501,linearsvc_C0.1,51464,0.193738800464,0.888888888889,0.0,0.0,0.0,undefined,0.0,53.9404251575
jc170501,linearsvc_C0.1,48891,0.184052613351,0.888888888889,0.0,0.0,0.0,undefined,0.0,50.6540019512
jc170501,linearsvc_C0.1,46447,0.174852053186,0.888888888889,0.0,0.0,0.0,undefined,0.0,48.4850971699
jc170501,linearsvc_C0.1,44125,0.166110768119,0.888888888889,0.0,0.0,0.0,undefined,0.0,48.0548388958
jc170501,linearsvc_C0.1,41919,0.15780617085,0.888888888889,0.0,0.0,0.0,undefined,0.0,44.4003281593
jc170501,linearsvc_C0.1,39824,0.14991943863,0.888888888889,0.0,0.0,0.0,undefined,0.0,41.7248151302
jc170501,linearsvc_C0.1,37833,0.142424219609,0.888888888889,0.0,0.0,0.0,undefined,0.0,38.763561964
jc170501,linearsvc_C0.1,35942,0.135305455586,0.888888888889,0.0,0.0,0.0,undefined,0.0,36.84187603
jc170501,linearsvc_C0.1,34145,0.128540559262,0.888888888889,0.0,0.0,0.0,undefined,0.0,34.891518116
jc170501,linearsvc_C0.1,32438,0.122114472436,0.888888888889,0.0,0.0,0.0,undefined,0.0,35.3752901554
jc170501,linearsvc_C0.1,30817,0.116012136909,0.888888888889,0.0,0.0,0.0,undefined,0.0,31.8425891399
jc170501,linearsvc_C0.1,29277,0.110214729931,0.888888888889,0.0,0.0,0.0,undefined,0.0,30.4749929905
jc170501,linearsvc_C0.1,27814,0.104707193302,0.888888888889,0.0,0.0,0.0,undefined,0.0,29.5643129349
jc170501,linearsvc_C0.1,26424,0.099474468822,0.888888888889,0.0,0.0,0.0,undefined,0.0,27.2080991268
jc170501,linearsvc_C0.1,25103,0.0945014982909,0.888888888889,0.0,0.0,0.0,undefined,0.0,25.7928090096
jc170501,linearsvc_C0.1,23848,0.0897769880588,0.888888888889,0.0,0.0,0.0,undefined,0.0,24.3910288811
jc170501,linearsvc_C0.1,22656,0.0852896444759,0.888888888889,0.0,0.0,0.0,undefined,0.0,23.0084249973
jc170501,linearsvc_C0.1,21524,0.0810281738921,0.888888888889,0.0,0.0,0.0,undefined,0.0,22.0735189915
jc170501,linearsvc_C0.1,20448,0.0769775181075,0.888888888889,0.0,0.0,0.0,undefined,0.0,22.4967570305
jc170501,linearsvc_C0.1,19426,0.0731301480221,0.888888888889,0.0,0.0,0.0,undefined,0.0,20.150539875
jc170501,linearsvc_C0.1,18455,0.069474769986,0.888888888889,0.0,0.0,0.0,undefined,0.0,18.9337799549
jc170501,linearsvc_C0.1,17533,0.0660038548992,0.888888888889,0.0,0.0,0.0,undefined,0.0,18.0559341908
jc170501,linearsvc_C0.1,16657,0.0627061091117,0.888888888889,0.0,0.0,0.0,undefined,0.0,16.868940115
jc170501,linearsvc_C0.1,15825,0.0595740035236,0.888888888889,0.0,0.0,0.0,undefined,0.0,16.7161369324
jc170501,linearsvc_C0.1,15034,0.0565962444849,0.888888888889,0.0,0.0,0.0,undefined,0.0,15.1476819515
jc170501,linearsvc_C0.1,14283,0.0537690674457,0.888888888889,0.0,0.0,0.0,undefined,0.0,14.118060112
jc170501,linearsvc_C0.1,13569,0.0510811787559,0.888888888889,0.0,0.0,0.0,undefined,0.0,13.21707201
jc170501,linearsvc_C0.1,12891,0.0485288138656,0.888888888889,0.0,0.0,0.0,undefined,0.0,12.6303529739
jc170501,linearsvc_C0.1,12247,0.0461044436748,0.888888888889,0.0,0.0,0.0,undefined,0.0,11.8965489864
jc170501,linearsvc_C0.1,11635,0.0438005390836,0.888888888889,0.0,0.0,0.0,undefined,0.0,11.1921010017
jc170501,linearsvc_C0.1,11054,0.0416133355419,0.888888888889,0.0,0.0,0.0,undefined,0.0,10.465914011
jc170501,linearsvc_C0.1,10502,0.0395353039498,0.888888888889,0.0,0.0,0.0,undefined,0.0,9.94414496422
jc170501,linearsvc_C0.1,9977,0.0375589152073,0.888888888889,0.0,0.0,0.0,undefined,0.0,9.48356795311
jc170501,linearsvc_C0.1,9479,0.0356841693144,0.888888888889,0.0,0.0,0.0,undefined,0.0,8.86850810051
jc170501,linearsvc_C0.1,9006,0.0339035371712,0.888888888889,0.0,0.0,0.0,undefined,0.0,8.364579916
jc170501,linearsvc_C0.1,8556,0.0322094896776,0.888888888889,0.0,0.0,0.0,undefined,0.0,7.93443202972
jc170501,linearsvc_C0.1,8129,0.0306020268337,0.888888888889,0.0,0.0,0.0,undefined,0.0,8.09197807312
jc170501,linearsvc_C0.1,7723,0.0290736195395,0.888888888889,0.0,0.0,0.0,undefined,0.0,7.6335670948
jc170501,linearsvc_C0.1,7337,0.027620503245,0.888888888889,0.0,0.0,0.0,undefined,0.0,6.52719306946
jc170501,linearsvc_C0.1,6971,0.0262426779503,0.888888888889,0.0,0.0,0.0,undefined,0.0,6.72974300385
jc170501,linearsvc_C0.1,6623,0.0249326145553,0.888888888889,0.0,0.0,0.0,undefined,0.0,5.29430985451
jc170501,linearsvc_C0.1,6292,0.02368654851,0.888888888889,0.0,0.0,0.0,undefined,0.0,6.1189789772
jc170501,linearsvc_C0.1,5978,0.0225044798145,0.888888888889,0.0,0.0,0.0,undefined,0.0,5.52972388268
jc170501,linearsvc_C0.1,5680,0.0213826439187,0.888888888889,0.0,0.0,0.0,undefined,0.0,5.01665496826
jc170501,linearsvc_C0.1,5396,0.0203135117228,0.888888888889,0.0,0.0,0.0,undefined,0.0,3.87776517868
jc170501,linearsvc_C0.1,5127,0.0193008477767,0.888888888889,0.0,0.0,0.0,undefined,0.0,4.59996700287
jc170501,linearsvc_C0.1,4871,0.0183371229803,0.888888888889,0.0,0.0,0.0,undefined,0.0,4.30954098701
jc170501,linearsvc_C0.1,4628,0.0174223373338,0.888888888889,0.0,0.0,0.0,undefined,0.0,3.50951290131
jc170501,linearsvc_C0.1,4397,0.0165527262871,0.888888888889,0.0,0.0,0.0,undefined,0.0,3.84690213203
jc170501,linearsvc_C0.1,4178,0.0157282898402,0.888888888889,0.0,0.0,0.0,undefined,0.0,3.5576198101
jc170501,linearsvc_C0.1,3970,0.0149452634432,0.888888888889,0.0,0.0,0.0,undefined,0.0,3.33927893639
jc170501,linearsvc_C0.1,3772,0.014199882546,0.888888888889,0.0,0.0,0.0,undefined,0.0,2.72672891617
jc170501,linearsvc_C0.1,3584,0.0134921471487,0.833333333333,0.0,0.0,0.0,undefined,0.0,2.2889149189
jc170501,linearsvc_C0.1,3405,0.0128182927013,0.833333333333,0.0,0.0,0.0,undefined,0.0,1.93967986107
jc170501,linearsvc_C0.1,3235,0.0121783192037,0.833333333333,0.0,0.0,0.0,undefined,0.0,2.26941204071
jc170501,linearsvc_C0.1,3074,0.011572226656,0.833333333333,0.0,0.0,0.0,undefined,0.0,1.9773349762
jc170501,linearsvc_C0.1,2921,0.0109962505082,0.833333333333,0.0,0.0,0.0,undefined,0.0,1.39490604401
jc170501,linearsvc_C0.1,2775,0.0104466262103,0.833333333333,0.0,0.0,0.0,undefined,0.0,1.7177760601
jc170501,linearsvc_C0.1,2637,0.00992711831228,0.833333333333,0.0,0.0,0.0,undefined,0.0,1.37570214272
jc170501,linearsvc_C0.1,2506,0.00943396226415,0.833333333333,0.0,0.0,0.0,undefined,0.0,1.65990114212
jc170501,linearsvc_C0.1,2381,0.00896339351594,0.833333333333,0.0,0.0,0.0,undefined,0.0,1.21167802811
jc170501,linearsvc_C0.1,2262,0.00851541206764,0.833333333333,0.0,0.0,0.0,undefined,0.0,1.27739500999
jc170501,linearsvc_C0.1,2149,0.00809001791926,0.833333333333,0.0,0.0,0.0,undefined,0.0,1.42634797096
jc170501,linearsvc_C0.1,2042,0.00768721107079,0.833333333333,0.0,0.0,0.0,undefined,0.0,0.885611057281
jc170501,linearsvc_C0.1,1940,0.00730322697225,0.833333333333,0.0,0.0,0.0,undefined,0.0,0.993641853333
jc170501,linearsvc_C0.1,1843,0.00693806562364,0.833333333333,0.0,0.0,0.0,undefined,0.0,0.757364034653
jc170501,linearsvc_C0.1,1751,0.00659172702495,0.833333333333,0.0,0.0,0.0,undefined,0.0,0.764535188675
jc170501,linearsvc_C0.1,1664,0.0062642111762,0.833333333333,0.0,0.0,0.0,undefined,0.0,0.678939819336
jc170501,linearsvc_C0.1,1581,0.00595175352738,0.833333333333,0.0,0.0,0.0,undefined,0.0,0.650959968567
jc170501,linearsvc_C0.1,1502,0.00565435407851,0.888888888889,0.0,0.0,0.0,undefined,0.0,0.655210018158
jc170501,linearsvc_C0.1,1427,0.00537201282959,0.888888888889,0.0,0.0,0.0,undefined,0.0,0.651855945587
jc170501,linearsvc_C0.1,1356,0.0051047297806,0.888888888889,0.0,0.0,0.0,undefined,0.0,0.411936998367
jc170501,linearsvc_C1.0,265636,1.0,0.888888888889,0.0,0.0,0.0,undefined,0.0,19.236702919
jc170501,linearsvc_C1.0,252355,0.95000301164,0.888888888889,0.0,0.0,0.0,undefined,0.0,18.1837120056
jc170501,linearsvc_C1.0,239738,0.90250568447,0.888888888889,0.0,0.0,0.0,undefined,0.0,16.797770977
jc170501,linearsvc_C1.0,227752,0.857383788342,0.888888888889,0.0,0.0,0.0,undefined,0.0,14.1808159351
jc170501,linearsvc_C1.0,216365,0.814516857655,0.888888888889,0.0,0.0,0.0,undefined,0.0,13.4691710472
jc170501,linearsvc_C1.0,205547,0.77379195591,0.888888888889,0.0,0.0,0.0,undefined,0.0,12.6072189808
jc170501,linearsvc_C1.0,195270,0.735103675707,0.888888888889,0.0,0.0,0.0,undefined,0.0,12.0757000446
jc170501,linearsvc_C1.0,185507,0.698350374196,0.888888888889,0.0,0.0,0.0,undefined,0.0,11.6445939541
jc170501,linearsvc_C1.0,176232,0.663434173079,0.888888888889,0.0,0.0,0.0,undefined,0.0,10.3460929394
jc170501,linearsvc_C1.0,167421,0.630264723155,0.888888888889,0.0,0.0,0.0,undefined,0.0,9.8310739994
jc170501,linearsvc_C1.0,159050,0.598751675225,0.888888888889,0.0,0.0,0.0,undefined,0.0,9.00830292702
jc170501,linearsvc_C1.0,151098,0.568815973738,0.888888888889,0.0,0.0,0.0,undefined,0.0,9.00073194504
jc170501,linearsvc_C1.0,143544,0.540378563147,0.888888888889,0.0,0.0,0.0,undefined,0.0,8.20240402222
jc170501,linearsvc_C1.0,136367,0.513360387899,0.888888888889,0.0,0.0,0.0,undefined,0.0,7.35359597206
jc170501,linearsvc_C1.0,129549,0.487693686097,0.888888888889,0.0,0.0,0.0,undefined,0.0,7.06900405884
jc170501,linearsvc_C1.0,123072,0.463310695839,0.888888888889,0.0,0.0,0.0,undefined,0.0,6.54981803894
jc170501,linearsvc_C1.0,116919,0.440147419777,0.888888888889,0.0,0.0,0.0,undefined,0.0,6.06687498093
jc170501,linearsvc_C1.0,111074,0.418143625111,0.888888888889,0.0,0.0,0.0,undefined,0.0,5.78062105179
jc170501,linearsvc_C1.0,105521,0.39723907904,0.888888888889,0.0,0.0,0.0,undefined,0.0,5.60004615784
jc170501,linearsvc_C1.0,100245,0.377377313316,0.888888888889,0.0,0.0,0.0,undefined,0.0,5.11151814461
jc170501,linearsvc_C1.0,95233,0.358509388788,0.888888888889,0.0,0.0,0.0,undefined,0.0,5.06991195679
jc170501,linearsvc_C1.0,90472,0.340586366306,0.888888888889,0.0,0.0,0.0,undefined,0.0,4.55739593506
jc170501,linearsvc_C1.0,85949,0.32355930672,0.888888888889,0.0,0.0,0.0,undefined,0.0,4.50808787346
jc170501,linearsvc_C1.0,81652,0.307383035432,0.888888888889,0.0,0.0,0.0,undefined,0.0,4.19261097908
jc170501,linearsvc_C1.0,77570,0.29201614239,0.888888888889,0.0,0.0,0.0,undefined,0.0,3.76897001266
jc170501,linearsvc_C1.0,73692,0.277417217546,0.888888888889,0.0,0.0,0.0,undefined,0.0,3.69499111176
jc170501,linearsvc_C1.0,70008,0.263548615399,0.888888888889,0.0,0.0,0.0,undefined,0.0,3.48524594307
jc170501,linearsvc_C1.0,66508,0.250372690449,0.888888888889,0.0,0.0,0.0,undefined,0.0,3.25908088684
jc170501,linearsvc_C1.0,63183,0.237855561746,0.888888888889,0.0,0.0,0.0,undefined,0.0,3.39667892456
jc170501,linearsvc_C1.0,60024,0.225963348341,0.888888888889,0.0,0.0,0.0,undefined,0.0,3.20111989975
jc170501,linearsvc_C1.0,57023,0.214665933834,0.888888888889,0.0,0.0,0.0,undefined,0.0,3.68041610718
jc170501,linearsvc_C1.0,54172,0.203933201825,0.888888888889,0.0,0.0,0.0,undefined,0.0,2.80844807625
jc170501,linearsvc_C1.0,51464,0.193738800464,0.888888888889,0.0,0.0,0.0,undefined,0.0,2.62722015381
jc170501,linearsvc_C1.0,48891,0.184052613351,0.888888888889,0.0,0.0,0.0,undefined,0.0,2.51164197922
jc170501,linearsvc_C1.0,46447,0.174852053186,0.888888888889,0.0,0.0,0.0,undefined,0.0,2.31195998192
jc170501,linearsvc_C1.0,44125,0.166110768119,0.888888888889,0.0,0.0,0.0,undefined,0.0,2.04608201981
jc170501,linearsvc_C1.0,41919,0.15780617085,0.888888888889,0.0,0.0,0.0,undefined,0.0,1.96350288391
jc170501,linearsvc_C1.0,39824,0.14991943863,0.888888888889,0.0,0.0,0.0,undefined,0.0,1.86058306694
jc170501,linearsvc_C1.0,37833,0.142424219609,0.888888888889,0.0,0.0,0.0,undefined,0.0,1.77208709717
jc170501,linearsvc_C1.0,35942,0.135305455586,0.888888888889,0.0,0.0,0.0,undefined,0.0,1.66997289658
jc170501,linearsvc_C1.0,34145,0.128540559262,0.888888888889,0.0,0.0,0.0,undefined,0.0,1.53401589394
jc170501,linearsvc_C1.0,32438,0.122114472436,0.888888888889,0.0,0.0,0.0,undefined,0.0,1.50145292282
jc170501,linearsvc_C1.0,30817,0.116012136909,0.888888888889,0.0,0.0,0.0,undefined,0.0,1.29567790031
jc170501,linearsvc_C1.0,29277,0.110214729931,0.888888888889,0.0,0.0,0.0,undefined,0.0,1.24474215508
jc170501,linearsvc_C1.0,27814,0.104707193302,0.888888888889,0.0,0.0,0.0,undefined,0.0,1.18425297737
jc170501,linearsvc_C1.0,26424,0.099474468822,0.888888888889,0.0,0.0,0.0,undefined,0.0,1.09713888168
jc170501,linearsvc_C1.0,25103,0.0945014982909,0.888888888889,0.0,0.0,0.0,undefined,0.0,1.06725883484
jc170501,linearsvc_C1.0,23848,0.0897769880588,0.888888888889,0.0,0.0,0.0,undefined,0.0,1.06926989555
jc170501,linearsvc_C1.0,22656,0.0852896444759,0.888888888889,0.0,0.0,0.0,undefined,0.0,0.94575214386
jc170501,linearsvc_C1.0,21524,0.0810281738921,0.888888888889,0.0,0.0,0.0,undefined,0.0,0.94948887825
jc170501,linearsvc_C1.0,20448,0.0769775181075,0.888888888889,0.0,0.0,0.0,undefined,0.0,0.916965007782
jc170501,linearsvc_C1.0,19426,0.0731301480221,0.888888888889,0.0,0.0,0.0,undefined,0.0,0.841836214066
jc170501,linearsvc_C1.0,18455,0.069474769986,0.888888888889,0.0,0.0,0.0,undefined,0.0,0.756522893906
jc170501,linearsvc_C1.0,17533,0.0660038548992,0.888888888889,0.0,0.0,0.0,undefined,0.0,0.731477022171
jc170501,linearsvc_C1.0,16657,0.0627061091117,0.888888888889,0.0,0.0,0.0,undefined,0.0,0.698187828064
jc170501,linearsvc_C1.0,15825,0.0595740035236,0.888888888889,0.0,0.0,0.0,undefined,0.0,0.721435070038
jc170501,linearsvc_C1.0,15034,0.0565962444849,0.888888888889,0.0,0.0,0.0,undefined,0.0,0.588250875473
jc170501,linearsvc_C1.0,14283,0.0537690674457,0.888888888889,0.0,0.0,0.0,undefined,0.0,0.582867860794
jc170501,linearsvc_C1.0,13569,0.0510811787559,0.888888888889,0.0,0.0,0.0,undefined,0.0,0.546226978302
jc170501,linearsvc_C1.0,12891,0.0485288138656,0.888888888889,0.0,0.0,0.0,undefined,0.0,0.510973930359
jc170501,linearsvc_C1.0,12247,0.0461044436748,0.888888888889,0.0,0.0,0.0,undefined,0.0,0.492486000061
jc170501,linearsvc_C1.0,11635,0.0438005390836,0.888888888889,0.0,0.0,0.0,undefined,0.0,0.453654050827
jc170501,linearsvc_C1.0,11054,0.0416133355419,0.888888888889,0.0,0.0,0.0,undefined,0.0,0.425626039505
jc170501,linearsvc_C1.0,10502,0.0395353039498,0.888888888889,0.0,0.0,0.0,undefined,0.0,0.379954099655
jc170501,linearsvc_C1.0,9977,0.0375589152073,0.888888888889,0.0,0.0,0.0,undefined,0.0,0.361649990082
jc170501,linearsvc_C1.0,9479,0.0356841693144,0.888888888889,0.0,0.0,0.0,undefined,0.0,0.331435918808
jc170501,linearsvc_C1.0,9006,0.0339035371712,0.888888888889,0.0,0.0,0.0,undefined,0.0,0.324075937271
jc170501,linearsvc_C1.0,8556,0.0322094896776,0.888888888889,0.0,0.0,0.0,undefined,0.0,0.335999011993
jc170501,linearsvc_C1.0,8129,0.0306020268337,0.888888888889,0.0,0.0,0.0,undefined,0.0,0.291057109833
jc170501,linearsvc_C1.0,7723,0.0290736195395,0.888888888889,0.0,0.0,0.0,undefined,0.0,0.283128976822
jc170501,linearsvc_C1.0,7337,0.027620503245,0.888888888889,0.0,0.0,0.0,undefined,0.0,0.246932983398
jc170501,linearsvc_C1.0,6971,0.0262426779503,0.888888888889,0.0,0.0,0.0,undefined,0.0,0.253094911575
jc170501,linearsvc_C1.0,6623,0.0249326145553,0.888888888889,0.0,0.0,0.0,undefined,0.0,0.238362789154
jc170501,linearsvc_C1.0,6292,0.02368654851,0.888888888889,0.0,0.0,0.0,undefined,0.0,0.246438026428
jc170501,linearsvc_C1.0,5978,0.0225044798145,0.888888888889,0.0,0.0,0.0,undefined,0.0,0.203467130661
jc170501,linearsvc_C1.0,5680,0.0213826439187,0.888888888889,0.0,0.0,0.0,undefined,0.0,0.213485956192
jc170501,linearsvc_C1.0,5396,0.0203135117228,0.888888888889,0.0,0.0,0.0,undefined,0.0,0.212829113007
jc170501,linearsvc_C1.0,5127,0.0193008477767,0.888888888889,0.0,0.0,0.0,undefined,0.0,0.158514976501
jc170501,linearsvc_C1.0,4871,0.0183371229803,0.888888888889,0.0,0.0,0.0,undefined,0.0,0.186593055725
jc170501,linearsvc_C1.0,4628,0.0174223373338,0.888888888889,0.0,0.0,0.0,undefined,0.0,0.277511119843
jc170501,linearsvc_C1.0,4397,0.0165527262871,0.888888888889,0.0,0.0,0.0,undefined,0.0,0.161348104477
jc170501,linearsvc_C1.0,4178,0.0157282898402,0.888888888889,0.0,0.0,0.0,undefined,0.0,0.211979866028
jc170501,linearsvc_C1.0,3970,0.0149452634432,0.888888888889,0.0,0.0,0.0,undefined,0.0,0.190412998199
jc170501,linearsvc_C1.0,3772,0.014199882546,0.888888888889,0.0,0.0,0.0,undefined,0.0,0.182702064514
jc170501,linearsvc_C1.0,3584,0.0134921471487,0.888888888889,0.0,0.0,0.0,undefined,0.0,0.14553809166
jc170501,linearsvc_C1.0,3405,0.0128182927013,0.888888888889,0.0,0.0,0.0,undefined,0.0,0.907017946243
jc170501,linearsvc_C1.0,3235,0.0121783192037,0.833333333333,0.0,0.0,0.0,undefined,0.0,1.54652190208
jc170501,linearsvc_C1.0,3074,0.011572226656,0.833333333333,0.0,0.0,0.0,undefined,0.0,0.11460018158
jc170501,linearsvc_C1.0,2921,0.0109962505082,0.833333333333,0.0,0.0,0.0,undefined,0.0,1.36618304253
jc170501,linearsvc_C1.0,2775,0.0104466262103,0.833333333333,0.0,0.0,0.0,undefined,0.0,0.393470048904
jc170501,linearsvc_C1.0,2637,0.00992711831228,0.888888888889,0.0,0.0,0.0,undefined,0.0,1.65400195122
jc170501,linearsvc_C1.0,2506,0.00943396226415,0.888888888889,0.0,0.0,0.0,undefined,0.0,0.391507863998
jc170501,linearsvc_C1.0,2381,0.00896339351594,0.888888888889,0.0,0.0,0.0,undefined,0.0,1.59367799759
jc170501,linearsvc_C1.0,2262,0.00851541206764,0.888888888889,0.0,0.0,0.0,undefined,0.0,0.968529939651
jc170501,linearsvc_C1.0,2149,0.00809001791926,0.833333333333,0.0,0.0,0.0,undefined,0.0,1.02898597717
jc170501,linearsvc_C1.0,2042,0.00768721107079,0.833333333333,0.0,0.0,0.0,undefined,0.0,0.559619903564
jc170501,linearsvc_C1.0,1940,0.00730322697225,0.833333333333,0.0,0.0,0.0,undefined,0.0,0.800594091415
jc170501,linearsvc_C1.0,1843,0.00693806562364,0.833333333333,0.0,0.0,0.0,undefined,0.0,0.793972015381
jc170501,linearsvc_C1.0,1751,0.00659172702495,0.888888888889,0.0,0.0,0.0,undefined,0.0,1.1767950058
jc170501,linearsvc_C1.0,1664,0.0062642111762,0.833333333333,0.0,0.0,0.0,undefined,0.0,0.815467119217
jc170501,linearsvc_C1.0,1581,0.00595175352738,0.833333333333,0.0,0.0,0.0,undefined,0.0,0.938589096069
jc170501,linearsvc_C1.0,1502,0.00565435407851,0.833333333333,0.0,0.0,0.0,undefined,0.0,0.758993864059
jc170501,linearsvc_C1.0,1427,0.00537201282959,0.833333333333,0.0,0.0,0.0,undefined,0.0,0.778431177139
jc170501,linearsvc_C1.0,1356,0.0051047297806,0.888888888889,0.0,0.0,0.0,undefined,0.0,0.870141983032
jc170501,linearsvc_C10.0,265636,1.0,0.888888888889,0.0,0.0,0.0,undefined,0.0,22.2043390274
jc170501,linearsvc_C10.0,252355,0.95000301164,0.888888888889,0.0,0.0,0.0,undefined,0.0,20.5890460014
jc170501,linearsvc_C10.0,239738,0.90250568447,0.888888888889,0.0,0.0,0.0,undefined,0.0,20.0545859337
jc170501,linearsvc_C10.0,227752,0.857383788342,0.888888888889,0.0,0.0,0.0,undefined,0.0,18.3423609734
jc170501,linearsvc_C10.0,216365,0.814516857655,0.888888888889,0.0,0.0,0.0,undefined,0.0,23.4189648628
jc170501,linearsvc_C10.0,205547,0.77379195591,0.888888888889,0.0,0.0,0.0,undefined,0.0,13.8116190434
jc170501,linearsvc_C10.0,195270,0.735103675707,0.888888888889,0.0,0.0,0.0,undefined,0.0,13.0710339546
jc170501,linearsvc_C10.0,185507,0.698350374196,0.888888888889,0.0,0.0,0.0,undefined,0.0,12.8240170479
jc170501,linearsvc_C10.0,176232,0.663434173079,0.888888888889,0.0,0.0,0.0,undefined,0.0,11.4659800529
jc170501,linearsvc_C10.0,167421,0.630264723155,0.888888888889,0.0,0.0,0.0,undefined,0.0,11.1359210014
jc170501,linearsvc_C10.0,159050,0.598751675225,0.888888888889,0.0,0.0,0.0,undefined,0.0,10.6474809647
jc170501,linearsvc_C10.0,151098,0.568815973738,0.888888888889,0.0,0.0,0.0,undefined,0.0,9.81394600868
jc170501,linearsvc_C10.0,143544,0.540378563147,0.888888888889,0.0,0.0,0.0,undefined,0.0,9.18522405624
jc170501,linearsvc_C10.0,136367,0.513360387899,0.888888888889,0.0,0.0,0.0,undefined,0.0,8.6992058754
jc170501,linearsvc_C10.0,129549,0.487693686097,0.888888888889,0.0,0.0,0.0,undefined,0.0,7.90125012398
jc170501,linearsvc_C10.0,123072,0.463310695839,0.888888888889,0.0,0.0,0.0,undefined,0.0,7.80818080902
jc170501,linearsvc_C10.0,116919,0.440147419777,0.888888888889,0.0,0.0,0.0,undefined,0.0,7.49874091148
jc170501,linearsvc_C10.0,111074,0.418143625111,0.888888888889,0.0,0.0,0.0,undefined,0.0,6.88387298584
jc170501,linearsvc_C10.0,105521,0.39723907904,0.888888888889,0.0,0.0,0.0,undefined,0.0,6.65037512779
jc170501,linearsvc_C10.0,100245,0.377377313316,0.888888888889,0.0,0.0,0.0,undefined,0.0,6.31471395493
jc170501,linearsvc_C10.0,95233,0.358509388788,0.888888888889,0.0,0.0,0.0,undefined,0.0,5.66709589958
jc170501,linearsvc_C10.0,90472,0.340586366306,0.888888888889,0.0,0.0,0.0,undefined,0.0,5.46245312691
jc170501,linearsvc_C10.0,85949,0.32355930672,0.888888888889,0.0,0.0,0.0,undefined,0.0,5.16018986702
jc170501,linearsvc_C10.0,81652,0.307383035432,0.888888888889,0.0,0.0,0.0,undefined,0.0,4.73539090157
jc170501,linearsvc_C10.0,77570,0.29201614239,0.888888888889,0.0,0.0,0.0,undefined,0.0,4.48281908035
jc170501,linearsvc_C10.0,73692,0.277417217546,0.888888888889,0.0,0.0,0.0,undefined,0.0,4.20057797432
jc170501,linearsvc_C10.0,70008,0.263548615399,0.888888888889,0.0,0.0,0.0,undefined,0.0,4.06184983253
jc170501,linearsvc_C10.0,66508,0.250372690449,0.888888888889,0.0,0.0,0.0,undefined,0.0,3.79260802269
jc170501,linearsvc_C10.0,63183,0.237855561746,0.888888888889,0.0,0.0,0.0,undefined,0.0,3.74664998055
jc170501,linearsvc_C10.0,60024,0.225963348341,0.888888888889,0.0,0.0,0.0,undefined,0.0,3.35062503815
jc170501,linearsvc_C10.0,57023,0.214665933834,0.888888888889,0.0,0.0,0.0,undefined,0.0,3.20625305176
jc170501,linearsvc_C10.0,54172,0.203933201825,0.888888888889,0.0,0.0,0.0,undefined,0.0,3.06427288055
jc170501,linearsvc_C10.0,51464,0.193738800464,0.888888888889,0.0,0.0,0.0,undefined,0.0,2.68831419945
jc170501,linearsvc_C10.0,48891,0.184052613351,0.888888888889,0.0,0.0,0.0,undefined,0.0,2.67907905579
jc170501,linearsvc_C10.0,46447,0.174852053186,0.888888888889,0.0,0.0,0.0,undefined,0.0,2.42681193352
jc170501,linearsvc_C10.0,44125,0.166110768119,0.888888888889,0.0,0.0,0.0,undefined,0.0,2.44710111618
jc170501,linearsvc_C10.0,41919,0.15780617085,0.888888888889,0.0,0.0,0.0,undefined,0.0,2.22801399231
jc170501,linearsvc_C10.0,39824,0.14991943863,0.888888888889,0.0,0.0,0.0,undefined,0.0,2.06365799904
jc170501,linearsvc_C10.0,37833,0.142424219609,0.888888888889,0.0,0.0,0.0,undefined,0.0,2.02824521065
jc170501,linearsvc_C10.0,35942,0.135305455586,0.888888888889,0.0,0.0,0.0,undefined,0.0,1.89560317993
jc170501,linearsvc_C10.0,34145,0.128540559262,0.888888888889,0.0,0.0,0.0,undefined,0.0,1.7886967659
jc170501,linearsvc_C10.0,32438,0.122114472436,0.888888888889,0.0,0.0,0.0,undefined,0.0,1.56412911415
jc170501,linearsvc_C10.0,30817,0.116012136909,0.888888888889,0.0,0.0,0.0,undefined,0.0,1.55685997009
jc170501,linearsvc_C10.0,29277,0.110214729931,0.888888888889,0.0,0.0,0.0,undefined,0.0,1.47355294228
jc170501,linearsvc_C10.0,27814,0.104707193302,0.888888888889,0.0,0.0,0.0,undefined,0.0,1.34401607513
jc170501,linearsvc_C10.0,26424,0.099474468822,0.888888888889,0.0,0.0,0.0,undefined,0.0,1.25356698036
jc170501,linearsvc_C10.0,25103,0.0945014982909,0.888888888889,0.0,0.0,0.0,undefined,0.0,1.21132397652
jc170501,linearsvc_C10.0,23848,0.0897769880588,0.888888888889,0.0,0.0,0.0,undefined,0.0,1.1238899231
jc170501,linearsvc_C10.0,22656,0.0852896444759,0.888888888889,0.0,0.0,0.0,undefined,0.0,1.10437488556
jc170501,linearsvc_C10.0,21524,0.0810281738921,0.888888888889,0.0,0.0,0.0,undefined,0.0,1.03360199928
jc170501,linearsvc_C10.0,20448,0.0769775181075,0.888888888889,0.0,0.0,0.0,undefined,0.0,0.991681098938
jc170501,linearsvc_C10.0,19426,0.0731301480221,0.888888888889,0.0,0.0,0.0,undefined,0.0,0.923538923264
jc170501,linearsvc_C10.0,18455,0.069474769986,0.888888888889,0.0,0.0,0.0,undefined,0.0,0.85827088356
jc170501,linearsvc_C10.0,17533,0.0660038548992,0.888888888889,0.0,0.0,0.0,undefined,0.0,0.809181928635
jc170501,linearsvc_C10.0,16657,0.0627061091117,0.888888888889,0.0,0.0,0.0,undefined,0.0,0.794429063797
jc170501,linearsvc_C10.0,15825,0.0595740035236,0.888888888889,0.0,0.0,0.0,undefined,0.0,0.689013957977
jc170501,linearsvc_C10.0,15034,0.0565962444849,0.888888888889,0.0,0.0,0.0,undefined,0.0,0.663326025009
jc170501,linearsvc_C10.0,14283,0.0537690674457,0.888888888889,0.0,0.0,0.0,undefined,0.0,0.598726987839
jc170501,linearsvc_C10.0,13569,0.0510811787559,0.888888888889,0.0,0.0,0.0,undefined,0.0,0.568706989288
jc170501,linearsvc_C10.0,12891,0.0485288138656,0.888888888889,0.0,0.0,0.0,undefined,0.0,0.531080961227
jc170501,linearsvc_C10.0,12247,0.0461044436748,0.888888888889,0.0,0.0,0.0,undefined,0.0,0.512673139572
jc170501,linearsvc_C10.0,11635,0.0438005390836,0.888888888889,0.0,0.0,0.0,undefined,0.0,0.48481798172
jc170501,linearsvc_C10.0,11054,0.0416133355419,0.944444444444,0.0,0.0,0.0,undefined,0.0,0.462632894516
jc170501,linearsvc_C10.0,10502,0.0395353039498,0.944444444444,0.0,0.0,0.0,undefined,0.0,0.405990123749
jc170501,linearsvc_C10.0,9977,0.0375589152073,0.944444444444,0.0,0.0,0.0,undefined,0.0,0.40864109993
jc170501,linearsvc_C10.0,9479,0.0356841693144,0.944444444444,0.0,0.0,0.0,undefined,0.0,0.341136932373
jc170501,linearsvc_C10.0,9006,0.0339035371712,0.944444444444,0.0,0.0,0.0,undefined,0.0,0.327615022659
jc170501,linearsvc_C10.0,8556,0.0322094896776,0.944444444444,0.0,0.0,0.0,undefined,0.0,0.311748027802
jc170501,linearsvc_C10.0,8129,0.0306020268337,0.944444444444,0.0,0.0,0.0,undefined,0.0,0.297360181808
jc170501,linearsvc_C10.0,7723,0.0290736195395,0.944444444444,0.0,0.0,0.0,undefined,0.0,0.279560804367
jc170501,linearsvc_C10.0,7337,0.027620503245,0.944444444444,0.0,0.0,0.0,undefined,0.0,0.256868124008
jc170501,linearsvc_C10.0,6971,0.0262426779503,0.944444444444,0.0,0.0,0.0,undefined,0.0,0.26926779747
jc170501,linearsvc_C10.0,6623,0.0249326145553,0.944444444444,0.0,0.0,0.0,undefined,0.0,0.237212896347
jc170501,linearsvc_C10.0,6292,0.02368654851,0.944444444444,0.0,0.0,0.0,undefined,0.0,0.212213039398
jc170501,linearsvc_C10.0,5978,0.0225044798145,0.944444444444,0.0,0.0,0.0,undefined,0.0,0.205187082291
jc170501,linearsvc_C10.0,5680,0.0213826439187,0.944444444444,0.0,0.0,0.0,undefined,0.0,0.201865911484
jc170501,linearsvc_C10.0,5396,0.0203135117228,0.888888888889,0.0,0.0,0.0,undefined,0.0,0.198168992996
jc170501,linearsvc_C10.0,5127,0.0193008477767,0.888888888889,0.0,0.0,0.0,undefined,0.0,0.175528049469
jc170501,linearsvc_C10.0,4871,0.0183371229803,0.944444444444,0.0,0.0,0.0,undefined,0.0,0.177013874054
jc170501,linearsvc_C10.0,4628,0.0174223373338,0.944444444444,0.0,0.0,0.0,undefined,0.0,0.160487174988
jc170501,linearsvc_C10.0,4397,0.0165527262871,0.944444444444,0.0,0.0,0.0,undefined,0.0,0.146643877029
jc170501,linearsvc_C10.0,4178,0.0157282898402,0.888888888889,0.0,0.0,0.0,undefined,0.0,0.142762899399
jc170501,linearsvc_C10.0,3970,0.0149452634432,0.888888888889,0.0,0.0,0.0,undefined,0.0,0.143362045288
jc170501,linearsvc_C10.0,3772,0.014199882546,0.888888888889,0.0,0.0,0.0,undefined,0.0,0.143071174622
jc170501,linearsvc_C10.0,3584,0.0134921471487,0.944444444444,0.0,0.0,0.0,undefined,0.0,0.149550914764
jc170501,linearsvc_C10.0,3405,0.0128182927013,0.944444444444,0.0,0.0,0.0,undefined,0.0,0.127442836761
jc170501,linearsvc_C10.0,3235,0.0121783192037,0.888888888889,0.0,0.0,0.0,undefined,0.0,0.125915050507
jc170501,linearsvc_C10.0,3074,0.011572226656,0.888888888889,0.0,0.0,0.0,undefined,0.0,0.114797115326
jc170501,linearsvc_C10.0,2921,0.0109962505082,0.888888888889,0.0,0.0,0.0,undefined,0.0,0.111253976822
jc170501,linearsvc_C10.0,2775,0.0104466262103,0.888888888889,0.0,0.0,0.0,undefined,0.0,0.108825922012
jc170501,linearsvc_C10.0,2637,0.00992711831228,0.888888888889,0.0,0.0,0.0,undefined,0.0,0.0997309684753
jc170501,linearsvc_C10.0,2506,0.00943396226415,0.888888888889,0.0,0.0,0.0,undefined,0.0,0.108006954193
jc170501,linearsvc_C10.0,2381,0.00896339351594,0.888888888889,0.0,0.0,0.0,undefined,0.0,0.0918600559235
jc170501,linearsvc_C10.0,2262,0.00851541206764,0.888888888889,0.0,0.0,0.0,undefined,0.0,0.0888769626617
jc170501,linearsvc_C10.0,2149,0.00809001791926,0.888888888889,0.0,0.0,0.0,undefined,0.0,0.126611948013
jc170501,linearsvc_C10.0,2042,0.00768721107079,0.888888888889,0.0,0.0,0.0,undefined,0.0,0.0896480083466
jc170501,linearsvc_C10.0,1940,0.00730322697225,0.888888888889,0.0,0.0,0.0,undefined,0.0,0.124181032181
jc170501,linearsvc_C10.0,1843,0.00693806562364,0.833333333333,0.0,0.0,0.0,undefined,0.0,0.123553037643
jc170501,linearsvc_C10.0,1751,0.00659172702495,0.888888888889,0.0,0.0,0.0,undefined,0.0,0.115701913834
jc170501,linearsvc_C10.0,1664,0.0062642111762,0.888888888889,0.0,0.0,0.0,undefined,0.0,0.112336874008
jc170501,linearsvc_C10.0,1581,0.00595175352738,0.888888888889,0.0,0.0,0.0,undefined,0.0,0.109319210052
jc170501,linearsvc_C10.0,1502,0.00565435407851,0.888888888889,0.0,0.0,0.0,undefined,0.0,0.11262011528
jc170501,linearsvc_C10.0,1427,0.00537201282959,0.944444444444,0.0,0.0,0.0,undefined,0.0,0.107549905777
jc170501,linearsvc_C10.0,1356,0.0051047297806,0.944444444444,0.0,0.0,0.0,undefined,0.0,0.104111194611
jc170501,linearsvc_C100.0,265636,1.0,0.888888888889,0.0,0.0,0.0,undefined,0.0,16.4693329334
jc170501,linearsvc_C100.0,252355,0.95000301164,0.888888888889,0.0,0.0,0.0,undefined,0.0,15.3811838627
jc170501,linearsvc_C100.0,239738,0.90250568447,0.888888888889,0.0,0.0,0.0,undefined,0.0,14.3126401901
jc170501,linearsvc_C100.0,227752,0.857383788342,0.888888888889,0.0,0.0,0.0,undefined,0.0,13.4680979252
jc170501,linearsvc_C100.0,216365,0.814516857655,0.888888888889,0.0,0.0,0.0,undefined,0.0,12.7774069309
jc170501,linearsvc_C100.0,205547,0.77379195591,0.888888888889,0.0,0.0,0.0,undefined,0.0,11.8844730854
jc170501,linearsvc_C100.0,195270,0.735103675707,0.888888888889,0.0,0.0,0.0,undefined,0.0,10.96991992
jc170501,linearsvc_C100.0,185507,0.698350374196,0.888888888889,0.0,0.0,0.0,undefined,0.0,10.3998789787
jc170501,linearsvc_C100.0,176232,0.663434173079,0.888888888889,0.0,0.0,0.0,undefined,0.0,9.90331506729
jc170501,linearsvc_C100.0,167421,0.630264723155,0.888888888889,0.0,0.0,0.0,undefined,0.0,9.34623289108
jc170501,linearsvc_C100.0,159050,0.598751675225,0.888888888889,0.0,0.0,0.0,undefined,0.0,8.9498090744
jc170501,linearsvc_C100.0,151098,0.568815973738,0.888888888889,0.0,0.0,0.0,undefined,0.0,8.36249804497
jc170501,linearsvc_C100.0,143544,0.540378563147,0.888888888889,0.0,0.0,0.0,undefined,0.0,8.04873299599
jc170501,linearsvc_C100.0,136367,0.513360387899,0.888888888889,0.0,0.0,0.0,undefined,0.0,7.35829997063
jc170501,linearsvc_C100.0,129549,0.487693686097,0.888888888889,0.0,0.0,0.0,undefined,0.0,6.77071404457
jc170501,linearsvc_C100.0,123072,0.463310695839,0.888888888889,0.0,0.0,0.0,undefined,0.0,6.70039010048
jc170501,linearsvc_C100.0,116919,0.440147419777,0.888888888889,0.0,0.0,0.0,undefined,0.0,6.25672101974
jc170501,linearsvc_C100.0,111074,0.418143625111,0.888888888889,0.0,0.0,0.0,undefined,0.0,5.88469910622
jc170501,linearsvc_C100.0,105521,0.39723907904,0.888888888889,0.0,0.0,0.0,undefined,0.0,5.40639519691
jc170501,linearsvc_C100.0,100245,0.377377313316,0.888888888889,0.0,0.0,0.0,undefined,0.0,5.39564299583
jc170501,linearsvc_C100.0,95233,0.358509388788,0.888888888889,0.0,0.0,0.0,undefined,0.0,4.85411190987
jc170501,linearsvc_C100.0,90472,0.340586366306,0.888888888889,0.0,0.0,0.0,undefined,0.0,4.60802817345
jc170501,linearsvc_C100.0,85949,0.32355930672,0.888888888889,0.0,0.0,0.0,undefined,0.0,4.33762001991
jc170501,linearsvc_C100.0,81652,0.307383035432,0.888888888889,0.0,0.0,0.0,undefined,0.0,4.11087322235
jc170501,linearsvc_C100.0,77570,0.29201614239,0.888888888889,0.0,0.0,0.0,undefined,0.0,3.83182287216
jc170501,linearsvc_C100.0,73692,0.277417217546,0.888888888889,0.0,0.0,0.0,undefined,0.0,3.55542588234
jc170501,linearsvc_C100.0,70008,0.263548615399,0.888888888889,0.0,0.0,0.0,undefined,0.0,3.50441503525
jc170501,linearsvc_C100.0,66508,0.250372690449,0.888888888889,0.0,0.0,0.0,undefined,0.0,3.33861112595
jc170501,linearsvc_C100.0,63183,0.237855561746,0.888888888889,0.0,0.0,0.0,undefined,0.0,3.11971282959
jc170501,linearsvc_C100.0,60024,0.225963348341,0.888888888889,0.0,0.0,0.0,undefined,0.0,2.91626095772
jc170501,linearsvc_C100.0,57023,0.214665933834,0.888888888889,0.0,0.0,0.0,undefined,0.0,2.80347108841
jc170501,linearsvc_C100.0,54172,0.203933201825,0.888888888889,0.0,0.0,0.0,undefined,0.0,2.51421499252
jc170501,linearsvc_C100.0,51464,0.193738800464,0.888888888889,0.0,0.0,0.0,undefined,0.0,2.48242712021
jc170501,linearsvc_C100.0,48891,0.184052613351,0.888888888889,0.0,0.0,0.0,undefined,0.0,2.33570480347
jc170501,linearsvc_C100.0,46447,0.174852053186,0.888888888889,0.0,0.0,0.0,undefined,0.0,2.08401203156
jc170501,linearsvc_C100.0,44125,0.166110768119,0.888888888889,0.0,0.0,0.0,undefined,0.0,2.07141900063
jc170501,linearsvc_C100.0,41919,0.15780617085,0.888888888889,0.0,0.0,0.0,undefined,0.0,1.93075609207
jc170501,linearsvc_C100.0,39824,0.14991943863,0.888888888889,0.0,0.0,0.0,undefined,0.0,1.81275296211
jc170501,linearsvc_C100.0,37833,0.142424219609,0.888888888889,0.0,0.0,0.0,undefined,0.0,1.68646788597
jc170501,linearsvc_C100.0,35942,0.135305455586,0.888888888889,0.0,0.0,0.0,undefined,0.0,1.64223790169
jc170501,linearsvc_C100.0,34145,0.128540559262,0.888888888889,0.0,0.0,0.0,undefined,0.0,1.62542486191
jc170501,linearsvc_C100.0,32438,0.122114472436,0.888888888889,0.0,0.0,0.0,undefined,0.0,1.40057897568
jc170501,linearsvc_C100.0,30817,0.116012136909,0.888888888889,0.0,0.0,0.0,undefined,0.0,1.39443898201
jc170501,linearsvc_C100.0,29277,0.110214729931,0.888888888889,0.0,0.0,0.0,undefined,0.0,1.32227802277
jc170501,linearsvc_C100.0,27814,0.104707193302,0.888888888889,0.0,0.0,0.0,undefined,0.0,1.24313998222
jc170501,linearsvc_C100.0,26424,0.099474468822,0.888888888889,0.0,0.0,0.0,undefined,0.0,1.137332201
jc170501,linearsvc_C100.0,25103,0.0945014982909,0.888888888889,0.0,0.0,0.0,undefined,0.0,1.10633993149
jc170501,linearsvc_C100.0,23848,0.0897769880588,0.888888888889,0.0,0.0,0.0,undefined,0.0,0.993491888046
jc170501,linearsvc_C100.0,22656,0.0852896444759,0.888888888889,0.0,0.0,0.0,undefined,0.0,0.959963083267
jc170501,linearsvc_C100.0,21524,0.0810281738921,0.888888888889,0.0,0.0,0.0,undefined,0.0,0.882014989853
jc170501,linearsvc_C100.0,20448,0.0769775181075,0.888888888889,0.0,0.0,0.0,undefined,0.0,0.854038000107
jc170501,linearsvc_C100.0,19426,0.0731301480221,0.888888888889,0.0,0.0,0.0,undefined,0.0,0.885000944138
jc170501,linearsvc_C100.0,18455,0.069474769986,0.888888888889,0.0,0.0,0.0,undefined,0.0,0.732025146484
jc170501,linearsvc_C100.0,17533,0.0660038548992,0.888888888889,0.0,0.0,0.0,undefined,0.0,0.724170923233
jc170501,linearsvc_C100.0,16657,0.0627061091117,0.888888888889,0.0,0.0,0.0,undefined,0.0,0.680162906647
jc170501,linearsvc_C100.0,15825,0.0595740035236,0.888888888889,0.0,0.0,0.0,undefined,0.0,0.627186059952
jc170501,linearsvc_C100.0,15034,0.0565962444849,0.888888888889,0.0,0.0,0.0,undefined,0.0,0.624109983444
jc170501,linearsvc_C100.0,14283,0.0537690674457,0.888888888889,0.0,0.0,0.0,undefined,0.0,0.573836088181
jc170501,linearsvc_C100.0,13569,0.0510811787559,0.888888888889,0.0,0.0,0.0,undefined,0.0,0.547863006592
jc170501,linearsvc_C100.0,12891,0.0485288138656,0.888888888889,0.0,0.0,0.0,undefined,0.0,0.522058963776
jc170501,linearsvc_C100.0,12247,0.0461044436748,0.888888888889,0.0,0.0,0.0,undefined,0.0,0.45187497139
jc170501,linearsvc_C100.0,11635,0.0438005390836,0.888888888889,0.0,0.0,0.0,undefined,0.0,0.458457946777
jc170501,linearsvc_C100.0,11054,0.0416133355419,0.888888888889,0.0,0.0,0.0,undefined,0.0,0.406229972839
jc170501,linearsvc_C100.0,10502,0.0395353039498,0.888888888889,0.0,0.0,0.0,undefined,0.0,0.367842912674
jc170501,linearsvc_C100.0,9977,0.0375589152073,0.888888888889,0.0,0.0,0.0,undefined,0.0,0.34957408905
jc170501,linearsvc_C100.0,9479,0.0356841693144,0.888888888889,0.0,0.0,0.0,undefined,0.0,0.345343828201
jc170501,linearsvc_C100.0,9006,0.0339035371712,0.888888888889,0.0,0.0,0.0,undefined,0.0,0.315752983093
jc170501,linearsvc_C100.0,8556,0.0322094896776,0.888888888889,0.0,0.0,0.0,undefined,0.0,0.307641983032
jc170501,linearsvc_C100.0,8129,0.0306020268337,0.888888888889,0.0,0.0,0.0,undefined,0.0,0.270173072815
jc170501,linearsvc_C100.0,7723,0.0290736195395,0.888888888889,0.0,0.0,0.0,undefined,0.0,0.259551048279
jc170501,linearsvc_C100.0,7337,0.027620503245,0.888888888889,0.0,0.0,0.0,undefined,0.0,0.244601011276
jc170501,linearsvc_C100.0,6971,0.0262426779503,0.888888888889,0.0,0.0,0.0,undefined,0.0,0.237702131271
jc170501,linearsvc_C100.0,6623,0.0249326145553,0.888888888889,0.0,0.0,0.0,undefined,0.0,0.217251062393
jc170501,linearsvc_C100.0,6292,0.02368654851,0.888888888889,0.0,0.0,0.0,undefined,0.0,0.200904130936
jc170501,linearsvc_C100.0,5978,0.0225044798145,0.833333333333,0.0,0.0,0.0,undefined,0.0,0.203970909119
jc170501,linearsvc_C100.0,5680,0.0213826439187,0.833333333333,0.0,0.0,0.0,undefined,0.0,0.173668146133
jc170501,linearsvc_C100.0,5396,0.0203135117228,0.833333333333,0.0,0.0,0.0,undefined,0.0,0.161652088165
jc170501,linearsvc_C100.0,5127,0.0193008477767,0.833333333333,0.0,0.0,0.0,undefined,0.0,0.167144060135
jc170501,linearsvc_C100.0,4871,0.0183371229803,0.833333333333,0.0,0.0,0.0,undefined,0.0,0.157119989395
jc170501,linearsvc_C100.0,4628,0.0174223373338,0.833333333333,0.0,0.0,0.0,undefined,0.0,0.168040037155
jc170501,linearsvc_C100.0,4397,0.0165527262871,0.833333333333,0.0,0.0,0.0,undefined,0.0,0.17036819458
jc170501,linearsvc_C100.0,4178,0.0157282898402,0.888888888889,0.0,0.0,0.0,undefined,0.0,0.176615953445
jc170501,linearsvc_C100.0,3970,0.0149452634432,0.888888888889,0.0,0.0,0.0,undefined,0.0,0.141947984695
jc170501,linearsvc_C100.0,3772,0.014199882546,0.833333333333,0.0,0.0,0.0,undefined,0.0,0.136465787888
jc170501,linearsvc_C100.0,3584,0.0134921471487,0.833333333333,0.0,0.0,0.0,undefined,0.0,0.148988962173
jc170501,linearsvc_C100.0,3405,0.0128182927013,0.833333333333,0.0,0.0,0.0,undefined,0.0,0.138787031174
jc170501,linearsvc_C100.0,3235,0.0121783192037,0.833333333333,0.0,0.0,0.0,undefined,0.0,0.127810955048
jc170501,linearsvc_C100.0,3074,0.011572226656,0.833333333333,0.0,0.0,0.0,undefined,0.0,0.128520011902
jc170501,linearsvc_C100.0,2921,0.0109962505082,0.833333333333,0.0,0.0,0.0,undefined,0.0,0.112239122391
jc170501,linearsvc_C100.0,2775,0.0104466262103,0.888888888889,0.0,0.0,0.0,undefined,0.0,0.100933074951
jc170501,linearsvc_C100.0,2637,0.00992711831228,0.888888888889,0.0,0.0,0.0,undefined,0.0,0.100251197815
jc170501,linearsvc_C100.0,2506,0.00943396226415,0.888888888889,0.0,0.0,0.0,undefined,0.0,0.101088047028
jc170501,linearsvc_C100.0,2381,0.00896339351594,0.888888888889,0.0,0.0,0.0,undefined,0.0,0.0921058654785
jc170501,linearsvc_C100.0,2262,0.00851541206764,0.888888888889,0.0,0.0,0.0,undefined,0.0,0.119547843933
jc170501,linearsvc_C100.0,2149,0.00809001791926,0.888888888889,0.0,0.0,0.0,undefined,0.0,0.0976390838623
jc170501,linearsvc_C100.0,2042,0.00768721107079,0.888888888889,0.0,0.0,0.0,undefined,0.0,0.113966941833
jc170501,linearsvc_C100.0,1940,0.00730322697225,0.888888888889,0.0,0.0,0.0,undefined,0.0,0.11444401741
jc170501,linearsvc_C100.0,1843,0.00693806562364,0.888888888889,0.0,0.0,0.0,undefined,0.0,0.117990016937
jc170501,linearsvc_C100.0,1751,0.00659172702495,0.888888888889,0.0,0.0,0.0,undefined,0.0,0.120187997818
jc170501,linearsvc_C100.0,1664,0.0062642111762,0.888888888889,0.0,0.0,0.0,undefined,0.0,0.113461017609
jc170501,linearsvc_C100.0,1581,0.00595175352738,0.888888888889,0.0,0.0,0.0,undefined,0.0,0.110687017441
jc170501,linearsvc_C100.0,1502,0.00565435407851,0.888888888889,0.0,0.0,0.0,undefined,0.0,0.110429048538
jc170501,linearsvc_C100.0,1427,0.00537201282959,0.888888888889,0.0,0.0,0.0,undefined,0.0,0.106117010117
jc170501,linearsvc_C100.0,1356,0.0051047297806,0.888888888889,0.0,0.0,0.0,undefined,0.0,0.100312948227
jc170501,linearsvc_C1000.0,265636,1.0,0.888888888889,0.0,0.0,0.0,undefined,0.0,16.7887711525
jc170501,linearsvc_C1000.0,252355,0.95000301164,0.888888888889,0.0,0.0,0.0,undefined,0.0,15.4200749397
jc170501,linearsvc_C1000.0,239738,0.90250568447,0.888888888889,0.0,0.0,0.0,undefined,0.0,14.9625160694
jc170501,linearsvc_C1000.0,227752,0.857383788342,0.888888888889,0.0,0.0,0.0,undefined,0.0,14.0667970181
jc170501,linearsvc_C1000.0,216365,0.814516857655,0.888888888889,0.0,0.0,0.0,undefined,0.0,12.9659349918
jc170501,linearsvc_C1000.0,205547,0.77379195591,0.888888888889,0.0,0.0,0.0,undefined,0.0,12.3385660648
jc170501,linearsvc_C1000.0,195270,0.735103675707,0.888888888889,0.0,0.0,0.0,undefined,0.0,11.7174181938
jc170501,linearsvc_C1000.0,185507,0.698350374196,0.888888888889,0.0,0.0,0.0,undefined,0.0,10.9179129601
jc170501,linearsvc_C1000.0,176232,0.663434173079,0.888888888889,0.0,0.0,0.0,undefined,0.0,10.2775270939
jc170501,linearsvc_C1000.0,167421,0.630264723155,0.888888888889,0.0,0.0,0.0,undefined,0.0,9.77485799789
jc170501,linearsvc_C1000.0,159050,0.598751675225,0.888888888889,0.0,0.0,0.0,undefined,0.0,9.06607699394
jc170501,linearsvc_C1000.0,151098,0.568815973738,0.888888888889,0.0,0.0,0.0,undefined,0.0,8.68020200729
jc170501,linearsvc_C1000.0,143544,0.540378563147,0.888888888889,0.0,0.0,0.0,undefined,0.0,8.23129200935
jc170501,linearsvc_C1000.0,136367,0.513360387899,0.888888888889,0.0,0.0,0.0,undefined,0.0,7.69450116158
jc170501,linearsvc_C1000.0,129549,0.487693686097,0.888888888889,0.0,0.0,0.0,undefined,0.0,7.56087207794
jc170501,linearsvc_C1000.0,123072,0.463310695839,0.888888888889,0.0,0.0,0.0,undefined,0.0,6.89754915237
jc170501,linearsvc_C1000.0,116919,0.440147419777,0.888888888889,0.0,0.0,0.0,undefined,0.0,6.71004009247
jc170501,linearsvc_C1000.0,111074,0.418143625111,0.888888888889,0.0,0.0,0.0,undefined,0.0,6.18643307686
jc170501,linearsvc_C1000.0,105521,0.39723907904,0.888888888889,0.0,0.0,0.0,undefined,0.0,5.64937901497
jc170501,linearsvc_C1000.0,100245,0.377377313316,0.888888888889,0.0,0.0,0.0,undefined,0.0,5.42818212509
jc170501,linearsvc_C1000.0,95233,0.358509388788,0.888888888889,0.0,0.0,0.0,undefined,0.0,4.95503997803
jc170501,linearsvc_C1000.0,90472,0.340586366306,0.888888888889,0.0,0.0,0.0,undefined,0.0,4.76535010338
jc170501,linearsvc_C1000.0,85949,0.32355930672,0.888888888889,0.0,0.0,0.0,undefined,0.0,4.46943187714
jc170501,linearsvc_C1000.0,81652,0.307383035432,0.888888888889,0.0,0.0,0.0,undefined,0.0,4.13586902618
jc170501,linearsvc_C1000.0,77570,0.29201614239,0.888888888889,0.0,0.0,0.0,undefined,0.0,4.06948184967
jc170501,linearsvc_C1000.0,73692,0.277417217546,0.833333333333,0.0,0.0,0.0,undefined,0.0,3.81555318832
jc170501,linearsvc_C1000.0,70008,0.263548615399,0.833333333333,0.0,0.0,0.0,undefined,0.0,3.67678689957
jc170501,linearsvc_C1000.0,66508,0.250372690449,0.833333333333,0.0,0.0,0.0,undefined,0.0,3.37691998482
jc170501,linearsvc_C1000.0,63183,0.237855561746,0.833333333333,0.0,0.0,0.0,undefined,0.0,3.21206021309
jc170501,linearsvc_C1000.0,60024,0.225963348341,0.833333333333,0.0,0.0,0.0,undefined,0.0,2.96410608292
jc170501,linearsvc_C1000.0,57023,0.214665933834,0.833333333333,0.0,0.0,0.0,undefined,0.0,2.96041107178
jc170501,linearsvc_C1000.0,54172,0.203933201825,0.833333333333,0.0,0.0,0.0,undefined,0.0,2.60822200775
jc170501,linearsvc_C1000.0,51464,0.193738800464,0.833333333333,0.0,0.0,0.0,undefined,0.0,2.6121339798
jc170501,linearsvc_C1000.0,48891,0.184052613351,0.833333333333,0.0,0.0,0.0,undefined,0.0,2.43276381493
jc170501,linearsvc_C1000.0,46447,0.174852053186,0.833333333333,0.0,0.0,0.0,undefined,0.0,2.25332784653
jc170501,linearsvc_C1000.0,44125,0.166110768119,0.833333333333,0.0,0.0,0.0,undefined,0.0,2.19525408745
jc170501,linearsvc_C1000.0,41919,0.15780617085,0.833333333333,0.0,0.0,0.0,undefined,0.0,2.07734799385
jc170501,linearsvc_C1000.0,39824,0.14991943863,0.833333333333,0.0,0.0,0.0,undefined,0.0,1.97035598755
jc170501,linearsvc_C1000.0,37833,0.142424219609,0.833333333333,0.0,0.0,0.0,undefined,0.0,1.81897497177
jc170501,linearsvc_C1000.0,35942,0.135305455586,0.833333333333,0.0,0.0,0.0,undefined,0.0,1.74284696579
jc170501,linearsvc_C1000.0,34145,0.128540559262,0.833333333333,0.0,0.0,0.0,undefined,0.0,1.6285970211
jc170501,linearsvc_C1000.0,32438,0.122114472436,0.888888888889,0.0,0.0,0.0,undefined,0.0,1.50909209251
jc170501,linearsvc_C1000.0,30817,0.116012136909,0.888888888889,0.0,0.0,0.0,undefined,0.0,1.48189902306
jc170501,linearsvc_C1000.0,29277,0.110214729931,0.888888888889,0.0,0.0,0.0,undefined,0.0,1.31566905975
jc170501,linearsvc_C1000.0,27814,0.104707193302,0.888888888889,0.0,0.0,0.0,undefined,0.0,1.2491350174
jc170501,linearsvc_C1000.0,26424,0.099474468822,0.888888888889,0.0,0.0,0.0,undefined,0.0,1.18626093864
jc170501,linearsvc_C1000.0,25103,0.0945014982909,0.888888888889,0.0,0.0,0.0,undefined,0.0,1.1103541851
jc170501,linearsvc_C1000.0,23848,0.0897769880588,0.888888888889,0.0,0.0,0.0,undefined,0.0,1.04391407967
jc170501,linearsvc_C1000.0,22656,0.0852896444759,0.888888888889,0.0,0.0,0.0,undefined,0.0,0.965985774994
jc170501,linearsvc_C1000.0,21524,0.0810281738921,0.888888888889,0.0,0.0,0.0,undefined,0.0,0.950421094894
jc170501,linearsvc_C1000.0,20448,0.0769775181075,0.888888888889,0.0,0.0,0.0,undefined,0.0,0.923811197281
jc170501,linearsvc_C1000.0,19426,0.0731301480221,0.888888888889,0.0,0.0,0.0,undefined,0.0,0.8542740345
jc170501,linearsvc_C1000.0,18455,0.069474769986,0.888888888889,0.0,0.0,0.0,undefined,0.0,0.818712949753
jc170501,linearsvc_C1000.0,17533,0.0660038548992,0.888888888889,0.0,0.0,0.0,undefined,0.0,0.766759872437
jc170501,linearsvc_C1000.0,16657,0.0627061091117,0.888888888889,0.0,0.0,0.0,undefined,0.0,0.768867969513
jc170501,linearsvc_C1000.0,15825,0.0595740035236,0.888888888889,0.0,0.0,0.0,undefined,0.0,0.696309804916
jc170501,linearsvc_C1000.0,15034,0.0565962444849,0.888888888889,0.0,0.0,0.0,undefined,0.0,0.644563913345
jc170501,linearsvc_C1000.0,14283,0.0537690674457,0.944444444444,0.0,0.0,0.0,undefined,0.0,0.621230125427
jc170501,linearsvc_C1000.0,13569,0.0510811787559,0.944444444444,0.0,0.0,0.0,undefined,0.0,0.580111980438
jc170501,linearsvc_C1000.0,12891,0.0485288138656,0.944444444444,0.0,0.0,0.0,undefined,0.0,0.533569097519
jc170501,linearsvc_C1000.0,12247,0.0461044436748,0.944444444444,0.0,0.0,0.0,undefined,0.0,0.494578838348
jc170501,linearsvc_C1000.0,11635,0.0438005390836,0.944444444444,0.0,0.0,0.0,undefined,0.0,0.491797924042
jc170501,linearsvc_C1000.0,11054,0.0416133355419,0.944444444444,0.0,0.0,0.0,undefined,0.0,0.472743034363
jc170501,linearsvc_C1000.0,10502,0.0395353039498,0.944444444444,0.0,0.0,0.0,undefined,0.0,0.413443088531
jc170501,linearsvc_C1000.0,9977,0.0375589152073,0.944444444444,0.0,0.0,0.0,undefined,0.0,0.395119905472
jc170501,linearsvc_C1000.0,9479,0.0356841693144,0.944444444444,0.0,0.0,0.0,undefined,0.0,0.365797042847
jc170501,linearsvc_C1000.0,9006,0.0339035371712,0.944444444444,0.0,0.0,0.0,undefined,0.0,0.331586837769
jc170501,linearsvc_C1000.0,8556,0.0322094896776,0.944444444444,0.0,0.0,0.0,undefined,0.0,0.32185792923
jc170501,linearsvc_C1000.0,8129,0.0306020268337,0.944444444444,0.0,0.0,0.0,undefined,0.0,0.278534889221
jc170501,linearsvc_C1000.0,7723,0.0290736195395,0.944444444444,0.0,0.0,0.0,undefined,0.0,0.280235052109
jc170501,linearsvc_C1000.0,7337,0.027620503245,0.944444444444,0.0,0.0,0.0,undefined,0.0,0.253551006317
jc170501,linearsvc_C1000.0,6971,0.0262426779503,0.944444444444,0.0,0.0,0.0,undefined,0.0,0.248510122299
jc170501,linearsvc_C1000.0,6623,0.0249326145553,0.944444444444,0.0,0.0,0.0,undefined,0.0,0.209372997284
jc170501,linearsvc_C1000.0,6292,0.02368654851,0.944444444444,0.0,0.0,0.0,undefined,0.0,0.227901935577
jc170501,linearsvc_C1000.0,5978,0.0225044798145,0.944444444444,0.0,0.0,0.0,undefined,0.0,0.204008102417
jc170501,linearsvc_C1000.0,5680,0.0213826439187,0.944444444444,0.0,0.0,0.0,undefined,0.0,0.190939903259
jc170501,linearsvc_C1000.0,5396,0.0203135117228,0.944444444444,0.0,0.0,0.0,undefined,0.0,0.190102100372
jc170501,linearsvc_C1000.0,5127,0.0193008477767,0.944444444444,0.0,0.0,0.0,undefined,0.0,0.162830114365
jc170501,linearsvc_C1000.0,4871,0.0183371229803,0.944444444444,0.0,0.0,0.0,undefined,0.0,0.18159198761
jc170501,linearsvc_C1000.0,4628,0.0174223373338,0.944444444444,0.0,0.0,0.0,undefined,0.0,0.165168046951
jc170501,linearsvc_C1000.0,4397,0.0165527262871,0.944444444444,0.0,0.0,0.0,undefined,0.0,0.141484022141
jc170501,linearsvc_C1000.0,4178,0.0157282898402,0.944444444444,0.0,0.0,0.0,undefined,0.0,0.164252996445
jc170501,linearsvc_C1000.0,3970,0.0149452634432,0.944444444444,0.0,0.0,0.0,undefined,0.0,0.154953956604
jc170501,linearsvc_C1000.0,3772,0.014199882546,0.944444444444,0.0,0.0,0.0,undefined,0.0,0.140999078751
jc170501,linearsvc_C1000.0,3584,0.0134921471487,0.944444444444,0.0,0.0,0.0,undefined,0.0,0.145100831985
jc170501,linearsvc_C1000.0,3405,0.0128182927013,0.944444444444,0.0,0.0,0.0,undefined,0.0,0.132934808731
jc170501,linearsvc_C1000.0,3235,0.0121783192037,0.944444444444,0.0,0.0,0.0,undefined,0.0,0.121430873871
jc170501,linearsvc_C1000.0,3074,0.011572226656,0.944444444444,0.0,0.0,0.0,undefined,0.0,0.108087062836
jc170501,linearsvc_C1000.0,2921,0.0109962505082,0.944444444444,0.0,0.0,0.0,undefined,0.0,0.108077049255
jc170501,linearsvc_C1000.0,2775,0.0104466262103,0.944444444444,0.0,0.0,0.0,undefined,0.0,0.117686986923
jc170501,linearsvc_C1000.0,2637,0.00992711831228,0.944444444444,0.0,0.0,0.0,undefined,0.0,0.0921339988708
jc170501,linearsvc_C1000.0,2506,0.00943396226415,0.944444444444,0.0,0.0,0.0,undefined,0.0,0.0979819297791
jc170501,linearsvc_C1000.0,2381,0.00896339351594,0.944444444444,0.0,0.0,0.0,undefined,0.0,0.105884075165
jc170501,linearsvc_C1000.0,2262,0.00851541206764,0.944444444444,0.0,0.0,0.0,undefined,0.0,0.129013061523
jc170501,linearsvc_C1000.0,2149,0.00809001791926,0.944444444444,0.0,0.0,0.0,undefined,0.0,0.112055063248
jc170501,linearsvc_C1000.0,2042,0.00768721107079,0.944444444444,0.0,0.0,0.0,undefined,0.0,0.115689992905
jc170501,linearsvc_C1000.0,1940,0.00730322697225,0.944444444444,0.0,0.0,0.0,undefined,0.0,0.114364147186
jc170501,linearsvc_C1000.0,1843,0.00693806562364,0.944444444444,0.0,0.0,0.0,undefined,0.0,0.110462188721
jc170501,linearsvc_C1000.0,1751,0.00659172702495,0.944444444444,0.0,0.0,0.0,undefined,0.0,0.10919213295
jc170501,linearsvc_C1000.0,1664,0.0062642111762,0.944444444444,0.0,0.0,0.0,undefined,0.0,0.108601093292
jc170501,linearsvc_C1000.0,1581,0.00595175352738,0.944444444444,0.0,0.0,0.0,undefined,0.0,0.107600927353
jc170501,linearsvc_C1000.0,1502,0.00565435407851,0.944444444444,0.0,0.0,0.0,undefined,0.0,0.111001014709
jc170501,linearsvc_C1000.0,1427,0.00537201282959,0.944444444444,0.0,0.0,0.0,undefined,0.0,0.106898069382
jc170501,linearsvc_C1000.0,1356,0.0051047297806,0.944444444444,0.0,0.0,0.0,undefined,0.0,0.100828886032
jc170501,elasticnetiter1000_l1ratio0.15,265636,1.0,0.888888888889,0.0,0.0,0.0,undefined,0.0,906.467348099
jc170501,elasticnetiter1000_l1ratio0.15,252355,0.95000301164,0.944444444444,0.0,0.0,0.0,undefined,0.0,883.248810053
jc170501,elasticnetiter1000_l1ratio0.15,239738,0.90250568447,0.833333333333,0.0,0.0,0.0,undefined,0.0,900.122256041
jc170501,elasticnetiter1000_l1ratio0.15,227752,0.857383788342,0.777777777778,0.0,0.0,0.0,undefined,0.0,865.142519951
jc170501,elasticnetiter1000_l1ratio0.15,216365,0.814516857655,0.833333333333,0.0,0.0,0.0,undefined,0.0,829.512305021
jc170501,elasticnetiter1000_l1ratio0.15,205547,0.77379195591,0.833333333333,0.0,0.0,0.0,undefined,0.0,792.34084487
jc170501,elasticnetiter1000_l1ratio0.15,195270,0.735103675707,0.777777777778,0.0,0.0,0.0,undefined,0.0,761.809493065
jc170501,elasticnetiter1000_l1ratio0.15,185507,0.698350374196,0.888888888889,0.0,0.0,0.0,undefined,0.0,724.500226021
jc170501,elasticnetiter1000_l1ratio0.15,176232,0.663434173079,0.722222222222,0.0,0.0,0.0,undefined,0.0,704.280251026
jc170501,elasticnetiter1000_l1ratio0.15,167421,0.630264723155,0.722222222222,0.0,0.0,0.0,undefined,0.0,660.428325891
jc170501,elasticnetiter1000_l1ratio0.15,159050,0.598751675225,0.722222222222,0.0,0.0,0.0,undefined,0.0,640.197334051
jc170501,elasticnetiter1000_l1ratio0.15,151098,0.568815973738,0.777777777778,0.0,0.0,0.0,undefined,0.0,605.663749933
jc170501,elasticnetiter1000_l1ratio0.15,143544,0.540378563147,0.888888888889,0.0,0.0,0.0,undefined,0.0,577.33590889
jc170501,elasticnetiter1000_l1ratio0.15,136367,0.513360387899,0.888888888889,0.0,0.0,0.0,undefined,0.0,550.054953098
jc170501,elasticnetiter1000_l1ratio0.15,129549,0.487693686097,0.777777777778,0.0,0.0,0.0,undefined,0.0,527.091681004
jc170501,elasticnetiter1000_l1ratio0.15,123072,0.463310695839,0.888888888889,0.0,0.0,0.0,undefined,0.0,515.277758121
jc170501,elasticnetiter1000_l1ratio0.15,116919,0.440147419777,0.833333333333,0.0,0.0,0.0,undefined,0.0,504.327385187
jc170501,elasticnetiter1000_l1ratio0.15,111074,0.418143625111,0.833333333333,0.0,0.0,0.0,undefined,0.0,467.788085938
jc170501,elasticnetiter1000_l1ratio0.15,105521,0.39723907904,0.722222222222,0.0,0.0,0.0,undefined,0.0,442.50428915
jc170501,elasticnetiter1000_l1ratio0.15,100245,0.377377313316,0.722222222222,0.0,0.0,0.0,undefined,0.0,419.937080145
jc170501,elasticnetiter1000_l1ratio0.15,95233,0.358509388788,0.833333333333,0.0,0.0,0.0,undefined,0.0,395.298257828
jc170501,elasticnetiter1000_l1ratio0.15,90472,0.340586366306,0.666666666667,0.0,0.0,0.0,undefined,0.0,401.291069984
jc170501,elasticnetiter1000_l1ratio0.15,85949,0.32355930672,0.777777777778,0.0,0.0,0.0,undefined,0.0,364.92076993
jc170501,elasticnetiter1000_l1ratio0.15,81652,0.307383035432,0.666666666667,0.0,0.0,0.0,undefined,0.0,363.70687604
jc170501,elasticnetiter1000_l1ratio0.15,77570,0.29201614239,0.777777777778,0.0,0.0,0.0,undefined,0.0,329.569020987
jc170501,elasticnetiter1000_l1ratio0.15,73692,0.277417217546,0.5,0.0,0.0,0.0,undefined,0.0,328.355986118
jc170501,elasticnetiter1000_l1ratio0.15,70008,0.263548615399,0.666666666667,0.0,0.0,0.0,undefined,0.0,311.498119116
jc170501,elasticnetiter1000_l1ratio0.15,66508,0.250372690449,0.666666666667,0.0,0.0,0.0,undefined,0.0,322.515211105
jc170501,elasticnetiter1000_l1ratio0.15,63183,0.237855561746,0.555555555556,0.0,0.0,0.0,undefined,0.0,278.02741313
jc170501,elasticnetiter1000_l1ratio0.15,60024,0.225963348341,0.333333333333,0.0,0.0,0.0,undefined,0.0,271.091091871
jc170501,elasticnetiter1000_l1ratio0.15,57023,0.214665933834,0.611111111111,0.0,0.0,0.0,undefined,0.0,250.57526803
jc170501,elasticnetiter1000_l1ratio0.15,54172,0.203933201825,0.5,0.0,0.0,0.0,undefined,0.0,244.435312033
jc170501,elasticnetiter1000_l1ratio0.15,51464,0.193738800464,0.277777777778,0.0,0.0,0.0,undefined,0.0,225.219045162
jc170501,elasticnetiter1000_l1ratio0.15,48891,0.184052613351,0.611111111111,0.0,0.0,0.0,undefined,0.0,224.596660137
jc170501,elasticnetiter1000_l1ratio0.15,46447,0.174852053186,0.277777777778,0.0,0.0,0.0,undefined,0.0,215.294158936
jc170501,elasticnetiter1000_l1ratio0.15,44125,0.166110768119,0.388888888889,0.0,0.0,0.0,undefined,0.0,201.188967943
jc170501,elasticnetiter1000_l1ratio0.15,41919,0.15780617085,0.5,0.0,0.0,0.0,undefined,0.0,206.33011198
jc170501,elasticnetiter1000_l1ratio0.15,39824,0.14991943863,0.666666666667,0.0,0.0,0.0,undefined,0.0,186.647325993
jc170501,elasticnetiter1000_l1ratio0.15,37833,0.142424219609,0.611111111111,0.0,0.0,0.0,undefined,0.0,179.524092913
jc170501,elasticnetiter1000_l1ratio0.15,35942,0.135305455586,0.166666666667,0.0,0.0,0.0,undefined,0.0,175.559140921
jc170501,elasticnetiter1000_l1ratio0.15,34145,0.128540559262,0.333333333333,0.0,0.0,0.0,undefined,0.0,169.085536957
jc170501,elasticnetiter1000_l1ratio0.15,32438,0.122114472436,0.333333333333,0.0,0.0,0.0,undefined,0.0,153.832317829
jc170501,elasticnetiter1000_l1ratio0.15,30817,0.116012136909,0.277777777778,0.0,0.0,0.0,undefined,0.0,149.013485193
jc170501,elasticnetiter1000_l1ratio0.15,29277,0.110214729931,0.111111111111,0.0,0.0,0.0,undefined,0.0,144.161273003
jc170501,elasticnetiter1000_l1ratio0.15,27814,0.104707193302,0.0,0.0,0.0,0.0,undefined,0.0,137.440031052
jc170501,elasticnetiter1000_l1ratio0.15,26424,0.099474468822,0.333333333333,0.0,0.0,0.0,undefined,0.0,130.977946997
jc170501,elasticnetiter1000_l1ratio0.15,25103,0.0945014982909,0.166666666667,0.0,0.0,0.0,undefined,0.0,125.899951935
jc170501,elasticnetiter1000_l1ratio0.15,23848,0.0897769880588,0.0555555555556,0.0,0.0,0.0,undefined,0.0,115.352118969
jc170501,elasticnetiter1000_l1ratio0.15,22656,0.0852896444759,0.0555555555556,0.0,0.0,0.0,undefined,0.0,112.695710182
jc170501,elasticnetiter1000_l1ratio0.15,21524,0.0810281738921,0.833333333333,0.0,0.0,0.0,undefined,0.0,107.933561087
jc170501,elasticnetiter1000_l1ratio0.15,20448,0.0769775181075,0.166666666667,0.0,0.0,0.0,undefined,0.0,100.391134977
jc170501,elasticnetiter1000_l1ratio0.15,19426,0.0731301480221,0.0555555555556,0.0,0.0,0.0,undefined,0.0,96.8546199799
jc170501,elasticnetiter1000_l1ratio0.15,18455,0.069474769986,0.444444444444,0.0,0.0,0.0,undefined,0.0,92.1539239883
jc170501,elasticnetiter1000_l1ratio0.15,17533,0.0660038548992,0.222222222222,0.0,0.0,0.0,undefined,0.0,87.6234440804
jc170501,elasticnetiter1000_l1ratio0.15,16657,0.0627061091117,0.166666666667,0.0,0.0,0.0,undefined,0.0,83.5187249184
jc170501,elasticnetiter1000_l1ratio0.15,15825,0.0595740035236,0.0,0.0,0.0,0.0,undefined,0.0,80.0361330509
jc170501,elasticnetiter1000_l1ratio0.15,15034,0.0565962444849,0.0555555555556,0.0,0.0,0.0,undefined,0.0,73.1839230061
jc170501,elasticnetiter1000_l1ratio0.15,14283,0.0537690674457,0.166666666667,0.0,0.0,0.0,undefined,0.0,70.4124789238
jc170501,elasticnetiter1000_l1ratio0.15,13569,0.0510811787559,0.0555555555556,0.0,0.0,0.0,undefined,0.0,66.8008260727
jc170501,elasticnetiter1000_l1ratio0.15,12891,0.0485288138656,0.0555555555556,0.0,0.0,0.0,undefined,0.0,62.1081550121
jc170501,elasticnetiter1000_l1ratio0.15,12247,0.0461044436748,0.0,0.0,0.0,0.0,undefined,0.0,60.5128719807
jc170501,elasticnetiter1000_l1ratio0.15,11635,0.0438005390836,0.0555555555556,0.0,0.0,0.0,undefined,0.0,58.6883368492
jc170501,elasticnetiter1000_l1ratio0.15,11054,0.0416133355419,0.0,0.0,0.0,0.0,undefined,0.0,53.5524029732
jc170501,elasticnetiter1000_l1ratio0.15,10502,0.0395353039498,0.0,0.0,0.0,0.0,undefined,0.0,51.2756979465
jc170501,elasticnetiter1000_l1ratio0.15,9977,0.0375589152073,0.0555555555556,0.0,0.0,0.0,undefined,0.0,48.6294310093
jc170501,elasticnetiter1000_l1ratio0.15,9479,0.0356841693144,0.0555555555556,0.0,0.0,0.0,undefined,0.0,45.9130239487
jc170501,elasticnetiter1000_l1ratio0.15,9006,0.0339035371712,0.0555555555556,0.0,0.0,0.0,undefined,0.0,43.4581160545
jc170501,elasticnetiter1000_l1ratio0.15,8556,0.0322094896776,0.0555555555556,0.0,0.0,0.0,undefined,0.0,43.4436819553
jc170501,elasticnetiter1000_l1ratio0.15,8129,0.0306020268337,0.0,0.0,0.0,0.0,undefined,0.0,40.5132551193
jc170501,elasticnetiter1000_l1ratio0.15,7723,0.0290736195395,0.0,0.0,0.0,0.0,undefined,0.0,36.7160539627
jc170501,elasticnetiter1000_l1ratio0.15,7337,0.027620503245,0.0555555555556,0.0,0.0,0.0,undefined,0.0,37.4584009647
jc170501,elasticnetiter1000_l1ratio0.15,6971,0.0262426779503,0.166666666667,0.0,0.0,0.0,undefined,0.0,33.3100948334
jc170501,elasticnetiter1000_l1ratio0.15,6623,0.0249326145553,0.0,0.0,0.0,0.0,undefined,0.0,31.8361258507
jc170501,elasticnetiter1000_l1ratio0.15,6292,0.02368654851,0.0555555555556,0.0,0.0,0.0,undefined,0.0,29.4072420597
jc170501,elasticnetiter1000_l1ratio0.15,5978,0.0225044798145,0.0,0.0,0.0,0.0,undefined,0.0,27.7883179188
jc170501,elasticnetiter1000_l1ratio0.15,5680,0.0213826439187,0.0555555555556,0.0,0.0,0.0,undefined,0.0,26.3750691414
jc170501,elasticnetiter1000_l1ratio0.15,5396,0.0203135117228,0.0555555555556,0.0,0.0,0.0,undefined,0.0,26.727437973
jc170501,elasticnetiter1000_l1ratio0.15,5127,0.0193008477767,0.0,0.0,0.0,0.0,undefined,0.0,25.1620910168
jc170501,elasticnetiter1000_l1ratio0.15,4871,0.0183371229803,0.0,0.0,0.0,0.0,undefined,0.0,22.7029321194
jc170501,elasticnetiter1000_l1ratio0.15,4628,0.0174223373338,0.0555555555556,0.0,0.0,0.0,undefined,0.0,21.3961210251
jc170501,elasticnetiter1000_l1ratio0.15,4397,0.0165527262871,0.0,0.0,0.0,0.0,undefined,0.0,21.0287890434
jc170501,elasticnetiter1000_l1ratio0.15,4178,0.0157282898402,0.0,0.0,0.0,0.0,undefined,0.0,18.8976271152
jc170501,elasticnetiter1000_l1ratio0.15,3970,0.0149452634432,0.0555555555556,0.0,0.0,0.0,undefined,0.0,18.0440149307
jc170501,elasticnetiter1000_l1ratio0.15,3772,0.014199882546,0.0555555555556,0.0,0.0,0.0,undefined,0.0,17.6050012112
jc170501,elasticnetiter1000_l1ratio0.15,3584,0.0134921471487,0.0,0.0,0.0,0.0,undefined,0.0,17.2511668205
jc170501,elasticnetiter1000_l1ratio0.15,3405,0.0128182927013,0.0555555555556,0.0,0.0,0.0,undefined,0.0,15.6577091217
jc170501,elasticnetiter1000_l1ratio0.15,3235,0.0121783192037,0.0555555555556,0.0,0.0,0.0,undefined,0.0,14.1994161606
jc170501,elasticnetiter1000_l1ratio0.15,3074,0.011572226656,0.222222222222,0.0,0.0,0.0,undefined,0.0,13.8914628029
jc170501,elasticnetiter1000_l1ratio0.15,2921,0.0109962505082,0.0555555555556,0.0,0.0,0.0,undefined,0.0,13.7503290176
jc170501,elasticnetiter1000_l1ratio0.15,2775,0.0104466262103,0.0555555555556,0.0,0.0,0.0,undefined,0.0,12.4440939426
jc170501,elasticnetiter1000_l1ratio0.15,2637,0.00992711831228,0.0555555555556,0.0,0.0,0.0,undefined,0.0,11.7229709625
jc170501,elasticnetiter1000_l1ratio0.15,2506,0.00943396226415,0.0555555555556,0.0,0.0,0.0,undefined,0.0,10.6786770821
jc170501,elasticnetiter1000_l1ratio0.15,2381,0.00896339351594,0.0555555555556,0.0,0.0,0.0,undefined,0.0,10.6702179909
jc170501,elasticnetiter1000_l1ratio0.15,2262,0.00851541206764,0.0555555555556,0.0,0.0,0.0,undefined,0.0,10.2445859909
jc170501,elasticnetiter1000_l1ratio0.15,2149,0.00809001791926,0.0555555555556,0.0,0.0,0.0,undefined,0.0,9.29720687866
jc170501,elasticnetiter1000_l1ratio0.15,2042,0.00768721107079,0.0555555555556,0.0,0.0,0.0,undefined,0.0,8.8759098053
jc170501,elasticnetiter1000_l1ratio0.15,1940,0.00730322697225,0.0555555555556,0.0,0.0,0.0,undefined,0.0,8.0616338253
jc170501,elasticnetiter1000_l1ratio0.15,1843,0.00693806562364,0.0555555555556,0.0,0.0,0.0,undefined,0.0,7.51108503342
jc170501,elasticnetiter1000_l1ratio0.15,1751,0.00659172702495,0.0555555555556,0.0,0.0,0.0,undefined,0.0,7.06648302078
jc170501,elasticnetiter1000_l1ratio0.15,1664,0.0062642111762,0.111111111111,0.0,0.0,0.0,undefined,0.0,7.11262512207
jc170501,elasticnetiter1000_l1ratio0.15,1581,0.00595175352738,0.0555555555556,0.0,0.0,0.0,undefined,0.0,6.23477101326
jc170501,elasticnetiter1000_l1ratio0.15,1502,0.00565435407851,0.0555555555556,0.0,0.0,0.0,undefined,0.0,6.03119301796
jc170501,elasticnetiter1000_l1ratio0.15,1427,0.00537201282959,1.0,0.0,0.0,0.0,undefined,1.0,6.20359516144
jc170501,elasticnetiter1000_l1ratio0.15,1356,0.0051047297806,0.0555555555556,0.0,0.0,0.0,undefined,0.0,5.13773083687
