jf160703,linearsvc_C0.0001,265636,1.0,0.888888888889,0.0,0.0,0.0,undefined,0.0,88.4375479221
jf160703,linearsvc_C0.0001,252355,0.95000301164,0.888888888889,0.0,0.0,0.0,undefined,0.0,62.6823458672
jf160703,linearsvc_C0.0001,239738,0.90250568447,0.888888888889,0.0,0.0,0.0,undefined,0.0,57.6899490356
jf160703,linearsvc_C0.0001,227752,0.857383788342,0.888888888889,0.0,0.0,0.0,undefined,0.0,69.2346618176
jf160703,linearsvc_C0.0001,216365,0.814516857655,0.888888888889,0.0,0.0,0.0,undefined,0.0,53.9446749687
jf160703,linearsvc_C0.0001,205547,0.77379195591,0.888888888889,0.0,0.0,0.0,undefined,0.0,54.3857879639
jf160703,linearsvc_C0.0001,195270,0.735103675707,0.888888888889,0.0,0.0,0.0,undefined,0.0,52.5014810562
jf160703,linearsvc_C0.0001,185507,0.698350374196,0.888888888889,0.0,0.0,0.0,undefined,0.0,42.3384017944
jf160703,linearsvc_C0.0001,176232,0.663434173079,0.888888888889,0.0,0.0,0.0,undefined,0.0,34.3761279583
jf160703,linearsvc_C0.0001,167421,0.630264723155,0.888888888889,0.0,0.0,0.0,undefined,0.0,33.8201229572
jf160703,linearsvc_C0.0001,159050,0.598751675225,0.888888888889,0.0,0.0,0.0,undefined,0.0,35.1516189575
jf160703,linearsvc_C0.0001,151098,0.568815973738,0.888888888889,0.0,0.0,0.0,undefined,0.0,30.8995630741
jf160703,linearsvc_C0.0001,143544,0.540378563147,0.888888888889,0.0,0.0,0.0,undefined,0.0,25.6613900661
jf160703,linearsvc_C0.0001,136367,0.513360387899,0.888888888889,0.0,0.0,0.0,undefined,0.0,27.2212460041
jf160703,linearsvc_C0.0001,129549,0.487693686097,0.888888888889,0.0,0.0,0.0,undefined,0.0,18.9714460373
jf160703,linearsvc_C0.0001,123072,0.463310695839,0.888888888889,0.0,0.0,0.0,undefined,0.0,20.0892491341
jf160703,linearsvc_C0.0001,116919,0.440147419777,0.888888888889,0.0,0.0,0.0,undefined,0.0,20.1846251488
jf160703,linearsvc_C0.0001,111074,0.418143625111,0.888888888889,0.0,0.0,0.0,undefined,0.0,25.4155950546
jf160703,linearsvc_C0.0001,105521,0.39723907904,0.888888888889,0.0,0.0,0.0,undefined,0.0,13.0197839737
jf160703,linearsvc_C0.0001,100245,0.377377313316,0.888888888889,0.0,0.0,0.0,undefined,0.0,14.8534429073
jf160703,linearsvc_C0.0001,95233,0.358509388788,0.888888888889,0.0,0.0,0.0,undefined,0.0,11.8968989849
jf160703,linearsvc_C0.0001,90472,0.340586366306,0.888888888889,0.0,0.0,0.0,undefined,0.0,10.4066541195
jf160703,linearsvc_C0.0001,85949,0.32355930672,0.888888888889,0.0,0.0,0.0,undefined,0.0,10.3691298962
jf160703,linearsvc_C0.0001,81652,0.307383035432,0.777777777778,0.0,0.0,0.0,undefined,0.0,9.55454301834
jf160703,linearsvc_C0.0001,77570,0.29201614239,0.777777777778,0.0,0.0,0.0,undefined,0.0,9.42908096313
jf160703,linearsvc_C0.0001,73692,0.277417217546,0.777777777778,0.0,0.0,0.0,undefined,0.0,7.31678295135
jf160703,linearsvc_C0.0001,70008,0.263548615399,0.777777777778,0.0,0.0,0.0,undefined,0.0,7.09525585175
jf160703,linearsvc_C0.0001,66508,0.250372690449,0.777777777778,0.0,0.0,0.0,undefined,0.0,6.21727991104
jf160703,linearsvc_C0.0001,63183,0.237855561746,0.777777777778,0.0,0.0,0.0,undefined,0.0,6.20846199989
jf160703,linearsvc_C0.0001,60024,0.225963348341,0.777777777778,0.0,0.0,0.0,undefined,0.0,5.33095002174
jf160703,linearsvc_C0.0001,57023,0.214665933834,0.777777777778,0.0,0.0,0.0,undefined,0.0,5.25650286674
jf160703,linearsvc_C0.0001,54172,0.203933201825,0.777777777778,0.0,0.0,0.0,undefined,0.0,3.92248392105
jf160703,linearsvc_C0.0001,51464,0.193738800464,0.777777777778,0.0,0.0,0.0,undefined,0.0,4.06154108047
jf160703,linearsvc_C0.0001,48891,0.184052613351,0.777777777778,0.0,0.0,0.0,undefined,0.0,3.66521883011
jf160703,linearsvc_C0.0001,46447,0.174852053186,0.777777777778,0.0,0.0,0.0,undefined,0.0,3.82533812523
jf160703,linearsvc_C0.0001,44125,0.166110768119,0.777777777778,0.0,0.0,0.0,undefined,0.0,2.79341602325
jf160703,linearsvc_C0.0001,41919,0.15780617085,0.777777777778,0.0,0.0,0.0,undefined,0.0,3.09205198288
jf160703,linearsvc_C0.0001,39824,0.14991943863,0.777777777778,0.0,0.0,0.0,undefined,0.0,2.95243787766
jf160703,linearsvc_C0.0001,37833,0.142424219609,0.777777777778,0.0,0.0,0.0,undefined,0.0,2.68105602264
jf160703,linearsvc_C0.0001,35942,0.135305455586,0.777777777778,0.0,0.0,0.0,undefined,0.0,2.18821001053
jf160703,linearsvc_C0.0001,34145,0.128540559262,0.777777777778,0.0,0.0,0.0,undefined,0.0,2.12114405632
jf160703,linearsvc_C0.0001,32438,0.122114472436,0.777777777778,0.0,0.0,0.0,undefined,0.0,1.84858989716
jf160703,linearsvc_C0.0001,30817,0.116012136909,0.777777777778,0.0,0.0,0.0,undefined,0.0,1.61895608902
jf160703,linearsvc_C0.0001,29277,0.110214729931,0.722222222222,0.0,0.0,0.0,undefined,0.0,1.76203989983
jf160703,linearsvc_C0.0001,27814,0.104707193302,0.666666666667,0.0,0.0,0.0,undefined,0.0,1.45916199684
jf160703,linearsvc_C0.0001,26424,0.099474468822,0.611111111111,0.0,0.0,0.0,undefined,0.0,1.36980700493
jf160703,linearsvc_C0.0001,25103,0.0945014982909,0.611111111111,0.0,0.0,0.0,undefined,0.0,1.23941612244
jf160703,linearsvc_C0.0001,23848,0.0897769880588,0.611111111111,0.0,0.0,0.0,undefined,0.0,1.22786211967
jf160703,linearsvc_C0.0001,22656,0.0852896444759,0.611111111111,0.0,0.0,0.0,undefined,0.0,1.20953893661
jf160703,linearsvc_C0.0001,21524,0.0810281738921,0.555555555556,0.0,0.0,0.0,undefined,0.0,1.08394193649
jf160703,linearsvc_C0.0001,20448,0.0769775181075,0.555555555556,0.0,0.0,0.0,undefined,0.0,0.970038175583
jf160703,linearsvc_C0.0001,19426,0.0731301480221,0.555555555556,0.0,0.0,0.0,undefined,0.0,0.844660997391
jf160703,linearsvc_C0.0001,18455,0.069474769986,0.555555555556,0.0,0.0,0.0,undefined,0.0,0.840175867081
jf160703,linearsvc_C0.0001,17533,0.0660038548992,0.555555555556,0.0,0.0,0.0,undefined,0.0,0.733942985535
jf160703,linearsvc_C0.0001,16657,0.0627061091117,0.555555555556,0.0,0.0,0.0,undefined,0.0,0.674705982208
jf160703,linearsvc_C0.0001,15825,0.0595740035236,0.555555555556,0.0,0.0,0.0,undefined,0.0,0.599550962448
jf160703,linearsvc_C0.0001,15034,0.0565962444849,0.555555555556,0.0,0.0,0.0,undefined,0.0,0.581886053085
jf160703,linearsvc_C0.0001,14283,0.0537690674457,0.555555555556,0.0,0.0,0.0,undefined,0.0,0.51121711731
jf160703,linearsvc_C0.0001,13569,0.0510811787559,0.555555555556,0.0,0.0,0.0,undefined,0.0,0.46854186058
jf160703,linearsvc_C0.0001,12891,0.0485288138656,0.555555555556,0.0,0.0,0.0,undefined,0.0,0.472319126129
jf160703,linearsvc_C0.0001,12247,0.0461044436748,0.555555555556,0.0,0.0,0.0,undefined,0.0,0.428738117218
jf160703,linearsvc_C0.0001,11635,0.0438005390836,0.555555555556,0.0,0.0,0.0,undefined,0.0,0.393613100052
jf160703,linearsvc_C0.0001,11054,0.0416133355419,0.5,0.0,0.0,0.0,undefined,0.0,0.35605096817
jf160703,linearsvc_C0.0001,10502,0.0395353039498,0.555555555556,0.0,0.0,0.0,undefined,0.0,0.338374853134
jf160703,linearsvc_C0.0001,9977,0.0375589152073,0.611111111111,0.0,0.0,0.0,undefined,0.0,0.28058385849
jf160703,linearsvc_C0.0001,9479,0.0356841693144,0.611111111111,0.0,0.0,0.0,undefined,0.0,0.284811019897
jf160703,linearsvc_C0.0001,9006,0.0339035371712,0.611111111111,0.0,0.0,0.0,undefined,0.0,0.275604009628
jf160703,linearsvc_C0.0001,8556,0.0322094896776,0.611111111111,0.0,0.0,0.0,undefined,0.0,0.244099855423
jf160703,linearsvc_C0.0001,8129,0.0306020268337,0.555555555556,0.0,0.0,0.0,undefined,0.0,0.226405143738
jf160703,linearsvc_C0.0001,7723,0.0290736195395,0.555555555556,0.0,0.0,0.0,undefined,0.0,0.206765890121
jf160703,linearsvc_C0.0001,7337,0.027620503245,0.555555555556,0.0,0.0,0.0,undefined,0.0,0.196475982666
jf160703,linearsvc_C0.0001,6971,0.0262426779503,0.555555555556,0.0,0.0,0.0,undefined,0.0,0.194738149643
jf160703,linearsvc_C0.0001,6623,0.0249326145553,0.555555555556,0.0,0.0,0.0,undefined,0.0,0.181842803955
jf160703,linearsvc_C0.0001,6292,0.02368654851,0.666666666667,0.0,0.0,0.0,undefined,0.0,0.162364959717
jf160703,linearsvc_C0.0001,5978,0.0225044798145,0.666666666667,0.0,0.0,0.0,undefined,0.0,0.153929948807
jf160703,linearsvc_C0.0001,5680,0.0213826439187,0.666666666667,0.0,0.0,0.0,undefined,0.0,0.147003889084
jf160703,linearsvc_C0.0001,5396,0.0203135117228,0.666666666667,0.0,0.0,0.0,undefined,0.0,0.13060593605
jf160703,linearsvc_C0.0001,5127,0.0193008477767,0.666666666667,0.0,0.0,0.0,undefined,0.0,0.129670858383
jf160703,linearsvc_C0.0001,4871,0.0183371229803,0.666666666667,0.0,0.0,0.0,undefined,0.0,0.109042167664
jf160703,linearsvc_C0.0001,4628,0.0174223373338,0.666666666667,0.0,0.0,0.0,undefined,0.0,0.108527898788
jf160703,linearsvc_C0.0001,4397,0.0165527262871,0.666666666667,0.0,0.0,0.0,undefined,0.0,0.109081029892
jf160703,linearsvc_C0.0001,4178,0.0157282898402,0.666666666667,0.0,0.0,0.0,undefined,0.0,0.0944931507111
jf160703,linearsvc_C0.0001,3970,0.0149452634432,0.666666666667,0.0,0.0,0.0,undefined,0.0,0.0883500576019
jf160703,linearsvc_C0.0001,3772,0.014199882546,0.666666666667,0.0,0.0,0.0,undefined,0.0,0.0835039615631
jf160703,linearsvc_C0.0001,3584,0.0134921471487,0.666666666667,0.0,0.0,0.0,undefined,0.0,0.0813488960266
jf160703,linearsvc_C0.0001,3405,0.0128182927013,0.666666666667,0.0,0.0,0.0,undefined,0.0,0.0880241394043
jf160703,linearsvc_C0.0001,3235,0.0121783192037,0.666666666667,0.0,0.0,0.0,undefined,0.0,0.0833749771118
jf160703,linearsvc_C0.0001,3074,0.011572226656,0.722222222222,0.0,0.0,0.0,undefined,0.0,0.0764620304108
jf160703,linearsvc_C0.0001,2921,0.0109962505082,0.666666666667,0.0,0.0,0.0,undefined,0.0,0.0759961605072
jf160703,linearsvc_C0.0001,2775,0.0104466262103,0.666666666667,0.0,0.0,0.0,undefined,0.0,0.077378988266
jf160703,linearsvc_C0.0001,2637,0.00992711831228,0.611111111111,0.0,0.0,0.0,undefined,0.0,0.0697181224823
jf160703,linearsvc_C0.0001,2506,0.00943396226415,0.611111111111,0.0,0.0,0.0,undefined,0.0,0.0667178630829
jf160703,linearsvc_C0.0001,2381,0.00896339351594,0.666666666667,0.0,0.0,0.0,undefined,0.0,0.0630180835724
jf160703,linearsvc_C0.0001,2262,0.00851541206764,0.666666666667,0.0,0.0,0.0,undefined,0.0,0.0562429428101
jf160703,linearsvc_C0.0001,2149,0.00809001791926,0.666666666667,0.0,0.0,0.0,undefined,0.0,0.0564348697662
jf160703,linearsvc_C0.0001,2042,0.00768721107079,0.666666666667,0.0,0.0,0.0,undefined,0.0,0.054162979126
jf160703,linearsvc_C0.0001,1940,0.00730322697225,0.611111111111,0.0,0.0,0.0,undefined,0.0,0.0539088249207
jf160703,linearsvc_C0.0001,1843,0.00693806562364,0.666666666667,0.0,0.0,0.0,undefined,0.0,0.0511949062347
jf160703,linearsvc_C0.0001,1751,0.00659172702495,0.611111111111,0.0,0.0,0.0,undefined,0.0,0.0487160682678
jf160703,linearsvc_C0.0001,1664,0.0062642111762,0.611111111111,0.0,0.0,0.0,undefined,0.0,0.0781741142273
jf160703,linearsvc_C0.0001,1581,0.00595175352738,0.611111111111,0.0,0.0,0.0,undefined,0.0,0.0732679367065
jf160703,linearsvc_C0.0001,1502,0.00565435407851,0.611111111111,0.0,0.0,0.0,undefined,0.0,0.0735540390015
jf160703,linearsvc_C0.0001,1427,0.00537201282959,0.611111111111,0.0,0.0,0.0,undefined,0.0,0.0688760280609
jf160703,linearsvc_C0.0001,1356,0.0051047297806,0.611111111111,0.0,0.0,0.0,undefined,0.0,0.0719001293182
jf160703,linearsvc_C0.001,265636,1.0,0.888888888889,0.0,0.0,0.0,undefined,0.0,296.943047047
jf160703,linearsvc_C0.001,252355,0.95000301164,0.888888888889,0.0,0.0,0.0,undefined,0.0,307.129445076
jf160703,linearsvc_C0.001,239738,0.90250568447,0.888888888889,0.0,0.0,0.0,undefined,0.0,264.502445936
jf160703,linearsvc_C0.001,227752,0.857383788342,0.833333333333,0.0,0.0,0.0,undefined,0.0,251.370766878
jf160703,linearsvc_C0.001,216365,0.814516857655,0.833333333333,0.0,0.0,0.0,undefined,0.0,238.257382154
jf160703,linearsvc_C0.001,205547,0.77379195591,0.833333333333,0.0,0.0,0.0,undefined,0.0,236.561935902
jf160703,linearsvc_C0.001,195270,0.735103675707,0.833333333333,0.0,0.0,0.0,undefined,0.0,236.038644075
jf160703,linearsvc_C0.001,185507,0.698350374196,0.833333333333,0.0,0.0,0.0,undefined,0.0,221.418478966
jf160703,linearsvc_C0.001,176232,0.663434173079,0.833333333333,0.0,0.0,0.0,undefined,0.0,206.230684996
jf160703,linearsvc_C0.001,167421,0.630264723155,0.833333333333,0.0,0.0,0.0,undefined,0.0,199.485014915
jf160703,linearsvc_C0.001,159050,0.598751675225,0.833333333333,0.0,0.0,0.0,undefined,0.0,174.723978996
jf160703,linearsvc_C0.001,151098,0.568815973738,0.833333333333,0.0,0.0,0.0,undefined,0.0,161.43106699
jf160703,linearsvc_C0.001,143544,0.540378563147,0.833333333333,0.0,0.0,0.0,undefined,0.0,147.080542803
jf160703,linearsvc_C0.001,136367,0.513360387899,0.833333333333,0.0,0.0,0.0,undefined,0.0,140.319653034
jf160703,linearsvc_C0.001,129549,0.487693686097,0.833333333333,0.0,0.0,0.0,undefined,0.0,153.840898991
jf160703,linearsvc_C0.001,123072,0.463310695839,0.833333333333,0.0,0.0,0.0,undefined,0.0,112.987963915
jf160703,linearsvc_C0.001,116919,0.440147419777,0.777777777778,0.0,0.0,0.0,undefined,0.0,101.545768023
jf160703,linearsvc_C0.001,111074,0.418143625111,0.777777777778,0.0,0.0,0.0,undefined,0.0,88.4504239559
jf160703,linearsvc_C0.001,105521,0.39723907904,0.777777777778,0.0,0.0,0.0,undefined,0.0,88.2475221157
jf160703,linearsvc_C0.001,100245,0.377377313316,0.777777777778,0.0,0.0,0.0,undefined,0.0,77.9233379364
jf160703,linearsvc_C0.001,95233,0.358509388788,0.722222222222,0.0,0.0,0.0,undefined,0.0,68.6752531528
jf160703,linearsvc_C0.001,90472,0.340586366306,0.722222222222,0.0,0.0,0.0,undefined,0.0,67.5234308243
jf160703,linearsvc_C0.001,85949,0.32355930672,0.777777777778,0.0,0.0,0.0,undefined,0.0,60.6065199375
jf160703,linearsvc_C0.001,81652,0.307383035432,0.722222222222,0.0,0.0,0.0,undefined,0.0,54.1085851192
jf160703,linearsvc_C0.001,77570,0.29201614239,0.611111111111,0.0,0.0,0.0,undefined,0.0,50.7241089344
jf160703,linearsvc_C0.001,73692,0.277417217546,0.611111111111,0.0,0.0,0.0,undefined,0.0,40.9540190697
jf160703,linearsvc_C0.001,70008,0.263548615399,0.611111111111,0.0,0.0,0.0,undefined,0.0,38.8460950851
jf160703,linearsvc_C0.001,66508,0.250372690449,0.611111111111,0.0,0.0,0.0,undefined,0.0,39.8587720394
jf160703,linearsvc_C0.001,63183,0.237855561746,0.611111111111,0.0,0.0,0.0,undefined,0.0,34.9922940731
jf160703,linearsvc_C0.001,60024,0.225963348341,0.611111111111,0.0,0.0,0.0,undefined,0.0,32.3022830486
jf160703,linearsvc_C0.001,57023,0.214665933834,0.611111111111,0.0,0.0,0.0,undefined,0.0,27.3019788265
jf160703,linearsvc_C0.001,54172,0.203933201825,0.611111111111,0.0,0.0,0.0,undefined,0.0,24.2735450268
jf160703,linearsvc_C0.001,51464,0.193738800464,0.611111111111,0.0,0.0,0.0,undefined,0.0,22.949698925
jf160703,linearsvc_C0.001,48891,0.184052613351,0.555555555556,0.0,0.0,0.0,undefined,0.0,20.1757831573
jf160703,linearsvc_C0.001,46447,0.174852053186,0.555555555556,0.0,0.0,0.0,undefined,0.0,18.4621379375
jf160703,linearsvc_C0.001,44125,0.166110768119,0.555555555556,0.0,0.0,0.0,undefined,0.0,17.7522950172
jf160703,linearsvc_C0.001,41919,0.15780617085,0.555555555556,0.0,0.0,0.0,undefined,0.0,16.9882531166
jf160703,linearsvc_C0.001,39824,0.14991943863,0.5,0.0,0.0,0.0,undefined,0.0,13.6800401211
jf160703,linearsvc_C0.001,37833,0.142424219609,0.444444444444,0.0,0.0,0.0,undefined,0.0,13.1657919884
jf160703,linearsvc_C0.001,35942,0.135305455586,0.5,0.0,0.0,0.0,undefined,0.0,11.2462129593
jf160703,linearsvc_C0.001,34145,0.128540559262,0.5,0.0,0.0,0.0,undefined,0.0,11.4650940895
jf160703,linearsvc_C0.001,32438,0.122114472436,0.5,0.0,0.0,0.0,undefined,0.0,10.5077109337
jf160703,linearsvc_C0.001,30817,0.116012136909,0.444444444444,0.0,0.0,0.0,undefined,0.0,9.39800810814
jf160703,linearsvc_C0.001,29277,0.110214729931,0.5,0.0,0.0,0.0,undefined,0.0,8.92014813423
jf160703,linearsvc_C0.001,27814,0.104707193302,0.5,0.0,0.0,0.0,undefined,0.0,7.87944889069
jf160703,linearsvc_C0.001,26424,0.099474468822,0.5,0.0,0.0,0.0,undefined,0.0,6.049036026
jf160703,linearsvc_C0.001,25103,0.0945014982909,0.444444444444,0.0,0.0,0.0,undefined,0.0,6.81380009651
jf160703,linearsvc_C0.001,23848,0.0897769880588,0.444444444444,0.0,0.0,0.0,undefined,0.0,5.7338218689
jf160703,linearsvc_C0.001,22656,0.0852896444759,0.5,0.0,0.0,0.0,undefined,0.0,5.53048300743
jf160703,linearsvc_C0.001,21524,0.0810281738921,0.444444444444,0.0,0.0,0.0,undefined,0.0,5.16052079201
jf160703,linearsvc_C0.001,20448,0.0769775181075,0.444444444444,0.0,0.0,0.0,undefined,0.0,4.90460586548
jf160703,linearsvc_C0.001,19426,0.0731301480221,0.444444444444,0.0,0.0,0.0,undefined,0.0,3.99704384804
jf160703,linearsvc_C0.001,18455,0.069474769986,0.444444444444,0.0,0.0,0.0,undefined,0.0,3.83133101463
jf160703,linearsvc_C0.001,17533,0.0660038548992,0.444444444444,0.0,0.0,0.0,undefined,0.0,3.04483294487
jf160703,linearsvc_C0.001,16657,0.0627061091117,0.444444444444,0.0,0.0,0.0,undefined,0.0,2.98940181732
jf160703,linearsvc_C0.001,15825,0.0595740035236,0.444444444444,0.0,0.0,0.0,undefined,0.0,2.96420288086
jf160703,linearsvc_C0.001,15034,0.0565962444849,0.444444444444,0.0,0.0,0.0,undefined,0.0,3.16000890732
jf160703,linearsvc_C0.001,14283,0.0537690674457,0.444444444444,0.0,0.0,0.0,undefined,0.0,2.20896291733
jf160703,linearsvc_C0.001,13569,0.0510811787559,0.444444444444,0.0,0.0,0.0,undefined,0.0,2.30219388008
jf160703,linearsvc_C0.001,12891,0.0485288138656,0.444444444444,0.0,0.0,0.0,undefined,0.0,2.23229980469
jf160703,linearsvc_C0.001,12247,0.0461044436748,0.5,0.0,0.0,0.0,undefined,0.0,2.06388902664
jf160703,linearsvc_C0.001,11635,0.0438005390836,0.444444444444,0.0,0.0,0.0,undefined,0.0,1.66380906105
jf160703,linearsvc_C0.001,11054,0.0416133355419,0.444444444444,0.0,0.0,0.0,undefined,0.0,1.68622612953
jf160703,linearsvc_C0.001,10502,0.0395353039498,0.444444444444,0.0,0.0,0.0,undefined,0.0,1.08932113647
jf160703,linearsvc_C0.001,9977,0.0375589152073,0.444444444444,0.0,0.0,0.0,undefined,0.0,1.2903239727
jf160703,linearsvc_C0.001,9479,0.0356841693144,0.444444444444,0.0,0.0,0.0,undefined,0.0,1.23086595535
jf160703,linearsvc_C0.001,9006,0.0339035371712,0.444444444444,0.0,0.0,0.0,undefined,0.0,1.09280395508
jf160703,linearsvc_C0.001,8556,0.0322094896776,0.444444444444,0.0,0.0,0.0,undefined,0.0,0.974197864532
jf160703,linearsvc_C0.001,8129,0.0306020268337,0.444444444444,0.0,0.0,0.0,undefined,0.0,0.940669059753
jf160703,linearsvc_C0.001,7723,0.0290736195395,0.5,0.0,0.0,0.0,undefined,0.0,0.75527381897
jf160703,linearsvc_C0.001,7337,0.027620503245,0.444444444444,0.0,0.0,0.0,undefined,0.0,0.746711015701
jf160703,linearsvc_C0.001,6971,0.0262426779503,0.444444444444,0.0,0.0,0.0,undefined,0.0,0.702756881714
jf160703,linearsvc_C0.001,6623,0.0249326145553,0.388888888889,0.0,0.0,0.0,undefined,0.0,0.702539205551
jf160703,linearsvc_C0.001,6292,0.02368654851,0.5,0.0,0.0,0.0,undefined,0.0,0.573084115982
jf160703,linearsvc_C0.001,5978,0.0225044798145,0.444444444444,0.0,0.0,0.0,undefined,0.0,0.538296937943
jf160703,linearsvc_C0.001,5680,0.0213826439187,0.5,0.0,0.0,0.0,undefined,0.0,0.448732852936
jf160703,linearsvc_C0.001,5396,0.0203135117228,0.5,0.0,0.0,0.0,undefined,0.0,0.44703912735
jf160703,linearsvc_C0.001,5127,0.0193008477767,0.5,0.0,0.0,0.0,undefined,0.0,0.38089799881
jf160703,linearsvc_C0.001,4871,0.0183371229803,0.5,0.0,0.0,0.0,undefined,0.0,0.423213005066
jf160703,linearsvc_C0.001,4628,0.0174223373338,0.444444444444,0.0,0.0,0.0,undefined,0.0,0.314233064651
jf160703,linearsvc_C0.001,4397,0.0165527262871,0.444444444444,0.0,0.0,0.0,undefined,0.0,0.259700059891
jf160703,linearsvc_C0.001,4178,0.0157282898402,0.444444444444,0.0,0.0,0.0,undefined,0.0,0.271335840225
jf160703,linearsvc_C0.001,3970,0.0149452634432,0.5,0.0,0.0,0.0,undefined,0.0,0.285620927811
jf160703,linearsvc_C0.001,3772,0.014199882546,0.444444444444,0.0,0.0,0.0,undefined,0.0,0.21347784996
jf160703,linearsvc_C0.001,3584,0.0134921471487,0.333333333333,0.0,0.0,0.0,undefined,0.0,0.242141008377
jf160703,linearsvc_C0.001,3405,0.0128182927013,0.333333333333,0.0,0.0,0.0,undefined,0.0,0.226144075394
jf160703,linearsvc_C0.001,3235,0.0121783192037,0.333333333333,0.0,0.0,0.0,undefined,0.0,0.19929599762
jf160703,linearsvc_C0.001,3074,0.011572226656,0.333333333333,0.0,0.0,0.0,undefined,0.0,0.189167976379
jf160703,linearsvc_C0.001,2921,0.0109962505082,0.388888888889,0.0,0.0,0.0,undefined,0.0,0.170737028122
jf160703,linearsvc_C0.001,2775,0.0104466262103,0.388888888889,0.0,0.0,0.0,undefined,0.0,0.142354011536
jf160703,linearsvc_C0.001,2637,0.00992711831228,0.444444444444,0.0,0.0,0.0,undefined,0.0,0.150259971619
jf160703,linearsvc_C0.001,2506,0.00943396226415,0.444444444444,0.0,0.0,0.0,undefined,0.0,0.120960950851
jf160703,linearsvc_C0.001,2381,0.00896339351594,0.444444444444,0.0,0.0,0.0,undefined,0.0,0.12593793869
jf160703,linearsvc_C0.001,2262,0.00851541206764,0.444444444444,0.0,0.0,0.0,undefined,0.0,0.123266220093
jf160703,linearsvc_C0.001,2149,0.00809001791926,0.444444444444,0.0,0.0,0.0,undefined,0.0,0.0997428894043
jf160703,linearsvc_C0.001,2042,0.00768721107079,0.5,0.0,0.0,0.0,undefined,0.0,0.119583129883
jf160703,linearsvc_C0.001,1940,0.00730322697225,0.5,0.0,0.0,0.0,undefined,0.0,0.125800848007
jf160703,linearsvc_C0.001,1843,0.00693806562364,0.5,0.0,0.0,0.0,undefined,0.0,0.102602958679
jf160703,linearsvc_C0.001,1751,0.00659172702495,0.388888888889,0.0,0.0,0.0,undefined,0.0,0.0812678337097
jf160703,linearsvc_C0.001,1664,0.0062642111762,0.388888888889,0.0,0.0,0.0,undefined,0.0,0.117388963699
jf160703,linearsvc_C0.001,1581,0.00595175352738,0.388888888889,0.0,0.0,0.0,undefined,0.0,0.0997529029846
jf160703,linearsvc_C0.001,1502,0.00565435407851,0.444444444444,0.0,0.0,0.0,undefined,0.0,0.095566034317
jf160703,linearsvc_C0.001,1427,0.00537201282959,0.444444444444,0.0,0.0,0.0,undefined,0.0,0.0917019844055
jf160703,linearsvc_C0.001,1356,0.0051047297806,0.5,0.0,0.0,0.0,undefined,0.0,0.0883359909058
jf160703,linearsvc_C0.01,265636,1.0,0.666666666667,0.0,0.0,0.0,undefined,0.0,321.849153042
jf160703,linearsvc_C0.01,252355,0.95000301164,0.666666666667,0.0,0.0,0.0,undefined,0.0,306.774403095
jf160703,linearsvc_C0.01,239738,0.90250568447,0.666666666667,0.0,0.0,0.0,undefined,0.0,290.90088892
jf160703,linearsvc_C0.01,227752,0.857383788342,0.666666666667,0.0,0.0,0.0,undefined,0.0,274.155703068
jf160703,linearsvc_C0.01,216365,0.814516857655,0.666666666667,0.0,0.0,0.0,undefined,0.0,257.979989052
jf160703,linearsvc_C0.01,205547,0.77379195591,0.666666666667,0.0,0.0,0.0,undefined,0.0,245.76049614
jf160703,linearsvc_C0.01,195270,0.735103675707,0.666666666667,0.0,0.0,0.0,undefined,0.0,232.239599943
jf160703,linearsvc_C0.01,185507,0.698350374196,0.666666666667,0.0,0.0,0.0,undefined,0.0,220.876404047
jf160703,linearsvc_C0.01,176232,0.663434173079,0.666666666667,0.0,0.0,0.0,undefined,0.0,209.752362013
jf160703,linearsvc_C0.01,167421,0.630264723155,0.666666666667,0.0,0.0,0.0,undefined,0.0,199.980376959
jf160703,linearsvc_C0.01,159050,0.598751675225,0.666666666667,0.0,0.0,0.0,undefined,0.0,187.856712103
jf160703,linearsvc_C0.01,151098,0.568815973738,0.666666666667,0.0,0.0,0.0,undefined,0.0,179.116408825
jf160703,linearsvc_C0.01,143544,0.540378563147,0.666666666667,0.0,0.0,0.0,undefined,0.0,168.526051998
jf160703,linearsvc_C0.01,136367,0.513360387899,0.666666666667,0.0,0.0,0.0,undefined,0.0,160.596261978
jf160703,linearsvc_C0.01,129549,0.487693686097,0.666666666667,0.0,0.0,0.0,undefined,0.0,152.574615002
jf160703,linearsvc_C0.01,123072,0.463310695839,0.666666666667,0.0,0.0,0.0,undefined,0.0,145.061084032
jf160703,linearsvc_C0.01,116919,0.440147419777,0.666666666667,0.0,0.0,0.0,undefined,0.0,136.930395842
jf160703,linearsvc_C0.01,111074,0.418143625111,0.666666666667,0.0,0.0,0.0,undefined,0.0,129.631590843
jf160703,linearsvc_C0.01,105521,0.39723907904,0.666666666667,0.0,0.0,0.0,undefined,0.0,123.380310059
jf160703,linearsvc_C0.01,100245,0.377377313316,0.666666666667,0.0,0.0,0.0,undefined,0.0,116.243177891
jf160703,linearsvc_C0.01,95233,0.358509388788,0.666666666667,0.0,0.0,0.0,undefined,0.0,109.875580072
jf160703,linearsvc_C0.01,90472,0.340586366306,0.666666666667,0.0,0.0,0.0,undefined,0.0,104.383841038
jf160703,linearsvc_C0.01,85949,0.32355930672,0.666666666667,0.0,0.0,0.0,undefined,0.0,99.262182951
jf160703,linearsvc_C0.01,81652,0.307383035432,0.666666666667,0.0,0.0,0.0,undefined,0.0,94.760406971
jf160703,linearsvc_C0.01,77570,0.29201614239,0.666666666667,0.0,0.0,0.0,undefined,0.0,90.8292181492
jf160703,linearsvc_C0.01,73692,0.277417217546,0.666666666667,0.0,0.0,0.0,undefined,0.0,85.7956311703
jf160703,linearsvc_C0.01,70008,0.263548615399,0.666666666667,0.0,0.0,0.0,undefined,0.0,81.7967932224
jf160703,linearsvc_C0.01,66508,0.250372690449,0.666666666667,0.0,0.0,0.0,undefined,0.0,77.6758108139
jf160703,linearsvc_C0.01,63183,0.237855561746,0.666666666667,0.0,0.0,0.0,undefined,0.0,73.9017100334
jf160703,linearsvc_C0.01,60024,0.225963348341,0.666666666667,0.0,0.0,0.0,undefined,0.0,70.4012429714
jf160703,linearsvc_C0.01,57023,0.214665933834,0.666666666667,0.0,0.0,0.0,undefined,0.0,66.5169878006
jf160703,linearsvc_C0.01,54172,0.203933201825,0.666666666667,0.0,0.0,0.0,undefined,0.0,63.6285040379
jf160703,linearsvc_C0.01,51464,0.193738800464,0.666666666667,0.0,0.0,0.0,undefined,0.0,60.1171469688
jf160703,linearsvc_C0.01,48891,0.184052613351,0.666666666667,0.0,0.0,0.0,undefined,0.0,57.171446085
jf160703,linearsvc_C0.01,46447,0.174852053186,0.666666666667,0.0,0.0,0.0,undefined,0.0,54.1999390125
jf160703,linearsvc_C0.01,44125,0.166110768119,0.611111111111,0.0,0.0,0.0,undefined,0.0,51.2773430347
jf160703,linearsvc_C0.01,41919,0.15780617085,0.555555555556,0.0,0.0,0.0,undefined,0.0,49.1783640385
jf160703,linearsvc_C0.01,39824,0.14991943863,0.555555555556,0.0,0.0,0.0,undefined,0.0,46.3201270103
jf160703,linearsvc_C0.01,37833,0.142424219609,0.555555555556,0.0,0.0,0.0,undefined,0.0,44.2080559731
jf160703,linearsvc_C0.01,35942,0.135305455586,0.555555555556,0.0,0.0,0.0,undefined,0.0,37.8705940247
jf160703,linearsvc_C0.01,34145,0.128540559262,0.555555555556,0.0,0.0,0.0,undefined,0.0,33.6641421318
jf160703,linearsvc_C0.01,32438,0.122114472436,0.555555555556,0.0,0.0,0.0,undefined,0.0,35.6351528168
jf160703,linearsvc_C0.01,30817,0.116012136909,0.555555555556,0.0,0.0,0.0,undefined,0.0,34.2259130478
jf160703,linearsvc_C0.01,29277,0.110214729931,0.555555555556,0.0,0.0,0.0,undefined,0.0,27.4514498711
jf160703,linearsvc_C0.01,27814,0.104707193302,0.555555555556,0.0,0.0,0.0,undefined,0.0,28.8624870777
jf160703,linearsvc_C0.01,26424,0.099474468822,0.555555555556,0.0,0.0,0.0,undefined,0.0,25.3349308968
jf160703,linearsvc_C0.01,25103,0.0945014982909,0.555555555556,0.0,0.0,0.0,undefined,0.0,23.495415926
jf160703,linearsvc_C0.01,23848,0.0897769880588,0.555555555556,0.0,0.0,0.0,undefined,0.0,26.0932579041
jf160703,linearsvc_C0.01,22656,0.0852896444759,0.555555555556,0.0,0.0,0.0,undefined,0.0,19.6977288723
jf160703,linearsvc_C0.01,21524,0.0810281738921,0.555555555556,0.0,0.0,0.0,undefined,0.0,18.5514090061
jf160703,linearsvc_C0.01,20448,0.0769775181075,0.555555555556,0.0,0.0,0.0,undefined,0.0,16.2573649883
jf160703,linearsvc_C0.01,19426,0.0731301480221,0.555555555556,0.0,0.0,0.0,undefined,0.0,20.0980789661
jf160703,linearsvc_C0.01,18455,0.069474769986,0.555555555556,0.0,0.0,0.0,undefined,0.0,13.1485750675
jf160703,linearsvc_C0.01,17533,0.0660038548992,0.611111111111,0.0,0.0,0.0,undefined,0.0,13.1400990486
jf160703,linearsvc_C0.01,16657,0.0627061091117,0.611111111111,0.0,0.0,0.0,undefined,0.0,12.1290359497
jf160703,linearsvc_C0.01,15825,0.0595740035236,0.611111111111,0.0,0.0,0.0,undefined,0.0,10.2082309723
jf160703,linearsvc_C0.01,15034,0.0565962444849,0.611111111111,0.0,0.0,0.0,undefined,0.0,8.58438014984
jf160703,linearsvc_C0.01,14283,0.0537690674457,0.555555555556,0.0,0.0,0.0,undefined,0.0,8.01827406883
jf160703,linearsvc_C0.01,13569,0.0510811787559,0.611111111111,0.0,0.0,0.0,undefined,0.0,7.58643102646
jf160703,linearsvc_C0.01,12891,0.0485288138656,0.611111111111,0.0,0.0,0.0,undefined,0.0,7.29521203041
jf160703,linearsvc_C0.01,12247,0.0461044436748,0.611111111111,0.0,0.0,0.0,undefined,0.0,7.01576495171
jf160703,linearsvc_C0.01,11635,0.0438005390836,0.611111111111,0.0,0.0,0.0,undefined,0.0,6.12906503677
jf160703,linearsvc_C0.01,11054,0.0416133355419,0.611111111111,0.0,0.0,0.0,undefined,0.0,5.53422784805
jf160703,linearsvc_C0.01,10502,0.0395353039498,0.555555555556,0.0,0.0,0.0,undefined,0.0,5.21279191971
jf160703,linearsvc_C0.01,9977,0.0375589152073,0.611111111111,0.0,0.0,0.0,undefined,0.0,4.78925991058
jf160703,linearsvc_C0.01,9479,0.0356841693144,0.555555555556,0.0,0.0,0.0,undefined,0.0,4.21491789818
jf160703,linearsvc_C0.01,9006,0.0339035371712,0.555555555556,0.0,0.0,0.0,undefined,0.0,4.02379798889
jf160703,linearsvc_C0.01,8556,0.0322094896776,0.555555555556,0.0,0.0,0.0,undefined,0.0,3.27486109734
jf160703,linearsvc_C0.01,8129,0.0306020268337,0.555555555556,0.0,0.0,0.0,undefined,0.0,2.96676301956
jf160703,linearsvc_C0.01,7723,0.0290736195395,0.555555555556,0.0,0.0,0.0,undefined,0.0,3.26292300224
jf160703,linearsvc_C0.01,7337,0.027620503245,0.5,0.0,0.0,0.0,undefined,0.0,2.62628293037
jf160703,linearsvc_C0.01,6971,0.0262426779503,0.5,0.0,0.0,0.0,undefined,0.0,2.28195405006
jf160703,linearsvc_C0.01,6623,0.0249326145553,0.5,0.0,0.0,0.0,undefined,0.0,2.39782094955
jf160703,linearsvc_C0.01,6292,0.02368654851,0.555555555556,0.0,0.0,0.0,undefined,0.0,1.80104112625
jf160703,linearsvc_C0.01,5978,0.0225044798145,0.555555555556,0.0,0.0,0.0,undefined,0.0,1.85452198982
jf160703,linearsvc_C0.01,5680,0.0213826439187,0.5,0.0,0.0,0.0,undefined,0.0,1.78000617027
jf160703,linearsvc_C0.01,5396,0.0203135117228,0.5,0.0,0.0,0.0,undefined,0.0,1.62824106216
jf160703,linearsvc_C0.01,5127,0.0193008477767,0.555555555556,0.0,0.0,0.0,undefined,0.0,1.56189918518
jf160703,linearsvc_C0.01,4871,0.0183371229803,0.555555555556,0.0,0.0,0.0,undefined,0.0,1.34678792953
jf160703,linearsvc_C0.01,4628,0.0174223373338,0.555555555556,0.0,0.0,0.0,undefined,0.0,1.08419108391
jf160703,linearsvc_C0.01,4397,0.0165527262871,0.555555555556,0.0,0.0,0.0,undefined,0.0,1.06051087379
jf160703,linearsvc_C0.01,4178,0.0157282898402,0.5,0.0,0.0,0.0,undefined,0.0,0.885283946991
jf160703,linearsvc_C0.01,3970,0.0149452634432,0.555555555556,0.0,0.0,0.0,undefined,0.0,0.834790945053
jf160703,linearsvc_C0.01,3772,0.014199882546,0.5,0.0,0.0,0.0,undefined,0.0,0.896802902222
jf160703,linearsvc_C0.01,3584,0.0134921471487,0.5,0.0,0.0,0.0,undefined,0.0,0.793576002121
jf160703,linearsvc_C0.01,3405,0.0128182927013,0.5,0.0,0.0,0.0,undefined,0.0,0.672477960587
jf160703,linearsvc_C0.01,3235,0.0121783192037,0.5,0.0,0.0,0.0,undefined,0.0,0.566359996796
jf160703,linearsvc_C0.01,3074,0.011572226656,0.5,0.0,0.0,0.0,undefined,0.0,0.502816915512
jf160703,linearsvc_C0.01,2921,0.0109962505082,0.5,0.0,0.0,0.0,undefined,0.0,0.465714931488
jf160703,linearsvc_C0.01,2775,0.0104466262103,0.5,0.0,0.0,0.0,undefined,0.0,0.434330940247
jf160703,linearsvc_C0.01,2637,0.00992711831228,0.5,0.0,0.0,0.0,undefined,0.0,0.402544975281
jf160703,linearsvc_C0.01,2506,0.00943396226415,0.5,0.0,0.0,0.0,undefined,0.0,0.369708061218
jf160703,linearsvc_C0.01,2381,0.00896339351594,0.5,0.0,0.0,0.0,undefined,0.0,0.309695005417
jf160703,linearsvc_C0.01,2262,0.00851541206764,0.444444444444,0.0,0.0,0.0,undefined,0.0,0.289180994034
jf160703,linearsvc_C0.01,2149,0.00809001791926,0.444444444444,0.0,0.0,0.0,undefined,0.0,0.322813034058
jf160703,linearsvc_C0.01,2042,0.00768721107079,0.444444444444,0.0,0.0,0.0,undefined,0.0,0.270968198776
jf160703,linearsvc_C0.01,1940,0.00730322697225,0.5,0.0,0.0,0.0,undefined,0.0,0.373502016068
jf160703,linearsvc_C0.01,1843,0.00693806562364,0.5,0.0,0.0,0.0,undefined,0.0,0.374257802963
jf160703,linearsvc_C0.01,1751,0.00659172702495,0.555555555556,0.0,0.0,0.0,undefined,0.0,0.245802879333
jf160703,linearsvc_C0.01,1664,0.0062642111762,0.5,0.0,0.0,0.0,undefined,0.0,0.217923879623
jf160703,linearsvc_C0.01,1581,0.00595175352738,0.555555555556,0.0,0.0,0.0,undefined,0.0,0.240025997162
jf160703,linearsvc_C0.01,1502,0.00565435407851,0.555555555556,0.0,0.0,0.0,undefined,0.0,0.222518920898
jf160703,linearsvc_C0.01,1427,0.00537201282959,0.555555555556,0.0,0.0,0.0,undefined,0.0,0.204614162445
jf160703,linearsvc_C0.01,1356,0.0051047297806,0.555555555556,0.0,0.0,0.0,undefined,0.0,0.216594934464
jf160703,linearsvc_C0.1,265636,1.0,0.777777777778,0.0,0.0,0.0,undefined,0.0,42.0471038818
jf160703,linearsvc_C0.1,252355,0.95000301164,0.777777777778,0.0,0.0,0.0,undefined,0.0,302.9345119
jf160703,linearsvc_C0.1,239738,0.90250568447,0.777777777778,0.0,0.0,0.0,undefined,0.0,287.551735878
jf160703,linearsvc_C0.1,227752,0.857383788342,0.777777777778,0.0,0.0,0.0,undefined,0.0,45.0775361061
jf160703,linearsvc_C0.1,216365,0.814516857655,0.777777777778,0.0,0.0,0.0,undefined,0.0,258.099926949
jf160703,linearsvc_C0.1,205547,0.77379195591,0.777777777778,0.0,0.0,0.0,undefined,0.0,228.093298197
jf160703,linearsvc_C0.1,195270,0.735103675707,0.777777777778,0.0,0.0,0.0,undefined,0.0,142.22710681
jf160703,linearsvc_C0.1,185507,0.698350374196,0.777777777778,0.0,0.0,0.0,undefined,0.0,220.826803923
jf160703,linearsvc_C0.1,176232,0.663434173079,0.777777777778,0.0,0.0,0.0,undefined,0.0,17.159060955
jf160703,linearsvc_C0.1,167421,0.630264723155,0.777777777778,0.0,0.0,0.0,undefined,0.0,198.773185015
jf160703,linearsvc_C0.1,159050,0.598751675225,0.777777777778,0.0,0.0,0.0,undefined,0.0,57.0681819916
jf160703,linearsvc_C0.1,151098,0.568815973738,0.777777777778,0.0,0.0,0.0,undefined,0.0,178.732766151
jf160703,linearsvc_C0.1,143544,0.540378563147,0.777777777778,0.0,0.0,0.0,undefined,0.0,169.089365959
jf160703,linearsvc_C0.1,136367,0.513360387899,0.777777777778,0.0,0.0,0.0,undefined,0.0,161.525746107
jf160703,linearsvc_C0.1,129549,0.487693686097,0.777777777778,0.0,0.0,0.0,undefined,0.0,151.650353909
jf160703,linearsvc_C0.1,123072,0.463310695839,0.777777777778,0.0,0.0,0.0,undefined,0.0,144.750010014
jf160703,linearsvc_C0.1,116919,0.440147419777,0.777777777778,0.0,0.0,0.0,undefined,0.0,136.922271967
jf160703,linearsvc_C0.1,111074,0.418143625111,0.777777777778,0.0,0.0,0.0,undefined,0.0,130.288177013
jf160703,linearsvc_C0.1,105521,0.39723907904,0.777777777778,0.0,0.0,0.0,undefined,0.0,124.860300064
jf160703,linearsvc_C0.1,100245,0.377377313316,0.777777777778,0.0,0.0,0.0,undefined,0.0,118.138587952
jf160703,linearsvc_C0.1,95233,0.358509388788,0.777777777778,0.0,0.0,0.0,undefined,0.0,112.558295012
jf160703,linearsvc_C0.1,90472,0.340586366306,0.777777777778,0.0,0.0,0.0,undefined,0.0,106.547941923
jf160703,linearsvc_C0.1,85949,0.32355930672,0.722222222222,0.0,0.0,0.0,undefined,0.0,100.21543479
jf160703,linearsvc_C0.1,81652,0.307383035432,0.722222222222,0.0,0.0,0.0,undefined,0.0,95.522247076
jf160703,linearsvc_C0.1,77570,0.29201614239,0.722222222222,0.0,0.0,0.0,undefined,0.0,89.9137089252
jf160703,linearsvc_C0.1,73692,0.277417217546,0.722222222222,0.0,0.0,0.0,undefined,0.0,86.1347680092
jf160703,linearsvc_C0.1,70008,0.263548615399,0.722222222222,0.0,0.0,0.0,undefined,0.0,80.734069109
jf160703,linearsvc_C0.1,66508,0.250372690449,0.722222222222,0.0,0.0,0.0,undefined,0.0,77.9921488762
jf160703,linearsvc_C0.1,63183,0.237855561746,0.722222222222,0.0,0.0,0.0,undefined,0.0,72.9776358604
jf160703,linearsvc_C0.1,60024,0.225963348341,0.666666666667,0.0,0.0,0.0,undefined,0.0,70.4855010509
jf160703,linearsvc_C0.1,57023,0.214665933834,0.666666666667,0.0,0.0,0.0,undefined,0.0,65.9789459705
jf160703,linearsvc_C0.1,54172,0.203933201825,0.666666666667,0.0,0.0,0.0,undefined,0.0,62.9936349392
jf160703,linearsvc_C0.1,51464,0.193738800464,0.611111111111,0.0,0.0,0.0,undefined,0.0,59.7436289787
jf160703,linearsvc_C0.1,48891,0.184052613351,0.555555555556,0.0,0.0,0.0,undefined,0.0,56.0293300152
jf160703,linearsvc_C0.1,46447,0.174852053186,0.555555555556,0.0,0.0,0.0,undefined,0.0,53.9753181934
jf160703,linearsvc_C0.1,44125,0.166110768119,0.555555555556,0.0,0.0,0.0,undefined,0.0,51.772192955
jf160703,linearsvc_C0.1,41919,0.15780617085,0.555555555556,0.0,0.0,0.0,undefined,0.0,48.4307160378
jf160703,linearsvc_C0.1,39824,0.14991943863,0.555555555556,0.0,0.0,0.0,undefined,0.0,45.5840380192
jf160703,linearsvc_C0.1,37833,0.142424219609,0.555555555556,0.0,0.0,0.0,undefined,0.0,43.4181659222
jf160703,linearsvc_C0.1,35942,0.135305455586,0.555555555556,0.0,0.0,0.0,undefined,0.0,41.7577989101
jf160703,linearsvc_C0.1,34145,0.128540559262,0.5,0.0,0.0,0.0,undefined,0.0,39.4604809284
jf160703,linearsvc_C0.1,32438,0.122114472436,0.5,0.0,0.0,0.0,undefined,0.0,37.6077558994
jf160703,linearsvc_C0.1,30817,0.116012136909,0.5,0.0,0.0,0.0,undefined,0.0,35.2344231606
jf160703,linearsvc_C0.1,29277,0.110214729931,0.5,0.0,0.0,0.0,undefined,0.0,33.6550819874
jf160703,linearsvc_C0.1,27814,0.104707193302,0.5,0.0,0.0,0.0,undefined,0.0,31.6745710373
jf160703,linearsvc_C0.1,26424,0.099474468822,0.5,0.0,0.0,0.0,undefined,0.0,30.651170969
jf160703,linearsvc_C0.1,25103,0.0945014982909,0.444444444444,0.0,0.0,0.0,undefined,0.0,28.7186510563
jf160703,linearsvc_C0.1,23848,0.0897769880588,0.444444444444,0.0,0.0,0.0,undefined,0.0,27.3901050091
jf160703,linearsvc_C0.1,22656,0.0852896444759,0.444444444444,0.0,0.0,0.0,undefined,0.0,25.7558658123
jf160703,linearsvc_C0.1,21524,0.0810281738921,0.444444444444,0.0,0.0,0.0,undefined,0.0,24.4766759872
jf160703,linearsvc_C0.1,20448,0.0769775181075,0.444444444444,0.0,0.0,0.0,undefined,0.0,23.2251780033
jf160703,linearsvc_C0.1,19426,0.0731301480221,0.444444444444,0.0,0.0,0.0,undefined,0.0,21.7275700569
jf160703,linearsvc_C0.1,18455,0.069474769986,0.444444444444,0.0,0.0,0.0,undefined,0.0,21.1161248684
jf160703,linearsvc_C0.1,17533,0.0660038548992,0.444444444444,0.0,0.0,0.0,undefined,0.0,19.9479081631
jf160703,linearsvc_C0.1,16657,0.0627061091117,0.444444444444,0.0,0.0,0.0,undefined,0.0,18.6101789474
jf160703,linearsvc_C0.1,15825,0.0595740035236,0.444444444444,0.0,0.0,0.0,undefined,0.0,17.6369979382
jf160703,linearsvc_C0.1,15034,0.0565962444849,0.444444444444,0.0,0.0,0.0,undefined,0.0,16.5815238953
jf160703,linearsvc_C0.1,14283,0.0537690674457,0.444444444444,0.0,0.0,0.0,undefined,0.0,15.7110748291
jf160703,linearsvc_C0.1,13569,0.0510811787559,0.444444444444,0.0,0.0,0.0,undefined,0.0,14.8752889633
jf160703,linearsvc_C0.1,12891,0.0485288138656,0.444444444444,0.0,0.0,0.0,undefined,0.0,14.2253119946
jf160703,linearsvc_C0.1,12247,0.0461044436748,0.444444444444,0.0,0.0,0.0,undefined,0.0,13.2492010593
jf160703,linearsvc_C0.1,11635,0.0438005390836,0.444444444444,0.0,0.0,0.0,undefined,0.0,12.6472620964
jf160703,linearsvc_C0.1,11054,0.0416133355419,0.444444444444,0.0,0.0,0.0,undefined,0.0,11.762704134
jf160703,linearsvc_C0.1,10502,0.0395353039498,0.444444444444,0.0,0.0,0.0,undefined,0.0,11.1731770039
jf160703,linearsvc_C0.1,9977,0.0375589152073,0.444444444444,0.0,0.0,0.0,undefined,0.0,10.4426109791
jf160703,linearsvc_C0.1,9479,0.0356841693144,0.444444444444,0.0,0.0,0.0,undefined,0.0,9.85838198662
jf160703,linearsvc_C0.1,9006,0.0339035371712,0.444444444444,0.0,0.0,0.0,undefined,0.0,9.14324021339
jf160703,linearsvc_C0.1,8556,0.0322094896776,0.444444444444,0.0,0.0,0.0,undefined,0.0,8.83334708214
jf160703,linearsvc_C0.1,8129,0.0306020268337,0.444444444444,0.0,0.0,0.0,undefined,0.0,8.25890517235
jf160703,linearsvc_C0.1,7723,0.0290736195395,0.444444444444,0.0,0.0,0.0,undefined,0.0,7.80589318275
jf160703,linearsvc_C0.1,7337,0.027620503245,0.444444444444,0.0,0.0,0.0,undefined,0.0,7.66911292076
jf160703,linearsvc_C0.1,6971,0.0262426779503,0.5,0.0,0.0,0.0,undefined,0.0,6.92508602142
jf160703,linearsvc_C0.1,6623,0.0249326145553,0.444444444444,0.0,0.0,0.0,undefined,0.0,6.66356706619
jf160703,linearsvc_C0.1,6292,0.02368654851,0.444444444444,0.0,0.0,0.0,undefined,0.0,6.41301512718
jf160703,linearsvc_C0.1,5978,0.0225044798145,0.5,0.0,0.0,0.0,undefined,0.0,5.93141508102
jf160703,linearsvc_C0.1,5680,0.0213826439187,0.444444444444,0.0,0.0,0.0,undefined,0.0,5.49463105202
jf160703,linearsvc_C0.1,5396,0.0203135117228,0.5,0.0,0.0,0.0,undefined,0.0,5.47884106636
jf160703,linearsvc_C0.1,5127,0.0193008477767,0.5,0.0,0.0,0.0,undefined,0.0,4.77556586266
jf160703,linearsvc_C0.1,4871,0.0183371229803,0.5,0.0,0.0,0.0,undefined,0.0,4.02717804909
jf160703,linearsvc_C0.1,4628,0.0174223373338,0.555555555556,0.0,0.0,0.0,undefined,0.0,4.5984890461
jf160703,linearsvc_C0.1,4397,0.0165527262871,0.5,0.0,0.0,0.0,undefined,0.0,3.98553991318
jf160703,linearsvc_C0.1,4178,0.0157282898402,0.5,0.0,0.0,0.0,undefined,0.0,4.04823184013
jf160703,linearsvc_C0.1,3970,0.0149452634432,0.5,0.0,0.0,0.0,undefined,0.0,3.38017606735
jf160703,linearsvc_C0.1,3772,0.014199882546,0.5,0.0,0.0,0.0,undefined,0.0,2.97294902802
jf160703,linearsvc_C0.1,3584,0.0134921471487,0.5,0.0,0.0,0.0,undefined,0.0,3.18537998199
jf160703,linearsvc_C0.1,3405,0.0128182927013,0.5,0.0,0.0,0.0,undefined,0.0,3.25125813484
jf160703,linearsvc_C0.1,3235,0.0121783192037,0.555555555556,0.0,0.0,0.0,undefined,0.0,2.27308988571
jf160703,linearsvc_C0.1,3074,0.011572226656,0.444444444444,0.0,0.0,0.0,undefined,0.0,2.64255809784
jf160703,linearsvc_C0.1,2921,0.0109962505082,0.444444444444,0.0,0.0,0.0,undefined,0.0,2.61962890625
jf160703,linearsvc_C0.1,2775,0.0104466262103,0.5,0.0,0.0,0.0,undefined,0.0,1.96074008942
jf160703,linearsvc_C0.1,2637,0.00992711831228,0.388888888889,0.0,0.0,0.0,undefined,0.0,2.03600001335
jf160703,linearsvc_C0.1,2506,0.00943396226415,0.444444444444,0.0,0.0,0.0,undefined,0.0,1.92822885513
jf160703,linearsvc_C0.1,2381,0.00896339351594,0.5,0.0,0.0,0.0,undefined,0.0,1.87277722359
jf160703,linearsvc_C0.1,2262,0.00851541206764,0.444444444444,0.0,0.0,0.0,undefined,0.0,1.23432898521
jf160703,linearsvc_C0.1,2149,0.00809001791926,0.444444444444,0.0,0.0,0.0,undefined,0.0,1.34144091606
jf160703,linearsvc_C0.1,2042,0.00768721107079,0.444444444444,0.0,0.0,0.0,undefined,0.0,1.13133811951
jf160703,linearsvc_C0.1,1940,0.00730322697225,0.444444444444,0.0,0.0,0.0,undefined,0.0,1.16759204865
jf160703,linearsvc_C0.1,1843,0.00693806562364,0.444444444444,0.0,0.0,0.0,undefined,0.0,1.54818487167
jf160703,linearsvc_C0.1,1751,0.00659172702495,0.444444444444,0.0,0.0,0.0,undefined,0.0,0.772329092026
jf160703,linearsvc_C0.1,1664,0.0062642111762,0.5,0.0,0.0,0.0,undefined,0.0,0.95463013649
jf160703,linearsvc_C0.1,1581,0.00595175352738,0.444444444444,0.0,0.0,0.0,undefined,0.0,0.764410972595
jf160703,linearsvc_C0.1,1502,0.00565435407851,0.388888888889,0.0,0.0,0.0,undefined,0.0,0.760679006577
jf160703,linearsvc_C0.1,1427,0.00537201282959,0.388888888889,0.0,0.0,0.0,undefined,0.0,0.571964979172
jf160703,linearsvc_C0.1,1356,0.0051047297806,0.5,0.0,0.0,0.0,undefined,0.0,0.596086978912
jf160703,linearsvc_C1.0,265636,1.0,0.833333333333,0.0,0.0,0.0,undefined,0.0,20.8384318352
jf160703,linearsvc_C1.0,252355,0.95000301164,0.833333333333,0.0,0.0,0.0,undefined,0.0,18.9890880585
jf160703,linearsvc_C1.0,239738,0.90250568447,0.833333333333,0.0,0.0,0.0,undefined,0.0,17.8244810104
jf160703,linearsvc_C1.0,227752,0.857383788342,0.833333333333,0.0,0.0,0.0,undefined,0.0,16.6494688988
jf160703,linearsvc_C1.0,216365,0.814516857655,0.833333333333,0.0,0.0,0.0,undefined,0.0,15.6780021191
jf160703,linearsvc_C1.0,205547,0.77379195591,0.833333333333,0.0,0.0,0.0,undefined,0.0,14.050880909
jf160703,linearsvc_C1.0,195270,0.735103675707,0.833333333333,0.0,0.0,0.0,undefined,0.0,13.8850460052
jf160703,linearsvc_C1.0,185507,0.698350374196,0.833333333333,0.0,0.0,0.0,undefined,0.0,13.0930271149
jf160703,linearsvc_C1.0,176232,0.663434173079,0.833333333333,0.0,0.0,0.0,undefined,0.0,11.8630840778
jf160703,linearsvc_C1.0,167421,0.630264723155,0.833333333333,0.0,0.0,0.0,undefined,0.0,11.4924571514
jf160703,linearsvc_C1.0,159050,0.598751675225,0.833333333333,0.0,0.0,0.0,undefined,0.0,11.0272250175
jf160703,linearsvc_C1.0,151098,0.568815973738,0.833333333333,0.0,0.0,0.0,undefined,0.0,10.2222290039
jf160703,linearsvc_C1.0,143544,0.540378563147,0.833333333333,0.0,0.0,0.0,undefined,0.0,9.2737288475
jf160703,linearsvc_C1.0,136367,0.513360387899,0.833333333333,0.0,0.0,0.0,undefined,0.0,9.27510213852
jf160703,linearsvc_C1.0,129549,0.487693686097,0.833333333333,0.0,0.0,0.0,undefined,0.0,8.36521697044
jf160703,linearsvc_C1.0,123072,0.463310695839,0.833333333333,0.0,0.0,0.0,undefined,0.0,7.815928936
jf160703,linearsvc_C1.0,116919,0.440147419777,0.833333333333,0.0,0.0,0.0,undefined,0.0,7.74731016159
jf160703,linearsvc_C1.0,111074,0.418143625111,0.833333333333,0.0,0.0,0.0,undefined,0.0,7.08351492882
jf160703,linearsvc_C1.0,105521,0.39723907904,0.833333333333,0.0,0.0,0.0,undefined,0.0,6.3663880825
jf160703,linearsvc_C1.0,100245,0.377377313316,0.833333333333,0.0,0.0,0.0,undefined,0.0,6.27067017555
jf160703,linearsvc_C1.0,95233,0.358509388788,0.833333333333,0.0,0.0,0.0,undefined,0.0,5.54678702354
jf160703,linearsvc_C1.0,90472,0.340586366306,0.833333333333,0.0,0.0,0.0,undefined,0.0,5.37276697159
jf160703,linearsvc_C1.0,85949,0.32355930672,0.833333333333,0.0,0.0,0.0,undefined,0.0,5.23172283173
jf160703,linearsvc_C1.0,81652,0.307383035432,0.833333333333,0.0,0.0,0.0,undefined,0.0,4.87653183937
jf160703,linearsvc_C1.0,77570,0.29201614239,0.833333333333,0.0,0.0,0.0,undefined,0.0,4.27008509636
jf160703,linearsvc_C1.0,73692,0.277417217546,0.833333333333,0.0,0.0,0.0,undefined,0.0,4.13936090469
jf160703,linearsvc_C1.0,70008,0.263548615399,0.833333333333,0.0,0.0,0.0,undefined,0.0,4.1443259716
jf160703,linearsvc_C1.0,66508,0.250372690449,0.722222222222,0.0,0.0,0.0,undefined,0.0,3.78674697876
jf160703,linearsvc_C1.0,63183,0.237855561746,0.777777777778,0.0,0.0,0.0,undefined,0.0,3.52446007729
jf160703,linearsvc_C1.0,60024,0.225963348341,0.777777777778,0.0,0.0,0.0,undefined,0.0,3.37656784058
jf160703,linearsvc_C1.0,57023,0.214665933834,0.722222222222,0.0,0.0,0.0,undefined,0.0,3.01844501495
jf160703,linearsvc_C1.0,54172,0.203933201825,0.666666666667,0.0,0.0,0.0,undefined,0.0,3.07603788376
jf160703,linearsvc_C1.0,51464,0.193738800464,0.555555555556,0.0,0.0,0.0,undefined,0.0,2.91111493111
jf160703,linearsvc_C1.0,48891,0.184052613351,0.555555555556,0.0,0.0,0.0,undefined,0.0,2.57617402077
jf160703,linearsvc_C1.0,46447,0.174852053186,0.555555555556,0.0,0.0,0.0,undefined,0.0,2.49607396126
jf160703,linearsvc_C1.0,44125,0.166110768119,0.555555555556,0.0,0.0,0.0,undefined,0.0,2.24384498596
jf160703,linearsvc_C1.0,41919,0.15780617085,0.555555555556,0.0,0.0,0.0,undefined,0.0,2.11875891685
jf160703,linearsvc_C1.0,39824,0.14991943863,0.5,0.0,0.0,0.0,undefined,0.0,2.01357388496
jf160703,linearsvc_C1.0,37833,0.142424219609,0.5,0.0,0.0,0.0,undefined,0.0,2.02737784386
jf160703,linearsvc_C1.0,35942,0.135305455586,0.5,0.0,0.0,0.0,undefined,0.0,1.95327782631
jf160703,linearsvc_C1.0,34145,0.128540559262,0.5,0.0,0.0,0.0,undefined,0.0,1.75650405884
jf160703,linearsvc_C1.0,32438,0.122114472436,0.5,0.0,0.0,0.0,undefined,0.0,1.71323418617
jf160703,linearsvc_C1.0,30817,0.116012136909,0.555555555556,0.0,0.0,0.0,undefined,0.0,1.4946269989
jf160703,linearsvc_C1.0,29277,0.110214729931,0.555555555556,0.0,0.0,0.0,undefined,0.0,1.5542280674
jf160703,linearsvc_C1.0,27814,0.104707193302,0.611111111111,0.0,0.0,0.0,undefined,0.0,1.38037085533
jf160703,linearsvc_C1.0,26424,0.099474468822,0.555555555556,0.0,0.0,0.0,undefined,0.0,1.29871511459
jf160703,linearsvc_C1.0,25103,0.0945014982909,0.555555555556,0.0,0.0,0.0,undefined,0.0,1.19268488884
jf160703,linearsvc_C1.0,23848,0.0897769880588,0.555555555556,0.0,0.0,0.0,undefined,0.0,1.07678508759
jf160703,linearsvc_C1.0,22656,0.0852896444759,0.5,0.0,0.0,0.0,undefined,0.0,1.01634097099
jf160703,linearsvc_C1.0,21524,0.0810281738921,0.5,0.0,0.0,0.0,undefined,0.0,0.966773033142
jf160703,linearsvc_C1.0,20448,0.0769775181075,0.555555555556,0.0,0.0,0.0,undefined,0.0,0.915393829346
jf160703,linearsvc_C1.0,19426,0.0731301480221,0.555555555556,0.0,0.0,0.0,undefined,0.0,0.944529771805
jf160703,linearsvc_C1.0,18455,0.069474769986,0.444444444444,0.0,0.0,0.0,undefined,0.0,0.880914926529
jf160703,linearsvc_C1.0,17533,0.0660038548992,0.444444444444,0.0,0.0,0.0,undefined,0.0,0.834317922592
jf160703,linearsvc_C1.0,16657,0.0627061091117,0.388888888889,0.0,0.0,0.0,undefined,0.0,0.769835948944
jf160703,linearsvc_C1.0,15825,0.0595740035236,0.388888888889,0.0,0.0,0.0,undefined,0.0,0.758192062378
jf160703,linearsvc_C1.0,15034,0.0565962444849,0.444444444444,0.0,0.0,0.0,undefined,0.0,0.669629096985
jf160703,linearsvc_C1.0,14283,0.0537690674457,0.5,0.0,0.0,0.0,undefined,0.0,0.701005935669
jf160703,linearsvc_C1.0,13569,0.0510811787559,0.444444444444,0.0,0.0,0.0,undefined,0.0,0.600301027298
jf160703,linearsvc_C1.0,12891,0.0485288138656,0.444444444444,0.0,0.0,0.0,undefined,0.0,0.623444080353
jf160703,linearsvc_C1.0,12247,0.0461044436748,0.444444444444,0.0,0.0,0.0,undefined,0.0,0.572477817535
jf160703,linearsvc_C1.0,11635,0.0438005390836,0.5,0.0,0.0,0.0,undefined,0.0,0.551560163498
jf160703,linearsvc_C1.0,11054,0.0416133355419,0.444444444444,0.0,0.0,0.0,undefined,0.0,0.48974609375
jf160703,linearsvc_C1.0,10502,0.0395353039498,0.444444444444,0.0,0.0,0.0,undefined,0.0,0.435901165009
jf160703,linearsvc_C1.0,9977,0.0375589152073,0.444444444444,0.0,0.0,0.0,undefined,0.0,0.383821964264
jf160703,linearsvc_C1.0,9479,0.0356841693144,0.5,0.0,0.0,0.0,undefined,0.0,0.34836602211
jf160703,linearsvc_C1.0,9006,0.0339035371712,0.5,0.0,0.0,0.0,undefined,0.0,0.316812992096
jf160703,linearsvc_C1.0,8556,0.0322094896776,0.5,0.0,0.0,0.0,undefined,0.0,0.330043077469
jf160703,linearsvc_C1.0,8129,0.0306020268337,0.555555555556,0.0,0.0,0.0,undefined,0.0,0.27765917778
jf160703,linearsvc_C1.0,7723,0.0290736195395,0.5,0.0,0.0,0.0,undefined,0.0,0.334007978439
jf160703,linearsvc_C1.0,7337,0.027620503245,0.5,0.0,0.0,0.0,undefined,0.0,0.26564002037
jf160703,linearsvc_C1.0,6971,0.0262426779503,0.444444444444,0.0,0.0,0.0,undefined,0.0,0.27041888237
jf160703,linearsvc_C1.0,6623,0.0249326145553,0.444444444444,0.0,0.0,0.0,undefined,0.0,0.237368106842
jf160703,linearsvc_C1.0,6292,0.02368654851,0.5,0.0,0.0,0.0,undefined,0.0,0.263292074203
jf160703,linearsvc_C1.0,5978,0.0225044798145,0.5,0.0,0.0,0.0,undefined,0.0,0.234258174896
jf160703,linearsvc_C1.0,5680,0.0213826439187,0.5,0.0,0.0,0.0,undefined,0.0,0.197260141373
jf160703,linearsvc_C1.0,5396,0.0203135117228,0.5,0.0,0.0,0.0,undefined,0.0,0.230535030365
jf160703,linearsvc_C1.0,5127,0.0193008477767,0.444444444444,0.0,0.0,0.0,undefined,0.0,0.210044145584
jf160703,linearsvc_C1.0,4871,0.0183371229803,0.388888888889,0.0,0.0,0.0,undefined,0.0,0.20062494278
jf160703,linearsvc_C1.0,4628,0.0174223373338,0.444444444444,0.0,0.0,0.0,undefined,0.0,0.17129611969
jf160703,linearsvc_C1.0,4397,0.0165527262871,0.388888888889,0.0,0.0,0.0,undefined,0.0,0.20420217514
jf160703,linearsvc_C1.0,4178,0.0157282898402,0.388888888889,0.0,0.0,0.0,undefined,0.0,0.17945599556
jf160703,linearsvc_C1.0,3970,0.0149452634432,0.444444444444,0.0,0.0,0.0,undefined,0.0,0.185034990311
jf160703,linearsvc_C1.0,3772,0.014199882546,0.444444444444,0.0,0.0,0.0,undefined,0.0,0.157046079636
jf160703,linearsvc_C1.0,3584,0.0134921471487,0.444444444444,0.0,0.0,0.0,undefined,0.0,0.1583070755
jf160703,linearsvc_C1.0,3405,0.0128182927013,0.388888888889,0.0,0.0,0.0,undefined,0.0,0.302161931992
jf160703,linearsvc_C1.0,3235,0.0121783192037,0.444444444444,0.0,0.0,0.0,undefined,0.0,0.172528982162
jf160703,linearsvc_C1.0,3074,0.011572226656,0.5,0.0,0.0,0.0,undefined,0.0,0.809652090073
jf160703,linearsvc_C1.0,2921,0.0109962505082,0.444444444444,0.0,0.0,0.0,undefined,0.0,0.332690000534
jf160703,linearsvc_C1.0,2775,0.0104466262103,0.5,0.0,0.0,0.0,undefined,0.0,0.171972990036
jf160703,linearsvc_C1.0,2637,0.00992711831228,0.444444444444,0.0,0.0,0.0,undefined,0.0,0.167054176331
jf160703,linearsvc_C1.0,2506,0.00943396226415,0.5,0.0,0.0,0.0,undefined,0.0,0.184496879578
jf160703,linearsvc_C1.0,2381,0.00896339351594,0.388888888889,0.0,0.0,0.0,undefined,0.0,1.43577885628
jf160703,linearsvc_C1.0,2262,0.00851541206764,0.444444444444,0.0,0.0,0.0,undefined,0.0,0.944670915604
jf160703,linearsvc_C1.0,2149,0.00809001791926,0.555555555556,0.0,0.0,0.0,undefined,0.0,0.859956979752
jf160703,linearsvc_C1.0,2042,0.00768721107079,0.5,0.0,0.0,0.0,undefined,0.0,1.074021101
jf160703,linearsvc_C1.0,1940,0.00730322697225,0.388888888889,0.0,0.0,0.0,undefined,0.0,1.0464849472
jf160703,linearsvc_C1.0,1843,0.00693806562364,0.388888888889,0.0,0.0,0.0,undefined,0.0,1.29747700691
jf160703,linearsvc_C1.0,1751,0.00659172702495,0.388888888889,0.0,0.0,0.0,undefined,0.0,1.29405403137
jf160703,linearsvc_C1.0,1664,0.0062642111762,0.388888888889,0.0,0.0,0.0,undefined,0.0,1.46002101898
jf160703,linearsvc_C1.0,1581,0.00595175352738,0.388888888889,0.0,0.0,0.0,undefined,0.0,1.32994318008
jf160703,linearsvc_C1.0,1502,0.00565435407851,0.444444444444,0.0,0.0,0.0,undefined,0.0,1.1977250576
jf160703,linearsvc_C1.0,1427,0.00537201282959,0.555555555556,0.0,0.0,0.0,undefined,0.0,1.09253001213
jf160703,linearsvc_C1.0,1356,0.0051047297806,0.555555555556,0.0,0.0,0.0,undefined,0.0,0.873381853104
jf160703,linearsvc_C10.0,265636,1.0,0.944444444444,0.0,0.0,0.0,undefined,0.0,18.1327049732
jf160703,linearsvc_C10.0,252355,0.95000301164,0.944444444444,0.0,0.0,0.0,undefined,0.0,16.9191961288
jf160703,linearsvc_C10.0,239738,0.90250568447,0.944444444444,0.0,0.0,0.0,undefined,0.0,15.681814909
jf160703,linearsvc_C10.0,227752,0.857383788342,0.944444444444,0.0,0.0,0.0,undefined,0.0,14.492390871
jf160703,linearsvc_C10.0,216365,0.814516857655,0.944444444444,0.0,0.0,0.0,undefined,0.0,13.6114089489
jf160703,linearsvc_C10.0,205547,0.77379195591,0.944444444444,0.0,0.0,0.0,undefined,0.0,13.2229130268
jf160703,linearsvc_C10.0,195270,0.735103675707,0.944444444444,0.0,0.0,0.0,undefined,0.0,12.144837141
jf160703,linearsvc_C10.0,185507,0.698350374196,0.944444444444,0.0,0.0,0.0,undefined,0.0,10.9104599953
jf160703,linearsvc_C10.0,176232,0.663434173079,0.944444444444,0.0,0.0,0.0,undefined,0.0,11.0762200356
jf160703,linearsvc_C10.0,167421,0.630264723155,0.944444444444,0.0,0.0,0.0,undefined,0.0,9.99549794197
jf160703,linearsvc_C10.0,159050,0.598751675225,0.888888888889,0.0,0.0,0.0,undefined,0.0,9.5768828392
jf160703,linearsvc_C10.0,151098,0.568815973738,0.944444444444,0.0,0.0,0.0,undefined,0.0,8.5749630928
jf160703,linearsvc_C10.0,143544,0.540378563147,0.944444444444,0.0,0.0,0.0,undefined,0.0,8.20866894722
jf160703,linearsvc_C10.0,136367,0.513360387899,0.944444444444,0.0,0.0,0.0,undefined,0.0,8.03786182404
jf160703,linearsvc_C10.0,129549,0.487693686097,0.944444444444,0.0,0.0,0.0,undefined,0.0,7.15270400047
jf160703,linearsvc_C10.0,123072,0.463310695839,0.944444444444,0.0,0.0,0.0,undefined,0.0,7.06289601326
jf160703,linearsvc_C10.0,116919,0.440147419777,0.888888888889,0.0,0.0,0.0,undefined,0.0,6.92891001701
jf160703,linearsvc_C10.0,111074,0.418143625111,0.888888888889,0.0,0.0,0.0,undefined,0.0,5.95004892349
jf160703,linearsvc_C10.0,105521,0.39723907904,0.833333333333,0.0,0.0,0.0,undefined,0.0,6.04016590118
jf160703,linearsvc_C10.0,100245,0.377377313316,0.833333333333,0.0,0.0,0.0,undefined,0.0,5.57478404045
jf160703,linearsvc_C10.0,95233,0.358509388788,0.833333333333,0.0,0.0,0.0,undefined,0.0,4.9807908535
jf160703,linearsvc_C10.0,90472,0.340586366306,0.833333333333,0.0,0.0,0.0,undefined,0.0,5.12288188934
jf160703,linearsvc_C10.0,85949,0.32355930672,0.777777777778,0.0,0.0,0.0,undefined,0.0,4.82008695602
jf160703,linearsvc_C10.0,81652,0.307383035432,0.777777777778,0.0,0.0,0.0,undefined,0.0,4.40517115593
jf160703,linearsvc_C10.0,77570,0.29201614239,0.833333333333,0.0,0.0,0.0,undefined,0.0,4.13858413696
jf160703,linearsvc_C10.0,73692,0.277417217546,0.833333333333,0.0,0.0,0.0,undefined,0.0,3.85758900642
jf160703,linearsvc_C10.0,70008,0.263548615399,0.777777777778,0.0,0.0,0.0,undefined,0.0,3.82678222656
jf160703,linearsvc_C10.0,66508,0.250372690449,0.777777777778,0.0,0.0,0.0,undefined,0.0,3.68084216118
jf160703,linearsvc_C10.0,63183,0.237855561746,0.777777777778,0.0,0.0,0.0,undefined,0.0,3.26693582535
jf160703,linearsvc_C10.0,60024,0.225963348341,0.777777777778,0.0,0.0,0.0,undefined,0.0,3.10974597931
jf160703,linearsvc_C10.0,57023,0.214665933834,0.777777777778,0.0,0.0,0.0,undefined,0.0,3.02706599236
jf160703,linearsvc_C10.0,54172,0.203933201825,0.777777777778,0.0,0.0,0.0,undefined,0.0,3.07547497749
jf160703,linearsvc_C10.0,51464,0.193738800464,0.777777777778,0.0,0.0,0.0,undefined,0.0,2.65258002281
jf160703,linearsvc_C10.0,48891,0.184052613351,0.777777777778,0.0,0.0,0.0,undefined,0.0,2.62733411789
jf160703,linearsvc_C10.0,46447,0.174852053186,0.777777777778,0.0,0.0,0.0,undefined,0.0,2.39028382301
jf160703,linearsvc_C10.0,44125,0.166110768119,0.722222222222,0.0,0.0,0.0,undefined,0.0,2.16977787018
jf160703,linearsvc_C10.0,41919,0.15780617085,0.722222222222,0.0,0.0,0.0,undefined,0.0,2.04591202736
jf160703,linearsvc_C10.0,39824,0.14991943863,0.722222222222,0.0,0.0,0.0,undefined,0.0,1.93229198456
jf160703,linearsvc_C10.0,37833,0.142424219609,0.722222222222,0.0,0.0,0.0,undefined,0.0,1.95932292938
jf160703,linearsvc_C10.0,35942,0.135305455586,0.722222222222,0.0,0.0,0.0,undefined,0.0,1.82151198387
jf160703,linearsvc_C10.0,34145,0.128540559262,0.722222222222,0.0,0.0,0.0,undefined,0.0,1.58041381836
jf160703,linearsvc_C10.0,32438,0.122114472436,0.666666666667,0.0,0.0,0.0,undefined,0.0,1.62109184265
jf160703,linearsvc_C10.0,30817,0.116012136909,0.722222222222,0.0,0.0,0.0,undefined,0.0,1.58215594292
jf160703,linearsvc_C10.0,29277,0.110214729931,0.611111111111,0.0,0.0,0.0,undefined,0.0,1.374532938
jf160703,linearsvc_C10.0,27814,0.104707193302,0.611111111111,0.0,0.0,0.0,undefined,0.0,1.36520218849
jf160703,linearsvc_C10.0,26424,0.099474468822,0.611111111111,0.0,0.0,0.0,undefined,0.0,1.38084697723
jf160703,linearsvc_C10.0,25103,0.0945014982909,0.611111111111,0.0,0.0,0.0,undefined,0.0,1.25955200195
jf160703,linearsvc_C10.0,23848,0.0897769880588,0.5,0.0,0.0,0.0,undefined,0.0,1.12815499306
jf160703,linearsvc_C10.0,22656,0.0852896444759,0.555555555556,0.0,0.0,0.0,undefined,0.0,1.13408899307
jf160703,linearsvc_C10.0,21524,0.0810281738921,0.611111111111,0.0,0.0,0.0,undefined,0.0,1.01599788666
jf160703,linearsvc_C10.0,20448,0.0769775181075,0.555555555556,0.0,0.0,0.0,undefined,0.0,0.95992898941
jf160703,linearsvc_C10.0,19426,0.0731301480221,0.611111111111,0.0,0.0,0.0,undefined,0.0,0.891998052597
jf160703,linearsvc_C10.0,18455,0.069474769986,0.611111111111,0.0,0.0,0.0,undefined,0.0,0.880033016205
jf160703,linearsvc_C10.0,17533,0.0660038548992,0.5,0.0,0.0,0.0,undefined,0.0,0.863943099976
jf160703,linearsvc_C10.0,16657,0.0627061091117,0.5,0.0,0.0,0.0,undefined,0.0,0.856042861938
jf160703,linearsvc_C10.0,15825,0.0595740035236,0.5,0.0,0.0,0.0,undefined,0.0,0.691545009613
jf160703,linearsvc_C10.0,15034,0.0565962444849,0.5,0.0,0.0,0.0,undefined,0.0,0.74164891243
jf160703,linearsvc_C10.0,14283,0.0537690674457,0.5,0.0,0.0,0.0,undefined,0.0,0.670228004456
jf160703,linearsvc_C10.0,13569,0.0510811787559,0.5,0.0,0.0,0.0,undefined,0.0,0.564002037048
jf160703,linearsvc_C10.0,12891,0.0485288138656,0.666666666667,0.0,0.0,0.0,undefined,0.0,0.557132005692
jf160703,linearsvc_C10.0,12247,0.0461044436748,0.555555555556,0.0,0.0,0.0,undefined,0.0,0.565500974655
jf160703,linearsvc_C10.0,11635,0.0438005390836,0.611111111111,0.0,0.0,0.0,undefined,0.0,0.543720006943
jf160703,linearsvc_C10.0,11054,0.0416133355419,0.5,0.0,0.0,0.0,undefined,0.0,0.489320993423
jf160703,linearsvc_C10.0,10502,0.0395353039498,0.611111111111,0.0,0.0,0.0,undefined,0.0,0.464434862137
jf160703,linearsvc_C10.0,9977,0.0375589152073,0.611111111111,0.0,0.0,0.0,undefined,0.0,0.472496986389
jf160703,linearsvc_C10.0,9479,0.0356841693144,0.611111111111,0.0,0.0,0.0,undefined,0.0,0.362763166428
jf160703,linearsvc_C10.0,9006,0.0339035371712,0.555555555556,0.0,0.0,0.0,undefined,0.0,0.409618139267
jf160703,linearsvc_C10.0,8556,0.0322094896776,0.555555555556,0.0,0.0,0.0,undefined,0.0,0.324574947357
jf160703,linearsvc_C10.0,8129,0.0306020268337,0.555555555556,0.0,0.0,0.0,undefined,0.0,0.304966926575
jf160703,linearsvc_C10.0,7723,0.0290736195395,0.666666666667,0.0,0.0,0.0,undefined,0.0,0.329680919647
jf160703,linearsvc_C10.0,7337,0.027620503245,0.555555555556,0.0,0.0,0.0,undefined,0.0,0.314621925354
jf160703,linearsvc_C10.0,6971,0.0262426779503,0.666666666667,0.0,0.0,0.0,undefined,0.0,0.302299022675
jf160703,linearsvc_C10.0,6623,0.0249326145553,0.666666666667,0.0,0.0,0.0,undefined,0.0,0.258417129517
jf160703,linearsvc_C10.0,6292,0.02368654851,0.611111111111,0.0,0.0,0.0,undefined,0.0,0.232100009918
jf160703,linearsvc_C10.0,5978,0.0225044798145,0.611111111111,0.0,0.0,0.0,undefined,0.0,0.228482961655
jf160703,linearsvc_C10.0,5680,0.0213826439187,0.5,0.0,0.0,0.0,undefined,0.0,0.211174964905
jf160703,linearsvc_C10.0,5396,0.0203135117228,0.5,0.0,0.0,0.0,undefined,0.0,0.251935958862
jf160703,linearsvc_C10.0,5127,0.0193008477767,0.5,0.0,0.0,0.0,undefined,0.0,0.229328155518
jf160703,linearsvc_C10.0,4871,0.0183371229803,0.5,0.0,0.0,0.0,undefined,0.0,0.200423955917
jf160703,linearsvc_C10.0,4628,0.0174223373338,0.5,0.0,0.0,0.0,undefined,0.0,0.191229820251
jf160703,linearsvc_C10.0,4397,0.0165527262871,0.5,0.0,0.0,0.0,undefined,0.0,0.187246084213
jf160703,linearsvc_C10.0,4178,0.0157282898402,0.555555555556,0.0,0.0,0.0,undefined,0.0,0.173528909683
jf160703,linearsvc_C10.0,3970,0.0149452634432,0.666666666667,0.0,0.0,0.0,undefined,0.0,0.180678844452
jf160703,linearsvc_C10.0,3772,0.014199882546,0.666666666667,0.0,0.0,0.0,undefined,0.0,0.183174133301
jf160703,linearsvc_C10.0,3584,0.0134921471487,0.611111111111,0.0,0.0,0.0,undefined,0.0,0.167804002762
jf160703,linearsvc_C10.0,3405,0.0128182927013,0.666666666667,0.0,0.0,0.0,undefined,0.0,0.176846981049
jf160703,linearsvc_C10.0,3235,0.0121783192037,0.666666666667,0.0,0.0,0.0,undefined,0.0,0.16898393631
jf160703,linearsvc_C10.0,3074,0.011572226656,0.666666666667,0.0,0.0,0.0,undefined,0.0,0.135121107101
jf160703,linearsvc_C10.0,2921,0.0109962505082,0.666666666667,0.0,0.0,0.0,undefined,0.0,0.173851966858
jf160703,linearsvc_C10.0,2775,0.0104466262103,0.722222222222,0.0,0.0,0.0,undefined,0.0,0.130159139633
jf160703,linearsvc_C10.0,2637,0.00992711831228,0.777777777778,0.0,0.0,0.0,undefined,0.0,0.123746156693
jf160703,linearsvc_C10.0,2506,0.00943396226415,0.722222222222,0.0,0.0,0.0,undefined,0.0,0.13942193985
jf160703,linearsvc_C10.0,2381,0.00896339351594,0.722222222222,0.0,0.0,0.0,undefined,0.0,0.118138074875
jf160703,linearsvc_C10.0,2262,0.00851541206764,0.555555555556,0.0,0.0,0.0,undefined,0.0,0.124554157257
jf160703,linearsvc_C10.0,2149,0.00809001791926,0.5,0.0,0.0,0.0,undefined,0.0,0.112082004547
jf160703,linearsvc_C10.0,2042,0.00768721107079,0.611111111111,0.0,0.0,0.0,undefined,0.0,0.100372076035
jf160703,linearsvc_C10.0,1940,0.00730322697225,0.5,0.0,0.0,0.0,undefined,0.0,0.111769914627
jf160703,linearsvc_C10.0,1843,0.00693806562364,0.555555555556,0.0,0.0,0.0,undefined,0.0,0.105655193329
jf160703,linearsvc_C10.0,1751,0.00659172702495,0.5,0.0,0.0,0.0,undefined,0.0,0.118813991547
jf160703,linearsvc_C10.0,1664,0.0062642111762,0.444444444444,0.0,0.0,0.0,undefined,0.0,0.0799679756165
jf160703,linearsvc_C10.0,1581,0.00595175352738,0.5,0.0,0.0,0.0,undefined,0.0,0.109292030334
jf160703,linearsvc_C10.0,1502,0.00565435407851,0.5,0.0,0.0,0.0,undefined,0.0,0.1156270504
jf160703,linearsvc_C10.0,1427,0.00537201282959,0.5,0.0,0.0,0.0,undefined,0.0,0.100097894669
jf160703,linearsvc_C10.0,1356,0.0051047297806,0.555555555556,0.0,0.0,0.0,undefined,0.0,0.106512069702
jf160703,linearsvc_C100.0,265636,1.0,0.944444444444,0.0,0.0,0.0,undefined,0.0,20.2832159996
jf160703,linearsvc_C100.0,252355,0.95000301164,0.944444444444,0.0,0.0,0.0,undefined,0.0,18.842056036
jf160703,linearsvc_C100.0,239738,0.90250568447,0.944444444444,0.0,0.0,0.0,undefined,0.0,17.719933033
jf160703,linearsvc_C100.0,227752,0.857383788342,0.944444444444,0.0,0.0,0.0,undefined,0.0,16.117467165
jf160703,linearsvc_C100.0,216365,0.814516857655,0.944444444444,0.0,0.0,0.0,undefined,0.0,15.6932930946
jf160703,linearsvc_C100.0,205547,0.77379195591,0.944444444444,0.0,0.0,0.0,undefined,0.0,14.0499989986
jf160703,linearsvc_C100.0,195270,0.735103675707,0.888888888889,0.0,0.0,0.0,undefined,0.0,13.3353068829
jf160703,linearsvc_C100.0,185507,0.698350374196,0.944444444444,0.0,0.0,0.0,undefined,0.0,12.482241869
jf160703,linearsvc_C100.0,176232,0.663434173079,0.944444444444,0.0,0.0,0.0,undefined,0.0,12.5503361225
jf160703,linearsvc_C100.0,167421,0.630264723155,0.944444444444,0.0,0.0,0.0,undefined,0.0,11.1043579578
jf160703,linearsvc_C100.0,159050,0.598751675225,0.944444444444,0.0,0.0,0.0,undefined,0.0,10.8146569729
jf160703,linearsvc_C100.0,151098,0.568815973738,0.944444444444,0.0,0.0,0.0,undefined,0.0,10.1200408936
jf160703,linearsvc_C100.0,143544,0.540378563147,0.944444444444,0.0,0.0,0.0,undefined,0.0,9.10634708405
jf160703,linearsvc_C100.0,136367,0.513360387899,0.944444444444,0.0,0.0,0.0,undefined,0.0,9.33295989037
jf160703,linearsvc_C100.0,129549,0.487693686097,0.944444444444,0.0,0.0,0.0,undefined,0.0,8.30136108398
jf160703,linearsvc_C100.0,123072,0.463310695839,0.888888888889,0.0,0.0,0.0,undefined,0.0,7.97748804092
jf160703,linearsvc_C100.0,116919,0.440147419777,0.888888888889,0.0,0.0,0.0,undefined,0.0,7.65252995491
jf160703,linearsvc_C100.0,111074,0.418143625111,0.888888888889,0.0,0.0,0.0,undefined,0.0,7.0379960537
jf160703,linearsvc_C100.0,105521,0.39723907904,0.888888888889,0.0,0.0,0.0,undefined,0.0,6.84570288658
jf160703,linearsvc_C100.0,100245,0.377377313316,0.888888888889,0.0,0.0,0.0,undefined,0.0,6.14494991302
jf160703,linearsvc_C100.0,95233,0.358509388788,0.888888888889,0.0,0.0,0.0,undefined,0.0,5.74107599258
jf160703,linearsvc_C100.0,90472,0.340586366306,0.888888888889,0.0,0.0,0.0,undefined,0.0,5.30318903923
jf160703,linearsvc_C100.0,85949,0.32355930672,0.888888888889,0.0,0.0,0.0,undefined,0.0,5.02017402649
jf160703,linearsvc_C100.0,81652,0.307383035432,0.833333333333,0.0,0.0,0.0,undefined,0.0,4.67752695084
jf160703,linearsvc_C100.0,77570,0.29201614239,0.833333333333,0.0,0.0,0.0,undefined,0.0,4.72282218933
jf160703,linearsvc_C100.0,73692,0.277417217546,0.888888888889,0.0,0.0,0.0,undefined,0.0,4.09613108635
jf160703,linearsvc_C100.0,70008,0.263548615399,0.888888888889,0.0,0.0,0.0,undefined,0.0,4.25171089172
jf160703,linearsvc_C100.0,66508,0.250372690449,0.888888888889,0.0,0.0,0.0,undefined,0.0,4.0368680954
jf160703,linearsvc_C100.0,63183,0.237855561746,0.888888888889,0.0,0.0,0.0,undefined,0.0,3.46700787544
jf160703,linearsvc_C100.0,60024,0.225963348341,0.888888888889,0.0,0.0,0.0,undefined,0.0,3.45809006691
jf160703,linearsvc_C100.0,57023,0.214665933834,0.777777777778,0.0,0.0,0.0,undefined,0.0,3.20671200752
jf160703,linearsvc_C100.0,54172,0.203933201825,0.722222222222,0.0,0.0,0.0,undefined,0.0,3.09897708893
jf160703,linearsvc_C100.0,51464,0.193738800464,0.777777777778,0.0,0.0,0.0,undefined,0.0,2.86276698112
jf160703,linearsvc_C100.0,48891,0.184052613351,0.777777777778,0.0,0.0,0.0,undefined,0.0,2.6491549015
jf160703,linearsvc_C100.0,46447,0.174852053186,0.777777777778,0.0,0.0,0.0,undefined,0.0,2.48281002045
jf160703,linearsvc_C100.0,44125,0.166110768119,0.777777777778,0.0,0.0,0.0,undefined,0.0,2.37616705894
jf160703,linearsvc_C100.0,41919,0.15780617085,0.722222222222,0.0,0.0,0.0,undefined,0.0,2.33060884476
jf160703,linearsvc_C100.0,39824,0.14991943863,0.722222222222,0.0,0.0,0.0,undefined,0.0,2.23454713821
jf160703,linearsvc_C100.0,37833,0.142424219609,0.722222222222,0.0,0.0,0.0,undefined,0.0,2.1205561161
jf160703,linearsvc_C100.0,35942,0.135305455586,0.722222222222,0.0,0.0,0.0,undefined,0.0,1.9156460762
jf160703,linearsvc_C100.0,34145,0.128540559262,0.722222222222,0.0,0.0,0.0,undefined,0.0,1.79474306107
jf160703,linearsvc_C100.0,32438,0.122114472436,0.666666666667,0.0,0.0,0.0,undefined,0.0,1.63485908508
jf160703,linearsvc_C100.0,30817,0.116012136909,0.666666666667,0.0,0.0,0.0,undefined,0.0,1.65664100647
jf160703,linearsvc_C100.0,29277,0.110214729931,0.666666666667,0.0,0.0,0.0,undefined,0.0,1.43201589584
jf160703,linearsvc_C100.0,27814,0.104707193302,0.666666666667,0.0,0.0,0.0,undefined,0.0,1.45552301407
jf160703,linearsvc_C100.0,26424,0.099474468822,0.666666666667,0.0,0.0,0.0,undefined,0.0,1.48994493484
jf160703,linearsvc_C100.0,25103,0.0945014982909,0.722222222222,0.0,0.0,0.0,undefined,0.0,1.35209703445
jf160703,linearsvc_C100.0,23848,0.0897769880588,0.611111111111,0.0,0.0,0.0,undefined,0.0,1.27933311462
jf160703,linearsvc_C100.0,22656,0.0852896444759,0.611111111111,0.0,0.0,0.0,undefined,0.0,1.19623708725
jf160703,linearsvc_C100.0,21524,0.0810281738921,0.611111111111,0.0,0.0,0.0,undefined,0.0,1.1306848526
jf160703,linearsvc_C100.0,20448,0.0769775181075,0.611111111111,0.0,0.0,0.0,undefined,0.0,1.05487012863
jf160703,linearsvc_C100.0,19426,0.0731301480221,0.611111111111,0.0,0.0,0.0,undefined,0.0,0.961683988571
jf160703,linearsvc_C100.0,18455,0.069474769986,0.611111111111,0.0,0.0,0.0,undefined,0.0,0.895849943161
jf160703,linearsvc_C100.0,17533,0.0660038548992,0.611111111111,0.0,0.0,0.0,undefined,0.0,0.828309059143
jf160703,linearsvc_C100.0,16657,0.0627061091117,0.611111111111,0.0,0.0,0.0,undefined,0.0,0.835422039032
jf160703,linearsvc_C100.0,15825,0.0595740035236,0.611111111111,0.0,0.0,0.0,undefined,0.0,0.742074012756
jf160703,linearsvc_C100.0,15034,0.0565962444849,0.611111111111,0.0,0.0,0.0,undefined,0.0,0.659600019455
jf160703,linearsvc_C100.0,14283,0.0537690674457,0.611111111111,0.0,0.0,0.0,undefined,0.0,0.643203020096
jf160703,linearsvc_C100.0,13569,0.0510811787559,0.666666666667,0.0,0.0,0.0,undefined,0.0,0.641294956207
jf160703,linearsvc_C100.0,12891,0.0485288138656,0.666666666667,0.0,0.0,0.0,undefined,0.0,0.628890037537
jf160703,linearsvc_C100.0,12247,0.0461044436748,0.666666666667,0.0,0.0,0.0,undefined,0.0,0.565552949905
jf160703,linearsvc_C100.0,11635,0.0438005390836,0.666666666667,0.0,0.0,0.0,undefined,0.0,0.581260919571
jf160703,linearsvc_C100.0,11054,0.0416133355419,0.611111111111,0.0,0.0,0.0,undefined,0.0,0.456374168396
jf160703,linearsvc_C100.0,10502,0.0395353039498,0.611111111111,0.0,0.0,0.0,undefined,0.0,0.457024812698
jf160703,linearsvc_C100.0,9977,0.0375589152073,0.666666666667,0.0,0.0,0.0,undefined,0.0,0.3937458992
jf160703,linearsvc_C100.0,9479,0.0356841693144,0.611111111111,0.0,0.0,0.0,undefined,0.0,0.437305927277
jf160703,linearsvc_C100.0,9006,0.0339035371712,0.722222222222,0.0,0.0,0.0,undefined,0.0,0.342508077621
jf160703,linearsvc_C100.0,8556,0.0322094896776,0.722222222222,0.0,0.0,0.0,undefined,0.0,0.375430107117
jf160703,linearsvc_C100.0,8129,0.0306020268337,0.722222222222,0.0,0.0,0.0,undefined,0.0,0.283766031265
jf160703,linearsvc_C100.0,7723,0.0290736195395,0.722222222222,0.0,0.0,0.0,undefined,0.0,0.335536956787
jf160703,linearsvc_C100.0,7337,0.027620503245,0.722222222222,0.0,0.0,0.0,undefined,0.0,0.270124912262
jf160703,linearsvc_C100.0,6971,0.0262426779503,0.722222222222,0.0,0.0,0.0,undefined,0.0,0.281403064728
jf160703,linearsvc_C100.0,6623,0.0249326145553,0.666666666667,0.0,0.0,0.0,undefined,0.0,0.24320101738
jf160703,linearsvc_C100.0,6292,0.02368654851,0.666666666667,0.0,0.0,0.0,undefined,0.0,0.265291929245
jf160703,linearsvc_C100.0,5978,0.0225044798145,0.722222222222,0.0,0.0,0.0,undefined,0.0,0.245924949646
jf160703,linearsvc_C100.0,5680,0.0213826439187,0.666666666667,0.0,0.0,0.0,undefined,0.0,0.216073989868
jf160703,linearsvc_C100.0,5396,0.0203135117228,0.666666666667,0.0,0.0,0.0,undefined,0.0,0.221479892731
jf160703,linearsvc_C100.0,5127,0.0193008477767,0.666666666667,0.0,0.0,0.0,undefined,0.0,0.208750009537
jf160703,linearsvc_C100.0,4871,0.0183371229803,0.722222222222,0.0,0.0,0.0,undefined,0.0,0.199990987778
jf160703,linearsvc_C100.0,4628,0.0174223373338,0.722222222222,0.0,0.0,0.0,undefined,0.0,0.170439958572
jf160703,linearsvc_C100.0,4397,0.0165527262871,0.666666666667,0.0,0.0,0.0,undefined,0.0,0.164521932602
jf160703,linearsvc_C100.0,4178,0.0157282898402,0.611111111111,0.0,0.0,0.0,undefined,0.0,0.175720214844
jf160703,linearsvc_C100.0,3970,0.0149452634432,0.666666666667,0.0,0.0,0.0,undefined,0.0,0.163869857788
jf160703,linearsvc_C100.0,3772,0.014199882546,0.666666666667,0.0,0.0,0.0,undefined,0.0,0.14167714119
jf160703,linearsvc_C100.0,3584,0.0134921471487,0.666666666667,0.0,0.0,0.0,undefined,0.0,0.146703958511
jf160703,linearsvc_C100.0,3405,0.0128182927013,0.666666666667,0.0,0.0,0.0,undefined,0.0,0.136398077011
jf160703,linearsvc_C100.0,3235,0.0121783192037,0.722222222222,0.0,0.0,0.0,undefined,0.0,0.183273077011
jf160703,linearsvc_C100.0,3074,0.011572226656,0.722222222222,0.0,0.0,0.0,undefined,0.0,0.140089988708
jf160703,linearsvc_C100.0,2921,0.0109962505082,0.777777777778,0.0,0.0,0.0,undefined,0.0,0.119204044342
jf160703,linearsvc_C100.0,2775,0.0104466262103,0.777777777778,0.0,0.0,0.0,undefined,0.0,0.137116193771
jf160703,linearsvc_C100.0,2637,0.00992711831228,0.777777777778,0.0,0.0,0.0,undefined,0.0,0.123252868652
jf160703,linearsvc_C100.0,2506,0.00943396226415,0.722222222222,0.0,0.0,0.0,undefined,0.0,0.124167919159
jf160703,linearsvc_C100.0,2381,0.00896339351594,0.777777777778,0.0,0.0,0.0,undefined,0.0,0.110356092453
jf160703,linearsvc_C100.0,2262,0.00851541206764,0.777777777778,0.0,0.0,0.0,undefined,0.0,0.0975561141968
jf160703,linearsvc_C100.0,2149,0.00809001791926,0.777777777778,0.0,0.0,0.0,undefined,0.0,0.109683990479
jf160703,linearsvc_C100.0,2042,0.00768721107079,0.722222222222,0.0,0.0,0.0,undefined,0.0,0.100817918777
jf160703,linearsvc_C100.0,1940,0.00730322697225,0.722222222222,0.0,0.0,0.0,undefined,0.0,0.104509115219
jf160703,linearsvc_C100.0,1843,0.00693806562364,0.777777777778,0.0,0.0,0.0,undefined,0.0,0.101703166962
jf160703,linearsvc_C100.0,1751,0.00659172702495,0.777777777778,0.0,0.0,0.0,undefined,0.0,0.103095054626
jf160703,linearsvc_C100.0,1664,0.0062642111762,0.777777777778,0.0,0.0,0.0,undefined,0.0,0.0865409374237
jf160703,linearsvc_C100.0,1581,0.00595175352738,0.833333333333,0.0,0.0,0.0,undefined,0.0,0.115807056427
jf160703,linearsvc_C100.0,1502,0.00565435407851,0.833333333333,0.0,0.0,0.0,undefined,0.0,0.114678144455
jf160703,linearsvc_C100.0,1427,0.00537201282959,0.833333333333,0.0,0.0,0.0,undefined,0.0,0.112527132034
jf160703,linearsvc_C100.0,1356,0.0051047297806,0.833333333333,0.0,0.0,0.0,undefined,0.0,0.105001926422
jf160703,linearsvc_C1000.0,265636,1.0,0.833333333333,0.0,0.0,0.0,undefined,0.0,19.9059979916
jf160703,linearsvc_C1000.0,252355,0.95000301164,0.833333333333,0.0,0.0,0.0,undefined,0.0,19.0218849182
jf160703,linearsvc_C1000.0,239738,0.90250568447,0.833333333333,0.0,0.0,0.0,undefined,0.0,18.1533508301
jf160703,linearsvc_C1000.0,227752,0.857383788342,0.833333333333,0.0,0.0,0.0,undefined,0.0,17.0116178989
jf160703,linearsvc_C1000.0,216365,0.814516857655,0.833333333333,0.0,0.0,0.0,undefined,0.0,16.0198509693
jf160703,linearsvc_C1000.0,205547,0.77379195591,0.833333333333,0.0,0.0,0.0,undefined,0.0,14.6124629974
jf160703,linearsvc_C1000.0,195270,0.735103675707,0.888888888889,0.0,0.0,0.0,undefined,0.0,13.6060659885
jf160703,linearsvc_C1000.0,185507,0.698350374196,0.888888888889,0.0,0.0,0.0,undefined,0.0,13.1282110214
jf160703,linearsvc_C1000.0,176232,0.663434173079,0.888888888889,0.0,0.0,0.0,undefined,0.0,12.488147974
jf160703,linearsvc_C1000.0,167421,0.630264723155,0.888888888889,0.0,0.0,0.0,undefined,0.0,11.2598171234
jf160703,linearsvc_C1000.0,159050,0.598751675225,0.833333333333,0.0,0.0,0.0,undefined,0.0,11.0705120564
jf160703,linearsvc_C1000.0,151098,0.568815973738,0.833333333333,0.0,0.0,0.0,undefined,0.0,10.3536469936
jf160703,linearsvc_C1000.0,143544,0.540378563147,0.833333333333,0.0,0.0,0.0,undefined,0.0,9.38736391068
jf160703,linearsvc_C1000.0,136367,0.513360387899,0.833333333333,0.0,0.0,0.0,undefined,0.0,9.11141490936
jf160703,linearsvc_C1000.0,129549,0.487693686097,0.777777777778,0.0,0.0,0.0,undefined,0.0,8.49450087547
jf160703,linearsvc_C1000.0,123072,0.463310695839,0.777777777778,0.0,0.0,0.0,undefined,0.0,8.33767104149
jf160703,linearsvc_C1000.0,116919,0.440147419777,0.777777777778,0.0,0.0,0.0,undefined,0.0,7.54458189011
jf160703,linearsvc_C1000.0,111074,0.418143625111,0.777777777778,0.0,0.0,0.0,undefined,0.0,6.95542597771
jf160703,linearsvc_C1000.0,105521,0.39723907904,0.777777777778,0.0,0.0,0.0,undefined,0.0,6.72976899147
jf160703,linearsvc_C1000.0,100245,0.377377313316,0.777777777778,0.0,0.0,0.0,undefined,0.0,6.26579904556
jf160703,linearsvc_C1000.0,95233,0.358509388788,0.722222222222,0.0,0.0,0.0,undefined,0.0,6.08805298805
jf160703,linearsvc_C1000.0,90472,0.340586366306,0.666666666667,0.0,0.0,0.0,undefined,0.0,5.62383508682
jf160703,linearsvc_C1000.0,85949,0.32355930672,0.666666666667,0.0,0.0,0.0,undefined,0.0,5.11849713326
jf160703,linearsvc_C1000.0,81652,0.307383035432,0.666666666667,0.0,0.0,0.0,undefined,0.0,4.95760297775
jf160703,linearsvc_C1000.0,77570,0.29201614239,0.666666666667,0.0,0.0,0.0,undefined,0.0,4.89394903183
jf160703,linearsvc_C1000.0,73692,0.277417217546,0.666666666667,0.0,0.0,0.0,undefined,0.0,4.6195230484
jf160703,linearsvc_C1000.0,70008,0.263548615399,0.666666666667,0.0,0.0,0.0,undefined,0.0,4.04796791077
jf160703,linearsvc_C1000.0,66508,0.250372690449,0.666666666667,0.0,0.0,0.0,undefined,0.0,3.9851129055
jf160703,linearsvc_C1000.0,63183,0.237855561746,0.666666666667,0.0,0.0,0.0,undefined,0.0,4.00057220459
jf160703,linearsvc_C1000.0,60024,0.225963348341,0.666666666667,0.0,0.0,0.0,undefined,0.0,3.52426600456
jf160703,linearsvc_C1000.0,57023,0.214665933834,0.666666666667,0.0,0.0,0.0,undefined,0.0,3.36029291153
jf160703,linearsvc_C1000.0,54172,0.203933201825,0.666666666667,0.0,0.0,0.0,undefined,0.0,3.00734686852
jf160703,linearsvc_C1000.0,51464,0.193738800464,0.666666666667,0.0,0.0,0.0,undefined,0.0,2.79540610313
jf160703,linearsvc_C1000.0,48891,0.184052613351,0.611111111111,0.0,0.0,0.0,undefined,0.0,2.79956007004
jf160703,linearsvc_C1000.0,46447,0.174852053186,0.611111111111,0.0,0.0,0.0,undefined,0.0,2.81161284447
jf160703,linearsvc_C1000.0,44125,0.166110768119,0.611111111111,0.0,0.0,0.0,undefined,0.0,2.51326203346
jf160703,linearsvc_C1000.0,41919,0.15780617085,0.611111111111,0.0,0.0,0.0,undefined,0.0,2.3692920208
jf160703,linearsvc_C1000.0,39824,0.14991943863,0.611111111111,0.0,0.0,0.0,undefined,0.0,2.17129182816
jf160703,linearsvc_C1000.0,37833,0.142424219609,0.611111111111,0.0,0.0,0.0,undefined,0.0,2.01911211014
jf160703,linearsvc_C1000.0,35942,0.135305455586,0.611111111111,0.0,0.0,0.0,undefined,0.0,1.89013814926
jf160703,linearsvc_C1000.0,34145,0.128540559262,0.611111111111,0.0,0.0,0.0,undefined,0.0,1.77782988548
jf160703,linearsvc_C1000.0,32438,0.122114472436,0.611111111111,0.0,0.0,0.0,undefined,0.0,1.68980193138
jf160703,linearsvc_C1000.0,30817,0.116012136909,0.611111111111,0.0,0.0,0.0,undefined,0.0,1.67928791046
jf160703,linearsvc_C1000.0,29277,0.110214729931,0.611111111111,0.0,0.0,0.0,undefined,0.0,1.53113102913
jf160703,linearsvc_C1000.0,27814,0.104707193302,0.611111111111,0.0,0.0,0.0,undefined,0.0,1.54112505913
jf160703,linearsvc_C1000.0,26424,0.099474468822,0.611111111111,0.0,0.0,0.0,undefined,0.0,1.39181113243
jf160703,linearsvc_C1000.0,25103,0.0945014982909,0.611111111111,0.0,0.0,0.0,undefined,0.0,1.39038491249
jf160703,linearsvc_C1000.0,23848,0.0897769880588,0.555555555556,0.0,0.0,0.0,undefined,0.0,1.26517319679
jf160703,linearsvc_C1000.0,22656,0.0852896444759,0.611111111111,0.0,0.0,0.0,undefined,0.0,1.1076939106
jf160703,linearsvc_C1000.0,21524,0.0810281738921,0.611111111111,0.0,0.0,0.0,undefined,0.0,1.10793614388
jf160703,linearsvc_C1000.0,20448,0.0769775181075,0.555555555556,0.0,0.0,0.0,undefined,0.0,1.0528190136
jf160703,linearsvc_C1000.0,19426,0.0731301480221,0.611111111111,0.0,0.0,0.0,undefined,0.0,0.964265823364
jf160703,linearsvc_C1000.0,18455,0.069474769986,0.555555555556,0.0,0.0,0.0,undefined,0.0,0.979590892792
jf160703,linearsvc_C1000.0,17533,0.0660038548992,0.555555555556,0.0,0.0,0.0,undefined,0.0,0.8703789711
jf160703,linearsvc_C1000.0,16657,0.0627061091117,0.611111111111,0.0,0.0,0.0,undefined,0.0,0.844079971313
jf160703,linearsvc_C1000.0,15825,0.0595740035236,0.555555555556,0.0,0.0,0.0,undefined,0.0,0.786477088928
jf160703,linearsvc_C1000.0,15034,0.0565962444849,0.555555555556,0.0,0.0,0.0,undefined,0.0,0.732098817825
jf160703,linearsvc_C1000.0,14283,0.0537690674457,0.555555555556,0.0,0.0,0.0,undefined,0.0,0.689077854156
jf160703,linearsvc_C1000.0,13569,0.0510811787559,0.555555555556,0.0,0.0,0.0,undefined,0.0,0.640250921249
jf160703,linearsvc_C1000.0,12891,0.0485288138656,0.555555555556,0.0,0.0,0.0,undefined,0.0,0.596997022629
jf160703,linearsvc_C1000.0,12247,0.0461044436748,0.5,0.0,0.0,0.0,undefined,0.0,0.550034999847
jf160703,linearsvc_C1000.0,11635,0.0438005390836,0.555555555556,0.0,0.0,0.0,undefined,0.0,0.5646879673
jf160703,linearsvc_C1000.0,11054,0.0416133355419,0.555555555556,0.0,0.0,0.0,undefined,0.0,0.509770870209
jf160703,linearsvc_C1000.0,10502,0.0395353039498,0.555555555556,0.0,0.0,0.0,undefined,0.0,0.474264144897
jf160703,linearsvc_C1000.0,9977,0.0375589152073,0.555555555556,0.0,0.0,0.0,undefined,0.0,0.449443817139
jf160703,linearsvc_C1000.0,9479,0.0356841693144,0.555555555556,0.0,0.0,0.0,undefined,0.0,0.37460899353
jf160703,linearsvc_C1000.0,9006,0.0339035371712,0.555555555556,0.0,0.0,0.0,undefined,0.0,0.350384950638
jf160703,linearsvc_C1000.0,8556,0.0322094896776,0.555555555556,0.0,0.0,0.0,undefined,0.0,0.368889808655
jf160703,linearsvc_C1000.0,8129,0.0306020268337,0.5,0.0,0.0,0.0,undefined,0.0,0.329638004303
jf160703,linearsvc_C1000.0,7723,0.0290736195395,0.555555555556,0.0,0.0,0.0,undefined,0.0,0.324639081955
jf160703,linearsvc_C1000.0,7337,0.027620503245,0.5,0.0,0.0,0.0,undefined,0.0,0.278599023819
jf160703,linearsvc_C1000.0,6971,0.0262426779503,0.555555555556,0.0,0.0,0.0,undefined,0.0,0.272165060043
jf160703,linearsvc_C1000.0,6623,0.0249326145553,0.555555555556,0.0,0.0,0.0,undefined,0.0,0.282633066177
jf160703,linearsvc_C1000.0,6292,0.02368654851,0.555555555556,0.0,0.0,0.0,undefined,0.0,0.260991096497
jf160703,linearsvc_C1000.0,5978,0.0225044798145,0.555555555556,0.0,0.0,0.0,undefined,0.0,0.239449977875
jf160703,linearsvc_C1000.0,5680,0.0213826439187,0.5,0.0,0.0,0.0,undefined,0.0,0.215399980545
jf160703,linearsvc_C1000.0,5396,0.0203135117228,0.5,0.0,0.0,0.0,undefined,0.0,0.285925865173
jf160703,linearsvc_C1000.0,5127,0.0193008477767,0.5,0.0,0.0,0.0,undefined,0.0,0.202996015549
jf160703,linearsvc_C1000.0,4871,0.0183371229803,0.5,0.0,0.0,0.0,undefined,0.0,0.191405057907
jf160703,linearsvc_C1000.0,4628,0.0174223373338,0.5,0.0,0.0,0.0,undefined,0.0,0.177551031113
jf160703,linearsvc_C1000.0,4397,0.0165527262871,0.5,0.0,0.0,0.0,undefined,0.0,0.174362182617
jf160703,linearsvc_C1000.0,4178,0.0157282898402,0.555555555556,0.0,0.0,0.0,undefined,0.0,0.147510051727
jf160703,linearsvc_C1000.0,3970,0.0149452634432,0.555555555556,0.0,0.0,0.0,undefined,0.0,0.171850204468
jf160703,linearsvc_C1000.0,3772,0.014199882546,0.555555555556,0.0,0.0,0.0,undefined,0.0,0.180658102036
jf160703,linearsvc_C1000.0,3584,0.0134921471487,0.555555555556,0.0,0.0,0.0,undefined,0.0,0.140902042389
jf160703,linearsvc_C1000.0,3405,0.0128182927013,0.5,0.0,0.0,0.0,undefined,0.0,0.143028974533
jf160703,linearsvc_C1000.0,3235,0.0121783192037,0.611111111111,0.0,0.0,0.0,undefined,0.0,0.145756006241
jf160703,linearsvc_C1000.0,3074,0.011572226656,0.611111111111,0.0,0.0,0.0,undefined,0.0,0.141927957535
jf160703,linearsvc_C1000.0,2921,0.0109962505082,0.555555555556,0.0,0.0,0.0,undefined,0.0,0.156862020493
jf160703,linearsvc_C1000.0,2775,0.0104466262103,0.555555555556,0.0,0.0,0.0,undefined,0.0,0.131087064743
jf160703,linearsvc_C1000.0,2637,0.00992711831228,0.555555555556,0.0,0.0,0.0,undefined,0.0,0.12001490593
jf160703,linearsvc_C1000.0,2506,0.00943396226415,0.5,0.0,0.0,0.0,undefined,0.0,0.127709150314
jf160703,linearsvc_C1000.0,2381,0.00896339351594,0.611111111111,0.0,0.0,0.0,undefined,0.0,0.114547014236
jf160703,linearsvc_C1000.0,2262,0.00851541206764,0.611111111111,0.0,0.0,0.0,undefined,0.0,0.11909198761
jf160703,linearsvc_C1000.0,2149,0.00809001791926,0.611111111111,0.0,0.0,0.0,undefined,0.0,0.100944042206
jf160703,linearsvc_C1000.0,2042,0.00768721107079,0.666666666667,0.0,0.0,0.0,undefined,0.0,0.108283996582
jf160703,linearsvc_C1000.0,1940,0.00730322697225,0.666666666667,0.0,0.0,0.0,undefined,0.0,0.110949039459
jf160703,linearsvc_C1000.0,1843,0.00693806562364,0.611111111111,0.0,0.0,0.0,undefined,0.0,0.107529878616
jf160703,linearsvc_C1000.0,1751,0.00659172702495,0.555555555556,0.0,0.0,0.0,undefined,0.0,0.0973589420319
jf160703,linearsvc_C1000.0,1664,0.0062642111762,0.555555555556,0.0,0.0,0.0,undefined,0.0,0.0882141590118
jf160703,linearsvc_C1000.0,1581,0.00595175352738,0.555555555556,0.0,0.0,0.0,undefined,0.0,0.110872030258
jf160703,linearsvc_C1000.0,1502,0.00565435407851,0.555555555556,0.0,0.0,0.0,undefined,0.0,0.107258081436
jf160703,linearsvc_C1000.0,1427,0.00537201282959,0.611111111111,0.0,0.0,0.0,undefined,0.0,0.117081880569
jf160703,linearsvc_C1000.0,1356,0.0051047297806,0.611111111111,0.0,0.0,0.0,undefined,0.0,0.100240945816
jf160703,elasticnetiter1000_l1ratio0.15,265636,1.0,0.555555555556,0.0,0.0,0.0,undefined,0.0,1032.99979615
jf160703,elasticnetiter1000_l1ratio0.15,252355,0.95000301164,0.5,0.0,0.0,0.0,undefined,0.0,984.832515955
jf160703,elasticnetiter1000_l1ratio0.15,239738,0.90250568447,0.555555555556,0.0,0.0,0.0,undefined,0.0,925.235319853
jf160703,elasticnetiter1000_l1ratio0.15,227752,0.857383788342,0.555555555556,0.0,0.0,0.0,undefined,0.0,896.133255959
jf160703,elasticnetiter1000_l1ratio0.15,216365,0.814516857655,0.555555555556,0.0,0.0,0.0,undefined,0.0,851.409178019
jf160703,elasticnetiter1000_l1ratio0.15,205547,0.77379195591,0.444444444444,0.0,0.0,0.0,undefined,0.0,822.019953966
jf160703,elasticnetiter1000_l1ratio0.15,195270,0.735103675707,0.5,0.0,0.0,0.0,undefined,0.0,776.342944145
jf160703,elasticnetiter1000_l1ratio0.15,185507,0.698350374196,0.722222222222,0.0,0.0,0.0,undefined,0.0,741.597015142
jf160703,elasticnetiter1000_l1ratio0.15,176232,0.663434173079,0.444444444444,0.0,0.0,0.0,undefined,0.0,706.063076973
jf160703,elasticnetiter1000_l1ratio0.15,167421,0.630264723155,0.666666666667,0.0,0.0,0.0,undefined,0.0,679.82896018
jf160703,elasticnetiter1000_l1ratio0.15,159050,0.598751675225,0.5,0.0,0.0,0.0,undefined,0.0,650.111977816
jf160703,elasticnetiter1000_l1ratio0.15,151098,0.568815973738,0.555555555556,0.0,0.0,0.0,undefined,0.0,622.917917967
jf160703,elasticnetiter1000_l1ratio0.15,143544,0.540378563147,0.611111111111,0.0,0.0,0.0,undefined,0.0,590.041978836
jf160703,elasticnetiter1000_l1ratio0.15,136367,0.513360387899,0.388888888889,0.0,0.0,0.0,undefined,0.0,562.603995085
jf160703,elasticnetiter1000_l1ratio0.15,129549,0.487693686097,0.5,0.0,0.0,0.0,undefined,0.0,548.395977974
jf160703,elasticnetiter1000_l1ratio0.15,123072,0.463310695839,0.388888888889,0.0,0.0,0.0,undefined,0.0,518.490739107
jf160703,elasticnetiter1000_l1ratio0.15,116919,0.440147419777,0.5,0.0,0.0,0.0,undefined,0.0,496.896141052
jf160703,elasticnetiter1000_l1ratio0.15,111074,0.418143625111,0.666666666667,0.0,0.0,0.0,undefined,0.0,486.195324898
jf160703,elasticnetiter1000_l1ratio0.15,105521,0.39723907904,0.333333333333,0.0,0.0,0.0,undefined,0.0,452.87203598
jf160703,elasticnetiter1000_l1ratio0.15,100245,0.377377313316,0.277777777778,0.0,0.0,0.0,undefined,0.0,443.719932795
jf160703,elasticnetiter1000_l1ratio0.15,95233,0.358509388788,0.333333333333,0.0,0.0,0.0,undefined,0.0,423.628351927
jf160703,elasticnetiter1000_l1ratio0.15,90472,0.340586366306,0.444444444444,0.0,0.0,0.0,undefined,0.0,392.013713121
jf160703,elasticnetiter1000_l1ratio0.15,85949,0.32355930672,0.277777777778,0.0,0.0,0.0,undefined,0.0,373.728384972
jf160703,elasticnetiter1000_l1ratio0.15,81652,0.307383035432,0.333333333333,0.0,0.0,0.0,undefined,0.0,364.636230946
jf160703,elasticnetiter1000_l1ratio0.15,77570,0.29201614239,0.277777777778,0.0,0.0,0.0,undefined,0.0,351.312599182
jf160703,elasticnetiter1000_l1ratio0.15,73692,0.277417217546,0.277777777778,0.0,0.0,0.0,undefined,0.0,340.803364038
jf160703,elasticnetiter1000_l1ratio0.15,70008,0.263548615399,0.166666666667,0.0,0.0,0.0,undefined,0.0,328.80171299
jf160703,elasticnetiter1000_l1ratio0.15,66508,0.250372690449,0.388888888889,0.0,0.0,0.0,undefined,0.0,304.142920017
jf160703,elasticnetiter1000_l1ratio0.15,63183,0.237855561746,0.222222222222,0.0,0.0,0.0,undefined,0.0,283.972403049
jf160703,elasticnetiter1000_l1ratio0.15,60024,0.225963348341,0.111111111111,0.0,0.0,0.0,undefined,0.0,284.983268976
jf160703,elasticnetiter1000_l1ratio0.15,57023,0.214665933834,0.222222222222,0.0,0.0,0.0,undefined,0.0,259.746773958
jf160703,elasticnetiter1000_l1ratio0.15,54172,0.203933201825,0.333333333333,0.0,0.0,0.0,undefined,0.0,254.238358021
jf160703,elasticnetiter1000_l1ratio0.15,51464,0.193738800464,0.222222222222,0.0,0.0,0.0,undefined,0.0,230.177000999
jf160703,elasticnetiter1000_l1ratio0.15,48891,0.184052613351,0.222222222222,0.0,0.0,0.0,undefined,0.0,217.043550014
jf160703,elasticnetiter1000_l1ratio0.15,46447,0.174852053186,0.111111111111,0.0,0.0,0.0,undefined,0.0,216.561230898
jf160703,elasticnetiter1000_l1ratio0.15,44125,0.166110768119,0.333333333333,0.0,0.0,0.0,undefined,0.0,222.03458786
jf160703,elasticnetiter1000_l1ratio0.15,41919,0.15780617085,0.0555555555556,0.0,0.0,0.0,undefined,0.0,193.800189972
jf160703,elasticnetiter1000_l1ratio0.15,39824,0.14991943863,0.111111111111,0.0,0.0,0.0,undefined,0.0,182.573401213
jf160703,elasticnetiter1000_l1ratio0.15,37833,0.142424219609,0.277777777778,0.0,0.0,0.0,undefined,0.0,194.925225019
jf160703,elasticnetiter1000_l1ratio0.15,35942,0.135305455586,0.0555555555556,0.0,0.0,0.0,undefined,0.0,173.880148888
jf160703,elasticnetiter1000_l1ratio0.15,34145,0.128540559262,0.166666666667,0.0,0.0,0.0,undefined,0.0,165.171518803
jf160703,elasticnetiter1000_l1ratio0.15,32438,0.122114472436,0.0,0.0,0.0,0.0,undefined,0.0,170.48661685
jf160703,elasticnetiter1000_l1ratio0.15,30817,0.116012136909,0.0,0.0,0.0,0.0,undefined,0.0,147.189630985
jf160703,elasticnetiter1000_l1ratio0.15,29277,0.110214729931,0.166666666667,0.0,0.0,0.0,undefined,0.0,139.523518801
jf160703,elasticnetiter1000_l1ratio0.15,27814,0.104707193302,0.0,0.0,0.0,0.0,undefined,0.0,138.691367865
jf160703,elasticnetiter1000_l1ratio0.15,26424,0.099474468822,0.166666666667,0.0,0.0,0.0,undefined,0.0,135.172377825
jf160703,elasticnetiter1000_l1ratio0.15,25103,0.0945014982909,0.0,0.0,0.0,0.0,undefined,0.0,127.686404943
jf160703,elasticnetiter1000_l1ratio0.15,23848,0.0897769880588,0.0,0.0,0.0,0.0,undefined,0.0,117.66933918
jf160703,elasticnetiter1000_l1ratio0.15,22656,0.0852896444759,0.277777777778,0.0,0.0,0.0,undefined,0.0,116.492591858
jf160703,elasticnetiter1000_l1ratio0.15,21524,0.0810281738921,0.111111111111,0.0,0.0,0.0,undefined,0.0,108.988736153
jf160703,elasticnetiter1000_l1ratio0.15,20448,0.0769775181075,0.0,0.0,0.0,0.0,undefined,0.0,106.234972
jf160703,elasticnetiter1000_l1ratio0.15,19426,0.0731301480221,0.0,0.0,0.0,0.0,undefined,0.0,100.595890999
jf160703,elasticnetiter1000_l1ratio0.15,18455,0.069474769986,0.388888888889,0.0,0.0,0.0,undefined,0.0,93.5968160629
jf160703,elasticnetiter1000_l1ratio0.15,17533,0.0660038548992,0.0,0.0,0.0,0.0,undefined,0.0,90.4430029392
jf160703,elasticnetiter1000_l1ratio0.15,16657,0.0627061091117,0.0,0.0,0.0,0.0,undefined,0.0,84.8127908707
jf160703,elasticnetiter1000_l1ratio0.15,15825,0.0595740035236,0.0,0.0,0.0,0.0,undefined,0.0,80.569437027
jf160703,elasticnetiter1000_l1ratio0.15,15034,0.0565962444849,0.0,0.0,0.0,0.0,undefined,0.0,77.745390892
jf160703,elasticnetiter1000_l1ratio0.15,14283,0.0537690674457,0.0,0.0,0.0,0.0,undefined,0.0,73.3458278179
jf160703,elasticnetiter1000_l1ratio0.15,13569,0.0510811787559,0.0,0.0,0.0,0.0,undefined,0.0,67.9006521702
jf160703,elasticnetiter1000_l1ratio0.15,12891,0.0485288138656,0.0,0.0,0.0,0.0,undefined,0.0,67.1769068241
jf160703,elasticnetiter1000_l1ratio0.15,12247,0.0461044436748,0.0,0.0,0.0,0.0,undefined,0.0,60.982101202
jf160703,elasticnetiter1000_l1ratio0.15,11635,0.0438005390836,0.0,0.0,0.0,0.0,undefined,0.0,58.8850049973
jf160703,elasticnetiter1000_l1ratio0.15,11054,0.0416133355419,0.0,0.0,0.0,0.0,undefined,0.0,56.08157897
jf160703,elasticnetiter1000_l1ratio0.15,10502,0.0395353039498,0.0,0.0,0.0,0.0,undefined,0.0,53.6227109432
jf160703,elasticnetiter1000_l1ratio0.15,9977,0.0375589152073,0.0,0.0,0.0,0.0,undefined,0.0,50.1042268276
jf160703,elasticnetiter1000_l1ratio0.15,9479,0.0356841693144,0.0,0.0,0.0,0.0,undefined,0.0,48.3664469719
jf160703,elasticnetiter1000_l1ratio0.15,9006,0.0339035371712,0.0,0.0,0.0,0.0,undefined,0.0,46.076914072
jf160703,elasticnetiter1000_l1ratio0.15,8556,0.0322094896776,0.0,0.0,0.0,0.0,undefined,0.0,43.7683279514
jf160703,elasticnetiter1000_l1ratio0.15,8129,0.0306020268337,0.0,0.0,0.0,0.0,undefined,0.0,41.385420084
jf160703,elasticnetiter1000_l1ratio0.15,7723,0.0290736195395,0.0,0.0,0.0,0.0,undefined,0.0,36.8529119492
jf160703,elasticnetiter1000_l1ratio0.15,7337,0.027620503245,0.0,0.0,0.0,0.0,undefined,0.0,36.5152668953
jf160703,elasticnetiter1000_l1ratio0.15,6971,0.0262426779503,0.0,0.0,0.0,0.0,undefined,0.0,34.9918029308
jf160703,elasticnetiter1000_l1ratio0.15,6623,0.0249326145553,0.0,0.0,0.0,0.0,undefined,0.0,31.9088790417
jf160703,elasticnetiter1000_l1ratio0.15,6292,0.02368654851,0.0,0.0,0.0,0.0,undefined,0.0,30.7584929466
jf160703,elasticnetiter1000_l1ratio0.15,5978,0.0225044798145,0.0,0.0,0.0,0.0,undefined,0.0,28.3418819904
jf160703,elasticnetiter1000_l1ratio0.15,5680,0.0213826439187,0.0,0.0,0.0,0.0,undefined,0.0,27.6281499863
jf160703,elasticnetiter1000_l1ratio0.15,5396,0.0203135117228,0.0,0.0,0.0,0.0,undefined,0.0,25.8464460373
jf160703,elasticnetiter1000_l1ratio0.15,5127,0.0193008477767,0.0,0.0,0.0,0.0,undefined,0.0,24.913918972
jf160703,elasticnetiter1000_l1ratio0.15,4871,0.0183371229803,0.0,0.0,0.0,0.0,undefined,0.0,22.8726460934
jf160703,elasticnetiter1000_l1ratio0.15,4628,0.0174223373338,0.0,0.0,0.0,0.0,undefined,0.0,22.407490015
jf160703,elasticnetiter1000_l1ratio0.15,4397,0.0165527262871,0.0,0.0,0.0,0.0,undefined,0.0,21.7840211391
jf160703,elasticnetiter1000_l1ratio0.15,4178,0.0157282898402,0.0,0.0,0.0,0.0,undefined,0.0,19.3608641624
jf160703,elasticnetiter1000_l1ratio0.15,3970,0.0149452634432,0.0,0.0,0.0,0.0,undefined,0.0,18.0753159523
jf160703,elasticnetiter1000_l1ratio0.15,3772,0.014199882546,0.0,0.0,0.0,0.0,undefined,0.0,17.1493999958
jf160703,elasticnetiter1000_l1ratio0.15,3584,0.0134921471487,0.0,0.0,0.0,0.0,undefined,0.0,16.0934109688
jf160703,elasticnetiter1000_l1ratio0.15,3405,0.0128182927013,0.0,0.0,0.0,0.0,undefined,0.0,16.6150069237
jf160703,elasticnetiter1000_l1ratio0.15,3235,0.0121783192037,0.0,0.0,0.0,0.0,undefined,0.0,15.0136051178
jf160703,elasticnetiter1000_l1ratio0.15,3074,0.011572226656,0.0,0.0,0.0,0.0,undefined,0.0,14.0056970119
jf160703,elasticnetiter1000_l1ratio0.15,2921,0.0109962505082,0.0555555555556,0.0,0.0,0.0,undefined,0.0,13.210889101
jf160703,elasticnetiter1000_l1ratio0.15,2775,0.0104466262103,0.0,0.0,0.0,0.0,undefined,0.0,12.0791549683
jf160703,elasticnetiter1000_l1ratio0.15,2637,0.00992711831228,0.0,0.0,0.0,0.0,undefined,0.0,12.1473991871
jf160703,elasticnetiter1000_l1ratio0.15,2506,0.00943396226415,0.0,0.0,0.0,0.0,undefined,0.0,11.1878700256
jf160703,elasticnetiter1000_l1ratio0.15,2381,0.00896339351594,0.0,0.0,0.0,0.0,undefined,0.0,10.4629650116
jf160703,elasticnetiter1000_l1ratio0.15,2262,0.00851541206764,0.0,0.0,0.0,0.0,undefined,0.0,9.80893588066
jf160703,elasticnetiter1000_l1ratio0.15,2149,0.00809001791926,0.0,0.0,0.0,0.0,undefined,0.0,9.45175504684
jf160703,elasticnetiter1000_l1ratio0.15,2042,0.00768721107079,0.0,0.0,0.0,0.0,undefined,0.0,8.62185907364
jf160703,elasticnetiter1000_l1ratio0.15,1940,0.00730322697225,0.0,0.0,0.0,0.0,undefined,0.0,8.26584410667
jf160703,elasticnetiter1000_l1ratio0.15,1843,0.00693806562364,0.0,0.0,0.0,0.0,undefined,0.0,8.20572900772
jf160703,elasticnetiter1000_l1ratio0.15,1751,0.00659172702495,0.0,0.0,0.0,0.0,undefined,0.0,7.56750202179
jf160703,elasticnetiter1000_l1ratio0.15,1664,0.0062642111762,0.0,0.0,0.0,0.0,undefined,0.0,6.84167385101
jf160703,elasticnetiter1000_l1ratio0.15,1581,0.00595175352738,0.0,0.0,0.0,0.0,undefined,0.0,6.15707397461
jf160703,elasticnetiter1000_l1ratio0.15,1502,0.00565435407851,0.0,0.0,0.0,0.0,undefined,0.0,5.82470202446
jf160703,elasticnetiter1000_l1ratio0.15,1427,0.00537201282959,0.0,0.0,0.0,0.0,undefined,0.0,6.04115891457
jf160703,elasticnetiter1000_l1ratio0.15,1356,0.0051047297806,0.0,0.0,0.0,0.0,undefined,0.0,5.73282217979
