mr161024,linearsvc_C0.0001,265636,1.0,0.833333333333,0.0,0.0,0.0,undefined,0.0,60.3673110008
mr161024,linearsvc_C0.0001,252355,0.95000301164,0.833333333333,0.0,0.0,0.0,undefined,0.0,52.785667181
mr161024,linearsvc_C0.0001,239738,0.90250568447,0.833333333333,0.0,0.0,0.0,undefined,0.0,54.3316757679
mr161024,linearsvc_C0.0001,227752,0.857383788342,0.833333333333,0.0,0.0,0.0,undefined,0.0,44.8014678955
mr161024,linearsvc_C0.0001,216365,0.814516857655,0.833333333333,0.0,0.0,0.0,undefined,0.0,40.0752229691
mr161024,linearsvc_C0.0001,205547,0.77379195591,0.833333333333,0.0,0.0,0.0,undefined,0.0,35.7155928612
mr161024,linearsvc_C0.0001,195270,0.735103675707,0.833333333333,0.0,0.0,0.0,undefined,0.0,32.430421114
mr161024,linearsvc_C0.0001,185507,0.698350374196,0.833333333333,0.0,0.0,0.0,undefined,0.0,29.5242130756
mr161024,linearsvc_C0.0001,176232,0.663434173079,0.833333333333,0.0,0.0,0.0,undefined,0.0,27.2516260147
mr161024,linearsvc_C0.0001,167421,0.630264723155,0.833333333333,0.0,0.0,0.0,undefined,0.0,24.7370691299
mr161024,linearsvc_C0.0001,159050,0.598751675225,0.833333333333,0.0,0.0,0.0,undefined,0.0,22.4785330296
mr161024,linearsvc_C0.0001,151098,0.568815973738,0.833333333333,0.0,0.0,0.0,undefined,0.0,20.7526929379
mr161024,linearsvc_C0.0001,143544,0.540378563147,0.833333333333,0.0,0.0,0.0,undefined,0.0,18.5707809925
mr161024,linearsvc_C0.0001,136367,0.513360387899,0.833333333333,0.0,0.0,0.0,undefined,0.0,16.1440451145
mr161024,linearsvc_C0.0001,129549,0.487693686097,0.833333333333,0.0,0.0,0.0,undefined,0.0,14.9092700481
mr161024,linearsvc_C0.0001,123072,0.463310695839,0.833333333333,0.0,0.0,0.0,undefined,0.0,14.171544075
mr161024,linearsvc_C0.0001,116919,0.440147419777,0.833333333333,0.0,0.0,0.0,undefined,0.0,13.1910700798
mr161024,linearsvc_C0.0001,111074,0.418143625111,0.833333333333,0.0,0.0,0.0,undefined,0.0,12.531247139
mr161024,linearsvc_C0.0001,105521,0.39723907904,0.833333333333,0.0,0.0,0.0,undefined,0.0,10.7114109993
mr161024,linearsvc_C0.0001,100245,0.377377313316,0.833333333333,0.0,0.0,0.0,undefined,0.0,9.95462203026
mr161024,linearsvc_C0.0001,95233,0.358509388788,0.833333333333,0.0,0.0,0.0,undefined,0.0,9.00283098221
mr161024,linearsvc_C0.0001,90472,0.340586366306,0.833333333333,0.0,0.0,0.0,undefined,0.0,7.73280715942
mr161024,linearsvc_C0.0001,85949,0.32355930672,0.833333333333,0.0,0.0,0.0,undefined,0.0,7.52913498878
mr161024,linearsvc_C0.0001,81652,0.307383035432,0.833333333333,0.0,0.0,0.0,undefined,0.0,6.99327111244
mr161024,linearsvc_C0.0001,77570,0.29201614239,0.833333333333,0.0,0.0,0.0,undefined,0.0,6.34335494041
mr161024,linearsvc_C0.0001,73692,0.277417217546,0.833333333333,0.0,0.0,0.0,undefined,0.0,5.86681985855
mr161024,linearsvc_C0.0001,70008,0.263548615399,0.833333333333,0.0,0.0,0.0,undefined,0.0,5.17852902412
mr161024,linearsvc_C0.0001,66508,0.250372690449,0.833333333333,0.0,0.0,0.0,undefined,0.0,4.78386592865
mr161024,linearsvc_C0.0001,63183,0.237855561746,0.833333333333,0.0,0.0,0.0,undefined,0.0,4.55517506599
mr161024,linearsvc_C0.0001,60024,0.225963348341,0.833333333333,0.0,0.0,0.0,undefined,0.0,4.05073690414
mr161024,linearsvc_C0.0001,57023,0.214665933834,0.833333333333,0.0,0.0,0.0,undefined,0.0,3.51103401184
mr161024,linearsvc_C0.0001,54172,0.203933201825,0.833333333333,0.0,0.0,0.0,undefined,0.0,3.5219810009
mr161024,linearsvc_C0.0001,51464,0.193738800464,0.833333333333,0.0,0.0,0.0,undefined,0.0,3.24328708649
mr161024,linearsvc_C0.0001,48891,0.184052613351,0.833333333333,0.0,0.0,0.0,undefined,0.0,2.91498017311
mr161024,linearsvc_C0.0001,46447,0.174852053186,0.833333333333,0.0,0.0,0.0,undefined,0.0,2.64780211449
mr161024,linearsvc_C0.0001,44125,0.166110768119,0.833333333333,0.0,0.0,0.0,undefined,0.0,2.53115987778
mr161024,linearsvc_C0.0001,41919,0.15780617085,0.833333333333,0.0,0.0,0.0,undefined,0.0,2.21046900749
mr161024,linearsvc_C0.0001,39824,0.14991943863,0.833333333333,0.0,0.0,0.0,undefined,0.0,1.99152994156
mr161024,linearsvc_C0.0001,37833,0.142424219609,0.833333333333,0.0,0.0,0.0,undefined,0.0,1.86738395691
mr161024,linearsvc_C0.0001,35942,0.135305455586,0.833333333333,0.0,0.0,0.0,undefined,0.0,1.73222303391
mr161024,linearsvc_C0.0001,34145,0.128540559262,0.833333333333,0.0,0.0,0.0,undefined,0.0,1.60759282112
mr161024,linearsvc_C0.0001,32438,0.122114472436,0.833333333333,0.0,0.0,0.0,undefined,0.0,1.53171396255
mr161024,linearsvc_C0.0001,30817,0.116012136909,0.833333333333,0.0,0.0,0.0,undefined,0.0,1.37945103645
mr161024,linearsvc_C0.0001,29277,0.110214729931,0.833333333333,0.0,0.0,0.0,undefined,0.0,1.24494290352
mr161024,linearsvc_C0.0001,27814,0.104707193302,0.833333333333,0.0,0.0,0.0,undefined,0.0,1.18385791779
mr161024,linearsvc_C0.0001,26424,0.099474468822,0.833333333333,0.0,0.0,0.0,undefined,0.0,1.06334686279
mr161024,linearsvc_C0.0001,25103,0.0945014982909,0.833333333333,0.0,0.0,0.0,undefined,0.0,0.988965988159
mr161024,linearsvc_C0.0001,23848,0.0897769880588,0.833333333333,0.0,0.0,0.0,undefined,0.0,0.938138008118
mr161024,linearsvc_C0.0001,22656,0.0852896444759,0.833333333333,0.0,0.0,0.0,undefined,0.0,0.854758024216
mr161024,linearsvc_C0.0001,21524,0.0810281738921,0.833333333333,0.0,0.0,0.0,undefined,0.0,0.769733905792
mr161024,linearsvc_C0.0001,20448,0.0769775181075,0.777777777778,0.0,0.0,0.0,undefined,0.0,0.688159942627
mr161024,linearsvc_C0.0001,19426,0.0731301480221,0.833333333333,0.0,0.0,0.0,undefined,0.0,0.666710853577
mr161024,linearsvc_C0.0001,18455,0.069474769986,0.833333333333,0.0,0.0,0.0,undefined,0.0,0.632338047028
mr161024,linearsvc_C0.0001,17533,0.0660038548992,0.833333333333,0.0,0.0,0.0,undefined,0.0,0.586770057678
mr161024,linearsvc_C0.0001,16657,0.0627061091117,0.833333333333,0.0,0.0,0.0,undefined,0.0,0.551435947418
mr161024,linearsvc_C0.0001,15825,0.0595740035236,0.777777777778,0.0,0.0,0.0,undefined,0.0,0.522605895996
mr161024,linearsvc_C0.0001,15034,0.0565962444849,0.777777777778,0.0,0.0,0.0,undefined,0.0,0.510828971863
mr161024,linearsvc_C0.0001,14283,0.0537690674457,0.777777777778,0.0,0.0,0.0,undefined,0.0,0.463333845139
mr161024,linearsvc_C0.0001,13569,0.0510811787559,0.777777777778,0.0,0.0,0.0,undefined,0.0,0.42490196228
mr161024,linearsvc_C0.0001,12891,0.0485288138656,0.777777777778,0.0,0.0,0.0,undefined,0.0,0.413462162018
mr161024,linearsvc_C0.0001,12247,0.0461044436748,0.777777777778,0.0,0.0,0.0,undefined,0.0,0.374802827835
mr161024,linearsvc_C0.0001,11635,0.0438005390836,0.777777777778,0.0,0.0,0.0,undefined,0.0,0.342096090317
mr161024,linearsvc_C0.0001,11054,0.0416133355419,0.777777777778,0.0,0.0,0.0,undefined,0.0,0.307641983032
mr161024,linearsvc_C0.0001,10502,0.0395353039498,0.777777777778,0.0,0.0,0.0,undefined,0.0,0.314205884933
mr161024,linearsvc_C0.0001,9977,0.0375589152073,0.777777777778,0.0,0.0,0.0,undefined,0.0,0.271348953247
mr161024,linearsvc_C0.0001,9479,0.0356841693144,0.777777777778,0.0,0.0,0.0,undefined,0.0,0.247676849365
mr161024,linearsvc_C0.0001,9006,0.0339035371712,0.777777777778,0.0,0.0,0.0,undefined,0.0,0.216989994049
mr161024,linearsvc_C0.0001,8556,0.0322094896776,0.777777777778,0.0,0.0,0.0,undefined,0.0,0.2098300457
mr161024,linearsvc_C0.0001,8129,0.0306020268337,0.777777777778,0.0,0.0,0.0,undefined,0.0,0.1984770298
mr161024,linearsvc_C0.0001,7723,0.0290736195395,0.777777777778,0.0,0.0,0.0,undefined,0.0,0.191426038742
mr161024,linearsvc_C0.0001,7337,0.027620503245,0.777777777778,0.0,0.0,0.0,undefined,0.0,0.173861026764
mr161024,linearsvc_C0.0001,6971,0.0262426779503,0.777777777778,0.0,0.0,0.0,undefined,0.0,0.164960861206
mr161024,linearsvc_C0.0001,6623,0.0249326145553,0.777777777778,0.0,0.0,0.0,undefined,0.0,0.152451038361
mr161024,linearsvc_C0.0001,6292,0.02368654851,0.777777777778,0.0,0.0,0.0,undefined,0.0,0.138522148132
mr161024,linearsvc_C0.0001,5978,0.0225044798145,0.777777777778,0.0,0.0,0.0,undefined,0.0,0.125655889511
mr161024,linearsvc_C0.0001,5680,0.0213826439187,0.777777777778,0.0,0.0,0.0,undefined,0.0,0.124197006226
mr161024,linearsvc_C0.0001,5396,0.0203135117228,0.777777777778,0.0,0.0,0.0,undefined,0.0,0.118225812912
mr161024,linearsvc_C0.0001,5127,0.0193008477767,0.777777777778,0.0,0.0,0.0,undefined,0.0,0.106729030609
mr161024,linearsvc_C0.0001,4871,0.0183371229803,0.777777777778,0.0,0.0,0.0,undefined,0.0,0.0959620475769
mr161024,linearsvc_C0.0001,4628,0.0174223373338,0.777777777778,0.0,0.0,0.0,undefined,0.0,0.09543800354
mr161024,linearsvc_C0.0001,4397,0.0165527262871,0.777777777778,0.0,0.0,0.0,undefined,0.0,0.0819149017334
mr161024,linearsvc_C0.0001,4178,0.0157282898402,0.722222222222,0.0,0.0,0.0,undefined,0.0,0.0856518745422
mr161024,linearsvc_C0.0001,3970,0.0149452634432,0.777777777778,0.0,0.0,0.0,undefined,0.0,0.0905730724335
mr161024,linearsvc_C0.0001,3772,0.014199882546,0.722222222222,0.0,0.0,0.0,undefined,0.0,0.0868079662323
mr161024,linearsvc_C0.0001,3584,0.0134921471487,0.722222222222,0.0,0.0,0.0,undefined,0.0,0.0847480297089
mr161024,linearsvc_C0.0001,3405,0.0128182927013,0.722222222222,0.0,0.0,0.0,undefined,0.0,0.0828430652618
mr161024,linearsvc_C0.0001,3235,0.0121783192037,0.722222222222,0.0,0.0,0.0,undefined,0.0,0.0763418674469
mr161024,linearsvc_C0.0001,3074,0.011572226656,0.666666666667,0.0,0.0,0.0,undefined,0.0,0.0729269981384
mr161024,linearsvc_C0.0001,2921,0.0109962505082,0.611111111111,0.0,0.0,0.0,undefined,0.0,0.0644509792328
mr161024,linearsvc_C0.0001,2775,0.0104466262103,0.722222222222,0.0,0.0,0.0,undefined,0.0,0.0680210590363
mr161024,linearsvc_C0.0001,2637,0.00992711831228,0.722222222222,0.0,0.0,0.0,undefined,0.0,0.0619180202484
mr161024,linearsvc_C0.0001,2506,0.00943396226415,0.722222222222,0.0,0.0,0.0,undefined,0.0,0.0603060722351
mr161024,linearsvc_C0.0001,2381,0.00896339351594,0.722222222222,0.0,0.0,0.0,undefined,0.0,0.0569341182709
mr161024,linearsvc_C0.0001,2262,0.00851541206764,0.722222222222,0.0,0.0,0.0,undefined,0.0,0.0524091720581
mr161024,linearsvc_C0.0001,2149,0.00809001791926,0.777777777778,0.0,0.0,0.0,undefined,0.0,0.0486030578613
mr161024,linearsvc_C0.0001,2042,0.00768721107079,0.833333333333,0.0,0.0,0.0,undefined,0.0,0.0502750873566
mr161024,linearsvc_C0.0001,1940,0.00730322697225,0.833333333333,0.0,0.0,0.0,undefined,0.0,0.082102060318
mr161024,linearsvc_C0.0001,1843,0.00693806562364,0.833333333333,0.0,0.0,0.0,undefined,0.0,0.0810780525208
mr161024,linearsvc_C0.0001,1751,0.00659172702495,0.777777777778,0.0,0.0,0.0,undefined,0.0,0.0757699012756
mr161024,linearsvc_C0.0001,1664,0.0062642111762,0.722222222222,0.0,0.0,0.0,undefined,0.0,0.0763058662415
mr161024,linearsvc_C0.0001,1581,0.00595175352738,0.777777777778,0.0,0.0,0.0,undefined,0.0,0.0746600627899
mr161024,linearsvc_C0.0001,1502,0.00565435407851,0.777777777778,0.0,0.0,0.0,undefined,0.0,0.0741019248962
mr161024,linearsvc_C0.0001,1427,0.00537201282959,0.722222222222,0.0,0.0,0.0,undefined,0.0,0.0693271160126
mr161024,linearsvc_C0.0001,1356,0.0051047297806,0.722222222222,0.0,0.0,0.0,undefined,0.0,0.0717661380768
mr161024,linearsvc_C0.001,265636,1.0,0.888888888889,0.0,0.0,0.0,undefined,0.0,299.032653093
mr161024,linearsvc_C0.001,252355,0.95000301164,0.888888888889,0.0,0.0,0.0,undefined,0.0,284.446278811
mr161024,linearsvc_C0.001,239738,0.90250568447,0.888888888889,0.0,0.0,0.0,undefined,0.0,270.225989103
mr161024,linearsvc_C0.001,227752,0.857383788342,0.888888888889,0.0,0.0,0.0,undefined,0.0,257.463102102
mr161024,linearsvc_C0.001,216365,0.814516857655,0.888888888889,0.0,0.0,0.0,undefined,0.0,244.061553001
mr161024,linearsvc_C0.001,205547,0.77379195591,0.888888888889,0.0,0.0,0.0,undefined,0.0,231.811276913
mr161024,linearsvc_C0.001,195270,0.735103675707,0.888888888889,0.0,0.0,0.0,undefined,0.0,219.425294161
mr161024,linearsvc_C0.001,185507,0.698350374196,0.888888888889,0.0,0.0,0.0,undefined,0.0,214.216984034
mr161024,linearsvc_C0.001,176232,0.663434173079,0.888888888889,0.0,0.0,0.0,undefined,0.0,198.225917101
mr161024,linearsvc_C0.001,167421,0.630264723155,0.888888888889,0.0,0.0,0.0,undefined,0.0,188.490315914
mr161024,linearsvc_C0.001,159050,0.598751675225,0.888888888889,0.0,0.0,0.0,undefined,0.0,184.454216957
mr161024,linearsvc_C0.001,151098,0.568815973738,0.888888888889,0.0,0.0,0.0,undefined,0.0,139.849215984
mr161024,linearsvc_C0.001,143544,0.540378563147,0.888888888889,0.0,0.0,0.0,undefined,0.0,150.528584957
mr161024,linearsvc_C0.001,136367,0.513360387899,0.888888888889,0.0,0.0,0.0,undefined,0.0,132.187612057
mr161024,linearsvc_C0.001,129549,0.487693686097,0.888888888889,0.0,0.0,0.0,undefined,0.0,150.573265076
mr161024,linearsvc_C0.001,123072,0.463310695839,0.888888888889,0.0,0.0,0.0,undefined,0.0,138.43680501
mr161024,linearsvc_C0.001,116919,0.440147419777,0.888888888889,0.0,0.0,0.0,undefined,0.0,125.922062874
mr161024,linearsvc_C0.001,111074,0.418143625111,0.888888888889,0.0,0.0,0.0,undefined,0.0,121.754014969
mr161024,linearsvc_C0.001,105521,0.39723907904,0.888888888889,0.0,0.0,0.0,undefined,0.0,109.260995865
mr161024,linearsvc_C0.001,100245,0.377377313316,0.888888888889,0.0,0.0,0.0,undefined,0.0,85.6104359627
mr161024,linearsvc_C0.001,95233,0.358509388788,0.888888888889,0.0,0.0,0.0,undefined,0.0,90.3961131573
mr161024,linearsvc_C0.001,90472,0.340586366306,0.888888888889,0.0,0.0,0.0,undefined,0.0,54.2311630249
mr161024,linearsvc_C0.001,85949,0.32355930672,0.888888888889,0.0,0.0,0.0,undefined,0.0,79.4654860497
mr161024,linearsvc_C0.001,81652,0.307383035432,0.888888888889,0.0,0.0,0.0,undefined,0.0,66.3978769779
mr161024,linearsvc_C0.001,77570,0.29201614239,0.888888888889,0.0,0.0,0.0,undefined,0.0,44.2630250454
mr161024,linearsvc_C0.001,73692,0.277417217546,0.888888888889,0.0,0.0,0.0,undefined,0.0,59.0911338329
mr161024,linearsvc_C0.001,70008,0.263548615399,0.888888888889,0.0,0.0,0.0,undefined,0.0,50.6574828625
mr161024,linearsvc_C0.001,66508,0.250372690449,0.888888888889,0.0,0.0,0.0,undefined,0.0,38.9141170979
mr161024,linearsvc_C0.001,63183,0.237855561746,0.888888888889,0.0,0.0,0.0,undefined,0.0,46.6269199848
mr161024,linearsvc_C0.001,60024,0.225963348341,0.888888888889,0.0,0.0,0.0,undefined,0.0,42.2039999962
mr161024,linearsvc_C0.001,57023,0.214665933834,0.888888888889,0.0,0.0,0.0,undefined,0.0,26.7132840157
mr161024,linearsvc_C0.001,54172,0.203933201825,0.888888888889,0.0,0.0,0.0,undefined,0.0,29.4454479218
mr161024,linearsvc_C0.001,51464,0.193738800464,0.888888888889,0.0,0.0,0.0,undefined,0.0,29.1309070587
mr161024,linearsvc_C0.001,48891,0.184052613351,0.888888888889,0.0,0.0,0.0,undefined,0.0,25.6706101894
mr161024,linearsvc_C0.001,46447,0.174852053186,0.888888888889,0.0,0.0,0.0,undefined,0.0,25.1714940071
mr161024,linearsvc_C0.001,44125,0.166110768119,0.888888888889,0.0,0.0,0.0,undefined,0.0,16.5240221024
mr161024,linearsvc_C0.001,41919,0.15780617085,0.833333333333,0.0,0.0,0.0,undefined,0.0,17.0012540817
mr161024,linearsvc_C0.001,39824,0.14991943863,0.888888888889,0.0,0.0,0.0,undefined,0.0,14.3783209324
mr161024,linearsvc_C0.001,37833,0.142424219609,0.833333333333,0.0,0.0,0.0,undefined,0.0,17.1531169415
mr161024,linearsvc_C0.001,35942,0.135305455586,0.833333333333,0.0,0.0,0.0,undefined,0.0,15.8646731377
mr161024,linearsvc_C0.001,34145,0.128540559262,0.833333333333,0.0,0.0,0.0,undefined,0.0,11.9216890335
mr161024,linearsvc_C0.001,32438,0.122114472436,0.833333333333,0.0,0.0,0.0,undefined,0.0,12.5211949348
mr161024,linearsvc_C0.001,30817,0.116012136909,0.833333333333,0.0,0.0,0.0,undefined,0.0,11.840503931
mr161024,linearsvc_C0.001,29277,0.110214729931,0.833333333333,0.0,0.0,0.0,undefined,0.0,8.89886116982
mr161024,linearsvc_C0.001,27814,0.104707193302,0.833333333333,0.0,0.0,0.0,undefined,0.0,7.18782091141
mr161024,linearsvc_C0.001,26424,0.099474468822,0.833333333333,0.0,0.0,0.0,undefined,0.0,8.71783900261
mr161024,linearsvc_C0.001,25103,0.0945014982909,0.833333333333,0.0,0.0,0.0,undefined,0.0,8.16286301613
mr161024,linearsvc_C0.001,23848,0.0897769880588,0.833333333333,0.0,0.0,0.0,undefined,0.0,7.45252585411
mr161024,linearsvc_C0.001,22656,0.0852896444759,0.777777777778,0.0,0.0,0.0,undefined,0.0,6.30425214767
mr161024,linearsvc_C0.001,21524,0.0810281738921,0.777777777778,0.0,0.0,0.0,undefined,0.0,4.69556999207
mr161024,linearsvc_C0.001,20448,0.0769775181075,0.722222222222,0.0,0.0,0.0,undefined,0.0,4.79942297935
mr161024,linearsvc_C0.001,19426,0.0731301480221,0.722222222222,0.0,0.0,0.0,undefined,0.0,5.04902696609
mr161024,linearsvc_C0.001,18455,0.069474769986,0.722222222222,0.0,0.0,0.0,undefined,0.0,3.8356859684
mr161024,linearsvc_C0.001,17533,0.0660038548992,0.722222222222,0.0,0.0,0.0,undefined,0.0,4.11610984802
mr161024,linearsvc_C0.001,16657,0.0627061091117,0.722222222222,0.0,0.0,0.0,undefined,0.0,3.07534193993
mr161024,linearsvc_C0.001,15825,0.0595740035236,0.722222222222,0.0,0.0,0.0,undefined,0.0,3.47904491425
mr161024,linearsvc_C0.001,15034,0.0565962444849,0.722222222222,0.0,0.0,0.0,undefined,0.0,3.05167007446
mr161024,linearsvc_C0.001,14283,0.0537690674457,0.722222222222,0.0,0.0,0.0,undefined,0.0,2.86617207527
mr161024,linearsvc_C0.001,13569,0.0510811787559,0.722222222222,0.0,0.0,0.0,undefined,0.0,2.52903103828
mr161024,linearsvc_C0.001,12891,0.0485288138656,0.722222222222,0.0,0.0,0.0,undefined,0.0,2.40058112144
mr161024,linearsvc_C0.001,12247,0.0461044436748,0.722222222222,0.0,0.0,0.0,undefined,0.0,2.15745711327
mr161024,linearsvc_C0.001,11635,0.0438005390836,0.722222222222,0.0,0.0,0.0,undefined,0.0,1.71891403198
mr161024,linearsvc_C0.001,11054,0.0416133355419,0.722222222222,0.0,0.0,0.0,undefined,0.0,1.73824119568
mr161024,linearsvc_C0.001,10502,0.0395353039498,0.722222222222,0.0,0.0,0.0,undefined,0.0,1.65585398674
mr161024,linearsvc_C0.001,9977,0.0375589152073,0.722222222222,0.0,0.0,0.0,undefined,0.0,1.39117789268
mr161024,linearsvc_C0.001,9479,0.0356841693144,0.722222222222,0.0,0.0,0.0,undefined,0.0,0.872678995132
mr161024,linearsvc_C0.001,9006,0.0339035371712,0.722222222222,0.0,0.0,0.0,undefined,0.0,0.926049947739
mr161024,linearsvc_C0.001,8556,0.0322094896776,0.722222222222,0.0,0.0,0.0,undefined,0.0,0.93887591362
mr161024,linearsvc_C0.001,8129,0.0306020268337,0.722222222222,0.0,0.0,0.0,undefined,0.0,0.926538944244
mr161024,linearsvc_C0.001,7723,0.0290736195395,0.722222222222,0.0,0.0,0.0,undefined,0.0,0.849630117416
mr161024,linearsvc_C0.001,7337,0.027620503245,0.722222222222,0.0,0.0,0.0,undefined,0.0,0.714181900024
mr161024,linearsvc_C0.001,6971,0.0262426779503,0.611111111111,0.0,0.0,0.0,undefined,0.0,0.757158994675
mr161024,linearsvc_C0.001,6623,0.0249326145553,0.666666666667,0.0,0.0,0.0,undefined,0.0,0.561525821686
mr161024,linearsvc_C0.001,6292,0.02368654851,0.611111111111,0.0,0.0,0.0,undefined,0.0,0.652961969376
mr161024,linearsvc_C0.001,5978,0.0225044798145,0.611111111111,0.0,0.0,0.0,undefined,0.0,0.536422014236
mr161024,linearsvc_C0.001,5680,0.0213826439187,0.611111111111,0.0,0.0,0.0,undefined,0.0,0.510396003723
mr161024,linearsvc_C0.001,5396,0.0203135117228,0.611111111111,0.0,0.0,0.0,undefined,0.0,0.470944881439
mr161024,linearsvc_C0.001,5127,0.0193008477767,0.611111111111,0.0,0.0,0.0,undefined,0.0,0.354063987732
mr161024,linearsvc_C0.001,4871,0.0183371229803,0.611111111111,0.0,0.0,0.0,undefined,0.0,0.419682979584
mr161024,linearsvc_C0.001,4628,0.0174223373338,0.666666666667,0.0,0.0,0.0,undefined,0.0,0.324024200439
mr161024,linearsvc_C0.001,4397,0.0165527262871,0.722222222222,0.0,0.0,0.0,undefined,0.0,0.271117925644
mr161024,linearsvc_C0.001,4178,0.0157282898402,0.611111111111,0.0,0.0,0.0,undefined,0.0,0.302356004715
mr161024,linearsvc_C0.001,3970,0.0149452634432,0.611111111111,0.0,0.0,0.0,undefined,0.0,0.27180480957
mr161024,linearsvc_C0.001,3772,0.014199882546,0.611111111111,0.0,0.0,0.0,undefined,0.0,0.200242042542
mr161024,linearsvc_C0.001,3584,0.0134921471487,0.611111111111,0.0,0.0,0.0,undefined,0.0,0.212330102921
mr161024,linearsvc_C0.001,3405,0.0128182927013,0.611111111111,0.0,0.0,0.0,undefined,0.0,0.217454910278
mr161024,linearsvc_C0.001,3235,0.0121783192037,0.611111111111,0.0,0.0,0.0,undefined,0.0,0.201375961304
mr161024,linearsvc_C0.001,3074,0.011572226656,0.555555555556,0.0,0.0,0.0,undefined,0.0,0.190598011017
mr161024,linearsvc_C0.001,2921,0.0109962505082,0.5,0.0,0.0,0.0,undefined,0.0,0.182528972626
mr161024,linearsvc_C0.001,2775,0.0104466262103,0.5,0.0,0.0,0.0,undefined,0.0,0.134755134583
mr161024,linearsvc_C0.001,2637,0.00992711831228,0.555555555556,0.0,0.0,0.0,undefined,0.0,0.123313903809
mr161024,linearsvc_C0.001,2506,0.00943396226415,0.555555555556,0.0,0.0,0.0,undefined,0.0,0.119826078415
mr161024,linearsvc_C0.001,2381,0.00896339351594,0.555555555556,0.0,0.0,0.0,undefined,0.0,0.121111154556
mr161024,linearsvc_C0.001,2262,0.00851541206764,0.555555555556,0.0,0.0,0.0,undefined,0.0,0.132113933563
mr161024,linearsvc_C0.001,2149,0.00809001791926,0.555555555556,0.0,0.0,0.0,undefined,0.0,0.114949941635
mr161024,linearsvc_C0.001,2042,0.00768721107079,0.444444444444,0.0,0.0,0.0,undefined,0.0,0.0978579521179
mr161024,linearsvc_C0.001,1940,0.00730322697225,0.444444444444,0.0,0.0,0.0,undefined,0.0,0.097305059433
mr161024,linearsvc_C0.001,1843,0.00693806562364,0.388888888889,0.0,0.0,0.0,undefined,0.0,0.0775418281555
mr161024,linearsvc_C0.001,1751,0.00659172702495,0.388888888889,0.0,0.0,0.0,undefined,0.0,0.120371103287
mr161024,linearsvc_C0.001,1664,0.0062642111762,0.388888888889,0.0,0.0,0.0,undefined,0.0,0.105870008469
mr161024,linearsvc_C0.001,1581,0.00595175352738,0.388888888889,0.0,0.0,0.0,undefined,0.0,0.106539964676
mr161024,linearsvc_C0.001,1502,0.00565435407851,0.333333333333,0.0,0.0,0.0,undefined,0.0,0.0936319828033
mr161024,linearsvc_C0.001,1427,0.00537201282959,0.222222222222,0.0,0.0,0.0,undefined,0.0,0.100185155869
mr161024,linearsvc_C0.001,1356,0.0051047297806,0.166666666667,0.0,0.0,0.0,undefined,0.0,0.0899038314819
mr161024,linearsvc_C0.01,265636,1.0,0.777777777778,0.0,0.0,0.0,undefined,0.0,302.674118042
mr161024,linearsvc_C0.01,252355,0.95000301164,0.777777777778,0.0,0.0,0.0,undefined,0.0,285.346327782
mr161024,linearsvc_C0.01,239738,0.90250568447,0.777777777778,0.0,0.0,0.0,undefined,0.0,273.82624507
mr161024,linearsvc_C0.01,227752,0.857383788342,0.777777777778,0.0,0.0,0.0,undefined,0.0,259.2377069
mr161024,linearsvc_C0.01,216365,0.814516857655,0.777777777778,0.0,0.0,0.0,undefined,0.0,245.834259033
mr161024,linearsvc_C0.01,205547,0.77379195591,0.777777777778,0.0,0.0,0.0,undefined,0.0,231.499264956
mr161024,linearsvc_C0.01,195270,0.735103675707,0.777777777778,0.0,0.0,0.0,undefined,0.0,225.107379198
mr161024,linearsvc_C0.01,185507,0.698350374196,0.777777777778,0.0,0.0,0.0,undefined,0.0,207.710201025
mr161024,linearsvc_C0.01,176232,0.663434173079,0.777777777778,0.0,0.0,0.0,undefined,0.0,200.388646841
mr161024,linearsvc_C0.01,167421,0.630264723155,0.833333333333,0.0,0.0,0.0,undefined,0.0,190.558228016
mr161024,linearsvc_C0.01,159050,0.598751675225,0.777777777778,0.0,0.0,0.0,undefined,0.0,178.146260977
mr161024,linearsvc_C0.01,151098,0.568815973738,0.777777777778,0.0,0.0,0.0,undefined,0.0,172.860425949
mr161024,linearsvc_C0.01,143544,0.540378563147,0.777777777778,0.0,0.0,0.0,undefined,0.0,163.022044182
mr161024,linearsvc_C0.01,136367,0.513360387899,0.777777777778,0.0,0.0,0.0,undefined,0.0,153.255569935
mr161024,linearsvc_C0.01,129549,0.487693686097,0.777777777778,0.0,0.0,0.0,undefined,0.0,144.072446823
mr161024,linearsvc_C0.01,123072,0.463310695839,0.777777777778,0.0,0.0,0.0,undefined,0.0,139.890664816
mr161024,linearsvc_C0.01,116919,0.440147419777,0.777777777778,0.0,0.0,0.0,undefined,0.0,132.923755884
mr161024,linearsvc_C0.01,111074,0.418143625111,0.777777777778,0.0,0.0,0.0,undefined,0.0,123.878746986
mr161024,linearsvc_C0.01,105521,0.39723907904,0.777777777778,0.0,0.0,0.0,undefined,0.0,117.559551001
mr161024,linearsvc_C0.01,100245,0.377377313316,0.833333333333,0.0,0.0,0.0,undefined,0.0,110.481097937
mr161024,linearsvc_C0.01,95233,0.358509388788,0.833333333333,0.0,0.0,0.0,undefined,0.0,109.551224947
mr161024,linearsvc_C0.01,90472,0.340586366306,0.833333333333,0.0,0.0,0.0,undefined,0.0,99.7730150223
mr161024,linearsvc_C0.01,85949,0.32355930672,0.777777777778,0.0,0.0,0.0,undefined,0.0,95.397674799
mr161024,linearsvc_C0.01,81652,0.307383035432,0.777777777778,0.0,0.0,0.0,undefined,0.0,89.6059658527
mr161024,linearsvc_C0.01,77570,0.29201614239,0.777777777778,0.0,0.0,0.0,undefined,0.0,85.26177001
mr161024,linearsvc_C0.01,73692,0.277417217546,0.777777777778,0.0,0.0,0.0,undefined,0.0,85.332875967
mr161024,linearsvc_C0.01,70008,0.263548615399,0.777777777778,0.0,0.0,0.0,undefined,0.0,77.3913462162
mr161024,linearsvc_C0.01,66508,0.250372690449,0.777777777778,0.0,0.0,0.0,undefined,0.0,73.5541338921
mr161024,linearsvc_C0.01,63183,0.237855561746,0.833333333333,0.0,0.0,0.0,undefined,0.0,69.450729847
mr161024,linearsvc_C0.01,60024,0.225963348341,0.833333333333,0.0,0.0,0.0,undefined,0.0,66.3224010468
mr161024,linearsvc_C0.01,57023,0.214665933834,0.833333333333,0.0,0.0,0.0,undefined,0.0,62.0382068157
mr161024,linearsvc_C0.01,54172,0.203933201825,0.777777777778,0.0,0.0,0.0,undefined,0.0,59.58629179
mr161024,linearsvc_C0.01,51464,0.193738800464,0.777777777778,0.0,0.0,0.0,undefined,0.0,56.5771279335
mr161024,linearsvc_C0.01,48891,0.184052613351,0.777777777778,0.0,0.0,0.0,undefined,0.0,53.5462961197
mr161024,linearsvc_C0.01,46447,0.174852053186,0.833333333333,0.0,0.0,0.0,undefined,0.0,51.0590929985
mr161024,linearsvc_C0.01,44125,0.166110768119,0.833333333333,0.0,0.0,0.0,undefined,0.0,48.7521800995
mr161024,linearsvc_C0.01,41919,0.15780617085,0.833333333333,0.0,0.0,0.0,undefined,0.0,45.9267141819
mr161024,linearsvc_C0.01,39824,0.14991943863,0.833333333333,0.0,0.0,0.0,undefined,0.0,43.7657651901
mr161024,linearsvc_C0.01,37833,0.142424219609,0.833333333333,0.0,0.0,0.0,undefined,0.0,41.6540009975
mr161024,linearsvc_C0.01,35942,0.135305455586,0.833333333333,0.0,0.0,0.0,undefined,0.0,39.331610918
mr161024,linearsvc_C0.01,34145,0.128540559262,0.833333333333,0.0,0.0,0.0,undefined,0.0,39.2561171055
mr161024,linearsvc_C0.01,32438,0.122114472436,0.833333333333,0.0,0.0,0.0,undefined,0.0,36.2955260277
mr161024,linearsvc_C0.01,30817,0.116012136909,0.833333333333,0.0,0.0,0.0,undefined,0.0,33.7188620567
mr161024,linearsvc_C0.01,29277,0.110214729931,0.833333333333,0.0,0.0,0.0,undefined,0.0,32.3321170807
mr161024,linearsvc_C0.01,27814,0.104707193302,0.833333333333,0.0,0.0,0.0,undefined,0.0,27.98458004
mr161024,linearsvc_C0.01,26424,0.099474468822,0.833333333333,0.0,0.0,0.0,undefined,0.0,28.9660549164
mr161024,linearsvc_C0.01,25103,0.0945014982909,0.833333333333,0.0,0.0,0.0,undefined,0.0,22.628674984
mr161024,linearsvc_C0.01,23848,0.0897769880588,0.833333333333,0.0,0.0,0.0,undefined,0.0,25.8483631611
mr161024,linearsvc_C0.01,22656,0.0852896444759,0.833333333333,0.0,0.0,0.0,undefined,0.0,24.7312371731
mr161024,linearsvc_C0.01,21524,0.0810281738921,0.777777777778,0.0,0.0,0.0,undefined,0.0,20.9059958458
mr161024,linearsvc_C0.01,20448,0.0769775181075,0.777777777778,0.0,0.0,0.0,undefined,0.0,18.249835968
mr161024,linearsvc_C0.01,19426,0.0731301480221,0.722222222222,0.0,0.0,0.0,undefined,0.0,14.7442839146
mr161024,linearsvc_C0.01,18455,0.069474769986,0.722222222222,0.0,0.0,0.0,undefined,0.0,13.4885661602
mr161024,linearsvc_C0.01,17533,0.0660038548992,0.722222222222,0.0,0.0,0.0,undefined,0.0,16.5532279015
mr161024,linearsvc_C0.01,16657,0.0627061091117,0.722222222222,0.0,0.0,0.0,undefined,0.0,12.9288749695
mr161024,linearsvc_C0.01,15825,0.0595740035236,0.722222222222,0.0,0.0,0.0,undefined,0.0,13.9753499031
mr161024,linearsvc_C0.01,15034,0.0565962444849,0.722222222222,0.0,0.0,0.0,undefined,0.0,15.8795619011
mr161024,linearsvc_C0.01,14283,0.0537690674457,0.722222222222,0.0,0.0,0.0,undefined,0.0,10.611784935
mr161024,linearsvc_C0.01,13569,0.0510811787559,0.777777777778,0.0,0.0,0.0,undefined,0.0,10.6463689804
mr161024,linearsvc_C0.01,12891,0.0485288138656,0.777777777778,0.0,0.0,0.0,undefined,0.0,6.94493508339
mr161024,linearsvc_C0.01,12247,0.0461044436748,0.722222222222,0.0,0.0,0.0,undefined,0.0,6.84449195862
mr161024,linearsvc_C0.01,11635,0.0438005390836,0.722222222222,0.0,0.0,0.0,undefined,0.0,6.89806199074
mr161024,linearsvc_C0.01,11054,0.0416133355419,0.722222222222,0.0,0.0,0.0,undefined,0.0,6.53536105156
mr161024,linearsvc_C0.01,10502,0.0395353039498,0.722222222222,0.0,0.0,0.0,undefined,0.0,4.84856581688
mr161024,linearsvc_C0.01,9977,0.0375589152073,0.722222222222,0.0,0.0,0.0,undefined,0.0,5.83845806122
mr161024,linearsvc_C0.01,9479,0.0356841693144,0.777777777778,0.0,0.0,0.0,undefined,0.0,4.23557591438
mr161024,linearsvc_C0.01,9006,0.0339035371712,0.722222222222,0.0,0.0,0.0,undefined,0.0,5.71869897842
mr161024,linearsvc_C0.01,8556,0.0322094896776,0.722222222222,0.0,0.0,0.0,undefined,0.0,4.35903716087
mr161024,linearsvc_C0.01,8129,0.0306020268337,0.722222222222,0.0,0.0,0.0,undefined,0.0,3.13270688057
mr161024,linearsvc_C0.01,7723,0.0290736195395,0.722222222222,0.0,0.0,0.0,undefined,0.0,3.74122405052
mr161024,linearsvc_C0.01,7337,0.027620503245,0.722222222222,0.0,0.0,0.0,undefined,0.0,2.56600093842
mr161024,linearsvc_C0.01,6971,0.0262426779503,0.722222222222,0.0,0.0,0.0,undefined,0.0,3.20468902588
mr161024,linearsvc_C0.01,6623,0.0249326145553,0.777777777778,0.0,0.0,0.0,undefined,0.0,2.13680315018
mr161024,linearsvc_C0.01,6292,0.02368654851,0.722222222222,0.0,0.0,0.0,undefined,0.0,1.98905181885
mr161024,linearsvc_C0.01,5978,0.0225044798145,0.722222222222,0.0,0.0,0.0,undefined,0.0,2.24239706993
mr161024,linearsvc_C0.01,5680,0.0213826439187,0.722222222222,0.0,0.0,0.0,undefined,0.0,1.4461171627
mr161024,linearsvc_C0.01,5396,0.0203135117228,0.722222222222,0.0,0.0,0.0,undefined,0.0,1.95030999184
mr161024,linearsvc_C0.01,5127,0.0193008477767,0.722222222222,0.0,0.0,0.0,undefined,0.0,1.38529992104
mr161024,linearsvc_C0.01,4871,0.0183371229803,0.722222222222,0.0,0.0,0.0,undefined,0.0,1.37702202797
mr161024,linearsvc_C0.01,4628,0.0174223373338,0.722222222222,0.0,0.0,0.0,undefined,0.0,1.03826904297
mr161024,linearsvc_C0.01,4397,0.0165527262871,0.722222222222,0.0,0.0,0.0,undefined,0.0,1.09559798241
mr161024,linearsvc_C0.01,4178,0.0157282898402,0.722222222222,0.0,0.0,0.0,undefined,0.0,0.985913991928
mr161024,linearsvc_C0.01,3970,0.0149452634432,0.722222222222,0.0,0.0,0.0,undefined,0.0,0.961433172226
mr161024,linearsvc_C0.01,3772,0.014199882546,0.722222222222,0.0,0.0,0.0,undefined,0.0,0.840605974197
mr161024,linearsvc_C0.01,3584,0.0134921471487,0.722222222222,0.0,0.0,0.0,undefined,0.0,0.713115930557
mr161024,linearsvc_C0.01,3405,0.0128182927013,0.722222222222,0.0,0.0,0.0,undefined,0.0,0.840589046478
mr161024,linearsvc_C0.01,3235,0.0121783192037,0.722222222222,0.0,0.0,0.0,undefined,0.0,0.803883075714
mr161024,linearsvc_C0.01,3074,0.011572226656,0.722222222222,0.0,0.0,0.0,undefined,0.0,0.537644863129
mr161024,linearsvc_C0.01,2921,0.0109962505082,0.722222222222,0.0,0.0,0.0,undefined,0.0,0.59614610672
mr161024,linearsvc_C0.01,2775,0.0104466262103,0.722222222222,0.0,0.0,0.0,undefined,0.0,0.478066921234
mr161024,linearsvc_C0.01,2637,0.00992711831228,0.777777777778,0.0,0.0,0.0,undefined,0.0,0.446025848389
mr161024,linearsvc_C0.01,2506,0.00943396226415,0.722222222222,0.0,0.0,0.0,undefined,0.0,0.406044960022
mr161024,linearsvc_C0.01,2381,0.00896339351594,0.722222222222,0.0,0.0,0.0,undefined,0.0,0.347900867462
mr161024,linearsvc_C0.01,2262,0.00851541206764,0.722222222222,0.0,0.0,0.0,undefined,0.0,0.380540132523
mr161024,linearsvc_C0.01,2149,0.00809001791926,0.722222222222,0.0,0.0,0.0,undefined,0.0,0.324705123901
mr161024,linearsvc_C0.01,2042,0.00768721107079,0.722222222222,0.0,0.0,0.0,undefined,0.0,0.331431865692
mr161024,linearsvc_C0.01,1940,0.00730322697225,0.722222222222,0.0,0.0,0.0,undefined,0.0,0.253221988678
mr161024,linearsvc_C0.01,1843,0.00693806562364,0.722222222222,0.0,0.0,0.0,undefined,0.0,0.274443864822
mr161024,linearsvc_C0.01,1751,0.00659172702495,0.722222222222,0.0,0.0,0.0,undefined,0.0,0.288305997849
mr161024,linearsvc_C0.01,1664,0.0062642111762,0.722222222222,0.0,0.0,0.0,undefined,0.0,0.2541680336
mr161024,linearsvc_C0.01,1581,0.00595175352738,0.722222222222,0.0,0.0,0.0,undefined,0.0,0.237780094147
mr161024,linearsvc_C0.01,1502,0.00565435407851,0.722222222222,0.0,0.0,0.0,undefined,0.0,0.194545030594
mr161024,linearsvc_C0.01,1427,0.00537201282959,0.777777777778,0.0,0.0,0.0,undefined,0.0,0.210828065872
mr161024,linearsvc_C0.01,1356,0.0051047297806,0.722222222222,0.0,0.0,0.0,undefined,0.0,0.177104949951
mr161024,linearsvc_C0.1,265636,1.0,0.833333333333,0.0,0.0,0.0,undefined,0.0,18.7951271534
mr161024,linearsvc_C0.1,252355,0.95000301164,0.833333333333,0.0,0.0,0.0,undefined,0.0,287.299177885
mr161024,linearsvc_C0.1,239738,0.90250568447,0.833333333333,0.0,0.0,0.0,undefined,0.0,272.798737049
mr161024,linearsvc_C0.1,227752,0.857383788342,0.833333333333,0.0,0.0,0.0,undefined,0.0,17.3757948875
mr161024,linearsvc_C0.1,216365,0.814516857655,0.833333333333,0.0,0.0,0.0,undefined,0.0,29.9994468689
mr161024,linearsvc_C0.1,205547,0.77379195591,0.833333333333,0.0,0.0,0.0,undefined,0.0,53.7667901516
mr161024,linearsvc_C0.1,195270,0.735103675707,0.833333333333,0.0,0.0,0.0,undefined,0.0,13.3159301281
mr161024,linearsvc_C0.1,185507,0.698350374196,0.833333333333,0.0,0.0,0.0,undefined,0.0,97.378893137
mr161024,linearsvc_C0.1,176232,0.663434173079,0.833333333333,0.0,0.0,0.0,undefined,0.0,45.8846180439
mr161024,linearsvc_C0.1,167421,0.630264723155,0.833333333333,0.0,0.0,0.0,undefined,0.0,188.626777887
mr161024,linearsvc_C0.1,159050,0.598751675225,0.888888888889,0.0,0.0,0.0,undefined,0.0,11.3722901344
mr161024,linearsvc_C0.1,151098,0.568815973738,0.888888888889,0.0,0.0,0.0,undefined,0.0,172.502609968
mr161024,linearsvc_C0.1,143544,0.540378563147,0.833333333333,0.0,0.0,0.0,undefined,0.0,159.005732059
mr161024,linearsvc_C0.1,136367,0.513360387899,0.888888888889,0.0,0.0,0.0,undefined,0.0,154.416952133
mr161024,linearsvc_C0.1,129549,0.487693686097,0.833333333333,0.0,0.0,0.0,undefined,0.0,144.478678942
mr161024,linearsvc_C0.1,123072,0.463310695839,0.833333333333,0.0,0.0,0.0,undefined,0.0,136.339447975
mr161024,linearsvc_C0.1,116919,0.440147419777,0.833333333333,0.0,0.0,0.0,undefined,0.0,126.264911175
mr161024,linearsvc_C0.1,111074,0.418143625111,0.833333333333,0.0,0.0,0.0,undefined,0.0,123.072714806
mr161024,linearsvc_C0.1,105521,0.39723907904,0.833333333333,0.0,0.0,0.0,undefined,0.0,119.635082006
mr161024,linearsvc_C0.1,100245,0.377377313316,0.833333333333,0.0,0.0,0.0,undefined,0.0,112.527801037
mr161024,linearsvc_C0.1,95233,0.358509388788,0.833333333333,0.0,0.0,0.0,undefined,0.0,105.374701023
mr161024,linearsvc_C0.1,90472,0.340586366306,0.833333333333,0.0,0.0,0.0,undefined,0.0,101.882078171
mr161024,linearsvc_C0.1,85949,0.32355930672,0.833333333333,0.0,0.0,0.0,undefined,0.0,96.9870390892
mr161024,linearsvc_C0.1,81652,0.307383035432,0.833333333333,0.0,0.0,0.0,undefined,0.0,89.7694590092
mr161024,linearsvc_C0.1,77570,0.29201614239,0.833333333333,0.0,0.0,0.0,undefined,0.0,85.6255600452
mr161024,linearsvc_C0.1,73692,0.277417217546,0.833333333333,0.0,0.0,0.0,undefined,0.0,81.2359461784
mr161024,linearsvc_C0.1,70008,0.263548615399,0.833333333333,0.0,0.0,0.0,undefined,0.0,77.7082030773
mr161024,linearsvc_C0.1,66508,0.250372690449,0.833333333333,0.0,0.0,0.0,undefined,0.0,73.9823741913
mr161024,linearsvc_C0.1,63183,0.237855561746,0.833333333333,0.0,0.0,0.0,undefined,0.0,69.5681071281
mr161024,linearsvc_C0.1,60024,0.225963348341,0.833333333333,0.0,0.0,0.0,undefined,0.0,66.0041940212
mr161024,linearsvc_C0.1,57023,0.214665933834,0.833333333333,0.0,0.0,0.0,undefined,0.0,62.9376358986
mr161024,linearsvc_C0.1,54172,0.203933201825,0.833333333333,0.0,0.0,0.0,undefined,0.0,59.4940130711
mr161024,linearsvc_C0.1,51464,0.193738800464,0.833333333333,0.0,0.0,0.0,undefined,0.0,56.5235209465
mr161024,linearsvc_C0.1,48891,0.184052613351,0.833333333333,0.0,0.0,0.0,undefined,0.0,53.7712481022
mr161024,linearsvc_C0.1,46447,0.174852053186,0.833333333333,0.0,0.0,0.0,undefined,0.0,51.0369710922
mr161024,linearsvc_C0.1,44125,0.166110768119,0.833333333333,0.0,0.0,0.0,undefined,0.0,48.3593530655
mr161024,linearsvc_C0.1,41919,0.15780617085,0.833333333333,0.0,0.0,0.0,undefined,0.0,45.8352560997
mr161024,linearsvc_C0.1,39824,0.14991943863,0.833333333333,0.0,0.0,0.0,undefined,0.0,43.5298781395
mr161024,linearsvc_C0.1,37833,0.142424219609,0.833333333333,0.0,0.0,0.0,undefined,0.0,41.635641098
mr161024,linearsvc_C0.1,35942,0.135305455586,0.833333333333,0.0,0.0,0.0,undefined,0.0,39.5624120235
mr161024,linearsvc_C0.1,34145,0.128540559262,0.833333333333,0.0,0.0,0.0,undefined,0.0,37.2182979584
mr161024,linearsvc_C0.1,32438,0.122114472436,0.833333333333,0.0,0.0,0.0,undefined,0.0,35.7290358543
mr161024,linearsvc_C0.1,30817,0.116012136909,0.833333333333,0.0,0.0,0.0,undefined,0.0,33.3123049736
mr161024,linearsvc_C0.1,29277,0.110214729931,0.833333333333,0.0,0.0,0.0,undefined,0.0,32.2593870163
mr161024,linearsvc_C0.1,27814,0.104707193302,0.833333333333,0.0,0.0,0.0,undefined,0.0,30.2206089497
mr161024,linearsvc_C0.1,26424,0.099474468822,0.833333333333,0.0,0.0,0.0,undefined,0.0,28.9620201588
mr161024,linearsvc_C0.1,25103,0.0945014982909,0.833333333333,0.0,0.0,0.0,undefined,0.0,27.3457169533
mr161024,linearsvc_C0.1,23848,0.0897769880588,0.833333333333,0.0,0.0,0.0,undefined,0.0,25.9811768532
mr161024,linearsvc_C0.1,22656,0.0852896444759,0.833333333333,0.0,0.0,0.0,undefined,0.0,24.6985940933
mr161024,linearsvc_C0.1,21524,0.0810281738921,0.833333333333,0.0,0.0,0.0,undefined,0.0,23.536785841
mr161024,linearsvc_C0.1,20448,0.0769775181075,0.833333333333,0.0,0.0,0.0,undefined,0.0,22.0013840199
mr161024,linearsvc_C0.1,19426,0.0731301480221,0.833333333333,0.0,0.0,0.0,undefined,0.0,21.1996021271
mr161024,linearsvc_C0.1,18455,0.069474769986,0.833333333333,0.0,0.0,0.0,undefined,0.0,20.0753960609
mr161024,linearsvc_C0.1,17533,0.0660038548992,0.833333333333,0.0,0.0,0.0,undefined,0.0,19.0829091072
mr161024,linearsvc_C0.1,16657,0.0627061091117,0.833333333333,0.0,0.0,0.0,undefined,0.0,17.9454112053
mr161024,linearsvc_C0.1,15825,0.0595740035236,0.833333333333,0.0,0.0,0.0,undefined,0.0,17.0038890839
mr161024,linearsvc_C0.1,15034,0.0565962444849,0.833333333333,0.0,0.0,0.0,undefined,0.0,16.02622509
mr161024,linearsvc_C0.1,14283,0.0537690674457,0.833333333333,0.0,0.0,0.0,undefined,0.0,15.2631211281
mr161024,linearsvc_C0.1,13569,0.0510811787559,0.833333333333,0.0,0.0,0.0,undefined,0.0,14.2905869484
mr161024,linearsvc_C0.1,12891,0.0485288138656,0.833333333333,0.0,0.0,0.0,undefined,0.0,13.4224059582
mr161024,linearsvc_C0.1,12247,0.0461044436748,0.833333333333,0.0,0.0,0.0,undefined,0.0,12.6290521622
mr161024,linearsvc_C0.1,11635,0.0438005390836,0.833333333333,0.0,0.0,0.0,undefined,0.0,11.9869890213
mr161024,linearsvc_C0.1,11054,0.0416133355419,0.833333333333,0.0,0.0,0.0,undefined,0.0,11.3442869186
mr161024,linearsvc_C0.1,10502,0.0395353039498,0.833333333333,0.0,0.0,0.0,undefined,0.0,10.7762420177
mr161024,linearsvc_C0.1,9977,0.0375589152073,0.833333333333,0.0,0.0,0.0,undefined,0.0,10.1294560432
mr161024,linearsvc_C0.1,9479,0.0356841693144,0.833333333333,0.0,0.0,0.0,undefined,0.0,9.51669502258
mr161024,linearsvc_C0.1,9006,0.0339035371712,0.833333333333,0.0,0.0,0.0,undefined,0.0,8.9344830513
mr161024,linearsvc_C0.1,8556,0.0322094896776,0.833333333333,0.0,0.0,0.0,undefined,0.0,8.50283408165
mr161024,linearsvc_C0.1,8129,0.0306020268337,0.833333333333,0.0,0.0,0.0,undefined,0.0,7.9528529644
mr161024,linearsvc_C0.1,7723,0.0290736195395,0.833333333333,0.0,0.0,0.0,undefined,0.0,7.57207989693
mr161024,linearsvc_C0.1,7337,0.027620503245,0.833333333333,0.0,0.0,0.0,undefined,0.0,7.0530090332
mr161024,linearsvc_C0.1,6971,0.0262426779503,0.833333333333,0.0,0.0,0.0,undefined,0.0,6.69538903236
mr161024,linearsvc_C0.1,6623,0.0249326145553,0.833333333333,0.0,0.0,0.0,undefined,0.0,6.29769492149
mr161024,linearsvc_C0.1,6292,0.02368654851,0.833333333333,0.0,0.0,0.0,undefined,0.0,6.01739501953
mr161024,linearsvc_C0.1,5978,0.0225044798145,0.833333333333,0.0,0.0,0.0,undefined,0.0,5.57584404945
mr161024,linearsvc_C0.1,5680,0.0213826439187,0.833333333333,0.0,0.0,0.0,undefined,0.0,5.28680801392
mr161024,linearsvc_C0.1,5396,0.0203135117228,0.833333333333,0.0,0.0,0.0,undefined,0.0,5.01255989075
mr161024,linearsvc_C0.1,5127,0.0193008477767,0.833333333333,0.0,0.0,0.0,undefined,0.0,4.75839495659
mr161024,linearsvc_C0.1,4871,0.0183371229803,0.833333333333,0.0,0.0,0.0,undefined,0.0,4.45332813263
mr161024,linearsvc_C0.1,4628,0.0174223373338,0.833333333333,0.0,0.0,0.0,undefined,0.0,4.14911103249
mr161024,linearsvc_C0.1,4397,0.0165527262871,0.833333333333,0.0,0.0,0.0,undefined,0.0,3.88404202461
mr161024,linearsvc_C0.1,4178,0.0157282898402,0.833333333333,0.0,0.0,0.0,undefined,0.0,3.53551697731
mr161024,linearsvc_C0.1,3970,0.0149452634432,0.833333333333,0.0,0.0,0.0,undefined,0.0,3.19150686264
mr161024,linearsvc_C0.1,3772,0.014199882546,0.833333333333,0.0,0.0,0.0,undefined,0.0,2.89993786812
mr161024,linearsvc_C0.1,3584,0.0134921471487,0.833333333333,0.0,0.0,0.0,undefined,0.0,2.62140488625
mr161024,linearsvc_C0.1,3405,0.0128182927013,0.833333333333,0.0,0.0,0.0,undefined,0.0,2.53714895248
mr161024,linearsvc_C0.1,3235,0.0121783192037,0.833333333333,0.0,0.0,0.0,undefined,0.0,2.28652000427
mr161024,linearsvc_C0.1,3074,0.011572226656,0.833333333333,0.0,0.0,0.0,undefined,0.0,2.01804995537
mr161024,linearsvc_C0.1,2921,0.0109962505082,0.833333333333,0.0,0.0,0.0,undefined,0.0,1.66517186165
mr161024,linearsvc_C0.1,2775,0.0104466262103,0.833333333333,0.0,0.0,0.0,undefined,0.0,1.74420595169
mr161024,linearsvc_C0.1,2637,0.00992711831228,0.777777777778,0.0,0.0,0.0,undefined,0.0,1.31759810448
mr161024,linearsvc_C0.1,2506,0.00943396226415,0.777777777778,0.0,0.0,0.0,undefined,0.0,1.54991316795
mr161024,linearsvc_C0.1,2381,0.00896339351594,0.777777777778,0.0,0.0,0.0,undefined,0.0,1.25690793991
mr161024,linearsvc_C0.1,2262,0.00851541206764,0.777777777778,0.0,0.0,0.0,undefined,0.0,1.01261401176
mr161024,linearsvc_C0.1,2149,0.00809001791926,0.777777777778,0.0,0.0,0.0,undefined,0.0,1.02954816818
mr161024,linearsvc_C0.1,2042,0.00768721107079,0.777777777778,0.0,0.0,0.0,undefined,0.0,1.0272500515
mr161024,linearsvc_C0.1,1940,0.00730322697225,0.777777777778,0.0,0.0,0.0,undefined,0.0,0.993489980698
mr161024,linearsvc_C0.1,1843,0.00693806562364,0.777777777778,0.0,0.0,0.0,undefined,0.0,0.81204199791
mr161024,linearsvc_C0.1,1751,0.00659172702495,0.777777777778,0.0,0.0,0.0,undefined,0.0,0.983621120453
mr161024,linearsvc_C0.1,1664,0.0062642111762,0.722222222222,0.0,0.0,0.0,undefined,0.0,0.852042913437
mr161024,linearsvc_C0.1,1581,0.00595175352738,0.722222222222,0.0,0.0,0.0,undefined,0.0,0.651786088943
mr161024,linearsvc_C0.1,1502,0.00565435407851,0.722222222222,0.0,0.0,0.0,undefined,0.0,0.595196962357
mr161024,linearsvc_C0.1,1427,0.00537201282959,0.666666666667,0.0,0.0,0.0,undefined,0.0,0.622515916824
mr161024,linearsvc_C0.1,1356,0.0051047297806,0.666666666667,0.0,0.0,0.0,undefined,0.0,0.608148097992
mr161024,linearsvc_C1.0,265636,1.0,0.833333333333,0.0,0.0,0.0,undefined,0.0,19.1369559765
mr161024,linearsvc_C1.0,252355,0.95000301164,0.833333333333,0.0,0.0,0.0,undefined,0.0,17.3342089653
mr161024,linearsvc_C1.0,239738,0.90250568447,0.833333333333,0.0,0.0,0.0,undefined,0.0,16.6408269405
mr161024,linearsvc_C1.0,227752,0.857383788342,0.833333333333,0.0,0.0,0.0,undefined,0.0,15.622672081
mr161024,linearsvc_C1.0,216365,0.814516857655,0.833333333333,0.0,0.0,0.0,undefined,0.0,14.3219621181
mr161024,linearsvc_C1.0,205547,0.77379195591,0.833333333333,0.0,0.0,0.0,undefined,0.0,13.9053878784
mr161024,linearsvc_C1.0,195270,0.735103675707,0.833333333333,0.0,0.0,0.0,undefined,0.0,13.0915620327
mr161024,linearsvc_C1.0,185507,0.698350374196,0.833333333333,0.0,0.0,0.0,undefined,0.0,14.1050400734
mr161024,linearsvc_C1.0,176232,0.663434173079,0.833333333333,0.0,0.0,0.0,undefined,0.0,11.388078928
mr161024,linearsvc_C1.0,167421,0.630264723155,0.833333333333,0.0,0.0,0.0,undefined,0.0,10.5165140629
mr161024,linearsvc_C1.0,159050,0.598751675225,0.833333333333,0.0,0.0,0.0,undefined,0.0,9.82091617584
mr161024,linearsvc_C1.0,151098,0.568815973738,0.833333333333,0.0,0.0,0.0,undefined,0.0,9.52343606949
mr161024,linearsvc_C1.0,143544,0.540378563147,0.833333333333,0.0,0.0,0.0,undefined,0.0,9.01436305046
mr161024,linearsvc_C1.0,136367,0.513360387899,0.833333333333,0.0,0.0,0.0,undefined,0.0,8.57192587852
mr161024,linearsvc_C1.0,129549,0.487693686097,0.833333333333,0.0,0.0,0.0,undefined,0.0,7.98686289787
mr161024,linearsvc_C1.0,123072,0.463310695839,0.833333333333,0.0,0.0,0.0,undefined,0.0,7.57362914085
mr161024,linearsvc_C1.0,116919,0.440147419777,0.833333333333,0.0,0.0,0.0,undefined,0.0,7.22369003296
mr161024,linearsvc_C1.0,111074,0.418143625111,0.888888888889,0.0,0.0,0.0,undefined,0.0,6.8689520359
mr161024,linearsvc_C1.0,105521,0.39723907904,0.888888888889,0.0,0.0,0.0,undefined,0.0,6.21620297432
mr161024,linearsvc_C1.0,100245,0.377377313316,0.888888888889,0.0,0.0,0.0,undefined,0.0,5.9264330864
mr161024,linearsvc_C1.0,95233,0.358509388788,0.888888888889,0.0,0.0,0.0,undefined,0.0,5.70207095146
mr161024,linearsvc_C1.0,90472,0.340586366306,0.888888888889,0.0,0.0,0.0,undefined,0.0,5.33775091171
mr161024,linearsvc_C1.0,85949,0.32355930672,0.888888888889,0.0,0.0,0.0,undefined,0.0,5.14190506935
mr161024,linearsvc_C1.0,81652,0.307383035432,0.888888888889,0.0,0.0,0.0,undefined,0.0,4.71677589417
mr161024,linearsvc_C1.0,77570,0.29201614239,0.888888888889,0.0,0.0,0.0,undefined,0.0,4.54745101929
mr161024,linearsvc_C1.0,73692,0.277417217546,0.888888888889,0.0,0.0,0.0,undefined,0.0,4.23369002342
mr161024,linearsvc_C1.0,70008,0.263548615399,0.888888888889,0.0,0.0,0.0,undefined,0.0,4.03703689575
mr161024,linearsvc_C1.0,66508,0.250372690449,0.888888888889,0.0,0.0,0.0,undefined,0.0,3.65721487999
mr161024,linearsvc_C1.0,63183,0.237855561746,0.888888888889,0.0,0.0,0.0,undefined,0.0,3.55309796333
mr161024,linearsvc_C1.0,60024,0.225963348341,0.888888888889,0.0,0.0,0.0,undefined,0.0,3.22398090363
mr161024,linearsvc_C1.0,57023,0.214665933834,0.888888888889,0.0,0.0,0.0,undefined,0.0,3.13757610321
mr161024,linearsvc_C1.0,54172,0.203933201825,0.888888888889,0.0,0.0,0.0,undefined,0.0,2.88067293167
mr161024,linearsvc_C1.0,51464,0.193738800464,0.888888888889,0.0,0.0,0.0,undefined,0.0,2.80837917328
mr161024,linearsvc_C1.0,48891,0.184052613351,0.888888888889,0.0,0.0,0.0,undefined,0.0,2.57330799103
mr161024,linearsvc_C1.0,46447,0.174852053186,0.888888888889,0.0,0.0,0.0,undefined,0.0,2.54375195503
mr161024,linearsvc_C1.0,44125,0.166110768119,0.888888888889,0.0,0.0,0.0,undefined,0.0,2.31346297264
mr161024,linearsvc_C1.0,41919,0.15780617085,0.888888888889,0.0,0.0,0.0,undefined,0.0,2.22690010071
mr161024,linearsvc_C1.0,39824,0.14991943863,0.888888888889,0.0,0.0,0.0,undefined,0.0,2.06080293655
mr161024,linearsvc_C1.0,37833,0.142424219609,0.888888888889,0.0,0.0,0.0,undefined,0.0,1.978495121
mr161024,linearsvc_C1.0,35942,0.135305455586,0.888888888889,0.0,0.0,0.0,undefined,0.0,1.95784282684
mr161024,linearsvc_C1.0,34145,0.128540559262,0.888888888889,0.0,0.0,0.0,undefined,0.0,1.7424929142
mr161024,linearsvc_C1.0,32438,0.122114472436,0.888888888889,0.0,0.0,0.0,undefined,0.0,1.6713950634
mr161024,linearsvc_C1.0,30817,0.116012136909,0.888888888889,0.0,0.0,0.0,undefined,0.0,1.49592089653
mr161024,linearsvc_C1.0,29277,0.110214729931,0.888888888889,0.0,0.0,0.0,undefined,0.0,1.507791996
mr161024,linearsvc_C1.0,27814,0.104707193302,0.888888888889,0.0,0.0,0.0,undefined,0.0,1.40616989136
mr161024,linearsvc_C1.0,26424,0.099474468822,0.888888888889,0.0,0.0,0.0,undefined,0.0,1.3371989727
mr161024,linearsvc_C1.0,25103,0.0945014982909,0.888888888889,0.0,0.0,0.0,undefined,0.0,1.21062088013
mr161024,linearsvc_C1.0,23848,0.0897769880588,0.888888888889,0.0,0.0,0.0,undefined,0.0,1.15340185165
mr161024,linearsvc_C1.0,22656,0.0852896444759,0.888888888889,0.0,0.0,0.0,undefined,0.0,1.0685338974
mr161024,linearsvc_C1.0,21524,0.0810281738921,0.888888888889,0.0,0.0,0.0,undefined,0.0,1.06286597252
mr161024,linearsvc_C1.0,20448,0.0769775181075,0.888888888889,0.0,0.0,0.0,undefined,0.0,0.970475912094
mr161024,linearsvc_C1.0,19426,0.0731301480221,0.888888888889,0.0,0.0,0.0,undefined,0.0,0.943423986435
mr161024,linearsvc_C1.0,18455,0.069474769986,0.833333333333,0.0,0.0,0.0,undefined,0.0,0.916262865067
mr161024,linearsvc_C1.0,17533,0.0660038548992,0.833333333333,0.0,0.0,0.0,undefined,0.0,0.797982931137
mr161024,linearsvc_C1.0,16657,0.0627061091117,0.833333333333,0.0,0.0,0.0,undefined,0.0,0.831851005554
mr161024,linearsvc_C1.0,15825,0.0595740035236,0.833333333333,0.0,0.0,0.0,undefined,0.0,0.701649904251
mr161024,linearsvc_C1.0,15034,0.0565962444849,0.833333333333,0.0,0.0,0.0,undefined,0.0,0.701422929764
mr161024,linearsvc_C1.0,14283,0.0537690674457,0.833333333333,0.0,0.0,0.0,undefined,0.0,0.677848100662
mr161024,linearsvc_C1.0,13569,0.0510811787559,0.833333333333,0.0,0.0,0.0,undefined,0.0,0.599411010742
mr161024,linearsvc_C1.0,12891,0.0485288138656,0.833333333333,0.0,0.0,0.0,undefined,0.0,0.536752939224
mr161024,linearsvc_C1.0,12247,0.0461044436748,0.833333333333,0.0,0.0,0.0,undefined,0.0,0.546281099319
mr161024,linearsvc_C1.0,11635,0.0438005390836,0.833333333333,0.0,0.0,0.0,undefined,0.0,0.515217065811
mr161024,linearsvc_C1.0,11054,0.0416133355419,0.833333333333,0.0,0.0,0.0,undefined,0.0,0.449682950974
mr161024,linearsvc_C1.0,10502,0.0395353039498,0.833333333333,0.0,0.0,0.0,undefined,0.0,0.460941076279
mr161024,linearsvc_C1.0,9977,0.0375589152073,0.777777777778,0.0,0.0,0.0,undefined,0.0,0.420680046082
mr161024,linearsvc_C1.0,9479,0.0356841693144,0.722222222222,0.0,0.0,0.0,undefined,0.0,0.396394014359
mr161024,linearsvc_C1.0,9006,0.0339035371712,0.722222222222,0.0,0.0,0.0,undefined,0.0,0.325438022614
mr161024,linearsvc_C1.0,8556,0.0322094896776,0.722222222222,0.0,0.0,0.0,undefined,0.0,0.3238530159
mr161024,linearsvc_C1.0,8129,0.0306020268337,0.722222222222,0.0,0.0,0.0,undefined,0.0,0.350450992584
mr161024,linearsvc_C1.0,7723,0.0290736195395,0.722222222222,0.0,0.0,0.0,undefined,0.0,0.303030014038
mr161024,linearsvc_C1.0,7337,0.027620503245,0.777777777778,0.0,0.0,0.0,undefined,0.0,0.301393985748
mr161024,linearsvc_C1.0,6971,0.0262426779503,0.777777777778,0.0,0.0,0.0,undefined,0.0,0.232914924622
mr161024,linearsvc_C1.0,6623,0.0249326145553,0.777777777778,0.0,0.0,0.0,undefined,0.0,0.260694026947
mr161024,linearsvc_C1.0,6292,0.02368654851,0.722222222222,0.0,0.0,0.0,undefined,0.0,0.250029802322
mr161024,linearsvc_C1.0,5978,0.0225044798145,0.722222222222,0.0,0.0,0.0,undefined,0.0,0.211364030838
mr161024,linearsvc_C1.0,5680,0.0213826439187,0.722222222222,0.0,0.0,0.0,undefined,0.0,0.229655981064
mr161024,linearsvc_C1.0,5396,0.0203135117228,0.722222222222,0.0,0.0,0.0,undefined,0.0,0.210047006607
mr161024,linearsvc_C1.0,5127,0.0193008477767,0.722222222222,0.0,0.0,0.0,undefined,0.0,0.211763858795
mr161024,linearsvc_C1.0,4871,0.0183371229803,0.722222222222,0.0,0.0,0.0,undefined,0.0,0.203011035919
mr161024,linearsvc_C1.0,4628,0.0174223373338,0.722222222222,0.0,0.0,0.0,undefined,0.0,0.183099031448
mr161024,linearsvc_C1.0,4397,0.0165527262871,0.722222222222,0.0,0.0,0.0,undefined,0.0,0.190462112427
mr161024,linearsvc_C1.0,4178,0.0157282898402,0.722222222222,0.0,0.0,0.0,undefined,0.0,0.170537948608
mr161024,linearsvc_C1.0,3970,0.0149452634432,0.666666666667,0.0,0.0,0.0,undefined,0.0,0.168697118759
mr161024,linearsvc_C1.0,3772,0.014199882546,0.777777777778,0.0,0.0,0.0,undefined,0.0,0.153115987778
mr161024,linearsvc_C1.0,3584,0.0134921471487,0.722222222222,0.0,0.0,0.0,undefined,0.0,0.230762958527
mr161024,linearsvc_C1.0,3405,0.0128182927013,0.722222222222,0.0,0.0,0.0,undefined,0.0,0.164002180099
mr161024,linearsvc_C1.0,3235,0.0121783192037,0.722222222222,0.0,0.0,0.0,undefined,0.0,0.133149862289
mr161024,linearsvc_C1.0,3074,0.011572226656,0.666666666667,0.0,0.0,0.0,undefined,0.0,0.239333868027
mr161024,linearsvc_C1.0,2921,0.0109962505082,0.555555555556,0.0,0.0,0.0,undefined,0.0,0.405011892319
mr161024,linearsvc_C1.0,2775,0.0104466262103,0.666666666667,0.0,0.0,0.0,undefined,0.0,0.233566999435
mr161024,linearsvc_C1.0,2637,0.00992711831228,0.666666666667,0.0,0.0,0.0,undefined,0.0,0.707732200623
mr161024,linearsvc_C1.0,2506,0.00943396226415,0.611111111111,0.0,0.0,0.0,undefined,0.0,0.912249088287
mr161024,linearsvc_C1.0,2381,0.00896339351594,0.666666666667,0.0,0.0,0.0,undefined,0.0,0.658273935318
mr161024,linearsvc_C1.0,2262,0.00851541206764,0.611111111111,0.0,0.0,0.0,undefined,0.0,0.720515966415
mr161024,linearsvc_C1.0,2149,0.00809001791926,0.666666666667,0.0,0.0,0.0,undefined,0.0,0.877053022385
mr161024,linearsvc_C1.0,2042,0.00768721107079,0.611111111111,0.0,0.0,0.0,undefined,0.0,1.39481806755
mr161024,linearsvc_C1.0,1940,0.00730322697225,0.444444444444,0.0,0.0,0.0,undefined,0.0,1.26527810097
mr161024,linearsvc_C1.0,1843,0.00693806562364,0.444444444444,0.0,0.0,0.0,undefined,0.0,0.906649112701
mr161024,linearsvc_C1.0,1751,0.00659172702495,0.388888888889,0.0,0.0,0.0,undefined,0.0,1.19102406502
mr161024,linearsvc_C1.0,1664,0.0062642111762,0.5,0.0,0.0,0.0,undefined,0.0,0.856760025024
mr161024,linearsvc_C1.0,1581,0.00595175352738,0.388888888889,0.0,0.0,0.0,undefined,0.0,0.866802930832
mr161024,linearsvc_C1.0,1502,0.00565435407851,0.444444444444,0.0,0.0,0.0,undefined,0.0,1.1808218956
mr161024,linearsvc_C1.0,1427,0.00537201282959,0.388888888889,0.0,0.0,0.0,undefined,0.0,1.02359700203
mr161024,linearsvc_C1.0,1356,0.0051047297806,0.388888888889,0.0,0.0,0.0,undefined,0.0,0.898750066757
mr161024,linearsvc_C10.0,265636,1.0,0.888888888889,0.0,0.0,0.0,undefined,0.0,20.2216498852
mr161024,linearsvc_C10.0,252355,0.95000301164,0.888888888889,0.0,0.0,0.0,undefined,0.0,18.3420639038
mr161024,linearsvc_C10.0,239738,0.90250568447,0.888888888889,0.0,0.0,0.0,undefined,0.0,17.6583549976
mr161024,linearsvc_C10.0,227752,0.857383788342,0.888888888889,0.0,0.0,0.0,undefined,0.0,25.7518658638
mr161024,linearsvc_C10.0,216365,0.814516857655,0.888888888889,0.0,0.0,0.0,undefined,0.0,16.0765550137
mr161024,linearsvc_C10.0,205547,0.77379195591,0.888888888889,0.0,0.0,0.0,undefined,0.0,14.8650379181
mr161024,linearsvc_C10.0,195270,0.735103675707,0.888888888889,0.0,0.0,0.0,undefined,0.0,13.7293789387
mr161024,linearsvc_C10.0,185507,0.698350374196,0.888888888889,0.0,0.0,0.0,undefined,0.0,13.0386731625
mr161024,linearsvc_C10.0,176232,0.663434173079,0.888888888889,0.0,0.0,0.0,undefined,0.0,12.605353117
mr161024,linearsvc_C10.0,167421,0.630264723155,0.888888888889,0.0,0.0,0.0,undefined,0.0,11.636428833
mr161024,linearsvc_C10.0,159050,0.598751675225,0.888888888889,0.0,0.0,0.0,undefined,0.0,11.0039811134
mr161024,linearsvc_C10.0,151098,0.568815973738,0.888888888889,0.0,0.0,0.0,undefined,0.0,10.4486382008
mr161024,linearsvc_C10.0,143544,0.540378563147,0.888888888889,0.0,0.0,0.0,undefined,0.0,9.5270550251
mr161024,linearsvc_C10.0,136367,0.513360387899,0.888888888889,0.0,0.0,0.0,undefined,0.0,8.95043110847
mr161024,linearsvc_C10.0,129549,0.487693686097,0.888888888889,0.0,0.0,0.0,undefined,0.0,8.45819401741
mr161024,linearsvc_C10.0,123072,0.463310695839,0.888888888889,0.0,0.0,0.0,undefined,0.0,8.32470607758
mr161024,linearsvc_C10.0,116919,0.440147419777,0.888888888889,0.0,0.0,0.0,undefined,0.0,7.8030359745
mr161024,linearsvc_C10.0,111074,0.418143625111,0.888888888889,0.0,0.0,0.0,undefined,0.0,7.22089219093
mr161024,linearsvc_C10.0,105521,0.39723907904,0.888888888889,0.0,0.0,0.0,undefined,0.0,6.91965699196
mr161024,linearsvc_C10.0,100245,0.377377313316,0.888888888889,0.0,0.0,0.0,undefined,0.0,6.31257104874
mr161024,linearsvc_C10.0,95233,0.358509388788,0.888888888889,0.0,0.0,0.0,undefined,0.0,6.00157499313
mr161024,linearsvc_C10.0,90472,0.340586366306,0.888888888889,0.0,0.0,0.0,undefined,0.0,5.58955907822
mr161024,linearsvc_C10.0,85949,0.32355930672,0.888888888889,0.0,0.0,0.0,undefined,0.0,5.28769612312
mr161024,linearsvc_C10.0,81652,0.307383035432,0.888888888889,0.0,0.0,0.0,undefined,0.0,5.14838695526
mr161024,linearsvc_C10.0,77570,0.29201614239,0.888888888889,0.0,0.0,0.0,undefined,0.0,4.70243406296
mr161024,linearsvc_C10.0,73692,0.277417217546,0.888888888889,0.0,0.0,0.0,undefined,0.0,4.46613311768
mr161024,linearsvc_C10.0,70008,0.263548615399,0.888888888889,0.0,0.0,0.0,undefined,0.0,4.11554193497
mr161024,linearsvc_C10.0,66508,0.250372690449,0.888888888889,0.0,0.0,0.0,undefined,0.0,4.07586097717
mr161024,linearsvc_C10.0,63183,0.237855561746,0.888888888889,0.0,0.0,0.0,undefined,0.0,3.81548905373
mr161024,linearsvc_C10.0,60024,0.225963348341,0.888888888889,0.0,0.0,0.0,undefined,0.0,3.64369606972
mr161024,linearsvc_C10.0,57023,0.214665933834,0.833333333333,0.0,0.0,0.0,undefined,0.0,3.31349897385
mr161024,linearsvc_C10.0,54172,0.203933201825,0.833333333333,0.0,0.0,0.0,undefined,0.0,3.33128499985
mr161024,linearsvc_C10.0,51464,0.193738800464,0.833333333333,0.0,0.0,0.0,undefined,0.0,2.89226007462
mr161024,linearsvc_C10.0,48891,0.184052613351,0.833333333333,0.0,0.0,0.0,undefined,0.0,2.92303991318
mr161024,linearsvc_C10.0,46447,0.174852053186,0.833333333333,0.0,0.0,0.0,undefined,0.0,2.73420906067
mr161024,linearsvc_C10.0,44125,0.166110768119,0.833333333333,0.0,0.0,0.0,undefined,0.0,2.5393538475
mr161024,linearsvc_C10.0,41919,0.15780617085,0.833333333333,0.0,0.0,0.0,undefined,0.0,2.34115099907
mr161024,linearsvc_C10.0,39824,0.14991943863,0.833333333333,0.0,0.0,0.0,undefined,0.0,2.2022960186
mr161024,linearsvc_C10.0,37833,0.142424219609,0.833333333333,0.0,0.0,0.0,undefined,0.0,1.96729493141
mr161024,linearsvc_C10.0,35942,0.135305455586,0.833333333333,0.0,0.0,0.0,undefined,0.0,2.0124900341
mr161024,linearsvc_C10.0,34145,0.128540559262,0.833333333333,0.0,0.0,0.0,undefined,0.0,1.96193194389
mr161024,linearsvc_C10.0,32438,0.122114472436,0.888888888889,0.0,0.0,0.0,undefined,0.0,1.76287412643
mr161024,linearsvc_C10.0,30817,0.116012136909,0.833333333333,0.0,0.0,0.0,undefined,0.0,1.62301802635
mr161024,linearsvc_C10.0,29277,0.110214729931,0.888888888889,0.0,0.0,0.0,undefined,0.0,1.60064601898
mr161024,linearsvc_C10.0,27814,0.104707193302,0.833333333333,0.0,0.0,0.0,undefined,0.0,1.46814012527
mr161024,linearsvc_C10.0,26424,0.099474468822,0.833333333333,0.0,0.0,0.0,undefined,0.0,1.39273881912
mr161024,linearsvc_C10.0,25103,0.0945014982909,0.888888888889,0.0,0.0,0.0,undefined,0.0,1.30453395844
mr161024,linearsvc_C10.0,23848,0.0897769880588,0.833333333333,0.0,0.0,0.0,undefined,0.0,1.18825101852
mr161024,linearsvc_C10.0,22656,0.0852896444759,0.888888888889,0.0,0.0,0.0,undefined,0.0,1.1897687912
mr161024,linearsvc_C10.0,21524,0.0810281738921,0.888888888889,0.0,0.0,0.0,undefined,0.0,1.13799405098
mr161024,linearsvc_C10.0,20448,0.0769775181075,0.888888888889,0.0,0.0,0.0,undefined,0.0,0.991093158722
mr161024,linearsvc_C10.0,19426,0.0731301480221,0.888888888889,0.0,0.0,0.0,undefined,0.0,0.985393047333
mr161024,linearsvc_C10.0,18455,0.069474769986,0.888888888889,0.0,0.0,0.0,undefined,0.0,0.971736907959
mr161024,linearsvc_C10.0,17533,0.0660038548992,0.888888888889,0.0,0.0,0.0,undefined,0.0,0.880177021027
mr161024,linearsvc_C10.0,16657,0.0627061091117,0.777777777778,0.0,0.0,0.0,undefined,0.0,0.805683135986
mr161024,linearsvc_C10.0,15825,0.0595740035236,0.777777777778,0.0,0.0,0.0,undefined,0.0,0.794976949692
mr161024,linearsvc_C10.0,15034,0.0565962444849,0.777777777778,0.0,0.0,0.0,undefined,0.0,0.734889030457
mr161024,linearsvc_C10.0,14283,0.0537690674457,0.666666666667,0.0,0.0,0.0,undefined,0.0,0.666244029999
mr161024,linearsvc_C10.0,13569,0.0510811787559,0.666666666667,0.0,0.0,0.0,undefined,0.0,0.630881786346
mr161024,linearsvc_C10.0,12891,0.0485288138656,0.666666666667,0.0,0.0,0.0,undefined,0.0,0.632217884064
mr161024,linearsvc_C10.0,12247,0.0461044436748,0.666666666667,0.0,0.0,0.0,undefined,0.0,0.559728860855
mr161024,linearsvc_C10.0,11635,0.0438005390836,0.722222222222,0.0,0.0,0.0,undefined,0.0,0.524124145508
mr161024,linearsvc_C10.0,11054,0.0416133355419,0.722222222222,0.0,0.0,0.0,undefined,0.0,0.613384008408
mr161024,linearsvc_C10.0,10502,0.0395353039498,0.722222222222,0.0,0.0,0.0,undefined,0.0,0.479558944702
mr161024,linearsvc_C10.0,9977,0.0375589152073,0.666666666667,0.0,0.0,0.0,undefined,0.0,0.450352907181
mr161024,linearsvc_C10.0,9479,0.0356841693144,0.666666666667,0.0,0.0,0.0,undefined,0.0,0.425466060638
mr161024,linearsvc_C10.0,9006,0.0339035371712,0.611111111111,0.0,0.0,0.0,undefined,0.0,0.42191195488
mr161024,linearsvc_C10.0,8556,0.0322094896776,0.611111111111,0.0,0.0,0.0,undefined,0.0,0.372258901596
mr161024,linearsvc_C10.0,8129,0.0306020268337,0.611111111111,0.0,0.0,0.0,undefined,0.0,0.303090810776
mr161024,linearsvc_C10.0,7723,0.0290736195395,0.611111111111,0.0,0.0,0.0,undefined,0.0,0.329144954681
mr161024,linearsvc_C10.0,7337,0.027620503245,0.666666666667,0.0,0.0,0.0,undefined,0.0,0.313362121582
mr161024,linearsvc_C10.0,6971,0.0262426779503,0.666666666667,0.0,0.0,0.0,undefined,0.0,0.309065103531
mr161024,linearsvc_C10.0,6623,0.0249326145553,0.611111111111,0.0,0.0,0.0,undefined,0.0,0.266874074936
mr161024,linearsvc_C10.0,6292,0.02368654851,0.555555555556,0.0,0.0,0.0,undefined,0.0,0.260965108871
mr161024,linearsvc_C10.0,5978,0.0225044798145,0.555555555556,0.0,0.0,0.0,undefined,0.0,0.250123977661
mr161024,linearsvc_C10.0,5680,0.0213826439187,0.555555555556,0.0,0.0,0.0,undefined,0.0,0.238262891769
mr161024,linearsvc_C10.0,5396,0.0203135117228,0.611111111111,0.0,0.0,0.0,undefined,0.0,0.25009894371
mr161024,linearsvc_C10.0,5127,0.0193008477767,0.722222222222,0.0,0.0,0.0,undefined,0.0,0.230656147003
mr161024,linearsvc_C10.0,4871,0.0183371229803,0.611111111111,0.0,0.0,0.0,undefined,0.0,0.20729804039
mr161024,linearsvc_C10.0,4628,0.0174223373338,0.722222222222,0.0,0.0,0.0,undefined,0.0,0.201505184174
mr161024,linearsvc_C10.0,4397,0.0165527262871,0.666666666667,0.0,0.0,0.0,undefined,0.0,0.193776845932
mr161024,linearsvc_C10.0,4178,0.0157282898402,0.666666666667,0.0,0.0,0.0,undefined,0.0,0.18260717392
mr161024,linearsvc_C10.0,3970,0.0149452634432,0.611111111111,0.0,0.0,0.0,undefined,0.0,0.16986989975
mr161024,linearsvc_C10.0,3772,0.014199882546,0.611111111111,0.0,0.0,0.0,undefined,0.0,0.177211046219
mr161024,linearsvc_C10.0,3584,0.0134921471487,0.555555555556,0.0,0.0,0.0,undefined,0.0,0.154469013214
mr161024,linearsvc_C10.0,3405,0.0128182927013,0.5,0.0,0.0,0.0,undefined,0.0,0.155424833298
mr161024,linearsvc_C10.0,3235,0.0121783192037,0.555555555556,0.0,0.0,0.0,undefined,0.0,0.157459020615
mr161024,linearsvc_C10.0,3074,0.011572226656,0.5,0.0,0.0,0.0,undefined,0.0,0.142418861389
mr161024,linearsvc_C10.0,2921,0.0109962505082,0.555555555556,0.0,0.0,0.0,undefined,0.0,0.13961315155
mr161024,linearsvc_C10.0,2775,0.0104466262103,0.444444444444,0.0,0.0,0.0,undefined,0.0,0.113998889923
mr161024,linearsvc_C10.0,2637,0.00992711831228,0.444444444444,0.0,0.0,0.0,undefined,0.0,0.131018877029
mr161024,linearsvc_C10.0,2506,0.00943396226415,0.444444444444,0.0,0.0,0.0,undefined,0.0,0.125000953674
mr161024,linearsvc_C10.0,2381,0.00896339351594,0.444444444444,0.0,0.0,0.0,undefined,0.0,0.105432033539
mr161024,linearsvc_C10.0,2262,0.00851541206764,0.444444444444,0.0,0.0,0.0,undefined,0.0,0.109324932098
mr161024,linearsvc_C10.0,2149,0.00809001791926,0.444444444444,0.0,0.0,0.0,undefined,0.0,0.0898010730743
mr161024,linearsvc_C10.0,2042,0.00768721107079,0.444444444444,0.0,0.0,0.0,undefined,0.0,0.101563215256
mr161024,linearsvc_C10.0,1940,0.00730322697225,0.388888888889,0.0,0.0,0.0,undefined,0.0,0.117417812347
mr161024,linearsvc_C10.0,1843,0.00693806562364,0.333333333333,0.0,0.0,0.0,undefined,0.0,0.130729913712
mr161024,linearsvc_C10.0,1751,0.00659172702495,0.333333333333,0.0,0.0,0.0,undefined,0.0,0.13063287735
mr161024,linearsvc_C10.0,1664,0.0062642111762,0.277777777778,0.0,0.0,0.0,undefined,0.0,0.126277923584
mr161024,linearsvc_C10.0,1581,0.00595175352738,0.277777777778,0.0,0.0,0.0,undefined,0.0,0.125141143799
mr161024,linearsvc_C10.0,1502,0.00565435407851,0.333333333333,0.0,0.0,0.0,undefined,0.0,0.116306066513
mr161024,linearsvc_C10.0,1427,0.00537201282959,0.277777777778,0.0,0.0,0.0,undefined,0.0,0.109872102737
mr161024,linearsvc_C10.0,1356,0.0051047297806,0.277777777778,0.0,0.0,0.0,undefined,0.0,0.105648994446
mr161024,linearsvc_C100.0,265636,1.0,0.888888888889,0.0,0.0,0.0,undefined,0.0,15.7584469318
mr161024,linearsvc_C100.0,252355,0.95000301164,0.888888888889,0.0,0.0,0.0,undefined,0.0,15.1600658894
mr161024,linearsvc_C100.0,239738,0.90250568447,0.888888888889,0.0,0.0,0.0,undefined,0.0,14.2089810371
mr161024,linearsvc_C100.0,227752,0.857383788342,0.888888888889,0.0,0.0,0.0,undefined,0.0,13.4913740158
mr161024,linearsvc_C100.0,216365,0.814516857655,0.888888888889,0.0,0.0,0.0,undefined,0.0,12.3165061474
mr161024,linearsvc_C100.0,205547,0.77379195591,0.888888888889,0.0,0.0,0.0,undefined,0.0,11.5843789577
mr161024,linearsvc_C100.0,195270,0.735103675707,0.888888888889,0.0,0.0,0.0,undefined,0.0,10.9795069695
mr161024,linearsvc_C100.0,185507,0.698350374196,0.888888888889,0.0,0.0,0.0,undefined,0.0,10.4197568893
mr161024,linearsvc_C100.0,176232,0.663434173079,0.888888888889,0.0,0.0,0.0,undefined,0.0,9.68117904663
mr161024,linearsvc_C100.0,167421,0.630264723155,0.888888888889,0.0,0.0,0.0,undefined,0.0,9.59173893929
mr161024,linearsvc_C100.0,159050,0.598751675225,0.888888888889,0.0,0.0,0.0,undefined,0.0,8.91947197914
mr161024,linearsvc_C100.0,151098,0.568815973738,0.888888888889,0.0,0.0,0.0,undefined,0.0,8.00987100601
mr161024,linearsvc_C100.0,143544,0.540378563147,0.888888888889,0.0,0.0,0.0,undefined,0.0,7.90821886063
mr161024,linearsvc_C100.0,136367,0.513360387899,0.888888888889,0.0,0.0,0.0,undefined,0.0,7.33946800232
mr161024,linearsvc_C100.0,129549,0.487693686097,0.888888888889,0.0,0.0,0.0,undefined,0.0,7.02205204964
mr161024,linearsvc_C100.0,123072,0.463310695839,0.888888888889,0.0,0.0,0.0,undefined,0.0,6.74764895439
mr161024,linearsvc_C100.0,116919,0.440147419777,0.888888888889,0.0,0.0,0.0,undefined,0.0,6.0675239563
mr161024,linearsvc_C100.0,111074,0.418143625111,0.888888888889,0.0,0.0,0.0,undefined,0.0,5.6240670681
mr161024,linearsvc_C100.0,105521,0.39723907904,0.888888888889,0.0,0.0,0.0,undefined,0.0,5.45513081551
mr161024,linearsvc_C100.0,100245,0.377377313316,0.888888888889,0.0,0.0,0.0,undefined,0.0,5.03452682495
mr161024,linearsvc_C100.0,95233,0.358509388788,0.888888888889,0.0,0.0,0.0,undefined,0.0,4.76595187187
mr161024,linearsvc_C100.0,90472,0.340586366306,0.888888888889,0.0,0.0,0.0,undefined,0.0,4.52910995483
mr161024,linearsvc_C100.0,85949,0.32355930672,0.888888888889,0.0,0.0,0.0,undefined,0.0,4.22337698936
mr161024,linearsvc_C100.0,81652,0.307383035432,0.888888888889,0.0,0.0,0.0,undefined,0.0,3.99624300003
mr161024,linearsvc_C100.0,77570,0.29201614239,0.888888888889,0.0,0.0,0.0,undefined,0.0,3.81702589989
mr161024,linearsvc_C100.0,73692,0.277417217546,0.888888888889,0.0,0.0,0.0,undefined,0.0,3.61843800545
mr161024,linearsvc_C100.0,70008,0.263548615399,0.888888888889,0.0,0.0,0.0,undefined,0.0,3.36460399628
mr161024,linearsvc_C100.0,66508,0.250372690449,0.888888888889,0.0,0.0,0.0,undefined,0.0,3.37595701218
mr161024,linearsvc_C100.0,63183,0.237855561746,0.888888888889,0.0,0.0,0.0,undefined,0.0,3.1102540493
mr161024,linearsvc_C100.0,60024,0.225963348341,0.888888888889,0.0,0.0,0.0,undefined,0.0,2.81656098366
mr161024,linearsvc_C100.0,57023,0.214665933834,0.888888888889,0.0,0.0,0.0,undefined,0.0,2.65961098671
mr161024,linearsvc_C100.0,54172,0.203933201825,0.888888888889,0.0,0.0,0.0,undefined,0.0,2.6538901329
mr161024,linearsvc_C100.0,51464,0.193738800464,0.888888888889,0.0,0.0,0.0,undefined,0.0,2.2970700264
mr161024,linearsvc_C100.0,48891,0.184052613351,0.888888888889,0.0,0.0,0.0,undefined,0.0,2.37520384789
mr161024,linearsvc_C100.0,46447,0.174852053186,0.888888888889,0.0,0.0,0.0,undefined,0.0,2.15215921402
mr161024,linearsvc_C100.0,44125,0.166110768119,0.888888888889,0.0,0.0,0.0,undefined,0.0,2.06093907356
mr161024,linearsvc_C100.0,41919,0.15780617085,0.888888888889,0.0,0.0,0.0,undefined,0.0,2.00888895988
mr161024,linearsvc_C100.0,39824,0.14991943863,0.888888888889,0.0,0.0,0.0,undefined,0.0,1.83274102211
mr161024,linearsvc_C100.0,37833,0.142424219609,0.888888888889,0.0,0.0,0.0,undefined,0.0,1.73528409004
mr161024,linearsvc_C100.0,35942,0.135305455586,0.888888888889,0.0,0.0,0.0,undefined,0.0,1.77557420731
mr161024,linearsvc_C100.0,34145,0.128540559262,0.888888888889,0.0,0.0,0.0,undefined,0.0,1.54874014854
mr161024,linearsvc_C100.0,32438,0.122114472436,0.888888888889,0.0,0.0,0.0,undefined,0.0,1.40694403648
mr161024,linearsvc_C100.0,30817,0.116012136909,0.888888888889,0.0,0.0,0.0,undefined,0.0,1.40295910835
mr161024,linearsvc_C100.0,29277,0.110214729931,0.888888888889,0.0,0.0,0.0,undefined,0.0,1.36913490295
mr161024,linearsvc_C100.0,27814,0.104707193302,0.888888888889,0.0,0.0,0.0,undefined,0.0,1.28075218201
mr161024,linearsvc_C100.0,26424,0.099474468822,0.888888888889,0.0,0.0,0.0,undefined,0.0,1.2222430706
mr161024,linearsvc_C100.0,25103,0.0945014982909,0.888888888889,0.0,0.0,0.0,undefined,0.0,1.0976319313
mr161024,linearsvc_C100.0,23848,0.0897769880588,0.888888888889,0.0,0.0,0.0,undefined,0.0,1.14734601974
mr161024,linearsvc_C100.0,22656,0.0852896444759,0.888888888889,0.0,0.0,0.0,undefined,0.0,1.03804278374
mr161024,linearsvc_C100.0,21524,0.0810281738921,0.888888888889,0.0,0.0,0.0,undefined,0.0,0.945134878159
mr161024,linearsvc_C100.0,20448,0.0769775181075,0.888888888889,0.0,0.0,0.0,undefined,0.0,0.915045976639
mr161024,linearsvc_C100.0,19426,0.0731301480221,0.888888888889,0.0,0.0,0.0,undefined,0.0,0.853305101395
mr161024,linearsvc_C100.0,18455,0.069474769986,0.888888888889,0.0,0.0,0.0,undefined,0.0,0.825778007507
mr161024,linearsvc_C100.0,17533,0.0660038548992,0.888888888889,0.0,0.0,0.0,undefined,0.0,0.769610881805
mr161024,linearsvc_C100.0,16657,0.0627061091117,0.888888888889,0.0,0.0,0.0,undefined,0.0,0.746391057968
mr161024,linearsvc_C100.0,15825,0.0595740035236,0.833333333333,0.0,0.0,0.0,undefined,0.0,0.742069005966
mr161024,linearsvc_C100.0,15034,0.0565962444849,0.888888888889,0.0,0.0,0.0,undefined,0.0,0.667574167252
mr161024,linearsvc_C100.0,14283,0.0537690674457,0.777777777778,0.0,0.0,0.0,undefined,0.0,0.632794857025
mr161024,linearsvc_C100.0,13569,0.0510811787559,0.777777777778,0.0,0.0,0.0,undefined,0.0,0.568655014038
mr161024,linearsvc_C100.0,12891,0.0485288138656,0.777777777778,0.0,0.0,0.0,undefined,0.0,0.551330089569
mr161024,linearsvc_C100.0,12247,0.0461044436748,0.777777777778,0.0,0.0,0.0,undefined,0.0,0.471863031387
mr161024,linearsvc_C100.0,11635,0.0438005390836,0.777777777778,0.0,0.0,0.0,undefined,0.0,0.466496944427
mr161024,linearsvc_C100.0,11054,0.0416133355419,0.777777777778,0.0,0.0,0.0,undefined,0.0,0.429785966873
mr161024,linearsvc_C100.0,10502,0.0395353039498,0.777777777778,0.0,0.0,0.0,undefined,0.0,0.372798919678
mr161024,linearsvc_C100.0,9977,0.0375589152073,0.777777777778,0.0,0.0,0.0,undefined,0.0,0.399099111557
mr161024,linearsvc_C100.0,9479,0.0356841693144,0.777777777778,0.0,0.0,0.0,undefined,0.0,0.388261079788
mr161024,linearsvc_C100.0,9006,0.0339035371712,0.833333333333,0.0,0.0,0.0,undefined,0.0,0.371621131897
mr161024,linearsvc_C100.0,8556,0.0322094896776,0.833333333333,0.0,0.0,0.0,undefined,0.0,0.332926034927
mr161024,linearsvc_C100.0,8129,0.0306020268337,0.777777777778,0.0,0.0,0.0,undefined,0.0,0.336810827255
mr161024,linearsvc_C100.0,7723,0.0290736195395,0.777777777778,0.0,0.0,0.0,undefined,0.0,0.246629953384
mr161024,linearsvc_C100.0,7337,0.027620503245,0.777777777778,0.0,0.0,0.0,undefined,0.0,0.260421991348
mr161024,linearsvc_C100.0,6971,0.0262426779503,0.777777777778,0.0,0.0,0.0,undefined,0.0,0.269002199173
mr161024,linearsvc_C100.0,6623,0.0249326145553,0.777777777778,0.0,0.0,0.0,undefined,0.0,0.25722694397
mr161024,linearsvc_C100.0,6292,0.02368654851,0.777777777778,0.0,0.0,0.0,undefined,0.0,0.225695133209
mr161024,linearsvc_C100.0,5978,0.0225044798145,0.777777777778,0.0,0.0,0.0,undefined,0.0,0.220149040222
mr161024,linearsvc_C100.0,5680,0.0213826439187,0.777777777778,0.0,0.0,0.0,undefined,0.0,0.196959972382
mr161024,linearsvc_C100.0,5396,0.0203135117228,0.777777777778,0.0,0.0,0.0,undefined,0.0,0.201215982437
mr161024,linearsvc_C100.0,5127,0.0193008477767,0.777777777778,0.0,0.0,0.0,undefined,0.0,0.188939809799
mr161024,linearsvc_C100.0,4871,0.0183371229803,0.777777777778,0.0,0.0,0.0,undefined,0.0,0.192614078522
mr161024,linearsvc_C100.0,4628,0.0174223373338,0.777777777778,0.0,0.0,0.0,undefined,0.0,0.171165943146
mr161024,linearsvc_C100.0,4397,0.0165527262871,0.722222222222,0.0,0.0,0.0,undefined,0.0,0.140210866928
mr161024,linearsvc_C100.0,4178,0.0157282898402,0.722222222222,0.0,0.0,0.0,undefined,0.0,0.160344839096
mr161024,linearsvc_C100.0,3970,0.0149452634432,0.777777777778,0.0,0.0,0.0,undefined,0.0,0.159162044525
mr161024,linearsvc_C100.0,3772,0.014199882546,0.777777777778,0.0,0.0,0.0,undefined,0.0,0.143864154816
mr161024,linearsvc_C100.0,3584,0.0134921471487,0.777777777778,0.0,0.0,0.0,undefined,0.0,0.137820005417
mr161024,linearsvc_C100.0,3405,0.0128182927013,0.833333333333,0.0,0.0,0.0,undefined,0.0,0.127115011215
mr161024,linearsvc_C100.0,3235,0.0121783192037,0.777777777778,0.0,0.0,0.0,undefined,0.0,0.132302999496
mr161024,linearsvc_C100.0,3074,0.011572226656,0.777777777778,0.0,0.0,0.0,undefined,0.0,0.137470960617
mr161024,linearsvc_C100.0,2921,0.0109962505082,0.722222222222,0.0,0.0,0.0,undefined,0.0,0.114014863968
mr161024,linearsvc_C100.0,2775,0.0104466262103,0.722222222222,0.0,0.0,0.0,undefined,0.0,0.101214885712
mr161024,linearsvc_C100.0,2637,0.00992711831228,0.722222222222,0.0,0.0,0.0,undefined,0.0,0.119306087494
mr161024,linearsvc_C100.0,2506,0.00943396226415,0.722222222222,0.0,0.0,0.0,undefined,0.0,0.109745979309
mr161024,linearsvc_C100.0,2381,0.00896339351594,0.666666666667,0.0,0.0,0.0,undefined,0.0,0.102563858032
mr161024,linearsvc_C100.0,2262,0.00851541206764,0.666666666667,0.0,0.0,0.0,undefined,0.0,0.0911989212036
mr161024,linearsvc_C100.0,2149,0.00809001791926,0.722222222222,0.0,0.0,0.0,undefined,0.0,0.0969989299774
mr161024,linearsvc_C100.0,2042,0.00768721107079,0.833333333333,0.0,0.0,0.0,undefined,0.0,0.110137939453
mr161024,linearsvc_C100.0,1940,0.00730322697225,0.722222222222,0.0,0.0,0.0,undefined,0.0,0.122008085251
mr161024,linearsvc_C100.0,1843,0.00693806562364,0.833333333333,0.0,0.0,0.0,undefined,0.0,0.112796068192
mr161024,linearsvc_C100.0,1751,0.00659172702495,0.833333333333,0.0,0.0,0.0,undefined,0.0,0.117181062698
mr161024,linearsvc_C100.0,1664,0.0062642111762,0.777777777778,0.0,0.0,0.0,undefined,0.0,0.111737012863
mr161024,linearsvc_C100.0,1581,0.00595175352738,0.777777777778,0.0,0.0,0.0,undefined,0.0,0.103578090668
mr161024,linearsvc_C100.0,1502,0.00565435407851,0.833333333333,0.0,0.0,0.0,undefined,0.0,0.106844902039
mr161024,linearsvc_C100.0,1427,0.00537201282959,0.777777777778,0.0,0.0,0.0,undefined,0.0,0.106498003006
mr161024,linearsvc_C100.0,1356,0.0051047297806,0.722222222222,0.0,0.0,0.0,undefined,0.0,0.108332872391
mr161024,linearsvc_C1000.0,265636,1.0,0.888888888889,0.0,0.0,0.0,undefined,0.0,17.6489109993
mr161024,linearsvc_C1000.0,252355,0.95000301164,0.888888888889,0.0,0.0,0.0,undefined,0.0,16.7599048615
mr161024,linearsvc_C1000.0,239738,0.90250568447,0.888888888889,0.0,0.0,0.0,undefined,0.0,16.1158041954
mr161024,linearsvc_C1000.0,227752,0.857383788342,0.888888888889,0.0,0.0,0.0,undefined,0.0,15.0956759453
mr161024,linearsvc_C1000.0,216365,0.814516857655,0.888888888889,0.0,0.0,0.0,undefined,0.0,13.9104020596
mr161024,linearsvc_C1000.0,205547,0.77379195591,0.888888888889,0.0,0.0,0.0,undefined,0.0,12.911867857
mr161024,linearsvc_C1000.0,195270,0.735103675707,0.888888888889,0.0,0.0,0.0,undefined,0.0,12.4787580967
mr161024,linearsvc_C1000.0,185507,0.698350374196,0.888888888889,0.0,0.0,0.0,undefined,0.0,15.1175739765
mr161024,linearsvc_C1000.0,176232,0.663434173079,0.888888888889,0.0,0.0,0.0,undefined,0.0,10.6890048981
mr161024,linearsvc_C1000.0,167421,0.630264723155,0.888888888889,0.0,0.0,0.0,undefined,0.0,10.4623420238
mr161024,linearsvc_C1000.0,159050,0.598751675225,0.888888888889,0.0,0.0,0.0,undefined,0.0,9.81730699539
mr161024,linearsvc_C1000.0,151098,0.568815973738,0.888888888889,0.0,0.0,0.0,undefined,0.0,9.06268811226
mr161024,linearsvc_C1000.0,143544,0.540378563147,0.888888888889,0.0,0.0,0.0,undefined,0.0,8.72247004509
mr161024,linearsvc_C1000.0,136367,0.513360387899,0.888888888889,0.0,0.0,0.0,undefined,0.0,8.12351489067
mr161024,linearsvc_C1000.0,129549,0.487693686097,0.888888888889,0.0,0.0,0.0,undefined,0.0,7.58566784859
mr161024,linearsvc_C1000.0,123072,0.463310695839,0.888888888889,0.0,0.0,0.0,undefined,0.0,7.2546479702
mr161024,linearsvc_C1000.0,116919,0.440147419777,0.888888888889,0.0,0.0,0.0,undefined,0.0,7.02769184113
mr161024,linearsvc_C1000.0,111074,0.418143625111,0.888888888889,0.0,0.0,0.0,undefined,0.0,6.73823308945
mr161024,linearsvc_C1000.0,105521,0.39723907904,0.888888888889,0.0,0.0,0.0,undefined,0.0,6.20174789429
mr161024,linearsvc_C1000.0,100245,0.377377313316,0.888888888889,0.0,0.0,0.0,undefined,0.0,5.93934392929
mr161024,linearsvc_C1000.0,95233,0.358509388788,0.888888888889,0.0,0.0,0.0,undefined,0.0,5.50281596184
mr161024,linearsvc_C1000.0,90472,0.340586366306,0.888888888889,0.0,0.0,0.0,undefined,0.0,4.97101593018
mr161024,linearsvc_C1000.0,85949,0.32355930672,0.888888888889,0.0,0.0,0.0,undefined,0.0,4.78803992271
mr161024,linearsvc_C1000.0,81652,0.307383035432,0.888888888889,0.0,0.0,0.0,undefined,0.0,4.54502797127
mr161024,linearsvc_C1000.0,77570,0.29201614239,0.888888888889,0.0,0.0,0.0,undefined,0.0,4.00505185127
mr161024,linearsvc_C1000.0,73692,0.277417217546,0.888888888889,0.0,0.0,0.0,undefined,0.0,3.96113204956
mr161024,linearsvc_C1000.0,70008,0.263548615399,0.888888888889,0.0,0.0,0.0,undefined,0.0,3.6770298481
mr161024,linearsvc_C1000.0,66508,0.250372690449,0.888888888889,0.0,0.0,0.0,undefined,0.0,3.55390310287
mr161024,linearsvc_C1000.0,63183,0.237855561746,0.888888888889,0.0,0.0,0.0,undefined,0.0,3.38034200668
mr161024,linearsvc_C1000.0,60024,0.225963348341,0.888888888889,0.0,0.0,0.0,undefined,0.0,3.15656495094
mr161024,linearsvc_C1000.0,57023,0.214665933834,0.888888888889,0.0,0.0,0.0,undefined,0.0,2.9574649334
mr161024,linearsvc_C1000.0,54172,0.203933201825,0.888888888889,0.0,0.0,0.0,undefined,0.0,2.87581110001
mr161024,linearsvc_C1000.0,51464,0.193738800464,0.888888888889,0.0,0.0,0.0,undefined,0.0,2.74522399902
mr161024,linearsvc_C1000.0,48891,0.184052613351,0.888888888889,0.0,0.0,0.0,undefined,0.0,2.36845588684
mr161024,linearsvc_C1000.0,46447,0.174852053186,0.888888888889,0.0,0.0,0.0,undefined,0.0,2.36543893814
mr161024,linearsvc_C1000.0,44125,0.166110768119,0.888888888889,0.0,0.0,0.0,undefined,0.0,2.18523597717
mr161024,linearsvc_C1000.0,41919,0.15780617085,0.888888888889,0.0,0.0,0.0,undefined,0.0,2.12049198151
mr161024,linearsvc_C1000.0,39824,0.14991943863,0.888888888889,0.0,0.0,0.0,undefined,0.0,1.96781301498
mr161024,linearsvc_C1000.0,37833,0.142424219609,0.888888888889,0.0,0.0,0.0,undefined,0.0,1.9444539547
mr161024,linearsvc_C1000.0,35942,0.135305455586,0.888888888889,0.0,0.0,0.0,undefined,0.0,1.73344683647
mr161024,linearsvc_C1000.0,34145,0.128540559262,0.888888888889,0.0,0.0,0.0,undefined,0.0,1.63963890076
mr161024,linearsvc_C1000.0,32438,0.122114472436,0.888888888889,0.0,0.0,0.0,undefined,0.0,1.60372900963
mr161024,linearsvc_C1000.0,30817,0.116012136909,0.888888888889,0.0,0.0,0.0,undefined,0.0,1.48536801338
mr161024,linearsvc_C1000.0,29277,0.110214729931,0.888888888889,0.0,0.0,0.0,undefined,0.0,1.43935894966
mr161024,linearsvc_C1000.0,27814,0.104707193302,0.888888888889,0.0,0.0,0.0,undefined,0.0,1.40156602859
mr161024,linearsvc_C1000.0,26424,0.099474468822,0.888888888889,0.0,0.0,0.0,undefined,0.0,1.23045110703
mr161024,linearsvc_C1000.0,25103,0.0945014982909,0.888888888889,0.0,0.0,0.0,undefined,0.0,1.14751195908
mr161024,linearsvc_C1000.0,23848,0.0897769880588,0.888888888889,0.0,0.0,0.0,undefined,0.0,1.13631415367
mr161024,linearsvc_C1000.0,22656,0.0852896444759,0.888888888889,0.0,0.0,0.0,undefined,0.0,1.08167600632
mr161024,linearsvc_C1000.0,21524,0.0810281738921,0.888888888889,0.0,0.0,0.0,undefined,0.0,1.02843785286
mr161024,linearsvc_C1000.0,20448,0.0769775181075,0.888888888889,0.0,0.0,0.0,undefined,0.0,0.941598892212
mr161024,linearsvc_C1000.0,19426,0.0731301480221,0.888888888889,0.0,0.0,0.0,undefined,0.0,0.913588047028
mr161024,linearsvc_C1000.0,18455,0.069474769986,0.888888888889,0.0,0.0,0.0,undefined,0.0,0.848918914795
mr161024,linearsvc_C1000.0,17533,0.0660038548992,0.888888888889,0.0,0.0,0.0,undefined,0.0,0.781168937683
mr161024,linearsvc_C1000.0,16657,0.0627061091117,0.888888888889,0.0,0.0,0.0,undefined,0.0,0.754463911057
mr161024,linearsvc_C1000.0,15825,0.0595740035236,0.888888888889,0.0,0.0,0.0,undefined,0.0,0.739944934845
mr161024,linearsvc_C1000.0,15034,0.0565962444849,0.888888888889,0.0,0.0,0.0,undefined,0.0,0.662862062454
mr161024,linearsvc_C1000.0,14283,0.0537690674457,0.888888888889,0.0,0.0,0.0,undefined,0.0,0.662827014923
mr161024,linearsvc_C1000.0,13569,0.0510811787559,0.833333333333,0.0,0.0,0.0,undefined,0.0,0.606531858444
mr161024,linearsvc_C1000.0,12891,0.0485288138656,0.833333333333,0.0,0.0,0.0,undefined,0.0,0.591788053513
mr161024,linearsvc_C1000.0,12247,0.0461044436748,0.833333333333,0.0,0.0,0.0,undefined,0.0,0.560840129852
mr161024,linearsvc_C1000.0,11635,0.0438005390836,0.888888888889,0.0,0.0,0.0,undefined,0.0,0.520141124725
mr161024,linearsvc_C1000.0,11054,0.0416133355419,0.888888888889,0.0,0.0,0.0,undefined,0.0,0.485757112503
mr161024,linearsvc_C1000.0,10502,0.0395353039498,0.833333333333,0.0,0.0,0.0,undefined,0.0,0.465029001236
mr161024,linearsvc_C1000.0,9977,0.0375589152073,0.833333333333,0.0,0.0,0.0,undefined,0.0,0.381892204285
mr161024,linearsvc_C1000.0,9479,0.0356841693144,0.833333333333,0.0,0.0,0.0,undefined,0.0,0.373129844666
mr161024,linearsvc_C1000.0,9006,0.0339035371712,0.833333333333,0.0,0.0,0.0,undefined,0.0,0.350498914719
mr161024,linearsvc_C1000.0,8556,0.0322094896776,0.833333333333,0.0,0.0,0.0,undefined,0.0,0.343877077103
mr161024,linearsvc_C1000.0,8129,0.0306020268337,0.833333333333,0.0,0.0,0.0,undefined,0.0,0.343845129013
mr161024,linearsvc_C1000.0,7723,0.0290736195395,0.833333333333,0.0,0.0,0.0,undefined,0.0,0.289388895035
mr161024,linearsvc_C1000.0,7337,0.027620503245,0.833333333333,0.0,0.0,0.0,undefined,0.0,0.295623064041
mr161024,linearsvc_C1000.0,6971,0.0262426779503,0.833333333333,0.0,0.0,0.0,undefined,0.0,0.275405168533
mr161024,linearsvc_C1000.0,6623,0.0249326145553,0.833333333333,0.0,0.0,0.0,undefined,0.0,0.247875928879
mr161024,linearsvc_C1000.0,6292,0.02368654851,0.833333333333,0.0,0.0,0.0,undefined,0.0,0.251476049423
mr161024,linearsvc_C1000.0,5978,0.0225044798145,0.833333333333,0.0,0.0,0.0,undefined,0.0,0.240859985352
mr161024,linearsvc_C1000.0,5680,0.0213826439187,0.833333333333,0.0,0.0,0.0,undefined,0.0,0.212116956711
mr161024,linearsvc_C1000.0,5396,0.0203135117228,0.833333333333,0.0,0.0,0.0,undefined,0.0,0.209264039993
mr161024,linearsvc_C1000.0,5127,0.0193008477767,0.833333333333,0.0,0.0,0.0,undefined,0.0,0.196506023407
mr161024,linearsvc_C1000.0,4871,0.0183371229803,0.833333333333,0.0,0.0,0.0,undefined,0.0,0.201768875122
mr161024,linearsvc_C1000.0,4628,0.0174223373338,0.833333333333,0.0,0.0,0.0,undefined,0.0,0.209901094437
mr161024,linearsvc_C1000.0,4397,0.0165527262871,0.833333333333,0.0,0.0,0.0,undefined,0.0,0.161673069
mr161024,linearsvc_C1000.0,4178,0.0157282898402,0.833333333333,0.0,0.0,0.0,undefined,0.0,0.171792030334
mr161024,linearsvc_C1000.0,3970,0.0149452634432,0.833333333333,0.0,0.0,0.0,undefined,0.0,0.173560142517
mr161024,linearsvc_C1000.0,3772,0.014199882546,0.833333333333,0.0,0.0,0.0,undefined,0.0,0.144196987152
mr161024,linearsvc_C1000.0,3584,0.0134921471487,0.833333333333,0.0,0.0,0.0,undefined,0.0,0.144124031067
mr161024,linearsvc_C1000.0,3405,0.0128182927013,0.833333333333,0.0,0.0,0.0,undefined,0.0,0.135025024414
mr161024,linearsvc_C1000.0,3235,0.0121783192037,0.833333333333,0.0,0.0,0.0,undefined,0.0,0.129346132278
mr161024,linearsvc_C1000.0,3074,0.011572226656,0.833333333333,0.0,0.0,0.0,undefined,0.0,0.131330966949
mr161024,linearsvc_C1000.0,2921,0.0109962505082,0.833333333333,0.0,0.0,0.0,undefined,0.0,0.114874839783
mr161024,linearsvc_C1000.0,2775,0.0104466262103,0.833333333333,0.0,0.0,0.0,undefined,0.0,0.112665891647
mr161024,linearsvc_C1000.0,2637,0.00992711831228,0.777777777778,0.0,0.0,0.0,undefined,0.0,0.108125925064
mr161024,linearsvc_C1000.0,2506,0.00943396226415,0.777777777778,0.0,0.0,0.0,undefined,0.0,0.106066942215
mr161024,linearsvc_C1000.0,2381,0.00896339351594,0.833333333333,0.0,0.0,0.0,undefined,0.0,0.0957660675049
mr161024,linearsvc_C1000.0,2262,0.00851541206764,0.833333333333,0.0,0.0,0.0,undefined,0.0,0.0987040996552
mr161024,linearsvc_C1000.0,2149,0.00809001791926,0.833333333333,0.0,0.0,0.0,undefined,0.0,0.100831985474
mr161024,linearsvc_C1000.0,2042,0.00768721107079,0.833333333333,0.0,0.0,0.0,undefined,0.0,0.0922739505768
mr161024,linearsvc_C1000.0,1940,0.00730322697225,0.833333333333,0.0,0.0,0.0,undefined,0.0,0.104268074036
mr161024,linearsvc_C1000.0,1843,0.00693806562364,0.833333333333,0.0,0.0,0.0,undefined,0.0,0.0974061489105
mr161024,linearsvc_C1000.0,1751,0.00659172702495,0.777777777778,0.0,0.0,0.0,undefined,0.0,0.113783836365
mr161024,linearsvc_C1000.0,1664,0.0062642111762,0.777777777778,0.0,0.0,0.0,undefined,0.0,0.109997034073
mr161024,linearsvc_C1000.0,1581,0.00595175352738,0.722222222222,0.0,0.0,0.0,undefined,0.0,0.106365203857
mr161024,linearsvc_C1000.0,1502,0.00565435407851,0.777777777778,0.0,0.0,0.0,undefined,0.0,0.104376077652
mr161024,linearsvc_C1000.0,1427,0.00537201282959,0.666666666667,0.0,0.0,0.0,undefined,0.0,0.108091115952
mr161024,linearsvc_C1000.0,1356,0.0051047297806,0.555555555556,0.0,0.0,0.0,undefined,0.0,0.0961880683899
mr161024,elasticnetiter1000_l1ratio0.15,265636,1.0,0.555555555556,0.0,0.0,0.0,undefined,0.0,1013.70222092
mr161024,elasticnetiter1000_l1ratio0.15,252355,0.95000301164,0.611111111111,0.0,0.0,0.0,undefined,0.0,961.486505032
mr161024,elasticnetiter1000_l1ratio0.15,239738,0.90250568447,0.555555555556,0.0,0.0,0.0,undefined,0.0,925.450567961
mr161024,elasticnetiter1000_l1ratio0.15,227752,0.857383788342,0.722222222222,0.0,0.0,0.0,undefined,0.0,889.497256994
mr161024,elasticnetiter1000_l1ratio0.15,216365,0.814516857655,0.555555555556,0.0,0.0,0.0,undefined,0.0,848.914185047
mr161024,elasticnetiter1000_l1ratio0.15,205547,0.77379195591,0.5,0.0,0.0,0.0,undefined,0.0,813.180175066
mr161024,elasticnetiter1000_l1ratio0.15,195270,0.735103675707,0.666666666667,0.0,0.0,0.0,undefined,0.0,774.848977089
mr161024,elasticnetiter1000_l1ratio0.15,185507,0.698350374196,0.666666666667,0.0,0.0,0.0,undefined,0.0,741.330120087
mr161024,elasticnetiter1000_l1ratio0.15,176232,0.663434173079,0.5,0.0,0.0,0.0,undefined,0.0,702.616601944
mr161024,elasticnetiter1000_l1ratio0.15,167421,0.630264723155,0.666666666667,0.0,0.0,0.0,undefined,0.0,686.181525946
mr161024,elasticnetiter1000_l1ratio0.15,159050,0.598751675225,0.666666666667,0.0,0.0,0.0,undefined,0.0,646.443629026
mr161024,elasticnetiter1000_l1ratio0.15,151098,0.568815973738,0.611111111111,0.0,0.0,0.0,undefined,0.0,628.84940815
mr161024,elasticnetiter1000_l1ratio0.15,143544,0.540378563147,0.611111111111,0.0,0.0,0.0,undefined,0.0,585.016396046
mr161024,elasticnetiter1000_l1ratio0.15,136367,0.513360387899,0.611111111111,0.0,0.0,0.0,undefined,0.0,579.204519033
mr161024,elasticnetiter1000_l1ratio0.15,129549,0.487693686097,0.5,0.0,0.0,0.0,undefined,0.0,532.862622976
mr161024,elasticnetiter1000_l1ratio0.15,123072,0.463310695839,0.5,0.0,0.0,0.0,undefined,0.0,519.093539
mr161024,elasticnetiter1000_l1ratio0.15,116919,0.440147419777,0.555555555556,0.0,0.0,0.0,undefined,0.0,500.116313934
mr161024,elasticnetiter1000_l1ratio0.15,111074,0.418143625111,0.555555555556,0.0,0.0,0.0,undefined,0.0,467.054201126
mr161024,elasticnetiter1000_l1ratio0.15,105521,0.39723907904,0.333333333333,0.0,0.0,0.0,undefined,0.0,445.37590313
mr161024,elasticnetiter1000_l1ratio0.15,100245,0.377377313316,0.555555555556,0.0,0.0,0.0,undefined,0.0,426.756211996
mr161024,elasticnetiter1000_l1ratio0.15,95233,0.358509388788,0.444444444444,0.0,0.0,0.0,undefined,0.0,456.55714488
mr161024,elasticnetiter1000_l1ratio0.15,90472,0.340586366306,0.388888888889,0.0,0.0,0.0,undefined,0.0,403.563040972
mr161024,elasticnetiter1000_l1ratio0.15,85949,0.32355930672,0.444444444444,0.0,0.0,0.0,undefined,0.0,380.214685917
mr161024,elasticnetiter1000_l1ratio0.15,81652,0.307383035432,0.388888888889,0.0,0.0,0.0,undefined,0.0,358.606568098
mr161024,elasticnetiter1000_l1ratio0.15,77570,0.29201614239,0.333333333333,0.0,0.0,0.0,undefined,0.0,346.189203978
mr161024,elasticnetiter1000_l1ratio0.15,73692,0.277417217546,0.111111111111,0.0,0.0,0.0,undefined,0.0,328.911140919
mr161024,elasticnetiter1000_l1ratio0.15,70008,0.263548615399,0.222222222222,0.0,0.0,0.0,undefined,0.0,307.360393047
mr161024,elasticnetiter1000_l1ratio0.15,66508,0.250372690449,0.277777777778,0.0,0.0,0.0,undefined,0.0,318.799010992
mr161024,elasticnetiter1000_l1ratio0.15,63183,0.237855561746,0.222222222222,0.0,0.0,0.0,undefined,0.0,296.361884117
mr161024,elasticnetiter1000_l1ratio0.15,60024,0.225963348341,0.222222222222,0.0,0.0,0.0,undefined,0.0,283.673578024
mr161024,elasticnetiter1000_l1ratio0.15,57023,0.214665933834,0.222222222222,0.0,0.0,0.0,undefined,0.0,259.317116976
mr161024,elasticnetiter1000_l1ratio0.15,54172,0.203933201825,0.111111111111,0.0,0.0,0.0,undefined,0.0,248.460047007
mr161024,elasticnetiter1000_l1ratio0.15,51464,0.193738800464,0.166666666667,0.0,0.0,0.0,undefined,0.0,246.168922901
mr161024,elasticnetiter1000_l1ratio0.15,48891,0.184052613351,0.0,0.0,0.0,0.0,undefined,0.0,246.712089062
mr161024,elasticnetiter1000_l1ratio0.15,46447,0.174852053186,0.333333333333,0.0,0.0,0.0,undefined,0.0,213.152709961
mr161024,elasticnetiter1000_l1ratio0.15,44125,0.166110768119,0.166666666667,0.0,0.0,0.0,undefined,0.0,213.926898003
mr161024,elasticnetiter1000_l1ratio0.15,41919,0.15780617085,0.166666666667,0.0,0.0,0.0,undefined,0.0,203.655476093
mr161024,elasticnetiter1000_l1ratio0.15,39824,0.14991943863,0.0,0.0,0.0,0.0,undefined,0.0,202.292673111
mr161024,elasticnetiter1000_l1ratio0.15,37833,0.142424219609,0.0,0.0,0.0,0.0,undefined,0.0,173.786604881
mr161024,elasticnetiter1000_l1ratio0.15,35942,0.135305455586,0.333333333333,0.0,0.0,0.0,undefined,0.0,183.199529886
mr161024,elasticnetiter1000_l1ratio0.15,34145,0.128540559262,0.0,0.0,0.0,0.0,undefined,0.0,164.039011002
mr161024,elasticnetiter1000_l1ratio0.15,32438,0.122114472436,0.222222222222,0.0,0.0,0.0,undefined,0.0,162.590249062
mr161024,elasticnetiter1000_l1ratio0.15,30817,0.116012136909,0.0555555555556,0.0,0.0,0.0,undefined,0.0,161.573528051
mr161024,elasticnetiter1000_l1ratio0.15,29277,0.110214729931,0.0,0.0,0.0,0.0,undefined,0.0,151.213423967
mr161024,elasticnetiter1000_l1ratio0.15,27814,0.104707193302,0.0555555555556,0.0,0.0,0.0,undefined,0.0,142.379456997
mr161024,elasticnetiter1000_l1ratio0.15,26424,0.099474468822,0.0,0.0,0.0,0.0,undefined,0.0,134.895406008
mr161024,elasticnetiter1000_l1ratio0.15,25103,0.0945014982909,0.0555555555556,0.0,0.0,0.0,undefined,0.0,127.462000847
mr161024,elasticnetiter1000_l1ratio0.15,23848,0.0897769880588,0.0,0.0,0.0,0.0,undefined,0.0,115.905755997
mr161024,elasticnetiter1000_l1ratio0.15,22656,0.0852896444759,0.0,0.0,0.0,0.0,undefined,0.0,112.931282997
mr161024,elasticnetiter1000_l1ratio0.15,21524,0.0810281738921,0.222222222222,0.0,0.0,0.0,undefined,0.0,110.460160971
mr161024,elasticnetiter1000_l1ratio0.15,20448,0.0769775181075,0.0555555555556,0.0,0.0,0.0,undefined,0.0,106.081787109
mr161024,elasticnetiter1000_l1ratio0.15,19426,0.0731301480221,0.0,0.0,0.0,0.0,undefined,0.0,101.133059978
mr161024,elasticnetiter1000_l1ratio0.15,18455,0.069474769986,0.0,0.0,0.0,0.0,undefined,0.0,93.9096839428
mr161024,elasticnetiter1000_l1ratio0.15,17533,0.0660038548992,0.0,0.0,0.0,0.0,undefined,0.0,89.7818801403
mr161024,elasticnetiter1000_l1ratio0.15,16657,0.0627061091117,0.0,0.0,0.0,0.0,undefined,0.0,88.6611471176
mr161024,elasticnetiter1000_l1ratio0.15,15825,0.0595740035236,0.111111111111,0.0,0.0,0.0,undefined,0.0,79.9152538776
mr161024,elasticnetiter1000_l1ratio0.15,15034,0.0565962444849,0.0555555555556,0.0,0.0,0.0,undefined,0.0,77.3171229362
mr161024,elasticnetiter1000_l1ratio0.15,14283,0.0537690674457,0.0555555555556,0.0,0.0,0.0,undefined,0.0,73.1403517723
mr161024,elasticnetiter1000_l1ratio0.15,13569,0.0510811787559,0.0555555555556,0.0,0.0,0.0,undefined,0.0,68.5720140934
mr161024,elasticnetiter1000_l1ratio0.15,12891,0.0485288138656,0.0,0.0,0.0,0.0,undefined,0.0,65.852148056
mr161024,elasticnetiter1000_l1ratio0.15,12247,0.0461044436748,0.0,0.0,0.0,0.0,undefined,0.0,62.2615380287
mr161024,elasticnetiter1000_l1ratio0.15,11635,0.0438005390836,0.0,0.0,0.0,0.0,undefined,0.0,59.3575880527
mr161024,elasticnetiter1000_l1ratio0.15,11054,0.0416133355419,0.0,0.0,0.0,0.0,undefined,0.0,57.9795761108
mr161024,elasticnetiter1000_l1ratio0.15,10502,0.0395353039498,0.0,0.0,0.0,0.0,undefined,0.0,54.1467688084
mr161024,elasticnetiter1000_l1ratio0.15,9977,0.0375589152073,0.0,0.0,0.0,0.0,undefined,0.0,50.4170348644
mr161024,elasticnetiter1000_l1ratio0.15,9479,0.0356841693144,0.0,0.0,0.0,0.0,undefined,0.0,49.2737851143
mr161024,elasticnetiter1000_l1ratio0.15,9006,0.0339035371712,0.0,0.0,0.0,0.0,undefined,0.0,44.5745420456
mr161024,elasticnetiter1000_l1ratio0.15,8556,0.0322094896776,0.0,0.0,0.0,0.0,undefined,0.0,44.105465889
mr161024,elasticnetiter1000_l1ratio0.15,8129,0.0306020268337,0.0,0.0,0.0,0.0,undefined,0.0,39.8772110939
mr161024,elasticnetiter1000_l1ratio0.15,7723,0.0290736195395,0.0,0.0,0.0,0.0,undefined,0.0,38.9694550037
mr161024,elasticnetiter1000_l1ratio0.15,7337,0.027620503245,0.0,0.0,0.0,0.0,undefined,0.0,35.992264986
mr161024,elasticnetiter1000_l1ratio0.15,6971,0.0262426779503,0.0,0.0,0.0,0.0,undefined,0.0,34.5713181496
mr161024,elasticnetiter1000_l1ratio0.15,6623,0.0249326145553,0.0,0.0,0.0,0.0,undefined,0.0,34.8319628239
mr161024,elasticnetiter1000_l1ratio0.15,6292,0.02368654851,0.0,0.0,0.0,0.0,undefined,0.0,32.0663709641
mr161024,elasticnetiter1000_l1ratio0.15,5978,0.0225044798145,0.0,0.0,0.0,0.0,undefined,0.0,29.9626779556
mr161024,elasticnetiter1000_l1ratio0.15,5680,0.0213826439187,0.0,0.0,0.0,0.0,undefined,0.0,29.4945399761
mr161024,elasticnetiter1000_l1ratio0.15,5396,0.0203135117228,0.0,0.0,0.0,0.0,undefined,0.0,26.2578799725
mr161024,elasticnetiter1000_l1ratio0.15,5127,0.0193008477767,0.0,0.0,0.0,0.0,undefined,0.0,24.711217165
mr161024,elasticnetiter1000_l1ratio0.15,4871,0.0183371229803,0.0,0.0,0.0,0.0,undefined,0.0,23.8801231384
mr161024,elasticnetiter1000_l1ratio0.15,4628,0.0174223373338,0.0,0.0,0.0,0.0,undefined,0.0,23.438270092
mr161024,elasticnetiter1000_l1ratio0.15,4397,0.0165527262871,0.0,0.0,0.0,0.0,undefined,0.0,21.5994927883
mr161024,elasticnetiter1000_l1ratio0.15,4178,0.0157282898402,0.0,0.0,0.0,0.0,undefined,0.0,19.9177188873
mr161024,elasticnetiter1000_l1ratio0.15,3970,0.0149452634432,0.0,0.0,0.0,0.0,undefined,0.0,18.7016220093
mr161024,elasticnetiter1000_l1ratio0.15,3772,0.014199882546,0.0,0.0,0.0,0.0,undefined,0.0,18.4041929245
mr161024,elasticnetiter1000_l1ratio0.15,3584,0.0134921471487,0.0,0.0,0.0,0.0,undefined,0.0,16.7572989464
mr161024,elasticnetiter1000_l1ratio0.15,3405,0.0128182927013,0.0,0.0,0.0,0.0,undefined,0.0,15.5987670422
mr161024,elasticnetiter1000_l1ratio0.15,3235,0.0121783192037,0.0,0.0,0.0,0.0,undefined,0.0,15.0205218792
mr161024,elasticnetiter1000_l1ratio0.15,3074,0.011572226656,0.0,0.0,0.0,0.0,undefined,0.0,13.9887311459
mr161024,elasticnetiter1000_l1ratio0.15,2921,0.0109962505082,0.0,0.0,0.0,0.0,undefined,0.0,13.6862139702
mr161024,elasticnetiter1000_l1ratio0.15,2775,0.0104466262103,0.0,0.0,0.0,0.0,undefined,0.0,12.7224190235
mr161024,elasticnetiter1000_l1ratio0.15,2637,0.00992711831228,0.0,0.0,0.0,0.0,undefined,0.0,11.9293718338
mr161024,elasticnetiter1000_l1ratio0.15,2506,0.00943396226415,0.0,0.0,0.0,0.0,undefined,0.0,11.1187620163
mr161024,elasticnetiter1000_l1ratio0.15,2381,0.00896339351594,0.0,0.0,0.0,0.0,undefined,0.0,10.8243660927
mr161024,elasticnetiter1000_l1ratio0.15,2262,0.00851541206764,0.0,0.0,0.0,0.0,undefined,0.0,9.99587988853
mr161024,elasticnetiter1000_l1ratio0.15,2149,0.00809001791926,0.0,0.0,0.0,0.0,undefined,0.0,9.39092922211
mr161024,elasticnetiter1000_l1ratio0.15,2042,0.00768721107079,0.0,0.0,0.0,0.0,undefined,0.0,9.0194439888
mr161024,elasticnetiter1000_l1ratio0.15,1940,0.00730322697225,0.0,0.0,0.0,0.0,undefined,0.0,8.19512701035
mr161024,elasticnetiter1000_l1ratio0.15,1843,0.00693806562364,0.0,0.0,0.0,0.0,undefined,0.0,7.96857786179
mr161024,elasticnetiter1000_l1ratio0.15,1751,0.00659172702495,0.0,0.0,0.0,0.0,undefined,0.0,7.36244606972
mr161024,elasticnetiter1000_l1ratio0.15,1664,0.0062642111762,0.0,0.0,0.0,0.0,undefined,0.0,6.86178922653
mr161024,elasticnetiter1000_l1ratio0.15,1581,0.00595175352738,0.0,0.0,0.0,0.0,undefined,0.0,6.61630702019
mr161024,elasticnetiter1000_l1ratio0.15,1502,0.00565435407851,0.0,0.0,0.0,0.0,undefined,0.0,6.09518289566
mr161024,elasticnetiter1000_l1ratio0.15,1427,0.00537201282959,0.0,0.0,0.0,0.0,undefined,0.0,6.09832906723
mr161024,elasticnetiter1000_l1ratio0.15,1356,0.0051047297806,0.0,0.0,0.0,0.0,undefined,0.0,5.51090216637
