nc160905,linearsvc_C0.0001,265636,1.0,0.555555555556,0.0,0.0,0.0,undefined,0.0,68.8380820751
nc160905,linearsvc_C0.0001,252355,0.95000301164,0.555555555556,0.0,0.0,0.0,undefined,0.0,60.657834053
nc160905,linearsvc_C0.0001,239738,0.90250568447,0.555555555556,0.0,0.0,0.0,undefined,0.0,60.7400188446
nc160905,linearsvc_C0.0001,227752,0.857383788342,0.555555555556,0.0,0.0,0.0,undefined,0.0,50.0459990501
nc160905,linearsvc_C0.0001,216365,0.814516857655,0.555555555556,0.0,0.0,0.0,undefined,0.0,45.0216140747
nc160905,linearsvc_C0.0001,205547,0.77379195591,0.555555555556,0.0,0.0,0.0,undefined,0.0,43.6608839035
nc160905,linearsvc_C0.0001,195270,0.735103675707,0.555555555556,0.0,0.0,0.0,undefined,0.0,37.6436090469
nc160905,linearsvc_C0.0001,185507,0.698350374196,0.555555555556,0.0,0.0,0.0,undefined,0.0,31.2884922028
nc160905,linearsvc_C0.0001,176232,0.663434173079,0.555555555556,0.0,0.0,0.0,undefined,0.0,30.9051978588
nc160905,linearsvc_C0.0001,167421,0.630264723155,0.555555555556,0.0,0.0,0.0,undefined,0.0,25.6212630272
nc160905,linearsvc_C0.0001,159050,0.598751675225,0.555555555556,0.0,0.0,0.0,undefined,0.0,24.4732391834
nc160905,linearsvc_C0.0001,151098,0.568815973738,0.555555555556,0.0,0.0,0.0,undefined,0.0,23.6182858944
nc160905,linearsvc_C0.0001,143544,0.540378563147,0.555555555556,0.0,0.0,0.0,undefined,0.0,19.52871418
nc160905,linearsvc_C0.0001,136367,0.513360387899,0.555555555556,0.0,0.0,0.0,undefined,0.0,17.6875290871
nc160905,linearsvc_C0.0001,129549,0.487693686097,0.555555555556,0.0,0.0,0.0,undefined,0.0,17.4869868755
nc160905,linearsvc_C0.0001,123072,0.463310695839,0.555555555556,0.0,0.0,0.0,undefined,0.0,15.7307231426
nc160905,linearsvc_C0.0001,116919,0.440147419777,0.555555555556,0.0,0.0,0.0,undefined,0.0,14.2030608654
nc160905,linearsvc_C0.0001,111074,0.418143625111,0.611111111111,0.0,0.0,0.0,undefined,0.0,13.2904038429
nc160905,linearsvc_C0.0001,105521,0.39723907904,0.611111111111,0.0,0.0,0.0,undefined,0.0,12.1603078842
nc160905,linearsvc_C0.0001,100245,0.377377313316,0.611111111111,0.0,0.0,0.0,undefined,0.0,10.9853739738
nc160905,linearsvc_C0.0001,95233,0.358509388788,0.5,0.0,0.0,0.0,undefined,0.0,9.31432795525
nc160905,linearsvc_C0.0001,90472,0.340586366306,0.555555555556,0.0,0.0,0.0,undefined,0.0,8.53699612617
nc160905,linearsvc_C0.0001,85949,0.32355930672,0.555555555556,0.0,0.0,0.0,undefined,0.0,8.68543505669
nc160905,linearsvc_C0.0001,81652,0.307383035432,0.555555555556,0.0,0.0,0.0,undefined,0.0,7.82795500755
nc160905,linearsvc_C0.0001,77570,0.29201614239,0.5,0.0,0.0,0.0,undefined,0.0,7.27093982697
nc160905,linearsvc_C0.0001,73692,0.277417217546,0.5,0.0,0.0,0.0,undefined,0.0,6.75891113281
nc160905,linearsvc_C0.0001,70008,0.263548615399,0.5,0.0,0.0,0.0,undefined,0.0,5.7053809166
nc160905,linearsvc_C0.0001,66508,0.250372690449,0.5,0.0,0.0,0.0,undefined,0.0,5.18485307693
nc160905,linearsvc_C0.0001,63183,0.237855561746,0.555555555556,0.0,0.0,0.0,undefined,0.0,5.15531110764
nc160905,linearsvc_C0.0001,60024,0.225963348341,0.555555555556,0.0,0.0,0.0,undefined,0.0,4.52835392952
nc160905,linearsvc_C0.0001,57023,0.214665933834,0.555555555556,0.0,0.0,0.0,undefined,0.0,4.24138307571
nc160905,linearsvc_C0.0001,54172,0.203933201825,0.5,0.0,0.0,0.0,undefined,0.0,3.77927398682
nc160905,linearsvc_C0.0001,51464,0.193738800464,0.5,0.0,0.0,0.0,undefined,0.0,3.3060541153
nc160905,linearsvc_C0.0001,48891,0.184052613351,0.5,0.0,0.0,0.0,undefined,0.0,3.0252161026
nc160905,linearsvc_C0.0001,46447,0.174852053186,0.5,0.0,0.0,0.0,undefined,0.0,2.89281797409
nc160905,linearsvc_C0.0001,44125,0.166110768119,0.444444444444,0.0,0.0,0.0,undefined,0.0,2.66988611221
nc160905,linearsvc_C0.0001,41919,0.15780617085,0.444444444444,0.0,0.0,0.0,undefined,0.0,2.29937791824
nc160905,linearsvc_C0.0001,39824,0.14991943863,0.444444444444,0.0,0.0,0.0,undefined,0.0,2.23600006104
nc160905,linearsvc_C0.0001,37833,0.142424219609,0.444444444444,0.0,0.0,0.0,undefined,0.0,1.94593596458
nc160905,linearsvc_C0.0001,35942,0.135305455586,0.5,0.0,0.0,0.0,undefined,0.0,1.80419206619
nc160905,linearsvc_C0.0001,34145,0.128540559262,0.5,0.0,0.0,0.0,undefined,0.0,1.67432498932
nc160905,linearsvc_C0.0001,32438,0.122114472436,0.444444444444,0.0,0.0,0.0,undefined,0.0,1.55979895592
nc160905,linearsvc_C0.0001,30817,0.116012136909,0.5,0.0,0.0,0.0,undefined,0.0,1.44827604294
nc160905,linearsvc_C0.0001,29277,0.110214729931,0.444444444444,0.0,0.0,0.0,undefined,0.0,1.39828205109
nc160905,linearsvc_C0.0001,27814,0.104707193302,0.444444444444,0.0,0.0,0.0,undefined,0.0,1.21890807152
nc160905,linearsvc_C0.0001,26424,0.099474468822,0.444444444444,0.0,0.0,0.0,undefined,0.0,1.11303186417
nc160905,linearsvc_C0.0001,25103,0.0945014982909,0.5,0.0,0.0,0.0,undefined,0.0,1.05084991455
nc160905,linearsvc_C0.0001,23848,0.0897769880588,0.444444444444,0.0,0.0,0.0,undefined,0.0,0.97723197937
nc160905,linearsvc_C0.0001,22656,0.0852896444759,0.444444444444,0.0,0.0,0.0,undefined,0.0,0.87362408638
nc160905,linearsvc_C0.0001,21524,0.0810281738921,0.5,0.0,0.0,0.0,undefined,0.0,0.85017490387
nc160905,linearsvc_C0.0001,20448,0.0769775181075,0.5,0.0,0.0,0.0,undefined,0.0,0.765142202377
nc160905,linearsvc_C0.0001,19426,0.0731301480221,0.5,0.0,0.0,0.0,undefined,0.0,0.741190910339
nc160905,linearsvc_C0.0001,18455,0.069474769986,0.5,0.0,0.0,0.0,undefined,0.0,0.70263004303
nc160905,linearsvc_C0.0001,17533,0.0660038548992,0.444444444444,0.0,0.0,0.0,undefined,0.0,0.573843955994
nc160905,linearsvc_C0.0001,16657,0.0627061091117,0.444444444444,0.0,0.0,0.0,undefined,0.0,0.576294898987
nc160905,linearsvc_C0.0001,15825,0.0595740035236,0.388888888889,0.0,0.0,0.0,undefined,0.0,0.56561088562
nc160905,linearsvc_C0.0001,15034,0.0565962444849,0.388888888889,0.0,0.0,0.0,undefined,0.0,0.466332912445
nc160905,linearsvc_C0.0001,14283,0.0537690674457,0.388888888889,0.0,0.0,0.0,undefined,0.0,0.48731303215
nc160905,linearsvc_C0.0001,13569,0.0510811787559,0.388888888889,0.0,0.0,0.0,undefined,0.0,0.434366226196
nc160905,linearsvc_C0.0001,12891,0.0485288138656,0.444444444444,0.0,0.0,0.0,undefined,0.0,0.405821084976
nc160905,linearsvc_C0.0001,12247,0.0461044436748,0.5,0.0,0.0,0.0,undefined,0.0,0.392556190491
nc160905,linearsvc_C0.0001,11635,0.0438005390836,0.444444444444,0.0,0.0,0.0,undefined,0.0,0.357741832733
nc160905,linearsvc_C0.0001,11054,0.0416133355419,0.444444444444,0.0,0.0,0.0,undefined,0.0,0.312632083893
nc160905,linearsvc_C0.0001,10502,0.0395353039498,0.444444444444,0.0,0.0,0.0,undefined,0.0,0.297393083572
nc160905,linearsvc_C0.0001,9977,0.0375589152073,0.5,0.0,0.0,0.0,undefined,0.0,0.256309986115
nc160905,linearsvc_C0.0001,9479,0.0356841693144,0.5,0.0,0.0,0.0,undefined,0.0,0.250370025635
nc160905,linearsvc_C0.0001,9006,0.0339035371712,0.5,0.0,0.0,0.0,undefined,0.0,0.247248888016
nc160905,linearsvc_C0.0001,8556,0.0322094896776,0.5,0.0,0.0,0.0,undefined,0.0,0.213184118271
nc160905,linearsvc_C0.0001,8129,0.0306020268337,0.5,0.0,0.0,0.0,undefined,0.0,0.209045171738
nc160905,linearsvc_C0.0001,7723,0.0290736195395,0.5,0.0,0.0,0.0,undefined,0.0,0.176083803177
nc160905,linearsvc_C0.0001,7337,0.027620503245,0.5,0.0,0.0,0.0,undefined,0.0,0.176358222961
nc160905,linearsvc_C0.0001,6971,0.0262426779503,0.5,0.0,0.0,0.0,undefined,0.0,0.165019035339
nc160905,linearsvc_C0.0001,6623,0.0249326145553,0.5,0.0,0.0,0.0,undefined,0.0,0.158807039261
nc160905,linearsvc_C0.0001,6292,0.02368654851,0.5,0.0,0.0,0.0,undefined,0.0,0.135479927063
nc160905,linearsvc_C0.0001,5978,0.0225044798145,0.555555555556,0.0,0.0,0.0,undefined,0.0,0.125591993332
nc160905,linearsvc_C0.0001,5680,0.0213826439187,0.611111111111,0.0,0.0,0.0,undefined,0.0,0.130841970444
nc160905,linearsvc_C0.0001,5396,0.0203135117228,0.611111111111,0.0,0.0,0.0,undefined,0.0,0.118587017059
nc160905,linearsvc_C0.0001,5127,0.0193008477767,0.611111111111,0.0,0.0,0.0,undefined,0.0,0.101907968521
nc160905,linearsvc_C0.0001,4871,0.0183371229803,0.611111111111,0.0,0.0,0.0,undefined,0.0,0.101423978806
nc160905,linearsvc_C0.0001,4628,0.0174223373338,0.611111111111,0.0,0.0,0.0,undefined,0.0,0.0915930271149
nc160905,linearsvc_C0.0001,4397,0.0165527262871,0.555555555556,0.0,0.0,0.0,undefined,0.0,0.0866429805756
nc160905,linearsvc_C0.0001,4178,0.0157282898402,0.666666666667,0.0,0.0,0.0,undefined,0.0,0.0859930515289
nc160905,linearsvc_C0.0001,3970,0.0149452634432,0.611111111111,0.0,0.0,0.0,undefined,0.0,0.0966939926147
nc160905,linearsvc_C0.0001,3772,0.014199882546,0.666666666667,0.0,0.0,0.0,undefined,0.0,0.0821611881256
nc160905,linearsvc_C0.0001,3584,0.0134921471487,0.666666666667,0.0,0.0,0.0,undefined,0.0,0.0841708183289
nc160905,linearsvc_C0.0001,3405,0.0128182927013,0.666666666667,0.0,0.0,0.0,undefined,0.0,0.0822350978851
nc160905,linearsvc_C0.0001,3235,0.0121783192037,0.555555555556,0.0,0.0,0.0,undefined,0.0,0.0749819278717
nc160905,linearsvc_C0.0001,3074,0.011572226656,0.555555555556,0.0,0.0,0.0,undefined,0.0,0.0696070194244
nc160905,linearsvc_C0.0001,2921,0.0109962505082,0.555555555556,0.0,0.0,0.0,undefined,0.0,0.0674982070923
nc160905,linearsvc_C0.0001,2775,0.0104466262103,0.5,0.0,0.0,0.0,undefined,0.0,0.062931060791
nc160905,linearsvc_C0.0001,2637,0.00992711831228,0.5,0.0,0.0,0.0,undefined,0.0,0.0604298114777
nc160905,linearsvc_C0.0001,2506,0.00943396226415,0.5,0.0,0.0,0.0,undefined,0.0,0.0589179992676
nc160905,linearsvc_C0.0001,2381,0.00896339351594,0.5,0.0,0.0,0.0,undefined,0.0,0.0564699172974
nc160905,linearsvc_C0.0001,2262,0.00851541206764,0.5,0.0,0.0,0.0,undefined,0.0,0.0523810386658
nc160905,linearsvc_C0.0001,2149,0.00809001791926,0.444444444444,0.0,0.0,0.0,undefined,0.0,0.0559220314026
nc160905,linearsvc_C0.0001,2042,0.00768721107079,0.388888888889,0.0,0.0,0.0,undefined,0.0,0.0521290302277
nc160905,linearsvc_C0.0001,1940,0.00730322697225,0.444444444444,0.0,0.0,0.0,undefined,0.0,0.0508120059967
nc160905,linearsvc_C0.0001,1843,0.00693806562364,0.444444444444,0.0,0.0,0.0,undefined,0.0,0.0810959339142
nc160905,linearsvc_C0.0001,1751,0.00659172702495,0.388888888889,0.0,0.0,0.0,undefined,0.0,0.0825400352478
nc160905,linearsvc_C0.0001,1664,0.0062642111762,0.388888888889,0.0,0.0,0.0,undefined,0.0,0.0749320983887
nc160905,linearsvc_C0.0001,1581,0.00595175352738,0.388888888889,0.0,0.0,0.0,undefined,0.0,0.0764200687408
nc160905,linearsvc_C0.0001,1502,0.00565435407851,0.388888888889,0.0,0.0,0.0,undefined,0.0,0.0739030838013
nc160905,linearsvc_C0.0001,1427,0.00537201282959,0.388888888889,0.0,0.0,0.0,undefined,0.0,0.0727369785309
nc160905,linearsvc_C0.0001,1356,0.0051047297806,0.444444444444,0.0,0.0,0.0,undefined,0.0,0.0716180801392
nc160905,linearsvc_C0.001,265636,1.0,0.5,0.0,0.0,0.0,undefined,0.0,295.86687994
nc160905,linearsvc_C0.001,252355,0.95000301164,0.5,0.0,0.0,0.0,undefined,0.0,278.127727985
nc160905,linearsvc_C0.001,239738,0.90250568447,0.5,0.0,0.0,0.0,undefined,0.0,268.165495872
nc160905,linearsvc_C0.001,227752,0.857383788342,0.5,0.0,0.0,0.0,undefined,0.0,249.942413092
nc160905,linearsvc_C0.001,216365,0.814516857655,0.5,0.0,0.0,0.0,undefined,0.0,239.05491519
nc160905,linearsvc_C0.001,205547,0.77379195591,0.5,0.0,0.0,0.0,undefined,0.0,230.052067995
nc160905,linearsvc_C0.001,195270,0.735103675707,0.5,0.0,0.0,0.0,undefined,0.0,213.718206882
nc160905,linearsvc_C0.001,185507,0.698350374196,0.5,0.0,0.0,0.0,undefined,0.0,203.138360023
nc160905,linearsvc_C0.001,176232,0.663434173079,0.5,0.0,0.0,0.0,undefined,0.0,194.488108158
nc160905,linearsvc_C0.001,167421,0.630264723155,0.5,0.0,0.0,0.0,undefined,0.0,184.211210012
nc160905,linearsvc_C0.001,159050,0.598751675225,0.5,0.0,0.0,0.0,undefined,0.0,175.039210081
nc160905,linearsvc_C0.001,151098,0.568815973738,0.444444444444,0.0,0.0,0.0,undefined,0.0,166.496275902
nc160905,linearsvc_C0.001,143544,0.540378563147,0.444444444444,0.0,0.0,0.0,undefined,0.0,157.898079872
nc160905,linearsvc_C0.001,136367,0.513360387899,0.444444444444,0.0,0.0,0.0,undefined,0.0,150.569308043
nc160905,linearsvc_C0.001,129549,0.487693686097,0.444444444444,0.0,0.0,0.0,undefined,0.0,144.897738934
nc160905,linearsvc_C0.001,123072,0.463310695839,0.444444444444,0.0,0.0,0.0,undefined,0.0,136.044052124
nc160905,linearsvc_C0.001,116919,0.440147419777,0.444444444444,0.0,0.0,0.0,undefined,0.0,128.489313841
nc160905,linearsvc_C0.001,111074,0.418143625111,0.444444444444,0.0,0.0,0.0,undefined,0.0,121.54045701
nc160905,linearsvc_C0.001,105521,0.39723907904,0.444444444444,0.0,0.0,0.0,undefined,0.0,115.173647165
nc160905,linearsvc_C0.001,100245,0.377377313316,0.444444444444,0.0,0.0,0.0,undefined,0.0,109.593473911
nc160905,linearsvc_C0.001,95233,0.358509388788,0.5,0.0,0.0,0.0,undefined,0.0,103.330243111
nc160905,linearsvc_C0.001,90472,0.340586366306,0.555555555556,0.0,0.0,0.0,undefined,0.0,98.5464589596
nc160905,linearsvc_C0.001,85949,0.32355930672,0.555555555556,0.0,0.0,0.0,undefined,0.0,83.7153618336
nc160905,linearsvc_C0.001,81652,0.307383035432,0.5,0.0,0.0,0.0,undefined,0.0,88.5707840919
nc160905,linearsvc_C0.001,77570,0.29201614239,0.5,0.0,0.0,0.0,undefined,0.0,66.4217309952
nc160905,linearsvc_C0.001,73692,0.277417217546,0.5,0.0,0.0,0.0,undefined,0.0,79.7691202164
nc160905,linearsvc_C0.001,70008,0.263548615399,0.5,0.0,0.0,0.0,undefined,0.0,75.6259119511
nc160905,linearsvc_C0.001,66508,0.250372690449,0.5,0.0,0.0,0.0,undefined,0.0,60.9897789955
nc160905,linearsvc_C0.001,63183,0.237855561746,0.5,0.0,0.0,0.0,undefined,0.0,48.9408910275
nc160905,linearsvc_C0.001,60024,0.225963348341,0.5,0.0,0.0,0.0,undefined,0.0,51.0320279598
nc160905,linearsvc_C0.001,57023,0.214665933834,0.5,0.0,0.0,0.0,undefined,0.0,52.616286993
nc160905,linearsvc_C0.001,54172,0.203933201825,0.5,0.0,0.0,0.0,undefined,0.0,44.8980839252
nc160905,linearsvc_C0.001,51464,0.193738800464,0.5,0.0,0.0,0.0,undefined,0.0,32.5577769279
nc160905,linearsvc_C0.001,48891,0.184052613351,0.388888888889,0.0,0.0,0.0,undefined,0.0,32.0451910496
nc160905,linearsvc_C0.001,46447,0.174852053186,0.444444444444,0.0,0.0,0.0,undefined,0.0,28.4064080715
nc160905,linearsvc_C0.001,44125,0.166110768119,0.444444444444,0.0,0.0,0.0,undefined,0.0,24.8825891018
nc160905,linearsvc_C0.001,41919,0.15780617085,0.444444444444,0.0,0.0,0.0,undefined,0.0,24.2637610435
nc160905,linearsvc_C0.001,39824,0.14991943863,0.444444444444,0.0,0.0,0.0,undefined,0.0,18.3633401394
nc160905,linearsvc_C0.001,37833,0.142424219609,0.444444444444,0.0,0.0,0.0,undefined,0.0,20.2214181423
nc160905,linearsvc_C0.001,35942,0.135305455586,0.444444444444,0.0,0.0,0.0,undefined,0.0,17.1190140247
nc160905,linearsvc_C0.001,34145,0.128540559262,0.388888888889,0.0,0.0,0.0,undefined,0.0,15.7470998764
nc160905,linearsvc_C0.001,32438,0.122114472436,0.5,0.0,0.0,0.0,undefined,0.0,14.4830670357
nc160905,linearsvc_C0.001,30817,0.116012136909,0.5,0.0,0.0,0.0,undefined,0.0,13.1405158043
nc160905,linearsvc_C0.001,29277,0.110214729931,0.5,0.0,0.0,0.0,undefined,0.0,14.3213498592
nc160905,linearsvc_C0.001,27814,0.104707193302,0.5,0.0,0.0,0.0,undefined,0.0,11.206745863
nc160905,linearsvc_C0.001,26424,0.099474468822,0.5,0.0,0.0,0.0,undefined,0.0,9.64471697807
nc160905,linearsvc_C0.001,25103,0.0945014982909,0.444444444444,0.0,0.0,0.0,undefined,0.0,8.40265703201
nc160905,linearsvc_C0.001,23848,0.0897769880588,0.444444444444,0.0,0.0,0.0,undefined,0.0,7.76753306389
nc160905,linearsvc_C0.001,22656,0.0852896444759,0.444444444444,0.0,0.0,0.0,undefined,0.0,10.4131541252
nc160905,linearsvc_C0.001,21524,0.0810281738921,0.444444444444,0.0,0.0,0.0,undefined,0.0,6.32310509682
nc160905,linearsvc_C0.001,20448,0.0769775181075,0.444444444444,0.0,0.0,0.0,undefined,0.0,7.28942990303
nc160905,linearsvc_C0.001,19426,0.0731301480221,0.444444444444,0.0,0.0,0.0,undefined,0.0,5.48361992836
nc160905,linearsvc_C0.001,18455,0.069474769986,0.388888888889,0.0,0.0,0.0,undefined,0.0,4.74765491486
nc160905,linearsvc_C0.001,17533,0.0660038548992,0.388888888889,0.0,0.0,0.0,undefined,0.0,5.14685797691
nc160905,linearsvc_C0.001,16657,0.0627061091117,0.444444444444,0.0,0.0,0.0,undefined,0.0,4.34087991714
nc160905,linearsvc_C0.001,15825,0.0595740035236,0.444444444444,0.0,0.0,0.0,undefined,0.0,3.73148798943
nc160905,linearsvc_C0.001,15034,0.0565962444849,0.444444444444,0.0,0.0,0.0,undefined,0.0,3.7183868885
nc160905,linearsvc_C0.001,14283,0.0537690674457,0.444444444444,0.0,0.0,0.0,undefined,0.0,3.15566205978
nc160905,linearsvc_C0.001,13569,0.0510811787559,0.444444444444,0.0,0.0,0.0,undefined,0.0,3.10441994667
nc160905,linearsvc_C0.001,12891,0.0485288138656,0.388888888889,0.0,0.0,0.0,undefined,0.0,2.67093110085
nc160905,linearsvc_C0.001,12247,0.0461044436748,0.388888888889,0.0,0.0,0.0,undefined,0.0,2.09554505348
nc160905,linearsvc_C0.001,11635,0.0438005390836,0.388888888889,0.0,0.0,0.0,undefined,0.0,1.94468808174
nc160905,linearsvc_C0.001,11054,0.0416133355419,0.388888888889,0.0,0.0,0.0,undefined,0.0,2.09607696533
nc160905,linearsvc_C0.001,10502,0.0395353039498,0.333333333333,0.0,0.0,0.0,undefined,0.0,1.77609086037
nc160905,linearsvc_C0.001,9977,0.0375589152073,0.444444444444,0.0,0.0,0.0,undefined,0.0,1.77709794044
nc160905,linearsvc_C0.001,9479,0.0356841693144,0.388888888889,0.0,0.0,0.0,undefined,0.0,1.26741504669
nc160905,linearsvc_C0.001,9006,0.0339035371712,0.5,0.0,0.0,0.0,undefined,0.0,1.30296111107
nc160905,linearsvc_C0.001,8556,0.0322094896776,0.5,0.0,0.0,0.0,undefined,0.0,1.09555506706
nc160905,linearsvc_C0.001,8129,0.0306020268337,0.5,0.0,0.0,0.0,undefined,0.0,1.13929891586
nc160905,linearsvc_C0.001,7723,0.0290736195395,0.555555555556,0.0,0.0,0.0,undefined,0.0,0.993440151215
nc160905,linearsvc_C0.001,7337,0.027620503245,0.555555555556,0.0,0.0,0.0,undefined,0.0,0.855265140533
nc160905,linearsvc_C0.001,6971,0.0262426779503,0.611111111111,0.0,0.0,0.0,undefined,0.0,0.837725877762
nc160905,linearsvc_C0.001,6623,0.0249326145553,0.555555555556,0.0,0.0,0.0,undefined,0.0,0.669873952866
nc160905,linearsvc_C0.001,6292,0.02368654851,0.555555555556,0.0,0.0,0.0,undefined,0.0,0.633646011353
nc160905,linearsvc_C0.001,5978,0.0225044798145,0.555555555556,0.0,0.0,0.0,undefined,0.0,0.621258020401
nc160905,linearsvc_C0.001,5680,0.0213826439187,0.5,0.0,0.0,0.0,undefined,0.0,0.555274009705
nc160905,linearsvc_C0.001,5396,0.0203135117228,0.611111111111,0.0,0.0,0.0,undefined,0.0,0.533329963684
nc160905,linearsvc_C0.001,5127,0.0193008477767,0.611111111111,0.0,0.0,0.0,undefined,0.0,0.43022108078
nc160905,linearsvc_C0.001,4871,0.0183371229803,0.555555555556,0.0,0.0,0.0,undefined,0.0,0.393998861313
nc160905,linearsvc_C0.001,4628,0.0174223373338,0.555555555556,0.0,0.0,0.0,undefined,0.0,0.282025098801
nc160905,linearsvc_C0.001,4397,0.0165527262871,0.5,0.0,0.0,0.0,undefined,0.0,0.322037935257
nc160905,linearsvc_C0.001,4178,0.0157282898402,0.5,0.0,0.0,0.0,undefined,0.0,0.344001054764
nc160905,linearsvc_C0.001,3970,0.0149452634432,0.444444444444,0.0,0.0,0.0,undefined,0.0,0.330350160599
nc160905,linearsvc_C0.001,3772,0.014199882546,0.5,0.0,0.0,0.0,undefined,0.0,0.306180000305
nc160905,linearsvc_C0.001,3584,0.0134921471487,0.5,0.0,0.0,0.0,undefined,0.0,0.272503137589
nc160905,linearsvc_C0.001,3405,0.0128182927013,0.5,0.0,0.0,0.0,undefined,0.0,0.235941886902
nc160905,linearsvc_C0.001,3235,0.0121783192037,0.5,0.0,0.0,0.0,undefined,0.0,0.197364091873
nc160905,linearsvc_C0.001,3074,0.011572226656,0.555555555556,0.0,0.0,0.0,undefined,0.0,0.202022075653
nc160905,linearsvc_C0.001,2921,0.0109962505082,0.388888888889,0.0,0.0,0.0,undefined,0.0,0.185660839081
nc160905,linearsvc_C0.001,2775,0.0104466262103,0.388888888889,0.0,0.0,0.0,undefined,0.0,0.158075094223
nc160905,linearsvc_C0.001,2637,0.00992711831228,0.5,0.0,0.0,0.0,undefined,0.0,0.150202035904
nc160905,linearsvc_C0.001,2506,0.00943396226415,0.444444444444,0.0,0.0,0.0,undefined,0.0,0.13431096077
nc160905,linearsvc_C0.001,2381,0.00896339351594,0.444444444444,0.0,0.0,0.0,undefined,0.0,0.11500787735
nc160905,linearsvc_C0.001,2262,0.00851541206764,0.444444444444,0.0,0.0,0.0,undefined,0.0,0.112612009048
nc160905,linearsvc_C0.001,2149,0.00809001791926,0.5,0.0,0.0,0.0,undefined,0.0,0.107004880905
nc160905,linearsvc_C0.001,2042,0.00768721107079,0.5,0.0,0.0,0.0,undefined,0.0,0.13529586792
nc160905,linearsvc_C0.001,1940,0.00730322697225,0.444444444444,0.0,0.0,0.0,undefined,0.0,0.132375001907
nc160905,linearsvc_C0.001,1843,0.00693806562364,0.444444444444,0.0,0.0,0.0,undefined,0.0,0.122140169144
nc160905,linearsvc_C0.001,1751,0.00659172702495,0.444444444444,0.0,0.0,0.0,undefined,0.0,0.113778829575
nc160905,linearsvc_C0.001,1664,0.0062642111762,0.444444444444,0.0,0.0,0.0,undefined,0.0,0.110754013062
nc160905,linearsvc_C0.001,1581,0.00595175352738,0.5,0.0,0.0,0.0,undefined,0.0,0.11368894577
nc160905,linearsvc_C0.001,1502,0.00565435407851,0.5,0.0,0.0,0.0,undefined,0.0,0.102626085281
nc160905,linearsvc_C0.001,1427,0.00537201282959,0.5,0.0,0.0,0.0,undefined,0.0,0.102335929871
nc160905,linearsvc_C0.001,1356,0.0051047297806,0.444444444444,0.0,0.0,0.0,undefined,0.0,0.0956180095673
nc160905,linearsvc_C0.01,265636,1.0,0.666666666667,0.0,0.0,0.0,undefined,0.0,299.252285957
nc160905,linearsvc_C0.01,252355,0.95000301164,0.666666666667,0.0,0.0,0.0,undefined,0.0,291.329933882
nc160905,linearsvc_C0.01,239738,0.90250568447,0.666666666667,0.0,0.0,0.0,undefined,0.0,270.553748131
nc160905,linearsvc_C0.01,227752,0.857383788342,0.666666666667,0.0,0.0,0.0,undefined,0.0,262.666526794
nc160905,linearsvc_C0.01,216365,0.814516857655,0.666666666667,0.0,0.0,0.0,undefined,0.0,243.784956932
nc160905,linearsvc_C0.01,205547,0.77379195591,0.666666666667,0.0,0.0,0.0,undefined,0.0,236.71944809
nc160905,linearsvc_C0.01,195270,0.735103675707,0.666666666667,0.0,0.0,0.0,undefined,0.0,218.679325104
nc160905,linearsvc_C0.01,185507,0.698350374196,0.666666666667,0.0,0.0,0.0,undefined,0.0,212.935923815
nc160905,linearsvc_C0.01,176232,0.663434173079,0.666666666667,0.0,0.0,0.0,undefined,0.0,198.274074793
nc160905,linearsvc_C0.01,167421,0.630264723155,0.666666666667,0.0,0.0,0.0,undefined,0.0,186.895195961
nc160905,linearsvc_C0.01,159050,0.598751675225,0.666666666667,0.0,0.0,0.0,undefined,0.0,183.516051054
nc160905,linearsvc_C0.01,151098,0.568815973738,0.666666666667,0.0,0.0,0.0,undefined,0.0,169.165815115
nc160905,linearsvc_C0.01,143544,0.540378563147,0.666666666667,0.0,0.0,0.0,undefined,0.0,160.937152863
nc160905,linearsvc_C0.01,136367,0.513360387899,0.666666666667,0.0,0.0,0.0,undefined,0.0,153.082211018
nc160905,linearsvc_C0.01,129549,0.487693686097,0.666666666667,0.0,0.0,0.0,undefined,0.0,149.567436934
nc160905,linearsvc_C0.01,123072,0.463310695839,0.666666666667,0.0,0.0,0.0,undefined,0.0,138.056423903
nc160905,linearsvc_C0.01,116919,0.440147419777,0.666666666667,0.0,0.0,0.0,undefined,0.0,131.201232195
nc160905,linearsvc_C0.01,111074,0.418143625111,0.666666666667,0.0,0.0,0.0,undefined,0.0,124.552635908
nc160905,linearsvc_C0.01,105521,0.39723907904,0.666666666667,0.0,0.0,0.0,undefined,0.0,123.077983856
nc160905,linearsvc_C0.01,100245,0.377377313316,0.666666666667,0.0,0.0,0.0,undefined,0.0,111.924967051
nc160905,linearsvc_C0.01,95233,0.358509388788,0.666666666667,0.0,0.0,0.0,undefined,0.0,106.472871065
nc160905,linearsvc_C0.01,90472,0.340586366306,0.666666666667,0.0,0.0,0.0,undefined,0.0,100.842504978
nc160905,linearsvc_C0.01,85949,0.32355930672,0.666666666667,0.0,0.0,0.0,undefined,0.0,99.7417199612
nc160905,linearsvc_C0.01,81652,0.307383035432,0.666666666667,0.0,0.0,0.0,undefined,0.0,91.0639867783
nc160905,linearsvc_C0.01,77570,0.29201614239,0.666666666667,0.0,0.0,0.0,undefined,0.0,86.2603418827
nc160905,linearsvc_C0.01,73692,0.277417217546,0.666666666667,0.0,0.0,0.0,undefined,0.0,81.7705900669
nc160905,linearsvc_C0.01,70008,0.263548615399,0.611111111111,0.0,0.0,0.0,undefined,0.0,77.5770421028
nc160905,linearsvc_C0.01,66508,0.250372690449,0.666666666667,0.0,0.0,0.0,undefined,0.0,73.7227709293
nc160905,linearsvc_C0.01,63183,0.237855561746,0.611111111111,0.0,0.0,0.0,undefined,0.0,69.5178148746
nc160905,linearsvc_C0.01,60024,0.225963348341,0.611111111111,0.0,0.0,0.0,undefined,0.0,65.9646289349
nc160905,linearsvc_C0.01,57023,0.214665933834,0.611111111111,0.0,0.0,0.0,undefined,0.0,62.4247708321
nc160905,linearsvc_C0.01,54172,0.203933201825,0.611111111111,0.0,0.0,0.0,undefined,0.0,59.5436661243
nc160905,linearsvc_C0.01,51464,0.193738800464,0.611111111111,0.0,0.0,0.0,undefined,0.0,56.2303929329
nc160905,linearsvc_C0.01,48891,0.184052613351,0.611111111111,0.0,0.0,0.0,undefined,0.0,53.4489071369
nc160905,linearsvc_C0.01,46447,0.174852053186,0.611111111111,0.0,0.0,0.0,undefined,0.0,51.0498812199
nc160905,linearsvc_C0.01,44125,0.166110768119,0.611111111111,0.0,0.0,0.0,undefined,0.0,52.3033020496
nc160905,linearsvc_C0.01,41919,0.15780617085,0.611111111111,0.0,0.0,0.0,undefined,0.0,45.6960561275
nc160905,linearsvc_C0.01,39824,0.14991943863,0.611111111111,0.0,0.0,0.0,undefined,0.0,43.7915141582
nc160905,linearsvc_C0.01,37833,0.142424219609,0.611111111111,0.0,0.0,0.0,undefined,0.0,41.0755038261
nc160905,linearsvc_C0.01,35942,0.135305455586,0.611111111111,0.0,0.0,0.0,undefined,0.0,39.5001912117
nc160905,linearsvc_C0.01,34145,0.128540559262,0.611111111111,0.0,0.0,0.0,undefined,0.0,36.9040439129
nc160905,linearsvc_C0.01,32438,0.122114472436,0.611111111111,0.0,0.0,0.0,undefined,0.0,35.3977909088
nc160905,linearsvc_C0.01,30817,0.116012136909,0.611111111111,0.0,0.0,0.0,undefined,0.0,33.6481239796
nc160905,linearsvc_C0.01,29277,0.110214729931,0.611111111111,0.0,0.0,0.0,undefined,0.0,31.7900128365
nc160905,linearsvc_C0.01,27814,0.104707193302,0.611111111111,0.0,0.0,0.0,undefined,0.0,27.7815239429
nc160905,linearsvc_C0.01,26424,0.099474468822,0.666666666667,0.0,0.0,0.0,undefined,0.0,28.7461099625
nc160905,linearsvc_C0.01,25103,0.0945014982909,0.666666666667,0.0,0.0,0.0,undefined,0.0,27.1182329655
nc160905,linearsvc_C0.01,23848,0.0897769880588,0.611111111111,0.0,0.0,0.0,undefined,0.0,25.8430569172
nc160905,linearsvc_C0.01,22656,0.0852896444759,0.611111111111,0.0,0.0,0.0,undefined,0.0,24.4982779026
nc160905,linearsvc_C0.01,21524,0.0810281738921,0.611111111111,0.0,0.0,0.0,undefined,0.0,23.2276649475
nc160905,linearsvc_C0.01,20448,0.0769775181075,0.611111111111,0.0,0.0,0.0,undefined,0.0,22.6414740086
nc160905,linearsvc_C0.01,19426,0.0731301480221,0.611111111111,0.0,0.0,0.0,undefined,0.0,22.9755599499
nc160905,linearsvc_C0.01,18455,0.069474769986,0.666666666667,0.0,0.0,0.0,undefined,0.0,21.5097210407
nc160905,linearsvc_C0.01,17533,0.0660038548992,0.666666666667,0.0,0.0,0.0,undefined,0.0,18.8375298977
nc160905,linearsvc_C0.01,16657,0.0627061091117,0.666666666667,0.0,0.0,0.0,undefined,0.0,17.8633301258
nc160905,linearsvc_C0.01,15825,0.0595740035236,0.666666666667,0.0,0.0,0.0,undefined,0.0,16.4338269234
nc160905,linearsvc_C0.01,15034,0.0565962444849,0.611111111111,0.0,0.0,0.0,undefined,0.0,13.2498028278
nc160905,linearsvc_C0.01,14283,0.0537690674457,0.666666666667,0.0,0.0,0.0,undefined,0.0,13.871432066
nc160905,linearsvc_C0.01,13569,0.0510811787559,0.666666666667,0.0,0.0,0.0,undefined,0.0,10.2129158974
nc160905,linearsvc_C0.01,12891,0.0485288138656,0.666666666667,0.0,0.0,0.0,undefined,0.0,11.1317110062
nc160905,linearsvc_C0.01,12247,0.0461044436748,0.611111111111,0.0,0.0,0.0,undefined,0.0,11.117125988
nc160905,linearsvc_C0.01,11635,0.0438005390836,0.666666666667,0.0,0.0,0.0,undefined,0.0,7.9848549366
nc160905,linearsvc_C0.01,11054,0.0416133355419,0.666666666667,0.0,0.0,0.0,undefined,0.0,9.84149503708
nc160905,linearsvc_C0.01,10502,0.0395353039498,0.611111111111,0.0,0.0,0.0,undefined,0.0,5.56456780434
nc160905,linearsvc_C0.01,9977,0.0375589152073,0.722222222222,0.0,0.0,0.0,undefined,0.0,7.44146585464
nc160905,linearsvc_C0.01,9479,0.0356841693144,0.666666666667,0.0,0.0,0.0,undefined,0.0,6.21264815331
nc160905,linearsvc_C0.01,9006,0.0339035371712,0.722222222222,0.0,0.0,0.0,undefined,0.0,6.6361451149
nc160905,linearsvc_C0.01,8556,0.0322094896776,0.666666666667,0.0,0.0,0.0,undefined,0.0,5.32011914253
nc160905,linearsvc_C0.01,8129,0.0306020268337,0.555555555556,0.0,0.0,0.0,undefined,0.0,3.56209111214
nc160905,linearsvc_C0.01,7723,0.0290736195395,0.555555555556,0.0,0.0,0.0,undefined,0.0,4.63316106796
nc160905,linearsvc_C0.01,7337,0.027620503245,0.555555555556,0.0,0.0,0.0,undefined,0.0,4.4593000412
nc160905,linearsvc_C0.01,6971,0.0262426779503,0.555555555556,0.0,0.0,0.0,undefined,0.0,3.14127612114
nc160905,linearsvc_C0.01,6623,0.0249326145553,0.5,0.0,0.0,0.0,undefined,0.0,3.73108792305
nc160905,linearsvc_C0.01,6292,0.02368654851,0.555555555556,0.0,0.0,0.0,undefined,0.0,3.1593439579
nc160905,linearsvc_C0.01,5978,0.0225044798145,0.611111111111,0.0,0.0,0.0,undefined,0.0,3.10830688477
nc160905,linearsvc_C0.01,5680,0.0213826439187,0.611111111111,0.0,0.0,0.0,undefined,0.0,2.78020095825
nc160905,linearsvc_C0.01,5396,0.0203135117228,0.666666666667,0.0,0.0,0.0,undefined,0.0,2.78528499603
nc160905,linearsvc_C0.01,5127,0.0193008477767,0.555555555556,0.0,0.0,0.0,undefined,0.0,2.3429980278
nc160905,linearsvc_C0.01,4871,0.0183371229803,0.555555555556,0.0,0.0,0.0,undefined,0.0,1.87940907478
nc160905,linearsvc_C0.01,4628,0.0174223373338,0.555555555556,0.0,0.0,0.0,undefined,0.0,1.15930914879
nc160905,linearsvc_C0.01,4397,0.0165527262871,0.555555555556,0.0,0.0,0.0,undefined,0.0,1.46694803238
nc160905,linearsvc_C0.01,4178,0.0157282898402,0.555555555556,0.0,0.0,0.0,undefined,0.0,1.44295287132
nc160905,linearsvc_C0.01,3970,0.0149452634432,0.555555555556,0.0,0.0,0.0,undefined,0.0,1.53328919411
nc160905,linearsvc_C0.01,3772,0.014199882546,0.666666666667,0.0,0.0,0.0,undefined,0.0,1.33166098595
nc160905,linearsvc_C0.01,3584,0.0134921471487,0.555555555556,0.0,0.0,0.0,undefined,0.0,1.22995877266
nc160905,linearsvc_C0.01,3405,0.0128182927013,0.611111111111,0.0,0.0,0.0,undefined,0.0,0.85055398941
nc160905,linearsvc_C0.01,3235,0.0121783192037,0.5,0.0,0.0,0.0,undefined,0.0,0.997236967087
nc160905,linearsvc_C0.01,3074,0.011572226656,0.611111111111,0.0,0.0,0.0,undefined,0.0,0.715419769287
nc160905,linearsvc_C0.01,2921,0.0109962505082,0.555555555556,0.0,0.0,0.0,undefined,0.0,0.799833059311
nc160905,linearsvc_C0.01,2775,0.0104466262103,0.555555555556,0.0,0.0,0.0,undefined,0.0,0.735116958618
nc160905,linearsvc_C0.01,2637,0.00992711831228,0.555555555556,0.0,0.0,0.0,undefined,0.0,0.691867113113
nc160905,linearsvc_C0.01,2506,0.00943396226415,0.555555555556,0.0,0.0,0.0,undefined,0.0,0.586054086685
nc160905,linearsvc_C0.01,2381,0.00896339351594,0.555555555556,0.0,0.0,0.0,undefined,0.0,0.549133062363
nc160905,linearsvc_C0.01,2262,0.00851541206764,0.555555555556,0.0,0.0,0.0,undefined,0.0,0.394278049469
nc160905,linearsvc_C0.01,2149,0.00809001791926,0.5,0.0,0.0,0.0,undefined,0.0,0.478861093521
nc160905,linearsvc_C0.01,2042,0.00768721107079,0.555555555556,0.0,0.0,0.0,undefined,0.0,0.362442016602
nc160905,linearsvc_C0.01,1940,0.00730322697225,0.611111111111,0.0,0.0,0.0,undefined,0.0,0.373528003693
nc160905,linearsvc_C0.01,1843,0.00693806562364,0.666666666667,0.0,0.0,0.0,undefined,0.0,0.366293907166
nc160905,linearsvc_C0.01,1751,0.00659172702495,0.666666666667,0.0,0.0,0.0,undefined,0.0,0.261030912399
nc160905,linearsvc_C0.01,1664,0.0062642111762,0.666666666667,0.0,0.0,0.0,undefined,0.0,0.282746076584
nc160905,linearsvc_C0.01,1581,0.00595175352738,0.555555555556,0.0,0.0,0.0,undefined,0.0,0.315811872482
nc160905,linearsvc_C0.01,1502,0.00565435407851,0.555555555556,0.0,0.0,0.0,undefined,0.0,0.23049902916
nc160905,linearsvc_C0.01,1427,0.00537201282959,0.555555555556,0.0,0.0,0.0,undefined,0.0,0.190745830536
nc160905,linearsvc_C0.01,1356,0.0051047297806,0.555555555556,0.0,0.0,0.0,undefined,0.0,0.229280233383
nc160905,linearsvc_C0.1,265636,1.0,0.611111111111,0.0,0.0,0.0,undefined,0.0,19.7644889355
nc160905,linearsvc_C0.1,252355,0.95000301164,0.611111111111,0.0,0.0,0.0,undefined,0.0,19.0214970112
nc160905,linearsvc_C0.1,239738,0.90250568447,0.611111111111,0.0,0.0,0.0,undefined,0.0,16.9414260387
nc160905,linearsvc_C0.1,227752,0.857383788342,0.611111111111,0.0,0.0,0.0,undefined,0.0,16.2928738594
nc160905,linearsvc_C0.1,216365,0.814516857655,0.611111111111,0.0,0.0,0.0,undefined,0.0,16.552934885
nc160905,linearsvc_C0.1,205547,0.77379195591,0.611111111111,0.0,0.0,0.0,undefined,0.0,15.6712880135
nc160905,linearsvc_C0.1,195270,0.735103675707,0.611111111111,0.0,0.0,0.0,undefined,0.0,17.5638921261
nc160905,linearsvc_C0.1,185507,0.698350374196,0.611111111111,0.0,0.0,0.0,undefined,0.0,72.2836618423
nc160905,linearsvc_C0.1,176232,0.663434173079,0.611111111111,0.0,0.0,0.0,undefined,0.0,12.3557240963
nc160905,linearsvc_C0.1,167421,0.630264723155,0.611111111111,0.0,0.0,0.0,undefined,0.0,12.6920068264
nc160905,linearsvc_C0.1,159050,0.598751675225,0.611111111111,0.0,0.0,0.0,undefined,0.0,11.4382109642
nc160905,linearsvc_C0.1,151098,0.568815973738,0.611111111111,0.0,0.0,0.0,undefined,0.0,11.1256840229
nc160905,linearsvc_C0.1,143544,0.540378563147,0.611111111111,0.0,0.0,0.0,undefined,0.0,10.4673099518
nc160905,linearsvc_C0.1,136367,0.513360387899,0.611111111111,0.0,0.0,0.0,undefined,0.0,79.9361300468
nc160905,linearsvc_C0.1,129549,0.487693686097,0.611111111111,0.0,0.0,0.0,undefined,0.0,94.3541898727
nc160905,linearsvc_C0.1,123072,0.463310695839,0.611111111111,0.0,0.0,0.0,undefined,0.0,60.3321089745
nc160905,linearsvc_C0.1,116919,0.440147419777,0.611111111111,0.0,0.0,0.0,undefined,0.0,76.3286509514
nc160905,linearsvc_C0.1,111074,0.418143625111,0.611111111111,0.0,0.0,0.0,undefined,0.0,26.9481110573
nc160905,linearsvc_C0.1,105521,0.39723907904,0.611111111111,0.0,0.0,0.0,undefined,0.0,6.82996988297
nc160905,linearsvc_C0.1,100245,0.377377313316,0.611111111111,0.0,0.0,0.0,undefined,0.0,12.1621339321
nc160905,linearsvc_C0.1,95233,0.358509388788,0.611111111111,0.0,0.0,0.0,undefined,0.0,84.7282259464
nc160905,linearsvc_C0.1,90472,0.340586366306,0.611111111111,0.0,0.0,0.0,undefined,0.0,46.2490060329
nc160905,linearsvc_C0.1,85949,0.32355930672,0.611111111111,0.0,0.0,0.0,undefined,0.0,95.2642178535
nc160905,linearsvc_C0.1,81652,0.307383035432,0.611111111111,0.0,0.0,0.0,undefined,0.0,94.448818922
nc160905,linearsvc_C0.1,77570,0.29201614239,0.611111111111,0.0,0.0,0.0,undefined,0.0,85.707367897
nc160905,linearsvc_C0.1,73692,0.277417217546,0.611111111111,0.0,0.0,0.0,undefined,0.0,67.8844909668
nc160905,linearsvc_C0.1,70008,0.263548615399,0.611111111111,0.0,0.0,0.0,undefined,0.0,76.6451249123
nc160905,linearsvc_C0.1,66508,0.250372690449,0.611111111111,0.0,0.0,0.0,undefined,0.0,76.1577270031
nc160905,linearsvc_C0.1,63183,0.237855561746,0.611111111111,0.0,0.0,0.0,undefined,0.0,70.1291389465
nc160905,linearsvc_C0.1,60024,0.225963348341,0.611111111111,0.0,0.0,0.0,undefined,0.0,66.0316290855
nc160905,linearsvc_C0.1,57023,0.214665933834,0.611111111111,0.0,0.0,0.0,undefined,0.0,62.1201100349
nc160905,linearsvc_C0.1,54172,0.203933201825,0.611111111111,0.0,0.0,0.0,undefined,0.0,59.0710639954
nc160905,linearsvc_C0.1,51464,0.193738800464,0.611111111111,0.0,0.0,0.0,undefined,0.0,59.0042281151
nc160905,linearsvc_C0.1,48891,0.184052613351,0.611111111111,0.0,0.0,0.0,undefined,0.0,54.8937768936
nc160905,linearsvc_C0.1,46447,0.174852053186,0.611111111111,0.0,0.0,0.0,undefined,0.0,50.7403311729
nc160905,linearsvc_C0.1,44125,0.166110768119,0.611111111111,0.0,0.0,0.0,undefined,0.0,48.216190815
nc160905,linearsvc_C0.1,41919,0.15780617085,0.611111111111,0.0,0.0,0.0,undefined,0.0,45.7721669674
nc160905,linearsvc_C0.1,39824,0.14991943863,0.611111111111,0.0,0.0,0.0,undefined,0.0,43.3612599373
nc160905,linearsvc_C0.1,37833,0.142424219609,0.611111111111,0.0,0.0,0.0,undefined,0.0,41.1592800617
nc160905,linearsvc_C0.1,35942,0.135305455586,0.611111111111,0.0,0.0,0.0,undefined,0.0,41.3928940296
nc160905,linearsvc_C0.1,34145,0.128540559262,0.611111111111,0.0,0.0,0.0,undefined,0.0,38.5255401134
nc160905,linearsvc_C0.1,32438,0.122114472436,0.611111111111,0.0,0.0,0.0,undefined,0.0,35.3473029137
nc160905,linearsvc_C0.1,30817,0.116012136909,0.611111111111,0.0,0.0,0.0,undefined,0.0,33.3769929409
nc160905,linearsvc_C0.1,29277,0.110214729931,0.611111111111,0.0,0.0,0.0,undefined,0.0,31.8039131165
nc160905,linearsvc_C0.1,27814,0.104707193302,0.611111111111,0.0,0.0,0.0,undefined,0.0,30.0663509369
nc160905,linearsvc_C0.1,26424,0.099474468822,0.611111111111,0.0,0.0,0.0,undefined,0.0,28.5370440483
nc160905,linearsvc_C0.1,25103,0.0945014982909,0.611111111111,0.0,0.0,0.0,undefined,0.0,27.049268961
nc160905,linearsvc_C0.1,23848,0.0897769880588,0.611111111111,0.0,0.0,0.0,undefined,0.0,25.5580420494
nc160905,linearsvc_C0.1,22656,0.0852896444759,0.611111111111,0.0,0.0,0.0,undefined,0.0,24.3593320847
nc160905,linearsvc_C0.1,21524,0.0810281738921,0.611111111111,0.0,0.0,0.0,undefined,0.0,22.9182331562
nc160905,linearsvc_C0.1,20448,0.0769775181075,0.611111111111,0.0,0.0,0.0,undefined,0.0,23.481938839
nc160905,linearsvc_C0.1,19426,0.0731301480221,0.611111111111,0.0,0.0,0.0,undefined,0.0,22.6824769974
nc160905,linearsvc_C0.1,18455,0.069474769986,0.555555555556,0.0,0.0,0.0,undefined,0.0,19.4464740753
nc160905,linearsvc_C0.1,17533,0.0660038548992,0.611111111111,0.0,0.0,0.0,undefined,0.0,18.3405900002
nc160905,linearsvc_C0.1,16657,0.0627061091117,0.611111111111,0.0,0.0,0.0,undefined,0.0,17.6737799644
nc160905,linearsvc_C0.1,15825,0.0595740035236,0.5,0.0,0.0,0.0,undefined,0.0,16.0854489803
nc160905,linearsvc_C0.1,15034,0.0565962444849,0.5,0.0,0.0,0.0,undefined,0.0,15.6664559841
nc160905,linearsvc_C0.1,14283,0.0537690674457,0.5,0.0,0.0,0.0,undefined,0.0,14.8700830936
nc160905,linearsvc_C0.1,13569,0.0510811787559,0.555555555556,0.0,0.0,0.0,undefined,0.0,13.8442018032
nc160905,linearsvc_C0.1,12891,0.0485288138656,0.5,0.0,0.0,0.0,undefined,0.0,13.1365280151
nc160905,linearsvc_C0.1,12247,0.0461044436748,0.5,0.0,0.0,0.0,undefined,0.0,12.4847328663
nc160905,linearsvc_C0.1,11635,0.0438005390836,0.555555555556,0.0,0.0,0.0,undefined,0.0,11.6048541069
nc160905,linearsvc_C0.1,11054,0.0416133355419,0.5,0.0,0.0,0.0,undefined,0.0,11.0678260326
nc160905,linearsvc_C0.1,10502,0.0395353039498,0.555555555556,0.0,0.0,0.0,undefined,0.0,10.5181210041
nc160905,linearsvc_C0.1,9977,0.0375589152073,0.555555555556,0.0,0.0,0.0,undefined,0.0,9.86201500893
nc160905,linearsvc_C0.1,9479,0.0356841693144,0.5,0.0,0.0,0.0,undefined,0.0,9.19109797478
nc160905,linearsvc_C0.1,9006,0.0339035371712,0.5,0.0,0.0,0.0,undefined,0.0,8.70135903358
nc160905,linearsvc_C0.1,8556,0.0322094896776,0.388888888889,0.0,0.0,0.0,undefined,0.0,8.30904102325
nc160905,linearsvc_C0.1,8129,0.0306020268337,0.388888888889,0.0,0.0,0.0,undefined,0.0,7.79460287094
nc160905,linearsvc_C0.1,7723,0.0290736195395,0.444444444444,0.0,0.0,0.0,undefined,0.0,7.43549704552
nc160905,linearsvc_C0.1,7337,0.027620503245,0.444444444444,0.0,0.0,0.0,undefined,0.0,6.89893889427
nc160905,linearsvc_C0.1,6971,0.0262426779503,0.444444444444,0.0,0.0,0.0,undefined,0.0,6.66435599327
nc160905,linearsvc_C0.1,6623,0.0249326145553,0.388888888889,0.0,0.0,0.0,undefined,0.0,6.16046595573
nc160905,linearsvc_C0.1,6292,0.02368654851,0.444444444444,0.0,0.0,0.0,undefined,0.0,5.77427697182
nc160905,linearsvc_C0.1,5978,0.0225044798145,0.333333333333,0.0,0.0,0.0,undefined,0.0,5.38589286804
nc160905,linearsvc_C0.1,5680,0.0213826439187,0.388888888889,0.0,0.0,0.0,undefined,0.0,4.9605410099
nc160905,linearsvc_C0.1,5396,0.0203135117228,0.388888888889,0.0,0.0,0.0,undefined,0.0,4.98222613335
nc160905,linearsvc_C0.1,5127,0.0193008477767,0.388888888889,0.0,0.0,0.0,undefined,0.0,4.69334793091
nc160905,linearsvc_C0.1,4871,0.0183371229803,0.333333333333,0.0,0.0,0.0,undefined,0.0,4.27180099487
nc160905,linearsvc_C0.1,4628,0.0174223373338,0.388888888889,0.0,0.0,0.0,undefined,0.0,4.13421988487
nc160905,linearsvc_C0.1,4397,0.0165527262871,0.388888888889,0.0,0.0,0.0,undefined,0.0,3.33400392532
nc160905,linearsvc_C0.1,4178,0.0157282898402,0.388888888889,0.0,0.0,0.0,undefined,0.0,3.39126205444
nc160905,linearsvc_C0.1,3970,0.0149452634432,0.388888888889,0.0,0.0,0.0,undefined,0.0,3.49104309082
nc160905,linearsvc_C0.1,3772,0.014199882546,0.444444444444,0.0,0.0,0.0,undefined,0.0,2.54740905762
nc160905,linearsvc_C0.1,3584,0.0134921471487,0.5,0.0,0.0,0.0,undefined,0.0,2.42907309532
nc160905,linearsvc_C0.1,3405,0.0128182927013,0.5,0.0,0.0,0.0,undefined,0.0,2.86668300629
nc160905,linearsvc_C0.1,3235,0.0121783192037,0.5,0.0,0.0,0.0,undefined,0.0,2.62672305107
nc160905,linearsvc_C0.1,3074,0.011572226656,0.5,0.0,0.0,0.0,undefined,0.0,2.53286480904
nc160905,linearsvc_C0.1,2921,0.0109962505082,0.555555555556,0.0,0.0,0.0,undefined,0.0,2.10105609894
nc160905,linearsvc_C0.1,2775,0.0104466262103,0.5,0.0,0.0,0.0,undefined,0.0,2.09624385834
nc160905,linearsvc_C0.1,2637,0.00992711831228,0.5,0.0,0.0,0.0,undefined,0.0,1.47051501274
nc160905,linearsvc_C0.1,2506,0.00943396226415,0.5,0.0,0.0,0.0,undefined,0.0,1.53960895538
nc160905,linearsvc_C0.1,2381,0.00896339351594,0.5,0.0,0.0,0.0,undefined,0.0,1.70937991142
nc160905,linearsvc_C0.1,2262,0.00851541206764,0.444444444444,0.0,0.0,0.0,undefined,0.0,1.59605002403
nc160905,linearsvc_C0.1,2149,0.00809001791926,0.5,0.0,0.0,0.0,undefined,0.0,0.981836080551
nc160905,linearsvc_C0.1,2042,0.00768721107079,0.5,0.0,0.0,0.0,undefined,0.0,1.10968804359
nc160905,linearsvc_C0.1,1940,0.00730322697225,0.444444444444,0.0,0.0,0.0,undefined,0.0,0.87878203392
nc160905,linearsvc_C0.1,1843,0.00693806562364,0.444444444444,0.0,0.0,0.0,undefined,0.0,1.08021807671
nc160905,linearsvc_C0.1,1751,0.00659172702495,0.444444444444,0.0,0.0,0.0,undefined,0.0,0.68128991127
nc160905,linearsvc_C0.1,1664,0.0062642111762,0.444444444444,0.0,0.0,0.0,undefined,0.0,1.00604605675
nc160905,linearsvc_C0.1,1581,0.00595175352738,0.5,0.0,0.0,0.0,undefined,0.0,0.607540845871
nc160905,linearsvc_C0.1,1502,0.00565435407851,0.444444444444,0.0,0.0,0.0,undefined,0.0,0.974911928177
nc160905,linearsvc_C0.1,1427,0.00537201282959,0.5,0.0,0.0,0.0,undefined,0.0,0.504599094391
nc160905,linearsvc_C0.1,1356,0.0051047297806,0.444444444444,0.0,0.0,0.0,undefined,0.0,0.580105066299
nc160905,linearsvc_C1.0,265636,1.0,0.555555555556,0.0,0.0,0.0,undefined,0.0,17.9935069084
nc160905,linearsvc_C1.0,252355,0.95000301164,0.555555555556,0.0,0.0,0.0,undefined,0.0,16.1848130226
nc160905,linearsvc_C1.0,239738,0.90250568447,0.555555555556,0.0,0.0,0.0,undefined,0.0,15.1549139023
nc160905,linearsvc_C1.0,227752,0.857383788342,0.555555555556,0.0,0.0,0.0,undefined,0.0,14.3169748783
nc160905,linearsvc_C1.0,216365,0.814516857655,0.555555555556,0.0,0.0,0.0,undefined,0.0,13.1114490032
nc160905,linearsvc_C1.0,205547,0.77379195591,0.555555555556,0.0,0.0,0.0,undefined,0.0,12.91903615
nc160905,linearsvc_C1.0,195270,0.735103675707,0.555555555556,0.0,0.0,0.0,undefined,0.0,12.5701930523
nc160905,linearsvc_C1.0,185507,0.698350374196,0.555555555556,0.0,0.0,0.0,undefined,0.0,11.7187190056
nc160905,linearsvc_C1.0,176232,0.663434173079,0.555555555556,0.0,0.0,0.0,undefined,0.0,11.1039698124
nc160905,linearsvc_C1.0,167421,0.630264723155,0.555555555556,0.0,0.0,0.0,undefined,0.0,10.6231918335
nc160905,linearsvc_C1.0,159050,0.598751675225,0.555555555556,0.0,0.0,0.0,undefined,0.0,9.62606310844
nc160905,linearsvc_C1.0,151098,0.568815973738,0.5,0.0,0.0,0.0,undefined,0.0,9.01768994331
nc160905,linearsvc_C1.0,143544,0.540378563147,0.5,0.0,0.0,0.0,undefined,0.0,8.48858189583
nc160905,linearsvc_C1.0,136367,0.513360387899,0.444444444444,0.0,0.0,0.0,undefined,0.0,7.94079184532
nc160905,linearsvc_C1.0,129549,0.487693686097,0.5,0.0,0.0,0.0,undefined,0.0,7.42903900146
nc160905,linearsvc_C1.0,123072,0.463310695839,0.444444444444,0.0,0.0,0.0,undefined,0.0,6.75863909721
nc160905,linearsvc_C1.0,116919,0.440147419777,0.444444444444,0.0,0.0,0.0,undefined,0.0,6.7048099041
nc160905,linearsvc_C1.0,111074,0.418143625111,0.444444444444,0.0,0.0,0.0,undefined,0.0,6.49332380295
nc160905,linearsvc_C1.0,105521,0.39723907904,0.444444444444,0.0,0.0,0.0,undefined,0.0,6.12382507324
nc160905,linearsvc_C1.0,100245,0.377377313316,0.444444444444,0.0,0.0,0.0,undefined,0.0,6.04490113258
nc160905,linearsvc_C1.0,95233,0.358509388788,0.5,0.0,0.0,0.0,undefined,0.0,5.88547515869
nc160905,linearsvc_C1.0,90472,0.340586366306,0.444444444444,0.0,0.0,0.0,undefined,0.0,5.57530808449
nc160905,linearsvc_C1.0,85949,0.32355930672,0.5,0.0,0.0,0.0,undefined,0.0,5.20555686951
nc160905,linearsvc_C1.0,81652,0.307383035432,0.5,0.0,0.0,0.0,undefined,0.0,4.61654305458
nc160905,linearsvc_C1.0,77570,0.29201614239,0.5,0.0,0.0,0.0,undefined,0.0,4.49836802483
nc160905,linearsvc_C1.0,73692,0.277417217546,0.5,0.0,0.0,0.0,undefined,0.0,4.64278292656
nc160905,linearsvc_C1.0,70008,0.263548615399,0.5,0.0,0.0,0.0,undefined,0.0,4.20190191269
nc160905,linearsvc_C1.0,66508,0.250372690449,0.444444444444,0.0,0.0,0.0,undefined,0.0,3.59581899643
nc160905,linearsvc_C1.0,63183,0.237855561746,0.444444444444,0.0,0.0,0.0,undefined,0.0,3.42473387718
nc160905,linearsvc_C1.0,60024,0.225963348341,0.5,0.0,0.0,0.0,undefined,0.0,3.16324400902
nc160905,linearsvc_C1.0,57023,0.214665933834,0.5,0.0,0.0,0.0,undefined,0.0,3.07768297195
nc160905,linearsvc_C1.0,54172,0.203933201825,0.5,0.0,0.0,0.0,undefined,0.0,2.87275290489
nc160905,linearsvc_C1.0,51464,0.193738800464,0.5,0.0,0.0,0.0,undefined,0.0,2.67102599144
nc160905,linearsvc_C1.0,48891,0.184052613351,0.5,0.0,0.0,0.0,undefined,0.0,2.52105498314
nc160905,linearsvc_C1.0,46447,0.174852053186,0.5,0.0,0.0,0.0,undefined,0.0,2.3805038929
nc160905,linearsvc_C1.0,44125,0.166110768119,0.5,0.0,0.0,0.0,undefined,0.0,2.27632188797
nc160905,linearsvc_C1.0,41919,0.15780617085,0.5,0.0,0.0,0.0,undefined,0.0,2.110861063
nc160905,linearsvc_C1.0,39824,0.14991943863,0.5,0.0,0.0,0.0,undefined,0.0,2.05486488342
nc160905,linearsvc_C1.0,37833,0.142424219609,0.5,0.0,0.0,0.0,undefined,0.0,1.88681387901
nc160905,linearsvc_C1.0,35942,0.135305455586,0.5,0.0,0.0,0.0,undefined,0.0,1.762185812
nc160905,linearsvc_C1.0,34145,0.128540559262,0.5,0.0,0.0,0.0,undefined,0.0,1.67201304436
nc160905,linearsvc_C1.0,32438,0.122114472436,0.5,0.0,0.0,0.0,undefined,0.0,1.58771491051
nc160905,linearsvc_C1.0,30817,0.116012136909,0.5,0.0,0.0,0.0,undefined,0.0,1.4881310463
nc160905,linearsvc_C1.0,29277,0.110214729931,0.5,0.0,0.0,0.0,undefined,0.0,1.48172593117
nc160905,linearsvc_C1.0,27814,0.104707193302,0.5,0.0,0.0,0.0,undefined,0.0,1.37388920784
nc160905,linearsvc_C1.0,26424,0.099474468822,0.5,0.0,0.0,0.0,undefined,0.0,1.28571891785
nc160905,linearsvc_C1.0,25103,0.0945014982909,0.5,0.0,0.0,0.0,undefined,0.0,1.21347403526
nc160905,linearsvc_C1.0,23848,0.0897769880588,0.5,0.0,0.0,0.0,undefined,0.0,1.1263217926
nc160905,linearsvc_C1.0,22656,0.0852896444759,0.5,0.0,0.0,0.0,undefined,0.0,1.07631802559
nc160905,linearsvc_C1.0,21524,0.0810281738921,0.5,0.0,0.0,0.0,undefined,0.0,1.04280114174
nc160905,linearsvc_C1.0,20448,0.0769775181075,0.5,0.0,0.0,0.0,undefined,0.0,0.944353103638
nc160905,linearsvc_C1.0,19426,0.0731301480221,0.5,0.0,0.0,0.0,undefined,0.0,0.926033973694
nc160905,linearsvc_C1.0,18455,0.069474769986,0.5,0.0,0.0,0.0,undefined,0.0,0.83943605423
nc160905,linearsvc_C1.0,17533,0.0660038548992,0.5,0.0,0.0,0.0,undefined,0.0,0.807456016541
nc160905,linearsvc_C1.0,16657,0.0627061091117,0.444444444444,0.0,0.0,0.0,undefined,0.0,0.788014173508
nc160905,linearsvc_C1.0,15825,0.0595740035236,0.444444444444,0.0,0.0,0.0,undefined,0.0,0.71225810051
nc160905,linearsvc_C1.0,15034,0.0565962444849,0.5,0.0,0.0,0.0,undefined,0.0,0.640047073364
nc160905,linearsvc_C1.0,14283,0.0537690674457,0.555555555556,0.0,0.0,0.0,undefined,0.0,0.686752080917
nc160905,linearsvc_C1.0,13569,0.0510811787559,0.555555555556,0.0,0.0,0.0,undefined,0.0,0.57071685791
nc160905,linearsvc_C1.0,12891,0.0485288138656,0.555555555556,0.0,0.0,0.0,undefined,0.0,0.513463020325
nc160905,linearsvc_C1.0,12247,0.0461044436748,0.5,0.0,0.0,0.0,undefined,0.0,0.495674133301
nc160905,linearsvc_C1.0,11635,0.0438005390836,0.5,0.0,0.0,0.0,undefined,0.0,0.522089004517
nc160905,linearsvc_C1.0,11054,0.0416133355419,0.555555555556,0.0,0.0,0.0,undefined,0.0,0.474254131317
nc160905,linearsvc_C1.0,10502,0.0395353039498,0.555555555556,0.0,0.0,0.0,undefined,0.0,0.454449176788
nc160905,linearsvc_C1.0,9977,0.0375589152073,0.555555555556,0.0,0.0,0.0,undefined,0.0,0.403253793716
nc160905,linearsvc_C1.0,9479,0.0356841693144,0.611111111111,0.0,0.0,0.0,undefined,0.0,0.383853912354
nc160905,linearsvc_C1.0,9006,0.0339035371712,0.555555555556,0.0,0.0,0.0,undefined,0.0,0.335526943207
nc160905,linearsvc_C1.0,8556,0.0322094896776,0.555555555556,0.0,0.0,0.0,undefined,0.0,0.348843097687
nc160905,linearsvc_C1.0,8129,0.0306020268337,0.611111111111,0.0,0.0,0.0,undefined,0.0,0.330158948898
nc160905,linearsvc_C1.0,7723,0.0290736195395,0.611111111111,0.0,0.0,0.0,undefined,0.0,0.333568096161
nc160905,linearsvc_C1.0,7337,0.027620503245,0.611111111111,0.0,0.0,0.0,undefined,0.0,0.283967018127
nc160905,linearsvc_C1.0,6971,0.0262426779503,0.611111111111,0.0,0.0,0.0,undefined,0.0,0.287146091461
nc160905,linearsvc_C1.0,6623,0.0249326145553,0.611111111111,0.0,0.0,0.0,undefined,0.0,0.277752161026
nc160905,linearsvc_C1.0,6292,0.02368654851,0.611111111111,0.0,0.0,0.0,undefined,0.0,0.254902124405
nc160905,linearsvc_C1.0,5978,0.0225044798145,0.611111111111,0.0,0.0,0.0,undefined,0.0,0.221314907074
nc160905,linearsvc_C1.0,5680,0.0213826439187,0.611111111111,0.0,0.0,0.0,undefined,0.0,0.225450992584
nc160905,linearsvc_C1.0,5396,0.0203135117228,0.611111111111,0.0,0.0,0.0,undefined,0.0,0.189491033554
nc160905,linearsvc_C1.0,5127,0.0193008477767,0.611111111111,0.0,0.0,0.0,undefined,0.0,0.185148954391
nc160905,linearsvc_C1.0,4871,0.0183371229803,0.611111111111,0.0,0.0,0.0,undefined,0.0,0.157106876373
nc160905,linearsvc_C1.0,4628,0.0174223373338,0.611111111111,0.0,0.0,0.0,undefined,0.0,0.190388202667
nc160905,linearsvc_C1.0,4397,0.0165527262871,0.611111111111,0.0,0.0,0.0,undefined,0.0,0.167680978775
nc160905,linearsvc_C1.0,4178,0.0157282898402,0.611111111111,0.0,0.0,0.0,undefined,0.0,0.142971038818
nc160905,linearsvc_C1.0,3970,0.0149452634432,0.611111111111,0.0,0.0,0.0,undefined,0.0,0.14664888382
nc160905,linearsvc_C1.0,3772,0.014199882546,0.5,0.0,0.0,0.0,undefined,0.0,0.916393995285
nc160905,linearsvc_C1.0,3584,0.0134921471487,0.555555555556,0.0,0.0,0.0,undefined,0.0,0.594427108765
nc160905,linearsvc_C1.0,3405,0.0128182927013,0.611111111111,0.0,0.0,0.0,undefined,0.0,0.806437969208
nc160905,linearsvc_C1.0,3235,0.0121783192037,0.611111111111,0.0,0.0,0.0,undefined,0.0,0.501461029053
nc160905,linearsvc_C1.0,3074,0.011572226656,0.611111111111,0.0,0.0,0.0,undefined,0.0,0.911772966385
nc160905,linearsvc_C1.0,2921,0.0109962505082,0.555555555556,0.0,0.0,0.0,undefined,0.0,0.56161403656
nc160905,linearsvc_C1.0,2775,0.0104466262103,0.555555555556,0.0,0.0,0.0,undefined,0.0,1.89633893967
nc160905,linearsvc_C1.0,2637,0.00992711831228,0.388888888889,0.0,0.0,0.0,undefined,0.0,1.20120286942
nc160905,linearsvc_C1.0,2506,0.00943396226415,0.5,0.0,0.0,0.0,undefined,0.0,1.38150811195
nc160905,linearsvc_C1.0,2381,0.00896339351594,0.555555555556,0.0,0.0,0.0,undefined,0.0,1.03108596802
nc160905,linearsvc_C1.0,2262,0.00851541206764,0.5,0.0,0.0,0.0,undefined,0.0,1.71245598793
nc160905,linearsvc_C1.0,2149,0.00809001791926,0.5,0.0,0.0,0.0,undefined,0.0,1.51383805275
nc160905,linearsvc_C1.0,2042,0.00768721107079,0.444444444444,0.0,0.0,0.0,undefined,0.0,0.789923906326
nc160905,linearsvc_C1.0,1940,0.00730322697225,0.444444444444,0.0,0.0,0.0,undefined,0.0,1.43227791786
nc160905,linearsvc_C1.0,1843,0.00693806562364,0.5,0.0,0.0,0.0,undefined,0.0,1.18105697632
nc160905,linearsvc_C1.0,1751,0.00659172702495,0.444444444444,0.0,0.0,0.0,undefined,0.0,1.17342209816
nc160905,linearsvc_C1.0,1664,0.0062642111762,0.5,0.0,0.0,0.0,undefined,0.0,1.16138911247
nc160905,linearsvc_C1.0,1581,0.00595175352738,0.444444444444,0.0,0.0,0.0,undefined,0.0,1.02827501297
nc160905,linearsvc_C1.0,1502,0.00565435407851,0.5,0.0,0.0,0.0,undefined,0.0,0.98623418808
nc160905,linearsvc_C1.0,1427,0.00537201282959,0.5,0.0,0.0,0.0,undefined,0.0,0.883958101273
nc160905,linearsvc_C1.0,1356,0.0051047297806,0.5,0.0,0.0,0.0,undefined,0.0,0.979885816574
nc160905,linearsvc_C10.0,265636,1.0,0.555555555556,0.0,0.0,0.0,undefined,0.0,16.4642760754
nc160905,linearsvc_C10.0,252355,0.95000301164,0.555555555556,0.0,0.0,0.0,undefined,0.0,15.2641928196
nc160905,linearsvc_C10.0,239738,0.90250568447,0.555555555556,0.0,0.0,0.0,undefined,0.0,14.8133780956
nc160905,linearsvc_C10.0,227752,0.857383788342,0.555555555556,0.0,0.0,0.0,undefined,0.0,13.7169420719
nc160905,linearsvc_C10.0,216365,0.814516857655,0.555555555556,0.0,0.0,0.0,undefined,0.0,12.8410310745
nc160905,linearsvc_C10.0,205547,0.77379195591,0.555555555556,0.0,0.0,0.0,undefined,0.0,11.986025095
nc160905,linearsvc_C10.0,195270,0.735103675707,0.555555555556,0.0,0.0,0.0,undefined,0.0,11.4249129295
nc160905,linearsvc_C10.0,185507,0.698350374196,0.555555555556,0.0,0.0,0.0,undefined,0.0,10.6405279636
nc160905,linearsvc_C10.0,176232,0.663434173079,0.555555555556,0.0,0.0,0.0,undefined,0.0,10.2876620293
nc160905,linearsvc_C10.0,167421,0.630264723155,0.555555555556,0.0,0.0,0.0,undefined,0.0,9.65772986412
nc160905,linearsvc_C10.0,159050,0.598751675225,0.555555555556,0.0,0.0,0.0,undefined,0.0,8.91611790657
nc160905,linearsvc_C10.0,151098,0.568815973738,0.555555555556,0.0,0.0,0.0,undefined,0.0,8.49943399429
nc160905,linearsvc_C10.0,143544,0.540378563147,0.555555555556,0.0,0.0,0.0,undefined,0.0,8.05987715721
nc160905,linearsvc_C10.0,136367,0.513360387899,0.555555555556,0.0,0.0,0.0,undefined,0.0,7.40376806259
nc160905,linearsvc_C10.0,129549,0.487693686097,0.555555555556,0.0,0.0,0.0,undefined,0.0,7.31462287903
nc160905,linearsvc_C10.0,123072,0.463310695839,0.555555555556,0.0,0.0,0.0,undefined,0.0,6.76717805862
nc160905,linearsvc_C10.0,116919,0.440147419777,0.555555555556,0.0,0.0,0.0,undefined,0.0,6.44540882111
nc160905,linearsvc_C10.0,111074,0.418143625111,0.555555555556,0.0,0.0,0.0,undefined,0.0,6.01540184021
nc160905,linearsvc_C10.0,105521,0.39723907904,0.555555555556,0.0,0.0,0.0,undefined,0.0,5.45827412605
nc160905,linearsvc_C10.0,100245,0.377377313316,0.555555555556,0.0,0.0,0.0,undefined,0.0,5.52379107475
nc160905,linearsvc_C10.0,95233,0.358509388788,0.5,0.0,0.0,0.0,undefined,0.0,5.14127492905
nc160905,linearsvc_C10.0,90472,0.340586366306,0.5,0.0,0.0,0.0,undefined,0.0,4.84931993484
nc160905,linearsvc_C10.0,85949,0.32355930672,0.5,0.0,0.0,0.0,undefined,0.0,4.60259509087
nc160905,linearsvc_C10.0,81652,0.307383035432,0.5,0.0,0.0,0.0,undefined,0.0,4.46951794624
nc160905,linearsvc_C10.0,77570,0.29201614239,0.555555555556,0.0,0.0,0.0,undefined,0.0,4.12303519249
nc160905,linearsvc_C10.0,73692,0.277417217546,0.555555555556,0.0,0.0,0.0,undefined,0.0,4.11673903465
nc160905,linearsvc_C10.0,70008,0.263548615399,0.555555555556,0.0,0.0,0.0,undefined,0.0,3.99885106087
nc160905,linearsvc_C10.0,66508,0.250372690449,0.5,0.0,0.0,0.0,undefined,0.0,3.67863988876
nc160905,linearsvc_C10.0,63183,0.237855561746,0.5,0.0,0.0,0.0,undefined,0.0,3.27390694618
nc160905,linearsvc_C10.0,60024,0.225963348341,0.5,0.0,0.0,0.0,undefined,0.0,3.1776239872
nc160905,linearsvc_C10.0,57023,0.214665933834,0.5,0.0,0.0,0.0,undefined,0.0,2.87930297852
nc160905,linearsvc_C10.0,54172,0.203933201825,0.5,0.0,0.0,0.0,undefined,0.0,2.76445293427
nc160905,linearsvc_C10.0,51464,0.193738800464,0.5,0.0,0.0,0.0,undefined,0.0,2.85989999771
nc160905,linearsvc_C10.0,48891,0.184052613351,0.5,0.0,0.0,0.0,undefined,0.0,2.60438799858
nc160905,linearsvc_C10.0,46447,0.174852053186,0.5,0.0,0.0,0.0,undefined,0.0,2.28530597687
nc160905,linearsvc_C10.0,44125,0.166110768119,0.5,0.0,0.0,0.0,undefined,0.0,2.14118409157
nc160905,linearsvc_C10.0,41919,0.15780617085,0.5,0.0,0.0,0.0,undefined,0.0,1.98569512367
nc160905,linearsvc_C10.0,39824,0.14991943863,0.5,0.0,0.0,0.0,undefined,0.0,1.90749502182
nc160905,linearsvc_C10.0,37833,0.142424219609,0.5,0.0,0.0,0.0,undefined,0.0,1.78905010223
nc160905,linearsvc_C10.0,35942,0.135305455586,0.5,0.0,0.0,0.0,undefined,0.0,1.69214296341
nc160905,linearsvc_C10.0,34145,0.128540559262,0.444444444444,0.0,0.0,0.0,undefined,0.0,1.53442502022
nc160905,linearsvc_C10.0,32438,0.122114472436,0.444444444444,0.0,0.0,0.0,undefined,0.0,1.50501394272
nc160905,linearsvc_C10.0,30817,0.116012136909,0.444444444444,0.0,0.0,0.0,undefined,0.0,1.33322310448
nc160905,linearsvc_C10.0,29277,0.110214729931,0.5,0.0,0.0,0.0,undefined,0.0,1.35388994217
nc160905,linearsvc_C10.0,27814,0.104707193302,0.5,0.0,0.0,0.0,undefined,0.0,1.24376606941
nc160905,linearsvc_C10.0,26424,0.099474468822,0.444444444444,0.0,0.0,0.0,undefined,0.0,1.20753908157
nc160905,linearsvc_C10.0,25103,0.0945014982909,0.444444444444,0.0,0.0,0.0,undefined,0.0,1.17266011238
nc160905,linearsvc_C10.0,23848,0.0897769880588,0.5,0.0,0.0,0.0,undefined,0.0,1.08790802956
nc160905,linearsvc_C10.0,22656,0.0852896444759,0.444444444444,0.0,0.0,0.0,undefined,0.0,0.989012002945
nc160905,linearsvc_C10.0,21524,0.0810281738921,0.444444444444,0.0,0.0,0.0,undefined,0.0,0.919389009476
nc160905,linearsvc_C10.0,20448,0.0769775181075,0.444444444444,0.0,0.0,0.0,undefined,0.0,0.894917011261
nc160905,linearsvc_C10.0,19426,0.0731301480221,0.444444444444,0.0,0.0,0.0,undefined,0.0,0.853752851486
nc160905,linearsvc_C10.0,18455,0.069474769986,0.444444444444,0.0,0.0,0.0,undefined,0.0,0.790209054947
nc160905,linearsvc_C10.0,17533,0.0660038548992,0.444444444444,0.0,0.0,0.0,undefined,0.0,0.779998064041
nc160905,linearsvc_C10.0,16657,0.0627061091117,0.444444444444,0.0,0.0,0.0,undefined,0.0,0.742052793503
nc160905,linearsvc_C10.0,15825,0.0595740035236,0.444444444444,0.0,0.0,0.0,undefined,0.0,0.65286397934
nc160905,linearsvc_C10.0,15034,0.0565962444849,0.388888888889,0.0,0.0,0.0,undefined,0.0,0.58238697052
nc160905,linearsvc_C10.0,14283,0.0537690674457,0.388888888889,0.0,0.0,0.0,undefined,0.0,0.642737865448
nc160905,linearsvc_C10.0,13569,0.0510811787559,0.388888888889,0.0,0.0,0.0,undefined,0.0,0.57736492157
nc160905,linearsvc_C10.0,12891,0.0485288138656,0.388888888889,0.0,0.0,0.0,undefined,0.0,0.547279834747
nc160905,linearsvc_C10.0,12247,0.0461044436748,0.5,0.0,0.0,0.0,undefined,0.0,0.50007891655
nc160905,linearsvc_C10.0,11635,0.0438005390836,0.5,0.0,0.0,0.0,undefined,0.0,0.494692802429
nc160905,linearsvc_C10.0,11054,0.0416133355419,0.5,0.0,0.0,0.0,undefined,0.0,0.438186168671
nc160905,linearsvc_C10.0,10502,0.0395353039498,0.5,0.0,0.0,0.0,undefined,0.0,0.407309055328
nc160905,linearsvc_C10.0,9977,0.0375589152073,0.444444444444,0.0,0.0,0.0,undefined,0.0,0.405533075333
nc160905,linearsvc_C10.0,9479,0.0356841693144,0.444444444444,0.0,0.0,0.0,undefined,0.0,0.377344846725
nc160905,linearsvc_C10.0,9006,0.0339035371712,0.444444444444,0.0,0.0,0.0,undefined,0.0,0.336926937103
nc160905,linearsvc_C10.0,8556,0.0322094896776,0.444444444444,0.0,0.0,0.0,undefined,0.0,0.296184062958
nc160905,linearsvc_C10.0,8129,0.0306020268337,0.444444444444,0.0,0.0,0.0,undefined,0.0,0.281684160233
nc160905,linearsvc_C10.0,7723,0.0290736195395,0.444444444444,0.0,0.0,0.0,undefined,0.0,0.323640108109
nc160905,linearsvc_C10.0,7337,0.027620503245,0.444444444444,0.0,0.0,0.0,undefined,0.0,0.271899223328
nc160905,linearsvc_C10.0,6971,0.0262426779503,0.444444444444,0.0,0.0,0.0,undefined,0.0,0.273486852646
nc160905,linearsvc_C10.0,6623,0.0249326145553,0.444444444444,0.0,0.0,0.0,undefined,0.0,0.247241973877
nc160905,linearsvc_C10.0,6292,0.02368654851,0.444444444444,0.0,0.0,0.0,undefined,0.0,0.247854948044
nc160905,linearsvc_C10.0,5978,0.0225044798145,0.444444444444,0.0,0.0,0.0,undefined,0.0,0.250810861588
nc160905,linearsvc_C10.0,5680,0.0213826439187,0.5,0.0,0.0,0.0,undefined,0.0,0.210628986359
nc160905,linearsvc_C10.0,5396,0.0203135117228,0.5,0.0,0.0,0.0,undefined,0.0,0.213742017746
nc160905,linearsvc_C10.0,5127,0.0193008477767,0.5,0.0,0.0,0.0,undefined,0.0,0.198174953461
nc160905,linearsvc_C10.0,4871,0.0183371229803,0.5,0.0,0.0,0.0,undefined,0.0,0.163793087006
nc160905,linearsvc_C10.0,4628,0.0174223373338,0.5,0.0,0.0,0.0,undefined,0.0,0.153964042664
nc160905,linearsvc_C10.0,4397,0.0165527262871,0.5,0.0,0.0,0.0,undefined,0.0,0.163698911667
nc160905,linearsvc_C10.0,4178,0.0157282898402,0.5,0.0,0.0,0.0,undefined,0.0,0.132665157318
nc160905,linearsvc_C10.0,3970,0.0149452634432,0.5,0.0,0.0,0.0,undefined,0.0,0.137208938599
nc160905,linearsvc_C10.0,3772,0.014199882546,0.5,0.0,0.0,0.0,undefined,0.0,0.121402978897
nc160905,linearsvc_C10.0,3584,0.0134921471487,0.5,0.0,0.0,0.0,undefined,0.0,0.133663892746
nc160905,linearsvc_C10.0,3405,0.0128182927013,0.5,0.0,0.0,0.0,undefined,0.0,0.150254011154
nc160905,linearsvc_C10.0,3235,0.0121783192037,0.555555555556,0.0,0.0,0.0,undefined,0.0,0.116061925888
nc160905,linearsvc_C10.0,3074,0.011572226656,0.555555555556,0.0,0.0,0.0,undefined,0.0,0.129040002823
nc160905,linearsvc_C10.0,2921,0.0109962505082,0.5,0.0,0.0,0.0,undefined,0.0,0.11613702774
nc160905,linearsvc_C10.0,2775,0.0104466262103,0.5,0.0,0.0,0.0,undefined,0.0,0.115162134171
nc160905,linearsvc_C10.0,2637,0.00992711831228,0.555555555556,0.0,0.0,0.0,undefined,0.0,0.0998630523682
nc160905,linearsvc_C10.0,2506,0.00943396226415,0.555555555556,0.0,0.0,0.0,undefined,0.0,0.118623971939
nc160905,linearsvc_C10.0,2381,0.00896339351594,0.5,0.0,0.0,0.0,undefined,0.0,0.101087093353
nc160905,linearsvc_C10.0,2262,0.00851541206764,0.5,0.0,0.0,0.0,undefined,0.0,0.0959310531616
nc160905,linearsvc_C10.0,2149,0.00809001791926,0.5,0.0,0.0,0.0,undefined,0.0,0.135671854019
nc160905,linearsvc_C10.0,2042,0.00768721107079,0.5,0.0,0.0,0.0,undefined,0.0,0.104161977768
nc160905,linearsvc_C10.0,1940,0.00730322697225,0.5,0.0,0.0,0.0,undefined,0.0,0.123108863831
nc160905,linearsvc_C10.0,1843,0.00693806562364,0.444444444444,0.0,0.0,0.0,undefined,0.0,0.117694139481
nc160905,linearsvc_C10.0,1751,0.00659172702495,0.5,0.0,0.0,0.0,undefined,0.0,0.103314161301
nc160905,linearsvc_C10.0,1664,0.0062642111762,0.5,0.0,0.0,0.0,undefined,0.0,0.12514090538
nc160905,linearsvc_C10.0,1581,0.00595175352738,0.5,0.0,0.0,0.0,undefined,0.0,0.113896131516
nc160905,linearsvc_C10.0,1502,0.00565435407851,0.444444444444,0.0,0.0,0.0,undefined,0.0,0.114237070084
nc160905,linearsvc_C10.0,1427,0.00537201282959,0.555555555556,0.0,0.0,0.0,undefined,0.0,0.107017993927
nc160905,linearsvc_C10.0,1356,0.0051047297806,0.5,0.0,0.0,0.0,undefined,0.0,0.102104902267
nc160905,linearsvc_C100.0,265636,1.0,0.555555555556,0.0,0.0,0.0,undefined,0.0,19.7812321186
nc160905,linearsvc_C100.0,252355,0.95000301164,0.555555555556,0.0,0.0,0.0,undefined,0.0,17.9050149918
nc160905,linearsvc_C100.0,239738,0.90250568447,0.555555555556,0.0,0.0,0.0,undefined,0.0,17.7644739151
nc160905,linearsvc_C100.0,227752,0.857383788342,0.555555555556,0.0,0.0,0.0,undefined,0.0,16.3677580357
nc160905,linearsvc_C100.0,216365,0.814516857655,0.555555555556,0.0,0.0,0.0,undefined,0.0,15.2446410656
nc160905,linearsvc_C100.0,205547,0.77379195591,0.555555555556,0.0,0.0,0.0,undefined,0.0,14.4256289005
nc160905,linearsvc_C100.0,195270,0.735103675707,0.555555555556,0.0,0.0,0.0,undefined,0.0,13.5756938457
nc160905,linearsvc_C100.0,185507,0.698350374196,0.555555555556,0.0,0.0,0.0,undefined,0.0,12.9670698643
nc160905,linearsvc_C100.0,176232,0.663434173079,0.555555555556,0.0,0.0,0.0,undefined,0.0,12.2975189686
nc160905,linearsvc_C100.0,167421,0.630264723155,0.555555555556,0.0,0.0,0.0,undefined,0.0,11.3797430992
nc160905,linearsvc_C100.0,159050,0.598751675225,0.555555555556,0.0,0.0,0.0,undefined,0.0,10.935983181
nc160905,linearsvc_C100.0,151098,0.568815973738,0.555555555556,0.0,0.0,0.0,undefined,0.0,10.2436199188
nc160905,linearsvc_C100.0,143544,0.540378563147,0.555555555556,0.0,0.0,0.0,undefined,0.0,9.54242706299
nc160905,linearsvc_C100.0,136367,0.513360387899,0.555555555556,0.0,0.0,0.0,undefined,0.0,9.51063394547
nc160905,linearsvc_C100.0,129549,0.487693686097,0.555555555556,0.0,0.0,0.0,undefined,0.0,9.02850604057
nc160905,linearsvc_C100.0,123072,0.463310695839,0.555555555556,0.0,0.0,0.0,undefined,0.0,8.49150705338
nc160905,linearsvc_C100.0,116919,0.440147419777,0.555555555556,0.0,0.0,0.0,undefined,0.0,7.76049184799
nc160905,linearsvc_C100.0,111074,0.418143625111,0.555555555556,0.0,0.0,0.0,undefined,0.0,7.76072406769
nc160905,linearsvc_C100.0,105521,0.39723907904,0.555555555556,0.0,0.0,0.0,undefined,0.0,6.58394908905
nc160905,linearsvc_C100.0,100245,0.377377313316,0.555555555556,0.0,0.0,0.0,undefined,0.0,6.28658103943
nc160905,linearsvc_C100.0,95233,0.358509388788,0.555555555556,0.0,0.0,0.0,undefined,0.0,5.86203503609
nc160905,linearsvc_C100.0,90472,0.340586366306,0.555555555556,0.0,0.0,0.0,undefined,0.0,5.33417987823
nc160905,linearsvc_C100.0,85949,0.32355930672,0.555555555556,0.0,0.0,0.0,undefined,0.0,4.76862597466
nc160905,linearsvc_C100.0,81652,0.307383035432,0.555555555556,0.0,0.0,0.0,undefined,0.0,4.81309103966
nc160905,linearsvc_C100.0,77570,0.29201614239,0.555555555556,0.0,0.0,0.0,undefined,0.0,4.49091792107
nc160905,linearsvc_C100.0,73692,0.277417217546,0.555555555556,0.0,0.0,0.0,undefined,0.0,4.22242379189
nc160905,linearsvc_C100.0,70008,0.263548615399,0.555555555556,0.0,0.0,0.0,undefined,0.0,4.17322206497
nc160905,linearsvc_C100.0,66508,0.250372690449,0.555555555556,0.0,0.0,0.0,undefined,0.0,3.71738100052
nc160905,linearsvc_C100.0,63183,0.237855561746,0.555555555556,0.0,0.0,0.0,undefined,0.0,3.65073609352
nc160905,linearsvc_C100.0,60024,0.225963348341,0.555555555556,0.0,0.0,0.0,undefined,0.0,3.42457604408
nc160905,linearsvc_C100.0,57023,0.214665933834,0.555555555556,0.0,0.0,0.0,undefined,0.0,3.0763361454
nc160905,linearsvc_C100.0,54172,0.203933201825,0.555555555556,0.0,0.0,0.0,undefined,0.0,3.01991009712
nc160905,linearsvc_C100.0,51464,0.193738800464,0.5,0.0,0.0,0.0,undefined,0.0,2.78223609924
nc160905,linearsvc_C100.0,48891,0.184052613351,0.5,0.0,0.0,0.0,undefined,0.0,2.6893529892
nc160905,linearsvc_C100.0,46447,0.174852053186,0.5,0.0,0.0,0.0,undefined,0.0,2.50991106033
nc160905,linearsvc_C100.0,44125,0.166110768119,0.5,0.0,0.0,0.0,undefined,0.0,2.42555904388
nc160905,linearsvc_C100.0,41919,0.15780617085,0.5,0.0,0.0,0.0,undefined,0.0,2.30464100838
nc160905,linearsvc_C100.0,39824,0.14991943863,0.5,0.0,0.0,0.0,undefined,0.0,2.13323092461
nc160905,linearsvc_C100.0,37833,0.142424219609,0.5,0.0,0.0,0.0,undefined,0.0,1.93654799461
nc160905,linearsvc_C100.0,35942,0.135305455586,0.5,0.0,0.0,0.0,undefined,0.0,1.92595100403
nc160905,linearsvc_C100.0,34145,0.128540559262,0.5,0.0,0.0,0.0,undefined,0.0,1.74767684937
nc160905,linearsvc_C100.0,32438,0.122114472436,0.5,0.0,0.0,0.0,undefined,0.0,1.67740702629
nc160905,linearsvc_C100.0,30817,0.116012136909,0.5,0.0,0.0,0.0,undefined,0.0,1.59088206291
nc160905,linearsvc_C100.0,29277,0.110214729931,0.5,0.0,0.0,0.0,undefined,0.0,1.55926203728
nc160905,linearsvc_C100.0,27814,0.104707193302,0.444444444444,0.0,0.0,0.0,undefined,0.0,1.38281202316
nc160905,linearsvc_C100.0,26424,0.099474468822,0.444444444444,0.0,0.0,0.0,undefined,0.0,1.28011083603
nc160905,linearsvc_C100.0,25103,0.0945014982909,0.555555555556,0.0,0.0,0.0,undefined,0.0,1.22132897377
nc160905,linearsvc_C100.0,23848,0.0897769880588,0.5,0.0,0.0,0.0,undefined,0.0,1.17391109467
nc160905,linearsvc_C100.0,22656,0.0852896444759,0.5,0.0,0.0,0.0,undefined,0.0,1.09950709343
nc160905,linearsvc_C100.0,21524,0.0810281738921,0.5,0.0,0.0,0.0,undefined,0.0,1.10772299767
nc160905,linearsvc_C100.0,20448,0.0769775181075,0.555555555556,0.0,0.0,0.0,undefined,0.0,1.0015039444
nc160905,linearsvc_C100.0,19426,0.0731301480221,0.555555555556,0.0,0.0,0.0,undefined,0.0,0.927213907242
nc160905,linearsvc_C100.0,18455,0.069474769986,0.555555555556,0.0,0.0,0.0,undefined,0.0,0.825050115585
nc160905,linearsvc_C100.0,17533,0.0660038548992,0.555555555556,0.0,0.0,0.0,undefined,0.0,0.83993601799
nc160905,linearsvc_C100.0,16657,0.0627061091117,0.555555555556,0.0,0.0,0.0,undefined,0.0,0.785583019257
nc160905,linearsvc_C100.0,15825,0.0595740035236,0.555555555556,0.0,0.0,0.0,undefined,0.0,0.72621512413
nc160905,linearsvc_C100.0,15034,0.0565962444849,0.5,0.0,0.0,0.0,undefined,0.0,0.687069892883
nc160905,linearsvc_C100.0,14283,0.0537690674457,0.444444444444,0.0,0.0,0.0,undefined,0.0,0.613524913788
nc160905,linearsvc_C100.0,13569,0.0510811787559,0.444444444444,0.0,0.0,0.0,undefined,0.0,0.596521139145
nc160905,linearsvc_C100.0,12891,0.0485288138656,0.5,0.0,0.0,0.0,undefined,0.0,0.541347026825
nc160905,linearsvc_C100.0,12247,0.0461044436748,0.388888888889,0.0,0.0,0.0,undefined,0.0,0.50693488121
nc160905,linearsvc_C100.0,11635,0.0438005390836,0.444444444444,0.0,0.0,0.0,undefined,0.0,0.515192985535
nc160905,linearsvc_C100.0,11054,0.0416133355419,0.388888888889,0.0,0.0,0.0,undefined,0.0,0.465141773224
nc160905,linearsvc_C100.0,10502,0.0395353039498,0.444444444444,0.0,0.0,0.0,undefined,0.0,0.404850006104
nc160905,linearsvc_C100.0,9977,0.0375589152073,0.444444444444,0.0,0.0,0.0,undefined,0.0,0.420777082443
nc160905,linearsvc_C100.0,9479,0.0356841693144,0.444444444444,0.0,0.0,0.0,undefined,0.0,0.388091087341
nc160905,linearsvc_C100.0,9006,0.0339035371712,0.444444444444,0.0,0.0,0.0,undefined,0.0,0.365032911301
nc160905,linearsvc_C100.0,8556,0.0322094896776,0.5,0.0,0.0,0.0,undefined,0.0,0.348495960236
nc160905,linearsvc_C100.0,8129,0.0306020268337,0.5,0.0,0.0,0.0,undefined,0.0,0.310204982758
nc160905,linearsvc_C100.0,7723,0.0290736195395,0.555555555556,0.0,0.0,0.0,undefined,0.0,0.315513849258
nc160905,linearsvc_C100.0,7337,0.027620503245,0.555555555556,0.0,0.0,0.0,undefined,0.0,0.263675928116
nc160905,linearsvc_C100.0,6971,0.0262426779503,0.555555555556,0.0,0.0,0.0,undefined,0.0,0.25519490242
nc160905,linearsvc_C100.0,6623,0.0249326145553,0.555555555556,0.0,0.0,0.0,undefined,0.0,0.241014003754
nc160905,linearsvc_C100.0,6292,0.02368654851,0.555555555556,0.0,0.0,0.0,undefined,0.0,0.24932217598
nc160905,linearsvc_C100.0,5978,0.0225044798145,0.555555555556,0.0,0.0,0.0,undefined,0.0,0.238304853439
nc160905,linearsvc_C100.0,5680,0.0213826439187,0.555555555556,0.0,0.0,0.0,undefined,0.0,0.225368976593
nc160905,linearsvc_C100.0,5396,0.0203135117228,0.555555555556,0.0,0.0,0.0,undefined,0.0,0.174088954926
nc160905,linearsvc_C100.0,5127,0.0193008477767,0.5,0.0,0.0,0.0,undefined,0.0,0.200909852982
nc160905,linearsvc_C100.0,4871,0.0183371229803,0.555555555556,0.0,0.0,0.0,undefined,0.0,0.201498985291
nc160905,linearsvc_C100.0,4628,0.0174223373338,0.5,0.0,0.0,0.0,undefined,0.0,0.170403003693
nc160905,linearsvc_C100.0,4397,0.0165527262871,0.444444444444,0.0,0.0,0.0,undefined,0.0,0.167025089264
nc160905,linearsvc_C100.0,4178,0.0157282898402,0.555555555556,0.0,0.0,0.0,undefined,0.0,0.150103092194
nc160905,linearsvc_C100.0,3970,0.0149452634432,0.555555555556,0.0,0.0,0.0,undefined,0.0,0.150921821594
nc160905,linearsvc_C100.0,3772,0.014199882546,0.555555555556,0.0,0.0,0.0,undefined,0.0,0.166039943695
nc160905,linearsvc_C100.0,3584,0.0134921471487,0.611111111111,0.0,0.0,0.0,undefined,0.0,0.126887083054
nc160905,linearsvc_C100.0,3405,0.0128182927013,0.611111111111,0.0,0.0,0.0,undefined,0.0,0.14258313179
nc160905,linearsvc_C100.0,3235,0.0121783192037,0.611111111111,0.0,0.0,0.0,undefined,0.0,0.134585142136
nc160905,linearsvc_C100.0,3074,0.011572226656,0.5,0.0,0.0,0.0,undefined,0.0,0.131469964981
nc160905,linearsvc_C100.0,2921,0.0109962505082,0.5,0.0,0.0,0.0,undefined,0.0,0.12335395813
nc160905,linearsvc_C100.0,2775,0.0104466262103,0.5,0.0,0.0,0.0,undefined,0.0,0.151504993439
nc160905,linearsvc_C100.0,2637,0.00992711831228,0.5,0.0,0.0,0.0,undefined,0.0,0.121644973755
nc160905,linearsvc_C100.0,2506,0.00943396226415,0.5,0.0,0.0,0.0,undefined,0.0,0.120761156082
nc160905,linearsvc_C100.0,2381,0.00896339351594,0.5,0.0,0.0,0.0,undefined,0.0,0.102516174316
nc160905,linearsvc_C100.0,2262,0.00851541206764,0.5,0.0,0.0,0.0,undefined,0.0,0.0927920341492
nc160905,linearsvc_C100.0,2149,0.00809001791926,0.5,0.0,0.0,0.0,undefined,0.0,0.0946788787842
nc160905,linearsvc_C100.0,2042,0.00768721107079,0.5,0.0,0.0,0.0,undefined,0.0,0.0975561141968
nc160905,linearsvc_C100.0,1940,0.00730322697225,0.5,0.0,0.0,0.0,undefined,0.0,0.116620063782
nc160905,linearsvc_C100.0,1843,0.00693806562364,0.444444444444,0.0,0.0,0.0,undefined,0.0,0.11544919014
nc160905,linearsvc_C100.0,1751,0.00659172702495,0.5,0.0,0.0,0.0,undefined,0.0,0.110064983368
nc160905,linearsvc_C100.0,1664,0.0062642111762,0.5,0.0,0.0,0.0,undefined,0.0,0.116266965866
nc160905,linearsvc_C100.0,1581,0.00595175352738,0.555555555556,0.0,0.0,0.0,undefined,0.0,0.114130973816
nc160905,linearsvc_C100.0,1502,0.00565435407851,0.5,0.0,0.0,0.0,undefined,0.0,0.110857009888
nc160905,linearsvc_C100.0,1427,0.00537201282959,0.388888888889,0.0,0.0,0.0,undefined,0.0,0.100339889526
nc160905,linearsvc_C100.0,1356,0.0051047297806,0.388888888889,0.0,0.0,0.0,undefined,0.0,0.103180170059
nc160905,linearsvc_C1000.0,265636,1.0,0.611111111111,0.0,0.0,0.0,undefined,0.0,19.3547019958
nc160905,linearsvc_C1000.0,252355,0.95000301164,0.611111111111,0.0,0.0,0.0,undefined,0.0,18.4007630348
nc160905,linearsvc_C1000.0,239738,0.90250568447,0.611111111111,0.0,0.0,0.0,undefined,0.0,17.2207121849
nc160905,linearsvc_C1000.0,227752,0.857383788342,0.611111111111,0.0,0.0,0.0,undefined,0.0,15.8579609394
nc160905,linearsvc_C1000.0,216365,0.814516857655,0.611111111111,0.0,0.0,0.0,undefined,0.0,15.471750021
nc160905,linearsvc_C1000.0,205547,0.77379195591,0.611111111111,0.0,0.0,0.0,undefined,0.0,14.0577111244
nc160905,linearsvc_C1000.0,195270,0.735103675707,0.611111111111,0.0,0.0,0.0,undefined,0.0,13.8063981533
nc160905,linearsvc_C1000.0,185507,0.698350374196,0.611111111111,0.0,0.0,0.0,undefined,0.0,12.4644229412
nc160905,linearsvc_C1000.0,176232,0.663434173079,0.611111111111,0.0,0.0,0.0,undefined,0.0,11.8844978809
nc160905,linearsvc_C1000.0,167421,0.630264723155,0.611111111111,0.0,0.0,0.0,undefined,0.0,11.2108130455
nc160905,linearsvc_C1000.0,159050,0.598751675225,0.611111111111,0.0,0.0,0.0,undefined,0.0,10.7750279903
nc160905,linearsvc_C1000.0,151098,0.568815973738,0.611111111111,0.0,0.0,0.0,undefined,0.0,9.6783349514
nc160905,linearsvc_C1000.0,143544,0.540378563147,0.666666666667,0.0,0.0,0.0,undefined,0.0,9.6686899662
nc160905,linearsvc_C1000.0,136367,0.513360387899,0.611111111111,0.0,0.0,0.0,undefined,0.0,8.83844995499
nc160905,linearsvc_C1000.0,129549,0.487693686097,0.611111111111,0.0,0.0,0.0,undefined,0.0,8.59925794601
nc160905,linearsvc_C1000.0,123072,0.463310695839,0.611111111111,0.0,0.0,0.0,undefined,0.0,7.72176098824
nc160905,linearsvc_C1000.0,116919,0.440147419777,0.611111111111,0.0,0.0,0.0,undefined,0.0,7.56519603729
nc160905,linearsvc_C1000.0,111074,0.418143625111,0.611111111111,0.0,0.0,0.0,undefined,0.0,7.20869588852
nc160905,linearsvc_C1000.0,105521,0.39723907904,0.611111111111,0.0,0.0,0.0,undefined,0.0,6.70208406448
nc160905,linearsvc_C1000.0,100245,0.377377313316,0.611111111111,0.0,0.0,0.0,undefined,0.0,6.13159704208
nc160905,linearsvc_C1000.0,95233,0.358509388788,0.611111111111,0.0,0.0,0.0,undefined,0.0,5.94895601273
nc160905,linearsvc_C1000.0,90472,0.340586366306,0.611111111111,0.0,0.0,0.0,undefined,0.0,5.62736797333
nc160905,linearsvc_C1000.0,85949,0.32355930672,0.611111111111,0.0,0.0,0.0,undefined,0.0,5.23850512505
nc160905,linearsvc_C1000.0,81652,0.307383035432,0.611111111111,0.0,0.0,0.0,undefined,0.0,4.97441601753
nc160905,linearsvc_C1000.0,77570,0.29201614239,0.611111111111,0.0,0.0,0.0,undefined,0.0,4.71744203568
nc160905,linearsvc_C1000.0,73692,0.277417217546,0.611111111111,0.0,0.0,0.0,undefined,0.0,4.39925789833
nc160905,linearsvc_C1000.0,70008,0.263548615399,0.611111111111,0.0,0.0,0.0,undefined,0.0,4.11801600456
nc160905,linearsvc_C1000.0,66508,0.250372690449,0.611111111111,0.0,0.0,0.0,undefined,0.0,4.01594400406
nc160905,linearsvc_C1000.0,63183,0.237855561746,0.611111111111,0.0,0.0,0.0,undefined,0.0,3.63842916489
nc160905,linearsvc_C1000.0,60024,0.225963348341,0.555555555556,0.0,0.0,0.0,undefined,0.0,3.56742691994
nc160905,linearsvc_C1000.0,57023,0.214665933834,0.5,0.0,0.0,0.0,undefined,0.0,3.27506089211
nc160905,linearsvc_C1000.0,54172,0.203933201825,0.5,0.0,0.0,0.0,undefined,0.0,3.02276706696
nc160905,linearsvc_C1000.0,51464,0.193738800464,0.5,0.0,0.0,0.0,undefined,0.0,3.04604291916
nc160905,linearsvc_C1000.0,48891,0.184052613351,0.5,0.0,0.0,0.0,undefined,0.0,2.74825692177
nc160905,linearsvc_C1000.0,46447,0.174852053186,0.5,0.0,0.0,0.0,undefined,0.0,2.57122087479
nc160905,linearsvc_C1000.0,44125,0.166110768119,0.5,0.0,0.0,0.0,undefined,0.0,2.451130867
nc160905,linearsvc_C1000.0,41919,0.15780617085,0.5,0.0,0.0,0.0,undefined,0.0,2.32670593262
nc160905,linearsvc_C1000.0,39824,0.14991943863,0.5,0.0,0.0,0.0,undefined,0.0,2.16734600067
nc160905,linearsvc_C1000.0,37833,0.142424219609,0.444444444444,0.0,0.0,0.0,undefined,0.0,2.04090309143
nc160905,linearsvc_C1000.0,35942,0.135305455586,0.5,0.0,0.0,0.0,undefined,0.0,1.95092701912
nc160905,linearsvc_C1000.0,34145,0.128540559262,0.444444444444,0.0,0.0,0.0,undefined,0.0,1.80148816109
nc160905,linearsvc_C1000.0,32438,0.122114472436,0.444444444444,0.0,0.0,0.0,undefined,0.0,1.68708491325
nc160905,linearsvc_C1000.0,30817,0.116012136909,0.388888888889,0.0,0.0,0.0,undefined,0.0,1.6467499733
nc160905,linearsvc_C1000.0,29277,0.110214729931,0.388888888889,0.0,0.0,0.0,undefined,0.0,1.46938300133
nc160905,linearsvc_C1000.0,27814,0.104707193302,0.388888888889,0.0,0.0,0.0,undefined,0.0,1.46023201942
nc160905,linearsvc_C1000.0,26424,0.099474468822,0.333333333333,0.0,0.0,0.0,undefined,0.0,1.3872179985
nc160905,linearsvc_C1000.0,25103,0.0945014982909,0.333333333333,0.0,0.0,0.0,undefined,0.0,1.24018096924
nc160905,linearsvc_C1000.0,23848,0.0897769880588,0.333333333333,0.0,0.0,0.0,undefined,0.0,1.20468997955
nc160905,linearsvc_C1000.0,22656,0.0852896444759,0.333333333333,0.0,0.0,0.0,undefined,0.0,1.06781888008
nc160905,linearsvc_C1000.0,21524,0.0810281738921,0.388888888889,0.0,0.0,0.0,undefined,0.0,1.1194870472
nc160905,linearsvc_C1000.0,20448,0.0769775181075,0.388888888889,0.0,0.0,0.0,undefined,0.0,1.05513811111
nc160905,linearsvc_C1000.0,19426,0.0731301480221,0.388888888889,0.0,0.0,0.0,undefined,0.0,0.979887962341
nc160905,linearsvc_C1000.0,18455,0.069474769986,0.333333333333,0.0,0.0,0.0,undefined,0.0,0.932018995285
nc160905,linearsvc_C1000.0,17533,0.0660038548992,0.388888888889,0.0,0.0,0.0,undefined,0.0,0.849040985107
nc160905,linearsvc_C1000.0,16657,0.0627061091117,0.388888888889,0.0,0.0,0.0,undefined,0.0,0.800828933716
nc160905,linearsvc_C1000.0,15825,0.0595740035236,0.388888888889,0.0,0.0,0.0,undefined,0.0,0.76106095314
nc160905,linearsvc_C1000.0,15034,0.0565962444849,0.333333333333,0.0,0.0,0.0,undefined,0.0,0.716938972473
nc160905,linearsvc_C1000.0,14283,0.0537690674457,0.333333333333,0.0,0.0,0.0,undefined,0.0,0.691022872925
nc160905,linearsvc_C1000.0,13569,0.0510811787559,0.333333333333,0.0,0.0,0.0,undefined,0.0,0.615716934204
nc160905,linearsvc_C1000.0,12891,0.0485288138656,0.333333333333,0.0,0.0,0.0,undefined,0.0,0.589337110519
nc160905,linearsvc_C1000.0,12247,0.0461044436748,0.333333333333,0.0,0.0,0.0,undefined,0.0,0.531256914139
nc160905,linearsvc_C1000.0,11635,0.0438005390836,0.333333333333,0.0,0.0,0.0,undefined,0.0,0.521679878235
nc160905,linearsvc_C1000.0,11054,0.0416133355419,0.333333333333,0.0,0.0,0.0,undefined,0.0,0.479656934738
nc160905,linearsvc_C1000.0,10502,0.0395353039498,0.277777777778,0.0,0.0,0.0,undefined,0.0,0.446150064468
nc160905,linearsvc_C1000.0,9977,0.0375589152073,0.388888888889,0.0,0.0,0.0,undefined,0.0,0.421746969223
nc160905,linearsvc_C1000.0,9479,0.0356841693144,0.388888888889,0.0,0.0,0.0,undefined,0.0,0.381381034851
nc160905,linearsvc_C1000.0,9006,0.0339035371712,0.333333333333,0.0,0.0,0.0,undefined,0.0,0.362133026123
nc160905,linearsvc_C1000.0,8556,0.0322094896776,0.333333333333,0.0,0.0,0.0,undefined,0.0,0.360785961151
nc160905,linearsvc_C1000.0,8129,0.0306020268337,0.333333333333,0.0,0.0,0.0,undefined,0.0,0.3155169487
nc160905,linearsvc_C1000.0,7723,0.0290736195395,0.333333333333,0.0,0.0,0.0,undefined,0.0,0.297554969788
nc160905,linearsvc_C1000.0,7337,0.027620503245,0.333333333333,0.0,0.0,0.0,undefined,0.0,0.284026861191
nc160905,linearsvc_C1000.0,6971,0.0262426779503,0.277777777778,0.0,0.0,0.0,undefined,0.0,0.253499031067
nc160905,linearsvc_C1000.0,6623,0.0249326145553,0.333333333333,0.0,0.0,0.0,undefined,0.0,0.277787923813
nc160905,linearsvc_C1000.0,6292,0.02368654851,0.388888888889,0.0,0.0,0.0,undefined,0.0,0.240230083466
nc160905,linearsvc_C1000.0,5978,0.0225044798145,0.333333333333,0.0,0.0,0.0,undefined,0.0,0.216538906097
nc160905,linearsvc_C1000.0,5680,0.0213826439187,0.333333333333,0.0,0.0,0.0,undefined,0.0,0.235388994217
nc160905,linearsvc_C1000.0,5396,0.0203135117228,0.333333333333,0.0,0.0,0.0,undefined,0.0,0.220925807953
nc160905,linearsvc_C1000.0,5127,0.0193008477767,0.277777777778,0.0,0.0,0.0,undefined,0.0,0.200209140778
nc160905,linearsvc_C1000.0,4871,0.0183371229803,0.333333333333,0.0,0.0,0.0,undefined,0.0,0.181800842285
nc160905,linearsvc_C1000.0,4628,0.0174223373338,0.333333333333,0.0,0.0,0.0,undefined,0.0,0.180238962173
nc160905,linearsvc_C1000.0,4397,0.0165527262871,0.333333333333,0.0,0.0,0.0,undefined,0.0,0.149030208588
nc160905,linearsvc_C1000.0,4178,0.0157282898402,0.333333333333,0.0,0.0,0.0,undefined,0.0,0.146613121033
nc160905,linearsvc_C1000.0,3970,0.0149452634432,0.333333333333,0.0,0.0,0.0,undefined,0.0,0.18358206749
nc160905,linearsvc_C1000.0,3772,0.014199882546,0.388888888889,0.0,0.0,0.0,undefined,0.0,0.145654201508
nc160905,linearsvc_C1000.0,3584,0.0134921471487,0.444444444444,0.0,0.0,0.0,undefined,0.0,0.145710945129
nc160905,linearsvc_C1000.0,3405,0.0128182927013,0.444444444444,0.0,0.0,0.0,undefined,0.0,0.134730815887
nc160905,linearsvc_C1000.0,3235,0.0121783192037,0.388888888889,0.0,0.0,0.0,undefined,0.0,0.138441085815
nc160905,linearsvc_C1000.0,3074,0.011572226656,0.388888888889,0.0,0.0,0.0,undefined,0.0,0.132302045822
nc160905,linearsvc_C1000.0,2921,0.0109962505082,0.333333333333,0.0,0.0,0.0,undefined,0.0,0.124090909958
nc160905,linearsvc_C1000.0,2775,0.0104466262103,0.333333333333,0.0,0.0,0.0,undefined,0.0,0.127555847168
nc160905,linearsvc_C1000.0,2637,0.00992711831228,0.333333333333,0.0,0.0,0.0,undefined,0.0,0.113163948059
nc160905,linearsvc_C1000.0,2506,0.00943396226415,0.333333333333,0.0,0.0,0.0,undefined,0.0,0.105573892593
nc160905,linearsvc_C1000.0,2381,0.00896339351594,0.388888888889,0.0,0.0,0.0,undefined,0.0,0.0994329452515
nc160905,linearsvc_C1000.0,2262,0.00851541206764,0.333333333333,0.0,0.0,0.0,undefined,0.0,0.0975959300995
nc160905,linearsvc_C1000.0,2149,0.00809001791926,0.388888888889,0.0,0.0,0.0,undefined,0.0,0.131915092468
nc160905,linearsvc_C1000.0,2042,0.00768721107079,0.333333333333,0.0,0.0,0.0,undefined,0.0,0.0978288650513
nc160905,linearsvc_C1000.0,1940,0.00730322697225,0.277777777778,0.0,0.0,0.0,undefined,0.0,0.122401952744
nc160905,linearsvc_C1000.0,1843,0.00693806562364,0.277777777778,0.0,0.0,0.0,undefined,0.0,0.122166156769
nc160905,linearsvc_C1000.0,1751,0.00659172702495,0.333333333333,0.0,0.0,0.0,undefined,0.0,0.118516921997
nc160905,linearsvc_C1000.0,1664,0.0062642111762,0.333333333333,0.0,0.0,0.0,undefined,0.0,0.108052968979
nc160905,linearsvc_C1000.0,1581,0.00595175352738,0.333333333333,0.0,0.0,0.0,undefined,0.0,0.108191013336
nc160905,linearsvc_C1000.0,1502,0.00565435407851,0.277777777778,0.0,0.0,0.0,undefined,0.0,0.113276004791
nc160905,linearsvc_C1000.0,1427,0.00537201282959,0.277777777778,0.0,0.0,0.0,undefined,0.0,0.108578920364
nc160905,linearsvc_C1000.0,1356,0.0051047297806,0.277777777778,0.0,0.0,0.0,undefined,0.0,0.100077152252
nc160905,elasticnetiter1000_l1ratio0.15,265636,1.0,0.555555555556,0.0,0.0,0.0,undefined,0.0,1010.67648697
nc160905,elasticnetiter1000_l1ratio0.15,252355,0.95000301164,0.666666666667,0.0,0.0,0.0,undefined,0.0,971.057795048
nc160905,elasticnetiter1000_l1ratio0.15,239738,0.90250568447,0.333333333333,0.0,0.0,0.0,undefined,0.0,932.812496901
nc160905,elasticnetiter1000_l1ratio0.15,227752,0.857383788342,0.555555555556,0.0,0.0,0.0,undefined,0.0,891.328466892
nc160905,elasticnetiter1000_l1ratio0.15,216365,0.814516857655,0.388888888889,0.0,0.0,0.0,undefined,0.0,856.77853179
nc160905,elasticnetiter1000_l1ratio0.15,205547,0.77379195591,0.5,0.0,0.0,0.0,undefined,0.0,814.988454103
nc160905,elasticnetiter1000_l1ratio0.15,195270,0.735103675707,0.555555555556,0.0,0.0,0.0,undefined,0.0,778.005231857
nc160905,elasticnetiter1000_l1ratio0.15,185507,0.698350374196,0.444444444444,0.0,0.0,0.0,undefined,0.0,741.90855813
nc160905,elasticnetiter1000_l1ratio0.15,176232,0.663434173079,0.555555555556,0.0,0.0,0.0,undefined,0.0,714.917378902
nc160905,elasticnetiter1000_l1ratio0.15,167421,0.630264723155,0.333333333333,0.0,0.0,0.0,undefined,0.0,675.1499722
nc160905,elasticnetiter1000_l1ratio0.15,159050,0.598751675225,0.611111111111,0.0,0.0,0.0,undefined,0.0,655.250530958
nc160905,elasticnetiter1000_l1ratio0.15,151098,0.568815973738,0.5,0.0,0.0,0.0,undefined,0.0,626.901852846
nc160905,elasticnetiter1000_l1ratio0.15,143544,0.540378563147,0.5,0.0,0.0,0.0,undefined,0.0,592.872425079
nc160905,elasticnetiter1000_l1ratio0.15,136367,0.513360387899,0.444444444444,0.0,0.0,0.0,undefined,0.0,571.104576826
nc160905,elasticnetiter1000_l1ratio0.15,129549,0.487693686097,0.444444444444,0.0,0.0,0.0,undefined,0.0,541.789040089
nc160905,elasticnetiter1000_l1ratio0.15,123072,0.463310695839,0.5,0.0,0.0,0.0,undefined,0.0,522.242399216
nc160905,elasticnetiter1000_l1ratio0.15,116919,0.440147419777,0.166666666667,0.0,0.0,0.0,undefined,0.0,492.936442137
nc160905,elasticnetiter1000_l1ratio0.15,111074,0.418143625111,0.388888888889,0.0,0.0,0.0,undefined,0.0,487.445617199
nc160905,elasticnetiter1000_l1ratio0.15,105521,0.39723907904,0.333333333333,0.0,0.0,0.0,undefined,0.0,466.7305758
nc160905,elasticnetiter1000_l1ratio0.15,100245,0.377377313316,0.222222222222,0.0,0.0,0.0,undefined,0.0,443.514868975
nc160905,elasticnetiter1000_l1ratio0.15,95233,0.358509388788,0.277777777778,0.0,0.0,0.0,undefined,0.0,428.873385906
nc160905,elasticnetiter1000_l1ratio0.15,90472,0.340586366306,0.166666666667,0.0,0.0,0.0,undefined,0.0,388.766906977
nc160905,elasticnetiter1000_l1ratio0.15,85949,0.32355930672,0.277777777778,0.0,0.0,0.0,undefined,0.0,377.185952902
nc160905,elasticnetiter1000_l1ratio0.15,81652,0.307383035432,0.388888888889,0.0,0.0,0.0,undefined,0.0,361.515203953
nc160905,elasticnetiter1000_l1ratio0.15,77570,0.29201614239,0.277777777778,0.0,0.0,0.0,undefined,0.0,346.901873827
nc160905,elasticnetiter1000_l1ratio0.15,73692,0.277417217546,0.111111111111,0.0,0.0,0.0,undefined,0.0,320.966629982
nc160905,elasticnetiter1000_l1ratio0.15,70008,0.263548615399,0.111111111111,0.0,0.0,0.0,undefined,0.0,322.590627909
nc160905,elasticnetiter1000_l1ratio0.15,66508,0.250372690449,0.222222222222,0.0,0.0,0.0,undefined,0.0,296.969866037
nc160905,elasticnetiter1000_l1ratio0.15,63183,0.237855561746,0.111111111111,0.0,0.0,0.0,undefined,0.0,285.795574903
nc160905,elasticnetiter1000_l1ratio0.15,60024,0.225963348341,0.0,0.0,0.0,0.0,undefined,0.0,289.965440035
nc160905,elasticnetiter1000_l1ratio0.15,57023,0.214665933834,0.166666666667,0.0,0.0,0.0,undefined,0.0,261.672675133
nc160905,elasticnetiter1000_l1ratio0.15,54172,0.203933201825,0.277777777778,0.0,0.0,0.0,undefined,0.0,267.333496094
nc160905,elasticnetiter1000_l1ratio0.15,51464,0.193738800464,0.0555555555556,0.0,0.0,0.0,undefined,0.0,237.721824884
nc160905,elasticnetiter1000_l1ratio0.15,48891,0.184052613351,0.0555555555556,0.0,0.0,0.0,undefined,0.0,229.104197979
nc160905,elasticnetiter1000_l1ratio0.15,46447,0.174852053186,0.0,0.0,0.0,0.0,undefined,0.0,222.08265996
nc160905,elasticnetiter1000_l1ratio0.15,44125,0.166110768119,0.0555555555556,0.0,0.0,0.0,undefined,0.0,209.626813173
nc160905,elasticnetiter1000_l1ratio0.15,41919,0.15780617085,0.0555555555556,0.0,0.0,0.0,undefined,0.0,193.088677168
nc160905,elasticnetiter1000_l1ratio0.15,39824,0.14991943863,0.0,0.0,0.0,0.0,undefined,0.0,201.373951197
nc160905,elasticnetiter1000_l1ratio0.15,37833,0.142424219609,0.0555555555556,0.0,0.0,0.0,undefined,0.0,188.452710867
nc160905,elasticnetiter1000_l1ratio0.15,35942,0.135305455586,0.0,0.0,0.0,0.0,undefined,0.0,179.710376024
nc160905,elasticnetiter1000_l1ratio0.15,34145,0.128540559262,0.0555555555556,0.0,0.0,0.0,undefined,0.0,170.570516825
nc160905,elasticnetiter1000_l1ratio0.15,32438,0.122114472436,0.0,0.0,0.0,0.0,undefined,0.0,154.238237858
nc160905,elasticnetiter1000_l1ratio0.15,30817,0.116012136909,0.0,0.0,0.0,0.0,undefined,0.0,154.879423141
nc160905,elasticnetiter1000_l1ratio0.15,29277,0.110214729931,0.0555555555556,0.0,0.0,0.0,undefined,0.0,138.611367941
nc160905,elasticnetiter1000_l1ratio0.15,27814,0.104707193302,0.0555555555556,0.0,0.0,0.0,undefined,0.0,143.163489103
nc160905,elasticnetiter1000_l1ratio0.15,26424,0.099474468822,0.0,0.0,0.0,0.0,undefined,0.0,135.343160152
nc160905,elasticnetiter1000_l1ratio0.15,25103,0.0945014982909,0.0,0.0,0.0,0.0,undefined,0.0,123.718387842
nc160905,elasticnetiter1000_l1ratio0.15,23848,0.0897769880588,0.0555555555556,0.0,0.0,0.0,undefined,0.0,120.609019995
nc160905,elasticnetiter1000_l1ratio0.15,22656,0.0852896444759,0.0,0.0,0.0,0.0,undefined,0.0,116.725485086
nc160905,elasticnetiter1000_l1ratio0.15,21524,0.0810281738921,0.0,0.0,0.0,0.0,undefined,0.0,105.027078867
nc160905,elasticnetiter1000_l1ratio0.15,20448,0.0769775181075,0.222222222222,0.0,0.0,0.0,undefined,0.0,104.293397903
nc160905,elasticnetiter1000_l1ratio0.15,19426,0.0731301480221,0.0,0.0,0.0,0.0,undefined,0.0,99.1873369217
nc160905,elasticnetiter1000_l1ratio0.15,18455,0.069474769986,0.0,0.0,0.0,0.0,undefined,0.0,92.616257906
nc160905,elasticnetiter1000_l1ratio0.15,17533,0.0660038548992,0.0,0.0,0.0,0.0,undefined,0.0,89.3390328884
nc160905,elasticnetiter1000_l1ratio0.15,16657,0.0627061091117,0.0,0.0,0.0,0.0,undefined,0.0,84.9199409485
nc160905,elasticnetiter1000_l1ratio0.15,15825,0.0595740035236,0.0,0.0,0.0,0.0,undefined,0.0,80.0300469398
nc160905,elasticnetiter1000_l1ratio0.15,15034,0.0565962444849,0.0,0.0,0.0,0.0,undefined,0.0,77.4846129417
nc160905,elasticnetiter1000_l1ratio0.15,14283,0.0537690674457,0.0,0.0,0.0,0.0,undefined,0.0,73.4020419121
nc160905,elasticnetiter1000_l1ratio0.15,13569,0.0510811787559,0.0,0.0,0.0,0.0,undefined,0.0,69.7867860794
nc160905,elasticnetiter1000_l1ratio0.15,12891,0.0485288138656,0.0,0.0,0.0,0.0,undefined,0.0,64.9276640415
nc160905,elasticnetiter1000_l1ratio0.15,12247,0.0461044436748,0.0,0.0,0.0,0.0,undefined,0.0,60.7521319389
nc160905,elasticnetiter1000_l1ratio0.15,11635,0.0438005390836,0.555555555556,0.0,0.0,0.0,undefined,0.0,57.0383930206
nc160905,elasticnetiter1000_l1ratio0.15,11054,0.0416133355419,0.0,0.0,0.0,0.0,undefined,0.0,54.6679160595
nc160905,elasticnetiter1000_l1ratio0.15,10502,0.0395353039498,0.0,0.0,0.0,0.0,undefined,0.0,51.2946460247
nc160905,elasticnetiter1000_l1ratio0.15,9977,0.0375589152073,0.0,0.0,0.0,0.0,undefined,0.0,49.1128258705
nc160905,elasticnetiter1000_l1ratio0.15,9479,0.0356841693144,0.0,0.0,0.0,0.0,undefined,0.0,48.038203001
nc160905,elasticnetiter1000_l1ratio0.15,9006,0.0339035371712,0.0,0.0,0.0,0.0,undefined,0.0,44.275482893
nc160905,elasticnetiter1000_l1ratio0.15,8556,0.0322094896776,0.0,0.0,0.0,0.0,undefined,0.0,41.9850969315
nc160905,elasticnetiter1000_l1ratio0.15,8129,0.0306020268337,0.0,0.0,0.0,0.0,undefined,0.0,41.3117089272
nc160905,elasticnetiter1000_l1ratio0.15,7723,0.0290736195395,0.0,0.0,0.0,0.0,undefined,0.0,38.177770853
nc160905,elasticnetiter1000_l1ratio0.15,7337,0.027620503245,0.0,0.0,0.0,0.0,undefined,0.0,35.8924229145
nc160905,elasticnetiter1000_l1ratio0.15,6971,0.0262426779503,0.0,0.0,0.0,0.0,undefined,0.0,34.4962451458
nc160905,elasticnetiter1000_l1ratio0.15,6623,0.0249326145553,0.0,0.0,0.0,0.0,undefined,0.0,32.6167209148
nc160905,elasticnetiter1000_l1ratio0.15,6292,0.02368654851,0.0,0.0,0.0,0.0,undefined,0.0,30.7080540657
nc160905,elasticnetiter1000_l1ratio0.15,5978,0.0225044798145,0.0,0.0,0.0,0.0,undefined,0.0,29.1553361416
nc160905,elasticnetiter1000_l1ratio0.15,5680,0.0213826439187,0.0,0.0,0.0,0.0,undefined,0.0,27.5088148117
nc160905,elasticnetiter1000_l1ratio0.15,5396,0.0203135117228,0.0,0.0,0.0,0.0,undefined,0.0,25.3862919807
nc160905,elasticnetiter1000_l1ratio0.15,5127,0.0193008477767,0.0,0.0,0.0,0.0,undefined,0.0,24.4087741375
nc160905,elasticnetiter1000_l1ratio0.15,4871,0.0183371229803,0.0,0.0,0.0,0.0,undefined,0.0,22.9505579472
nc160905,elasticnetiter1000_l1ratio0.15,4628,0.0174223373338,0.0,0.0,0.0,0.0,undefined,0.0,21.6705000401
nc160905,elasticnetiter1000_l1ratio0.15,4397,0.0165527262871,0.0,0.0,0.0,0.0,undefined,0.0,20.3526070118
nc160905,elasticnetiter1000_l1ratio0.15,4178,0.0157282898402,0.0,0.0,0.0,0.0,undefined,0.0,19.1246151924
nc160905,elasticnetiter1000_l1ratio0.15,3970,0.0149452634432,0.0,0.0,0.0,0.0,undefined,0.0,19.3285679817
nc160905,elasticnetiter1000_l1ratio0.15,3772,0.014199882546,0.0,0.0,0.0,0.0,undefined,0.0,17.1992478371
nc160905,elasticnetiter1000_l1ratio0.15,3584,0.0134921471487,0.0,0.0,0.0,0.0,undefined,0.0,16.2516851425
nc160905,elasticnetiter1000_l1ratio0.15,3405,0.0128182927013,0.0,0.0,0.0,0.0,undefined,0.0,16.0080888271
nc160905,elasticnetiter1000_l1ratio0.15,3235,0.0121783192037,0.0,0.0,0.0,0.0,undefined,0.0,14.8539659977
nc160905,elasticnetiter1000_l1ratio0.15,3074,0.011572226656,0.0,0.0,0.0,0.0,undefined,0.0,14.835807085
nc160905,elasticnetiter1000_l1ratio0.15,2921,0.0109962505082,0.0,0.0,0.0,0.0,undefined,0.0,13.0743839741
nc160905,elasticnetiter1000_l1ratio0.15,2775,0.0104466262103,0.0,0.0,0.0,0.0,undefined,0.0,12.4062139988
nc160905,elasticnetiter1000_l1ratio0.15,2637,0.00992711831228,0.0,0.0,0.0,0.0,undefined,0.0,11.6248829365
nc160905,elasticnetiter1000_l1ratio0.15,2506,0.00943396226415,0.0,0.0,0.0,0.0,undefined,0.0,10.9987380505
nc160905,elasticnetiter1000_l1ratio0.15,2381,0.00896339351594,0.0,0.0,0.0,0.0,undefined,0.0,10.1263160706
nc160905,elasticnetiter1000_l1ratio0.15,2262,0.00851541206764,0.0,0.0,0.0,0.0,undefined,0.0,9.79153299332
nc160905,elasticnetiter1000_l1ratio0.15,2149,0.00809001791926,0.0,0.0,0.0,0.0,undefined,0.0,9.03871011734
nc160905,elasticnetiter1000_l1ratio0.15,2042,0.00768721107079,0.0,0.0,0.0,0.0,undefined,0.0,8.89967608452
nc160905,elasticnetiter1000_l1ratio0.15,1940,0.00730322697225,0.0,0.0,0.0,0.0,undefined,0.0,8.24899601936
nc160905,elasticnetiter1000_l1ratio0.15,1843,0.00693806562364,0.0,0.0,0.0,0.0,undefined,0.0,7.7768201828
nc160905,elasticnetiter1000_l1ratio0.15,1751,0.00659172702495,0.0,0.0,0.0,0.0,undefined,0.0,7.25148200989
nc160905,elasticnetiter1000_l1ratio0.15,1664,0.0062642111762,0.0,0.0,0.0,0.0,undefined,0.0,6.58454012871
nc160905,elasticnetiter1000_l1ratio0.15,1581,0.00595175352738,0.0,0.0,0.0,0.0,undefined,0.0,6.79940509796
nc160905,elasticnetiter1000_l1ratio0.15,1502,0.00565435407851,0.0,0.0,0.0,0.0,undefined,0.0,6.125259161
nc160905,elasticnetiter1000_l1ratio0.15,1427,0.00537201282959,0.0,0.0,0.0,0.0,undefined,0.0,5.64008593559
nc160905,elasticnetiter1000_l1ratio0.15,1356,0.0051047297806,0.0,0.0,0.0,0.0,undefined,0.0,5.20106506348
