rs160730,linearsvc_C0.0001,265636,1.0,0.555555555556,0.0,0.0,0.0,undefined,0.0,106.456045866
rs160730,linearsvc_C0.0001,252355,0.95000301164,0.555555555556,0.0,0.0,0.0,undefined,0.0,76.7009150982
rs160730,linearsvc_C0.0001,239738,0.90250568447,0.555555555556,0.0,0.0,0.0,undefined,0.0,127.687073946
rs160730,linearsvc_C0.0001,227752,0.857383788342,0.555555555556,0.0,0.0,0.0,undefined,0.0,76.0675668716
rs160730,linearsvc_C0.0001,216365,0.814516857655,0.555555555556,0.0,0.0,0.0,undefined,0.0,68.5908539295
rs160730,linearsvc_C0.0001,205547,0.77379195591,0.555555555556,0.0,0.0,0.0,undefined,0.0,59.9131300449
rs160730,linearsvc_C0.0001,195270,0.735103675707,0.555555555556,0.0,0.0,0.0,undefined,0.0,53.6883568764
rs160730,linearsvc_C0.0001,185507,0.698350374196,0.555555555556,0.0,0.0,0.0,undefined,0.0,43.146903038
rs160730,linearsvc_C0.0001,176232,0.663434173079,0.555555555556,0.0,0.0,0.0,undefined,0.0,40.6295180321
rs160730,linearsvc_C0.0001,167421,0.630264723155,0.555555555556,0.0,0.0,0.0,undefined,0.0,38.0627670288
rs160730,linearsvc_C0.0001,159050,0.598751675225,0.555555555556,0.0,0.0,0.0,undefined,0.0,34.2679619789
rs160730,linearsvc_C0.0001,151098,0.568815973738,0.555555555556,0.0,0.0,0.0,undefined,0.0,27.4241921902
rs160730,linearsvc_C0.0001,143544,0.540378563147,0.555555555556,0.0,0.0,0.0,undefined,0.0,24.9631490707
rs160730,linearsvc_C0.0001,136367,0.513360387899,0.555555555556,0.0,0.0,0.0,undefined,0.0,26.3855531216
rs160730,linearsvc_C0.0001,129549,0.487693686097,0.555555555556,0.0,0.0,0.0,undefined,0.0,24.1023628712
rs160730,linearsvc_C0.0001,123072,0.463310695839,0.555555555556,0.0,0.0,0.0,undefined,0.0,21.885212183
rs160730,linearsvc_C0.0001,116919,0.440147419777,0.555555555556,0.0,0.0,0.0,undefined,0.0,20.2331361771
rs160730,linearsvc_C0.0001,111074,0.418143625111,0.555555555556,0.0,0.0,0.0,undefined,0.0,26.0157208443
rs160730,linearsvc_C0.0001,105521,0.39723907904,0.555555555556,0.0,0.0,0.0,undefined,0.0,15.5454068184
rs160730,linearsvc_C0.0001,100245,0.377377313316,0.555555555556,0.0,0.0,0.0,undefined,0.0,13.1106419563
rs160730,linearsvc_C0.0001,95233,0.358509388788,0.555555555556,0.0,0.0,0.0,undefined,0.0,12.9825201035
rs160730,linearsvc_C0.0001,90472,0.340586366306,0.555555555556,0.0,0.0,0.0,undefined,0.0,12.616453886
rs160730,linearsvc_C0.0001,85949,0.32355930672,0.555555555556,0.0,0.0,0.0,undefined,0.0,11.5779099464
rs160730,linearsvc_C0.0001,81652,0.307383035432,0.555555555556,0.0,0.0,0.0,undefined,0.0,9.62072205544
rs160730,linearsvc_C0.0001,77570,0.29201614239,0.555555555556,0.0,0.0,0.0,undefined,0.0,9.46546006203
rs160730,linearsvc_C0.0001,73692,0.277417217546,0.5,0.0,0.0,0.0,undefined,0.0,8.20571184158
rs160730,linearsvc_C0.0001,70008,0.263548615399,0.5,0.0,0.0,0.0,undefined,0.0,7.77152204514
rs160730,linearsvc_C0.0001,66508,0.250372690449,0.5,0.0,0.0,0.0,undefined,0.0,6.4415678978
rs160730,linearsvc_C0.0001,63183,0.237855561746,0.5,0.0,0.0,0.0,undefined,0.0,5.91562604904
rs160730,linearsvc_C0.0001,60024,0.225963348341,0.5,0.0,0.0,0.0,undefined,0.0,6.00883293152
rs160730,linearsvc_C0.0001,57023,0.214665933834,0.5,0.0,0.0,0.0,undefined,0.0,5.12209701538
rs160730,linearsvc_C0.0001,54172,0.203933201825,0.5,0.0,0.0,0.0,undefined,0.0,4.29046487808
rs160730,linearsvc_C0.0001,51464,0.193738800464,0.5,0.0,0.0,0.0,undefined,0.0,4.39182019234
rs160730,linearsvc_C0.0001,48891,0.184052613351,0.5,0.0,0.0,0.0,undefined,0.0,3.71549391747
rs160730,linearsvc_C0.0001,46447,0.174852053186,0.5,0.0,0.0,0.0,undefined,0.0,3.72249388695
rs160730,linearsvc_C0.0001,44125,0.166110768119,0.5,0.0,0.0,0.0,undefined,0.0,2.94386291504
rs160730,linearsvc_C0.0001,41919,0.15780617085,0.5,0.0,0.0,0.0,undefined,0.0,2.81828808784
rs160730,linearsvc_C0.0001,39824,0.14991943863,0.5,0.0,0.0,0.0,undefined,0.0,2.71269989014
rs160730,linearsvc_C0.0001,37833,0.142424219609,0.5,0.0,0.0,0.0,undefined,0.0,2.77673482895
rs160730,linearsvc_C0.0001,35942,0.135305455586,0.5,0.0,0.0,0.0,undefined,0.0,2.28065896034
rs160730,linearsvc_C0.0001,34145,0.128540559262,0.5,0.0,0.0,0.0,undefined,0.0,1.84540700912
rs160730,linearsvc_C0.0001,32438,0.122114472436,0.5,0.0,0.0,0.0,undefined,0.0,1.85988306999
rs160730,linearsvc_C0.0001,30817,0.116012136909,0.5,0.0,0.0,0.0,undefined,0.0,1.89348816872
rs160730,linearsvc_C0.0001,29277,0.110214729931,0.444444444444,0.0,0.0,0.0,undefined,0.0,1.72844386101
rs160730,linearsvc_C0.0001,27814,0.104707193302,0.444444444444,0.0,0.0,0.0,undefined,0.0,1.53157091141
rs160730,linearsvc_C0.0001,26424,0.099474468822,0.444444444444,0.0,0.0,0.0,undefined,0.0,1.26019787788
rs160730,linearsvc_C0.0001,25103,0.0945014982909,0.444444444444,0.0,0.0,0.0,undefined,0.0,1.25546503067
rs160730,linearsvc_C0.0001,23848,0.0897769880588,0.444444444444,0.0,0.0,0.0,undefined,0.0,1.05001401901
rs160730,linearsvc_C0.0001,22656,0.0852896444759,0.444444444444,0.0,0.0,0.0,undefined,0.0,1.09889388084
rs160730,linearsvc_C0.0001,21524,0.0810281738921,0.555555555556,0.0,0.0,0.0,undefined,0.0,1.01653194427
rs160730,linearsvc_C0.0001,20448,0.0769775181075,0.5,0.0,0.0,0.0,undefined,0.0,0.866283893585
rs160730,linearsvc_C0.0001,19426,0.0731301480221,0.5,0.0,0.0,0.0,undefined,0.0,0.858281135559
rs160730,linearsvc_C0.0001,18455,0.069474769986,0.555555555556,0.0,0.0,0.0,undefined,0.0,0.717975854874
rs160730,linearsvc_C0.0001,17533,0.0660038548992,0.555555555556,0.0,0.0,0.0,undefined,0.0,0.72002696991
rs160730,linearsvc_C0.0001,16657,0.0627061091117,0.5,0.0,0.0,0.0,undefined,0.0,0.676022052765
rs160730,linearsvc_C0.0001,15825,0.0595740035236,0.555555555556,0.0,0.0,0.0,undefined,0.0,0.595466852188
rs160730,linearsvc_C0.0001,15034,0.0565962444849,0.555555555556,0.0,0.0,0.0,undefined,0.0,0.51847410202
rs160730,linearsvc_C0.0001,14283,0.0537690674457,0.555555555556,0.0,0.0,0.0,undefined,0.0,0.457524776459
rs160730,linearsvc_C0.0001,13569,0.0510811787559,0.5,0.0,0.0,0.0,undefined,0.0,0.433605909348
rs160730,linearsvc_C0.0001,12891,0.0485288138656,0.555555555556,0.0,0.0,0.0,undefined,0.0,0.395191907883
rs160730,linearsvc_C0.0001,12247,0.0461044436748,0.555555555556,0.0,0.0,0.0,undefined,0.0,0.381572008133
rs160730,linearsvc_C0.0001,11635,0.0438005390836,0.5,0.0,0.0,0.0,undefined,0.0,0.315315008163
rs160730,linearsvc_C0.0001,11054,0.0416133355419,0.444444444444,0.0,0.0,0.0,undefined,0.0,0.327946186066
rs160730,linearsvc_C0.0001,10502,0.0395353039498,0.444444444444,0.0,0.0,0.0,undefined,0.0,0.287556886673
rs160730,linearsvc_C0.0001,9977,0.0375589152073,0.388888888889,0.0,0.0,0.0,undefined,0.0,0.268644094467
rs160730,linearsvc_C0.0001,9479,0.0356841693144,0.444444444444,0.0,0.0,0.0,undefined,0.0,0.237303972244
rs160730,linearsvc_C0.0001,9006,0.0339035371712,0.5,0.0,0.0,0.0,undefined,0.0,0.22424697876
rs160730,linearsvc_C0.0001,8556,0.0322094896776,0.5,0.0,0.0,0.0,undefined,0.0,0.224083900452
rs160730,linearsvc_C0.0001,8129,0.0306020268337,0.5,0.0,0.0,0.0,undefined,0.0,0.210269927979
rs160730,linearsvc_C0.0001,7723,0.0290736195395,0.5,0.0,0.0,0.0,undefined,0.0,0.182611942291
rs160730,linearsvc_C0.0001,7337,0.027620503245,0.5,0.0,0.0,0.0,undefined,0.0,0.160784006119
rs160730,linearsvc_C0.0001,6971,0.0262426779503,0.5,0.0,0.0,0.0,undefined,0.0,0.151477813721
rs160730,linearsvc_C0.0001,6623,0.0249326145553,0.5,0.0,0.0,0.0,undefined,0.0,0.133843183517
rs160730,linearsvc_C0.0001,6292,0.02368654851,0.5,0.0,0.0,0.0,undefined,0.0,0.14976811409
rs160730,linearsvc_C0.0001,5978,0.0225044798145,0.5,0.0,0.0,0.0,undefined,0.0,0.125025033951
rs160730,linearsvc_C0.0001,5680,0.0213826439187,0.5,0.0,0.0,0.0,undefined,0.0,0.108184099197
rs160730,linearsvc_C0.0001,5396,0.0203135117228,0.5,0.0,0.0,0.0,undefined,0.0,0.108473062515
rs160730,linearsvc_C0.0001,5127,0.0193008477767,0.5,0.0,0.0,0.0,undefined,0.0,0.102269887924
rs160730,linearsvc_C0.0001,4871,0.0183371229803,0.5,0.0,0.0,0.0,undefined,0.0,0.0884099006653
rs160730,linearsvc_C0.0001,4628,0.0174223373338,0.5,0.0,0.0,0.0,undefined,0.0,0.10089302063
rs160730,linearsvc_C0.0001,4397,0.0165527262871,0.5,0.0,0.0,0.0,undefined,0.0,0.104712963104
rs160730,linearsvc_C0.0001,4178,0.0157282898402,0.5,0.0,0.0,0.0,undefined,0.0,0.0916559696198
rs160730,linearsvc_C0.0001,3970,0.0149452634432,0.5,0.0,0.0,0.0,undefined,0.0,0.0979759693146
rs160730,linearsvc_C0.0001,3772,0.014199882546,0.5,0.0,0.0,0.0,undefined,0.0,0.084734916687
rs160730,linearsvc_C0.0001,3584,0.0134921471487,0.5,0.0,0.0,0.0,undefined,0.0,0.0839970111847
rs160730,linearsvc_C0.0001,3405,0.0128182927013,0.5,0.0,0.0,0.0,undefined,0.0,0.0761420726776
rs160730,linearsvc_C0.0001,3235,0.0121783192037,0.444444444444,0.0,0.0,0.0,undefined,0.0,0.0723569393158
rs160730,linearsvc_C0.0001,3074,0.011572226656,0.444444444444,0.0,0.0,0.0,undefined,0.0,0.0707321166992
rs160730,linearsvc_C0.0001,2921,0.0109962505082,0.5,0.0,0.0,0.0,undefined,0.0,0.0657050609589
rs160730,linearsvc_C0.0001,2775,0.0104466262103,0.5,0.0,0.0,0.0,undefined,0.0,0.0632400512695
rs160730,linearsvc_C0.0001,2637,0.00992711831228,0.611111111111,0.0,0.0,0.0,undefined,0.0,0.0598080158234
rs160730,linearsvc_C0.0001,2506,0.00943396226415,0.555555555556,0.0,0.0,0.0,undefined,0.0,0.0551378726959
rs160730,linearsvc_C0.0001,2381,0.00896339351594,0.555555555556,0.0,0.0,0.0,undefined,0.0,0.0555679798126
rs160730,linearsvc_C0.0001,2262,0.00851541206764,0.611111111111,0.0,0.0,0.0,undefined,0.0,0.0841059684753
rs160730,linearsvc_C0.0001,2149,0.00809001791926,0.555555555556,0.0,0.0,0.0,undefined,0.0,0.0506660938263
rs160730,linearsvc_C0.0001,2042,0.00768721107079,0.555555555556,0.0,0.0,0.0,undefined,0.0,0.0810129642487
rs160730,linearsvc_C0.0001,1940,0.00730322697225,0.555555555556,0.0,0.0,0.0,undefined,0.0,0.0825128555298
rs160730,linearsvc_C0.0001,1843,0.00693806562364,0.611111111111,0.0,0.0,0.0,undefined,0.0,0.0744352340698
rs160730,linearsvc_C0.0001,1751,0.00659172702495,0.666666666667,0.0,0.0,0.0,undefined,0.0,0.0774171352386
rs160730,linearsvc_C0.0001,1664,0.0062642111762,0.611111111111,0.0,0.0,0.0,undefined,0.0,0.0746810436249
rs160730,linearsvc_C0.0001,1581,0.00595175352738,0.611111111111,0.0,0.0,0.0,undefined,0.0,0.0771579742432
rs160730,linearsvc_C0.0001,1502,0.00565435407851,0.611111111111,0.0,0.0,0.0,undefined,0.0,0.0744969844818
rs160730,linearsvc_C0.0001,1427,0.00537201282959,0.611111111111,0.0,0.0,0.0,undefined,0.0,0.0732209682465
rs160730,linearsvc_C0.0001,1356,0.0051047297806,0.611111111111,0.0,0.0,0.0,undefined,0.0,0.0733661651611
rs160730,linearsvc_C0.001,265636,1.0,0.611111111111,0.0,0.0,0.0,undefined,0.0,266.033802032
rs160730,linearsvc_C0.001,252355,0.95000301164,0.611111111111,0.0,0.0,0.0,undefined,0.0,253.039851189
rs160730,linearsvc_C0.001,239738,0.90250568447,0.611111111111,0.0,0.0,0.0,undefined,0.0,214.041122913
rs160730,linearsvc_C0.001,227752,0.857383788342,0.611111111111,0.0,0.0,0.0,undefined,0.0,202.347944975
rs160730,linearsvc_C0.001,216365,0.814516857655,0.611111111111,0.0,0.0,0.0,undefined,0.0,216.483901978
rs160730,linearsvc_C0.001,205547,0.77379195591,0.611111111111,0.0,0.0,0.0,undefined,0.0,175.547708035
rs160730,linearsvc_C0.001,195270,0.735103675707,0.611111111111,0.0,0.0,0.0,undefined,0.0,168.087256908
rs160730,linearsvc_C0.001,185507,0.698350374196,0.611111111111,0.0,0.0,0.0,undefined,0.0,180.228659868
rs160730,linearsvc_C0.001,176232,0.663434173079,0.611111111111,0.0,0.0,0.0,undefined,0.0,129.348285913
rs160730,linearsvc_C0.001,167421,0.630264723155,0.611111111111,0.0,0.0,0.0,undefined,0.0,151.42042613
rs160730,linearsvc_C0.001,159050,0.598751675225,0.611111111111,0.0,0.0,0.0,undefined,0.0,118.716772079
rs160730,linearsvc_C0.001,151098,0.568815973738,0.555555555556,0.0,0.0,0.0,undefined,0.0,127.798405886
rs160730,linearsvc_C0.001,143544,0.540378563147,0.611111111111,0.0,0.0,0.0,undefined,0.0,87.0308930874
rs160730,linearsvc_C0.001,136367,0.513360387899,0.555555555556,0.0,0.0,0.0,undefined,0.0,86.2281661034
rs160730,linearsvc_C0.001,129549,0.487693686097,0.555555555556,0.0,0.0,0.0,undefined,0.0,77.220703125
rs160730,linearsvc_C0.001,123072,0.463310695839,0.555555555556,0.0,0.0,0.0,undefined,0.0,68.4293699265
rs160730,linearsvc_C0.001,116919,0.440147419777,0.555555555556,0.0,0.0,0.0,undefined,0.0,66.6837849617
rs160730,linearsvc_C0.001,111074,0.418143625111,0.555555555556,0.0,0.0,0.0,undefined,0.0,56.5739719868
rs160730,linearsvc_C0.001,105521,0.39723907904,0.555555555556,0.0,0.0,0.0,undefined,0.0,51.3432831764
rs160730,linearsvc_C0.001,100245,0.377377313316,0.555555555556,0.0,0.0,0.0,undefined,0.0,47.0694949627
rs160730,linearsvc_C0.001,95233,0.358509388788,0.555555555556,0.0,0.0,0.0,undefined,0.0,43.2830598354
rs160730,linearsvc_C0.001,90472,0.340586366306,0.555555555556,0.0,0.0,0.0,undefined,0.0,39.3609099388
rs160730,linearsvc_C0.001,85949,0.32355930672,0.555555555556,0.0,0.0,0.0,undefined,0.0,36.2508869171
rs160730,linearsvc_C0.001,81652,0.307383035432,0.555555555556,0.0,0.0,0.0,undefined,0.0,33.9207980633
rs160730,linearsvc_C0.001,77570,0.29201614239,0.555555555556,0.0,0.0,0.0,undefined,0.0,30.6384351254
rs160730,linearsvc_C0.001,73692,0.277417217546,0.555555555556,0.0,0.0,0.0,undefined,0.0,28.2100360394
rs160730,linearsvc_C0.001,70008,0.263548615399,0.555555555556,0.0,0.0,0.0,undefined,0.0,25.2199690342
rs160730,linearsvc_C0.001,66508,0.250372690449,0.555555555556,0.0,0.0,0.0,undefined,0.0,22.3464961052
rs160730,linearsvc_C0.001,63183,0.237855561746,0.555555555556,0.0,0.0,0.0,undefined,0.0,19.6594069004
rs160730,linearsvc_C0.001,60024,0.225963348341,0.555555555556,0.0,0.0,0.0,undefined,0.0,18.7552130222
rs160730,linearsvc_C0.001,57023,0.214665933834,0.555555555556,0.0,0.0,0.0,undefined,0.0,17.1081051826
rs160730,linearsvc_C0.001,54172,0.203933201825,0.555555555556,0.0,0.0,0.0,undefined,0.0,15.5585529804
rs160730,linearsvc_C0.001,51464,0.193738800464,0.611111111111,0.0,0.0,0.0,undefined,0.0,14.4262981415
rs160730,linearsvc_C0.001,48891,0.184052613351,0.611111111111,0.0,0.0,0.0,undefined,0.0,13.2387189865
rs160730,linearsvc_C0.001,46447,0.174852053186,0.611111111111,0.0,0.0,0.0,undefined,0.0,11.6149888039
rs160730,linearsvc_C0.001,44125,0.166110768119,0.555555555556,0.0,0.0,0.0,undefined,0.0,11.1945881844
rs160730,linearsvc_C0.001,41919,0.15780617085,0.611111111111,0.0,0.0,0.0,undefined,0.0,9.69196915627
rs160730,linearsvc_C0.001,39824,0.14991943863,0.555555555556,0.0,0.0,0.0,undefined,0.0,8.5209209919
rs160730,linearsvc_C0.001,37833,0.142424219609,0.5,0.0,0.0,0.0,undefined,0.0,8.50561904907
rs160730,linearsvc_C0.001,35942,0.135305455586,0.555555555556,0.0,0.0,0.0,undefined,0.0,9.08453893661
rs160730,linearsvc_C0.001,34145,0.128540559262,0.611111111111,0.0,0.0,0.0,undefined,0.0,13.5707299709
rs160730,linearsvc_C0.001,32438,0.122114472436,0.555555555556,0.0,0.0,0.0,undefined,0.0,7.23157811165
rs160730,linearsvc_C0.001,30817,0.116012136909,0.555555555556,0.0,0.0,0.0,undefined,0.0,6.86215400696
rs160730,linearsvc_C0.001,29277,0.110214729931,0.555555555556,0.0,0.0,0.0,undefined,0.0,9.32650089264
rs160730,linearsvc_C0.001,27814,0.104707193302,0.555555555556,0.0,0.0,0.0,undefined,0.0,4.67422699928
rs160730,linearsvc_C0.001,26424,0.099474468822,0.555555555556,0.0,0.0,0.0,undefined,0.0,4.44930815697
rs160730,linearsvc_C0.001,25103,0.0945014982909,0.611111111111,0.0,0.0,0.0,undefined,0.0,4.15243601799
rs160730,linearsvc_C0.001,23848,0.0897769880588,0.611111111111,0.0,0.0,0.0,undefined,0.0,3.66184997559
rs160730,linearsvc_C0.001,22656,0.0852896444759,0.555555555556,0.0,0.0,0.0,undefined,0.0,3.41674900055
rs160730,linearsvc_C0.001,21524,0.0810281738921,0.611111111111,0.0,0.0,0.0,undefined,0.0,3.04504299164
rs160730,linearsvc_C0.001,20448,0.0769775181075,0.611111111111,0.0,0.0,0.0,undefined,0.0,2.86905217171
rs160730,linearsvc_C0.001,19426,0.0731301480221,0.5,0.0,0.0,0.0,undefined,0.0,2.80039381981
rs160730,linearsvc_C0.001,18455,0.069474769986,0.555555555556,0.0,0.0,0.0,undefined,0.0,4.58894491196
rs160730,linearsvc_C0.001,17533,0.0660038548992,0.5,0.0,0.0,0.0,undefined,0.0,1.92393612862
rs160730,linearsvc_C0.001,16657,0.0627061091117,0.555555555556,0.0,0.0,0.0,undefined,0.0,1.87037920952
rs160730,linearsvc_C0.001,15825,0.0595740035236,0.555555555556,0.0,0.0,0.0,undefined,0.0,1.85439395905
rs160730,linearsvc_C0.001,15034,0.0565962444849,0.555555555556,0.0,0.0,0.0,undefined,0.0,1.60511779785
rs160730,linearsvc_C0.001,14283,0.0537690674457,0.555555555556,0.0,0.0,0.0,undefined,0.0,1.49940681458
rs160730,linearsvc_C0.001,13569,0.0510811787559,0.555555555556,0.0,0.0,0.0,undefined,0.0,1.3174598217
rs160730,linearsvc_C0.001,12891,0.0485288138656,0.555555555556,0.0,0.0,0.0,undefined,0.0,1.53512692451
rs160730,linearsvc_C0.001,12247,0.0461044436748,0.555555555556,0.0,0.0,0.0,undefined,0.0,1.11959719658
rs160730,linearsvc_C0.001,11635,0.0438005390836,0.555555555556,0.0,0.0,0.0,undefined,0.0,0.987711906433
rs160730,linearsvc_C0.001,11054,0.0416133355419,0.444444444444,0.0,0.0,0.0,undefined,0.0,0.93425488472
rs160730,linearsvc_C0.001,10502,0.0395353039498,0.5,0.0,0.0,0.0,undefined,0.0,1.03394699097
rs160730,linearsvc_C0.001,9977,0.0375589152073,0.5,0.0,0.0,0.0,undefined,0.0,0.745603084564
rs160730,linearsvc_C0.001,9479,0.0356841693144,0.5,0.0,0.0,0.0,undefined,0.0,0.759754180908
rs160730,linearsvc_C0.001,9006,0.0339035371712,0.5,0.0,0.0,0.0,undefined,0.0,0.866039991379
rs160730,linearsvc_C0.001,8556,0.0322094896776,0.5,0.0,0.0,0.0,undefined,0.0,0.602141141891
rs160730,linearsvc_C0.001,8129,0.0306020268337,0.5,0.0,0.0,0.0,undefined,0.0,0.508052110672
rs160730,linearsvc_C0.001,7723,0.0290736195395,0.555555555556,0.0,0.0,0.0,undefined,0.0,0.518933057785
rs160730,linearsvc_C0.001,7337,0.027620503245,0.5,0.0,0.0,0.0,undefined,0.0,0.486093997955
rs160730,linearsvc_C0.001,6971,0.0262426779503,0.5,0.0,0.0,0.0,undefined,0.0,0.375211000443
rs160730,linearsvc_C0.001,6623,0.0249326145553,0.555555555556,0.0,0.0,0.0,undefined,0.0,0.373919010162
rs160730,linearsvc_C0.001,6292,0.02368654851,0.5,0.0,0.0,0.0,undefined,0.0,0.447698116302
rs160730,linearsvc_C0.001,5978,0.0225044798145,0.611111111111,0.0,0.0,0.0,undefined,0.0,0.293927907944
rs160730,linearsvc_C0.001,5680,0.0213826439187,0.555555555556,0.0,0.0,0.0,undefined,0.0,0.395848035812
rs160730,linearsvc_C0.001,5396,0.0203135117228,0.5,0.0,0.0,0.0,undefined,0.0,0.276059865952
rs160730,linearsvc_C0.001,5127,0.0193008477767,0.444444444444,0.0,0.0,0.0,undefined,0.0,0.221462965012
rs160730,linearsvc_C0.001,4871,0.0183371229803,0.444444444444,0.0,0.0,0.0,undefined,0.0,0.220189094543
rs160730,linearsvc_C0.001,4628,0.0174223373338,0.444444444444,0.0,0.0,0.0,undefined,0.0,0.283600091934
rs160730,linearsvc_C0.001,4397,0.0165527262871,0.444444444444,0.0,0.0,0.0,undefined,0.0,0.177093029022
rs160730,linearsvc_C0.001,4178,0.0157282898402,0.5,0.0,0.0,0.0,undefined,0.0,0.226041078568
rs160730,linearsvc_C0.001,3970,0.0149452634432,0.5,0.0,0.0,0.0,undefined,0.0,0.218672990799
rs160730,linearsvc_C0.001,3772,0.014199882546,0.5,0.0,0.0,0.0,undefined,0.0,0.215159893036
rs160730,linearsvc_C0.001,3584,0.0134921471487,0.555555555556,0.0,0.0,0.0,undefined,0.0,0.180288076401
rs160730,linearsvc_C0.001,3405,0.0128182927013,0.555555555556,0.0,0.0,0.0,undefined,0.0,0.131195068359
rs160730,linearsvc_C0.001,3235,0.0121783192037,0.555555555556,0.0,0.0,0.0,undefined,0.0,0.130172967911
rs160730,linearsvc_C0.001,3074,0.011572226656,0.611111111111,0.0,0.0,0.0,undefined,0.0,0.113112926483
rs160730,linearsvc_C0.001,2921,0.0109962505082,0.611111111111,0.0,0.0,0.0,undefined,0.0,0.101787090302
rs160730,linearsvc_C0.001,2775,0.0104466262103,0.611111111111,0.0,0.0,0.0,undefined,0.0,0.101048946381
rs160730,linearsvc_C0.001,2637,0.00992711831228,0.611111111111,0.0,0.0,0.0,undefined,0.0,0.100109100342
rs160730,linearsvc_C0.001,2506,0.00943396226415,0.611111111111,0.0,0.0,0.0,undefined,0.0,0.082937002182
rs160730,linearsvc_C0.001,2381,0.00896339351594,0.555555555556,0.0,0.0,0.0,undefined,0.0,0.0846230983734
rs160730,linearsvc_C0.001,2262,0.00851541206764,0.611111111111,0.0,0.0,0.0,undefined,0.0,0.136380910873
rs160730,linearsvc_C0.001,2149,0.00809001791926,0.555555555556,0.0,0.0,0.0,undefined,0.0,0.107350111008
rs160730,linearsvc_C0.001,2042,0.00768721107079,0.555555555556,0.0,0.0,0.0,undefined,0.0,0.107921123505
rs160730,linearsvc_C0.001,1940,0.00730322697225,0.5,0.0,0.0,0.0,undefined,0.0,0.0992801189423
rs160730,linearsvc_C0.001,1843,0.00693806562364,0.5,0.0,0.0,0.0,undefined,0.0,0.0953290462494
rs160730,linearsvc_C0.001,1751,0.00659172702495,0.444444444444,0.0,0.0,0.0,undefined,0.0,0.0932559967041
rs160730,linearsvc_C0.001,1664,0.0062642111762,0.5,0.0,0.0,0.0,undefined,0.0,0.104824066162
rs160730,linearsvc_C0.001,1581,0.00595175352738,0.444444444444,0.0,0.0,0.0,undefined,0.0,0.0926730632782
rs160730,linearsvc_C0.001,1502,0.00565435407851,0.444444444444,0.0,0.0,0.0,undefined,0.0,0.0916900634766
rs160730,linearsvc_C0.001,1427,0.00537201282959,0.444444444444,0.0,0.0,0.0,undefined,0.0,0.084361076355
rs160730,linearsvc_C0.001,1356,0.0051047297806,0.444444444444,0.0,0.0,0.0,undefined,0.0,0.0833859443665
rs160730,linearsvc_C0.01,265636,1.0,0.611111111111,0.0,0.0,0.0,undefined,0.0,266.869669914
rs160730,linearsvc_C0.01,252355,0.95000301164,0.611111111111,0.0,0.0,0.0,undefined,0.0,264.420841932
rs160730,linearsvc_C0.01,239738,0.90250568447,0.611111111111,0.0,0.0,0.0,undefined,0.0,240.833932877
rs160730,linearsvc_C0.01,227752,0.857383788342,0.611111111111,0.0,0.0,0.0,undefined,0.0,239.344254971
rs160730,linearsvc_C0.01,216365,0.814516857655,0.611111111111,0.0,0.0,0.0,undefined,0.0,217.025294065
rs160730,linearsvc_C0.01,205547,0.77379195591,0.611111111111,0.0,0.0,0.0,undefined,0.0,205.794460058
rs160730,linearsvc_C0.01,195270,0.735103675707,0.611111111111,0.0,0.0,0.0,undefined,0.0,205.98467803
rs160730,linearsvc_C0.01,185507,0.698350374196,0.611111111111,0.0,0.0,0.0,undefined,0.0,187.548455
rs160730,linearsvc_C0.01,176232,0.663434173079,0.611111111111,0.0,0.0,0.0,undefined,0.0,177.21462512
rs160730,linearsvc_C0.01,167421,0.630264723155,0.611111111111,0.0,0.0,0.0,undefined,0.0,167.589432001
rs160730,linearsvc_C0.01,159050,0.598751675225,0.611111111111,0.0,0.0,0.0,undefined,0.0,159.692581892
rs160730,linearsvc_C0.01,151098,0.568815973738,0.611111111111,0.0,0.0,0.0,undefined,0.0,151.067342997
rs160730,linearsvc_C0.01,143544,0.540378563147,0.611111111111,0.0,0.0,0.0,undefined,0.0,143.988152027
rs160730,linearsvc_C0.01,136367,0.513360387899,0.611111111111,0.0,0.0,0.0,undefined,0.0,144.619158983
rs160730,linearsvc_C0.01,129549,0.487693686097,0.611111111111,0.0,0.0,0.0,undefined,0.0,130.213165998
rs160730,linearsvc_C0.01,123072,0.463310695839,0.611111111111,0.0,0.0,0.0,undefined,0.0,123.283185005
rs160730,linearsvc_C0.01,116919,0.440147419777,0.611111111111,0.0,0.0,0.0,undefined,0.0,117.312337875
rs160730,linearsvc_C0.01,111074,0.418143625111,0.611111111111,0.0,0.0,0.0,undefined,0.0,110.672224045
rs160730,linearsvc_C0.01,105521,0.39723907904,0.611111111111,0.0,0.0,0.0,undefined,0.0,105.098939896
rs160730,linearsvc_C0.01,100245,0.377377313316,0.611111111111,0.0,0.0,0.0,undefined,0.0,99.3202731609
rs160730,linearsvc_C0.01,95233,0.358509388788,0.611111111111,0.0,0.0,0.0,undefined,0.0,94.316026926
rs160730,linearsvc_C0.01,90472,0.340586366306,0.611111111111,0.0,0.0,0.0,undefined,0.0,89.8972609043
rs160730,linearsvc_C0.01,85949,0.32355930672,0.611111111111,0.0,0.0,0.0,undefined,0.0,85.2612090111
rs160730,linearsvc_C0.01,81652,0.307383035432,0.611111111111,0.0,0.0,0.0,undefined,0.0,83.9678850174
rs160730,linearsvc_C0.01,77570,0.29201614239,0.555555555556,0.0,0.0,0.0,undefined,0.0,80.3285191059
rs160730,linearsvc_C0.01,73692,0.277417217546,0.611111111111,0.0,0.0,0.0,undefined,0.0,73.0416200161
rs160730,linearsvc_C0.01,70008,0.263548615399,0.555555555556,0.0,0.0,0.0,undefined,0.0,69.0613749027
rs160730,linearsvc_C0.01,66508,0.250372690449,0.555555555556,0.0,0.0,0.0,undefined,0.0,66.037184
rs160730,linearsvc_C0.01,63183,0.237855561746,0.555555555556,0.0,0.0,0.0,undefined,0.0,62.8981530666
rs160730,linearsvc_C0.01,60024,0.225963348341,0.555555555556,0.0,0.0,0.0,undefined,0.0,59.0957629681
rs160730,linearsvc_C0.01,57023,0.214665933834,0.555555555556,0.0,0.0,0.0,undefined,0.0,56.4152259827
rs160730,linearsvc_C0.01,54172,0.203933201825,0.555555555556,0.0,0.0,0.0,undefined,0.0,54.6091361046
rs160730,linearsvc_C0.01,51464,0.193738800464,0.555555555556,0.0,0.0,0.0,undefined,0.0,56.2266480923
rs160730,linearsvc_C0.01,48891,0.184052613351,0.555555555556,0.0,0.0,0.0,undefined,0.0,47.8771488667
rs160730,linearsvc_C0.01,46447,0.174852053186,0.555555555556,0.0,0.0,0.0,undefined,0.0,45.5807340145
rs160730,linearsvc_C0.01,44125,0.166110768119,0.555555555556,0.0,0.0,0.0,undefined,0.0,43.330796957
rs160730,linearsvc_C0.01,41919,0.15780617085,0.555555555556,0.0,0.0,0.0,undefined,0.0,41.1668457985
rs160730,linearsvc_C0.01,39824,0.14991943863,0.555555555556,0.0,0.0,0.0,undefined,0.0,39.0831980705
rs160730,linearsvc_C0.01,37833,0.142424219609,0.555555555556,0.0,0.0,0.0,undefined,0.0,36.8752369881
rs160730,linearsvc_C0.01,35942,0.135305455586,0.555555555556,0.0,0.0,0.0,undefined,0.0,35.1795711517
rs160730,linearsvc_C0.01,34145,0.128540559262,0.555555555556,0.0,0.0,0.0,undefined,0.0,33.4538910389
rs160730,linearsvc_C0.01,32438,0.122114472436,0.555555555556,0.0,0.0,0.0,undefined,0.0,31.5615170002
rs160730,linearsvc_C0.01,30817,0.116012136909,0.555555555556,0.0,0.0,0.0,undefined,0.0,30.0296690464
rs160730,linearsvc_C0.01,29277,0.110214729931,0.555555555556,0.0,0.0,0.0,undefined,0.0,28.6934490204
rs160730,linearsvc_C0.01,27814,0.104707193302,0.555555555556,0.0,0.0,0.0,undefined,0.0,27.062057972
rs160730,linearsvc_C0.01,26424,0.099474468822,0.555555555556,0.0,0.0,0.0,undefined,0.0,25.7434761524
rs160730,linearsvc_C0.01,25103,0.0945014982909,0.555555555556,0.0,0.0,0.0,undefined,0.0,24.4107871056
rs160730,linearsvc_C0.01,23848,0.0897769880588,0.555555555556,0.0,0.0,0.0,undefined,0.0,23.0638141632
rs160730,linearsvc_C0.01,22656,0.0852896444759,0.555555555556,0.0,0.0,0.0,undefined,0.0,23.1409800053
rs160730,linearsvc_C0.01,21524,0.0810281738921,0.555555555556,0.0,0.0,0.0,undefined,0.0,23.9802899361
rs160730,linearsvc_C0.01,20448,0.0769775181075,0.555555555556,0.0,0.0,0.0,undefined,0.0,20.9804780483
rs160730,linearsvc_C0.01,19426,0.0731301480221,0.555555555556,0.0,0.0,0.0,undefined,0.0,16.5124878883
rs160730,linearsvc_C0.01,18455,0.069474769986,0.555555555556,0.0,0.0,0.0,undefined,0.0,11.8030569553
rs160730,linearsvc_C0.01,17533,0.0660038548992,0.555555555556,0.0,0.0,0.0,undefined,0.0,14.8049600124
rs160730,linearsvc_C0.01,16657,0.0627061091117,0.555555555556,0.0,0.0,0.0,undefined,0.0,10.2795159817
rs160730,linearsvc_C0.01,15825,0.0595740035236,0.555555555556,0.0,0.0,0.0,undefined,0.0,14.8591189384
rs160730,linearsvc_C0.01,15034,0.0565962444849,0.5,0.0,0.0,0.0,undefined,0.0,11.9081549644
rs160730,linearsvc_C0.01,14283,0.0537690674457,0.5,0.0,0.0,0.0,undefined,0.0,9.85311603546
rs160730,linearsvc_C0.01,13569,0.0510811787559,0.444444444444,0.0,0.0,0.0,undefined,0.0,8.23996496201
rs160730,linearsvc_C0.01,12891,0.0485288138656,0.444444444444,0.0,0.0,0.0,undefined,0.0,8.76710915565
rs160730,linearsvc_C0.01,12247,0.0461044436748,0.5,0.0,0.0,0.0,undefined,0.0,7.79870319366
rs160730,linearsvc_C0.01,11635,0.0438005390836,0.555555555556,0.0,0.0,0.0,undefined,0.0,6.90361785889
rs160730,linearsvc_C0.01,11054,0.0416133355419,0.5,0.0,0.0,0.0,undefined,0.0,6.39250016212
rs160730,linearsvc_C0.01,10502,0.0395353039498,0.5,0.0,0.0,0.0,undefined,0.0,3.94564390182
rs160730,linearsvc_C0.01,9977,0.0375589152073,0.388888888889,0.0,0.0,0.0,undefined,0.0,5.85591197014
rs160730,linearsvc_C0.01,9479,0.0356841693144,0.388888888889,0.0,0.0,0.0,undefined,0.0,4.6145260334
rs160730,linearsvc_C0.01,9006,0.0339035371712,0.388888888889,0.0,0.0,0.0,undefined,0.0,4.82041406631
rs160730,linearsvc_C0.01,8556,0.0322094896776,0.388888888889,0.0,0.0,0.0,undefined,0.0,4.49326109886
rs160730,linearsvc_C0.01,8129,0.0306020268337,0.388888888889,0.0,0.0,0.0,undefined,0.0,3.85226011276
rs160730,linearsvc_C0.01,7723,0.0290736195395,0.388888888889,0.0,0.0,0.0,undefined,0.0,3.6119530201
rs160730,linearsvc_C0.01,7337,0.027620503245,0.388888888889,0.0,0.0,0.0,undefined,0.0,3.22173404694
rs160730,linearsvc_C0.01,6971,0.0262426779503,0.388888888889,0.0,0.0,0.0,undefined,0.0,2.44654393196
rs160730,linearsvc_C0.01,6623,0.0249326145553,0.388888888889,0.0,0.0,0.0,undefined,0.0,2.16296696663
rs160730,linearsvc_C0.01,6292,0.02368654851,0.388888888889,0.0,0.0,0.0,undefined,0.0,2.24524092674
rs160730,linearsvc_C0.01,5978,0.0225044798145,0.388888888889,0.0,0.0,0.0,undefined,0.0,1.86260390282
rs160730,linearsvc_C0.01,5680,0.0213826439187,0.388888888889,0.0,0.0,0.0,undefined,0.0,1.71733784676
rs160730,linearsvc_C0.01,5396,0.0203135117228,0.388888888889,0.0,0.0,0.0,undefined,0.0,1.84848499298
rs160730,linearsvc_C0.01,5127,0.0193008477767,0.388888888889,0.0,0.0,0.0,undefined,0.0,1.52216315269
rs160730,linearsvc_C0.01,4871,0.0183371229803,0.388888888889,0.0,0.0,0.0,undefined,0.0,1.41250991821
rs160730,linearsvc_C0.01,4628,0.0174223373338,0.388888888889,0.0,0.0,0.0,undefined,0.0,1.4113509655
rs160730,linearsvc_C0.01,4397,0.0165527262871,0.388888888889,0.0,0.0,0.0,undefined,0.0,1.18357300758
rs160730,linearsvc_C0.01,4178,0.0157282898402,0.388888888889,0.0,0.0,0.0,undefined,0.0,1.0941028595
rs160730,linearsvc_C0.01,3970,0.0149452634432,0.388888888889,0.0,0.0,0.0,undefined,0.0,1.02365016937
rs160730,linearsvc_C0.01,3772,0.014199882546,0.388888888889,0.0,0.0,0.0,undefined,0.0,0.811148881912
rs160730,linearsvc_C0.01,3584,0.0134921471487,0.388888888889,0.0,0.0,0.0,undefined,0.0,0.777359962463
rs160730,linearsvc_C0.01,3405,0.0128182927013,0.388888888889,0.0,0.0,0.0,undefined,0.0,0.673077821732
rs160730,linearsvc_C0.01,3235,0.0121783192037,0.444444444444,0.0,0.0,0.0,undefined,0.0,0.663317918777
rs160730,linearsvc_C0.01,3074,0.011572226656,0.444444444444,0.0,0.0,0.0,undefined,0.0,0.578740119934
rs160730,linearsvc_C0.01,2921,0.0109962505082,0.444444444444,0.0,0.0,0.0,undefined,0.0,0.607124090195
rs160730,linearsvc_C0.01,2775,0.0104466262103,0.5,0.0,0.0,0.0,undefined,0.0,0.481372117996
rs160730,linearsvc_C0.01,2637,0.00992711831228,0.5,0.0,0.0,0.0,undefined,0.0,0.436080932617
rs160730,linearsvc_C0.01,2506,0.00943396226415,0.5,0.0,0.0,0.0,undefined,0.0,0.477159976959
rs160730,linearsvc_C0.01,2381,0.00896339351594,0.444444444444,0.0,0.0,0.0,undefined,0.0,0.406421899796
rs160730,linearsvc_C0.01,2262,0.00851541206764,0.444444444444,0.0,0.0,0.0,undefined,0.0,0.35636305809
rs160730,linearsvc_C0.01,2149,0.00809001791926,0.444444444444,0.0,0.0,0.0,undefined,0.0,0.352962017059
rs160730,linearsvc_C0.01,2042,0.00768721107079,0.444444444444,0.0,0.0,0.0,undefined,0.0,0.327546834946
rs160730,linearsvc_C0.01,1940,0.00730322697225,0.444444444444,0.0,0.0,0.0,undefined,0.0,0.28510093689
rs160730,linearsvc_C0.01,1843,0.00693806562364,0.444444444444,0.0,0.0,0.0,undefined,0.0,0.259497880936
rs160730,linearsvc_C0.01,1751,0.00659172702495,0.444444444444,0.0,0.0,0.0,undefined,0.0,0.253228902817
rs160730,linearsvc_C0.01,1664,0.0062642111762,0.388888888889,0.0,0.0,0.0,undefined,0.0,0.246477127075
rs160730,linearsvc_C0.01,1581,0.00595175352738,0.5,0.0,0.0,0.0,undefined,0.0,0.215764045715
rs160730,linearsvc_C0.01,1502,0.00565435407851,0.444444444444,0.0,0.0,0.0,undefined,0.0,0.201255083084
rs160730,linearsvc_C0.01,1427,0.00537201282959,0.444444444444,0.0,0.0,0.0,undefined,0.0,0.176652908325
rs160730,linearsvc_C0.01,1356,0.0051047297806,0.388888888889,0.0,0.0,0.0,undefined,0.0,0.200809001923
rs160730,linearsvc_C0.1,265636,1.0,0.722222222222,0.0,0.0,0.0,undefined,0.0,18.9954371452
rs160730,linearsvc_C0.1,252355,0.95000301164,0.722222222222,0.0,0.0,0.0,undefined,0.0,17.7388691902
rs160730,linearsvc_C0.1,239738,0.90250568447,0.722222222222,0.0,0.0,0.0,undefined,0.0,146.412371874
rs160730,linearsvc_C0.1,227752,0.857383788342,0.722222222222,0.0,0.0,0.0,undefined,0.0,15.4614360332
rs160730,linearsvc_C0.1,216365,0.814516857655,0.722222222222,0.0,0.0,0.0,undefined,0.0,14.7553789616
rs160730,linearsvc_C0.1,205547,0.77379195591,0.722222222222,0.0,0.0,0.0,undefined,0.0,13.7917709351
rs160730,linearsvc_C0.1,195270,0.735103675707,0.722222222222,0.0,0.0,0.0,undefined,0.0,12.8950550556
rs160730,linearsvc_C0.1,185507,0.698350374196,0.722222222222,0.0,0.0,0.0,undefined,0.0,77.3734691143
rs160730,linearsvc_C0.1,176232,0.663434173079,0.722222222222,0.0,0.0,0.0,undefined,0.0,12.3527579308
rs160730,linearsvc_C0.1,167421,0.630264723155,0.722222222222,0.0,0.0,0.0,undefined,0.0,121.090321064
rs160730,linearsvc_C0.1,159050,0.598751675225,0.722222222222,0.0,0.0,0.0,undefined,0.0,68.8479409218
rs160730,linearsvc_C0.1,151098,0.568815973738,0.722222222222,0.0,0.0,0.0,undefined,0.0,13.793612957
rs160730,linearsvc_C0.1,143544,0.540378563147,0.722222222222,0.0,0.0,0.0,undefined,0.0,62.1007640362
rs160730,linearsvc_C0.1,136367,0.513360387899,0.722222222222,0.0,0.0,0.0,undefined,0.0,121.32844305
rs160730,linearsvc_C0.1,129549,0.487693686097,0.722222222222,0.0,0.0,0.0,undefined,0.0,19.4070458412
rs160730,linearsvc_C0.1,123072,0.463310695839,0.722222222222,0.0,0.0,0.0,undefined,0.0,100.293520927
rs160730,linearsvc_C0.1,116919,0.440147419777,0.722222222222,0.0,0.0,0.0,undefined,0.0,119.738558054
rs160730,linearsvc_C0.1,111074,0.418143625111,0.722222222222,0.0,0.0,0.0,undefined,0.0,114.091110945
rs160730,linearsvc_C0.1,105521,0.39723907904,0.722222222222,0.0,0.0,0.0,undefined,0.0,112.783586979
rs160730,linearsvc_C0.1,100245,0.377377313316,0.722222222222,0.0,0.0,0.0,undefined,0.0,100.160527945
rs160730,linearsvc_C0.1,95233,0.358509388788,0.722222222222,0.0,0.0,0.0,undefined,0.0,96.8055560589
rs160730,linearsvc_C0.1,90472,0.340586366306,0.722222222222,0.0,0.0,0.0,undefined,0.0,92.0115289688
rs160730,linearsvc_C0.1,85949,0.32355930672,0.722222222222,0.0,0.0,0.0,undefined,0.0,80.0808529854
rs160730,linearsvc_C0.1,81652,0.307383035432,0.722222222222,0.0,0.0,0.0,undefined,0.0,82.5615079403
rs160730,linearsvc_C0.1,77570,0.29201614239,0.722222222222,0.0,0.0,0.0,undefined,0.0,78.2856547832
rs160730,linearsvc_C0.1,73692,0.277417217546,0.722222222222,0.0,0.0,0.0,undefined,0.0,55.1091589928
rs160730,linearsvc_C0.1,70008,0.263548615399,0.722222222222,0.0,0.0,0.0,undefined,0.0,62.1502819061
rs160730,linearsvc_C0.1,66508,0.250372690449,0.722222222222,0.0,0.0,0.0,undefined,0.0,67.388283968
rs160730,linearsvc_C0.1,63183,0.237855561746,0.722222222222,0.0,0.0,0.0,undefined,0.0,63.4561629295
rs160730,linearsvc_C0.1,60024,0.225963348341,0.722222222222,0.0,0.0,0.0,undefined,0.0,60.4168729782
rs160730,linearsvc_C0.1,57023,0.214665933834,0.722222222222,0.0,0.0,0.0,undefined,0.0,57.5434420109
rs160730,linearsvc_C0.1,54172,0.203933201825,0.722222222222,0.0,0.0,0.0,undefined,0.0,55.0047559738
rs160730,linearsvc_C0.1,51464,0.193738800464,0.722222222222,0.0,0.0,0.0,undefined,0.0,51.5217788219
rs160730,linearsvc_C0.1,48891,0.184052613351,0.722222222222,0.0,0.0,0.0,undefined,0.0,49.2947261333
rs160730,linearsvc_C0.1,46447,0.174852053186,0.722222222222,0.0,0.0,0.0,undefined,0.0,46.5967240334
rs160730,linearsvc_C0.1,44125,0.166110768119,0.722222222222,0.0,0.0,0.0,undefined,0.0,44.3892900944
rs160730,linearsvc_C0.1,41919,0.15780617085,0.722222222222,0.0,0.0,0.0,undefined,0.0,42.3845140934
rs160730,linearsvc_C0.1,39824,0.14991943863,0.722222222222,0.0,0.0,0.0,undefined,0.0,40.0755331516
rs160730,linearsvc_C0.1,37833,0.142424219609,0.722222222222,0.0,0.0,0.0,undefined,0.0,38.1449539661
rs160730,linearsvc_C0.1,35942,0.135305455586,0.722222222222,0.0,0.0,0.0,undefined,0.0,36.1920230389
rs160730,linearsvc_C0.1,34145,0.128540559262,0.722222222222,0.0,0.0,0.0,undefined,0.0,34.0304028988
rs160730,linearsvc_C0.1,32438,0.122114472436,0.722222222222,0.0,0.0,0.0,undefined,0.0,32.619287014
rs160730,linearsvc_C0.1,30817,0.116012136909,0.722222222222,0.0,0.0,0.0,undefined,0.0,30.7541699409
rs160730,linearsvc_C0.1,29277,0.110214729931,0.722222222222,0.0,0.0,0.0,undefined,0.0,29.357257843
rs160730,linearsvc_C0.1,27814,0.104707193302,0.666666666667,0.0,0.0,0.0,undefined,0.0,27.7793369293
rs160730,linearsvc_C0.1,26424,0.099474468822,0.666666666667,0.0,0.0,0.0,undefined,0.0,26.145783186
rs160730,linearsvc_C0.1,25103,0.0945014982909,0.666666666667,0.0,0.0,0.0,undefined,0.0,25.2363069057
rs160730,linearsvc_C0.1,23848,0.0897769880588,0.666666666667,0.0,0.0,0.0,undefined,0.0,23.7595419884
rs160730,linearsvc_C0.1,22656,0.0852896444759,0.611111111111,0.0,0.0,0.0,undefined,0.0,22.5422258377
rs160730,linearsvc_C0.1,21524,0.0810281738921,0.611111111111,0.0,0.0,0.0,undefined,0.0,21.5289850235
rs160730,linearsvc_C0.1,20448,0.0769775181075,0.611111111111,0.0,0.0,0.0,undefined,0.0,20.2219800949
rs160730,linearsvc_C0.1,19426,0.0731301480221,0.611111111111,0.0,0.0,0.0,undefined,0.0,19.4536328316
rs160730,linearsvc_C0.1,18455,0.069474769986,0.611111111111,0.0,0.0,0.0,undefined,0.0,18.3243260384
rs160730,linearsvc_C0.1,17533,0.0660038548992,0.666666666667,0.0,0.0,0.0,undefined,0.0,17.3787810802
rs160730,linearsvc_C0.1,16657,0.0627061091117,0.666666666667,0.0,0.0,0.0,undefined,0.0,16.4328331947
rs160730,linearsvc_C0.1,15825,0.0595740035236,0.666666666667,0.0,0.0,0.0,undefined,0.0,15.6220638752
rs160730,linearsvc_C0.1,15034,0.0565962444849,0.611111111111,0.0,0.0,0.0,undefined,0.0,14.6906239986
rs160730,linearsvc_C0.1,14283,0.0537690674457,0.611111111111,0.0,0.0,0.0,undefined,0.0,14.3481531143
rs160730,linearsvc_C0.1,13569,0.0510811787559,0.611111111111,0.0,0.0,0.0,undefined,0.0,13.265748024
rs160730,linearsvc_C0.1,12891,0.0485288138656,0.611111111111,0.0,0.0,0.0,undefined,0.0,12.6054530144
rs160730,linearsvc_C0.1,12247,0.0461044436748,0.611111111111,0.0,0.0,0.0,undefined,0.0,11.7934939861
rs160730,linearsvc_C0.1,11635,0.0438005390836,0.611111111111,0.0,0.0,0.0,undefined,0.0,11.0104899406
rs160730,linearsvc_C0.1,11054,0.0416133355419,0.611111111111,0.0,0.0,0.0,undefined,0.0,10.4280779362
rs160730,linearsvc_C0.1,10502,0.0395353039498,0.611111111111,0.0,0.0,0.0,undefined,0.0,9.74636101723
rs160730,linearsvc_C0.1,9977,0.0375589152073,0.611111111111,0.0,0.0,0.0,undefined,0.0,8.94255304337
rs160730,linearsvc_C0.1,9479,0.0356841693144,0.611111111111,0.0,0.0,0.0,undefined,0.0,8.81756091118
rs160730,linearsvc_C0.1,9006,0.0339035371712,0.611111111111,0.0,0.0,0.0,undefined,0.0,8.31187105179
rs160730,linearsvc_C0.1,8556,0.0322094896776,0.555555555556,0.0,0.0,0.0,undefined,0.0,7.89236617088
rs160730,linearsvc_C0.1,8129,0.0306020268337,0.666666666667,0.0,0.0,0.0,undefined,0.0,7.35021591187
rs160730,linearsvc_C0.1,7723,0.0290736195395,0.611111111111,0.0,0.0,0.0,undefined,0.0,7.02588009834
rs160730,linearsvc_C0.1,7337,0.027620503245,0.666666666667,0.0,0.0,0.0,undefined,0.0,6.77617406845
rs160730,linearsvc_C0.1,6971,0.0262426779503,0.666666666667,0.0,0.0,0.0,undefined,0.0,5.90715384483
rs160730,linearsvc_C0.1,6623,0.0249326145553,0.666666666667,0.0,0.0,0.0,undefined,0.0,5.75394916534
rs160730,linearsvc_C0.1,6292,0.02368654851,0.666666666667,0.0,0.0,0.0,undefined,0.0,5.16153287888
rs160730,linearsvc_C0.1,5978,0.0225044798145,0.666666666667,0.0,0.0,0.0,undefined,0.0,4.97179698944
rs160730,linearsvc_C0.1,5680,0.0213826439187,0.666666666667,0.0,0.0,0.0,undefined,0.0,4.67160105705
rs160730,linearsvc_C0.1,5396,0.0203135117228,0.666666666667,0.0,0.0,0.0,undefined,0.0,4.34121704102
rs160730,linearsvc_C0.1,5127,0.0193008477767,0.666666666667,0.0,0.0,0.0,undefined,0.0,4.01400899887
rs160730,linearsvc_C0.1,4871,0.0183371229803,0.611111111111,0.0,0.0,0.0,undefined,0.0,3.66364002228
rs160730,linearsvc_C0.1,4628,0.0174223373338,0.555555555556,0.0,0.0,0.0,undefined,0.0,3.32067108154
rs160730,linearsvc_C0.1,4397,0.0165527262871,0.555555555556,0.0,0.0,0.0,undefined,0.0,3.17927598953
rs160730,linearsvc_C0.1,4178,0.0157282898402,0.555555555556,0.0,0.0,0.0,undefined,0.0,2.71067500114
rs160730,linearsvc_C0.1,3970,0.0149452634432,0.611111111111,0.0,0.0,0.0,undefined,0.0,2.3951690197
rs160730,linearsvc_C0.1,3772,0.014199882546,0.611111111111,0.0,0.0,0.0,undefined,0.0,2.16493010521
rs160730,linearsvc_C0.1,3584,0.0134921471487,0.611111111111,0.0,0.0,0.0,undefined,0.0,1.97501397133
rs160730,linearsvc_C0.1,3405,0.0128182927013,0.611111111111,0.0,0.0,0.0,undefined,0.0,1.81654214859
rs160730,linearsvc_C0.1,3235,0.0121783192037,0.611111111111,0.0,0.0,0.0,undefined,0.0,1.67483115196
rs160730,linearsvc_C0.1,3074,0.011572226656,0.611111111111,0.0,0.0,0.0,undefined,0.0,1.57748413086
rs160730,linearsvc_C0.1,2921,0.0109962505082,0.611111111111,0.0,0.0,0.0,undefined,0.0,1.36962199211
rs160730,linearsvc_C0.1,2775,0.0104466262103,0.611111111111,0.0,0.0,0.0,undefined,0.0,1.35750317574
rs160730,linearsvc_C0.1,2637,0.00992711831228,0.611111111111,0.0,0.0,0.0,undefined,0.0,1.31037592888
rs160730,linearsvc_C0.1,2506,0.00943396226415,0.611111111111,0.0,0.0,0.0,undefined,0.0,1.15341997147
rs160730,linearsvc_C0.1,2381,0.00896339351594,0.611111111111,0.0,0.0,0.0,undefined,0.0,1.0490860939
rs160730,linearsvc_C0.1,2262,0.00851541206764,0.611111111111,0.0,0.0,0.0,undefined,0.0,0.932559013367
rs160730,linearsvc_C0.1,2149,0.00809001791926,0.611111111111,0.0,0.0,0.0,undefined,0.0,0.854812145233
rs160730,linearsvc_C0.1,2042,0.00768721107079,0.611111111111,0.0,0.0,0.0,undefined,0.0,0.886163949966
rs160730,linearsvc_C0.1,1940,0.00730322697225,0.611111111111,0.0,0.0,0.0,undefined,0.0,0.671914815903
rs160730,linearsvc_C0.1,1843,0.00693806562364,0.611111111111,0.0,0.0,0.0,undefined,0.0,0.744497060776
rs160730,linearsvc_C0.1,1751,0.00659172702495,0.611111111111,0.0,0.0,0.0,undefined,0.0,0.550483942032
rs160730,linearsvc_C0.1,1664,0.0062642111762,0.611111111111,0.0,0.0,0.0,undefined,0.0,0.570914983749
rs160730,linearsvc_C0.1,1581,0.00595175352738,0.611111111111,0.0,0.0,0.0,undefined,0.0,0.540294885635
rs160730,linearsvc_C0.1,1502,0.00565435407851,0.555555555556,0.0,0.0,0.0,undefined,0.0,0.468158006668
rs160730,linearsvc_C0.1,1427,0.00537201282959,0.555555555556,0.0,0.0,0.0,undefined,0.0,0.503970861435
rs160730,linearsvc_C0.1,1356,0.0051047297806,0.5,0.0,0.0,0.0,undefined,0.0,0.420741081238
rs160730,linearsvc_C1.0,265636,1.0,0.611111111111,0.0,0.0,0.0,undefined,0.0,15.8853318691
rs160730,linearsvc_C1.0,252355,0.95000301164,0.611111111111,0.0,0.0,0.0,undefined,0.0,14.6682338715
rs160730,linearsvc_C1.0,239738,0.90250568447,0.611111111111,0.0,0.0,0.0,undefined,0.0,14.0641360283
rs160730,linearsvc_C1.0,227752,0.857383788342,0.555555555556,0.0,0.0,0.0,undefined,0.0,13.5388820171
rs160730,linearsvc_C1.0,216365,0.814516857655,0.611111111111,0.0,0.0,0.0,undefined,0.0,12.3690629005
rs160730,linearsvc_C1.0,205547,0.77379195591,0.611111111111,0.0,0.0,0.0,undefined,0.0,11.5246729851
rs160730,linearsvc_C1.0,195270,0.735103675707,0.611111111111,0.0,0.0,0.0,undefined,0.0,10.9151349068
rs160730,linearsvc_C1.0,185507,0.698350374196,0.611111111111,0.0,0.0,0.0,undefined,0.0,10.2646830082
rs160730,linearsvc_C1.0,176232,0.663434173079,0.611111111111,0.0,0.0,0.0,undefined,0.0,9.48977208138
rs160730,linearsvc_C1.0,167421,0.630264723155,0.611111111111,0.0,0.0,0.0,undefined,0.0,9.16769099236
rs160730,linearsvc_C1.0,159050,0.598751675225,0.611111111111,0.0,0.0,0.0,undefined,0.0,8.55411505699
rs160730,linearsvc_C1.0,151098,0.568815973738,0.611111111111,0.0,0.0,0.0,undefined,0.0,8.13771891594
rs160730,linearsvc_C1.0,143544,0.540378563147,0.555555555556,0.0,0.0,0.0,undefined,0.0,7.58425211906
rs160730,linearsvc_C1.0,136367,0.513360387899,0.611111111111,0.0,0.0,0.0,undefined,0.0,7.21687793732
rs160730,linearsvc_C1.0,129549,0.487693686097,0.555555555556,0.0,0.0,0.0,undefined,0.0,6.57573008537
rs160730,linearsvc_C1.0,123072,0.463310695839,0.611111111111,0.0,0.0,0.0,undefined,0.0,6.23940086365
rs160730,linearsvc_C1.0,116919,0.440147419777,0.555555555556,0.0,0.0,0.0,undefined,0.0,5.95088601112
rs160730,linearsvc_C1.0,111074,0.418143625111,0.555555555556,0.0,0.0,0.0,undefined,0.0,5.64908003807
rs160730,linearsvc_C1.0,105521,0.39723907904,0.555555555556,0.0,0.0,0.0,undefined,0.0,5.42252779007
rs160730,linearsvc_C1.0,100245,0.377377313316,0.555555555556,0.0,0.0,0.0,undefined,0.0,5.08227205276
rs160730,linearsvc_C1.0,95233,0.358509388788,0.611111111111,0.0,0.0,0.0,undefined,0.0,5.09066414833
rs160730,linearsvc_C1.0,90472,0.340586366306,0.611111111111,0.0,0.0,0.0,undefined,0.0,4.54373908043
rs160730,linearsvc_C1.0,85949,0.32355930672,0.666666666667,0.0,0.0,0.0,undefined,0.0,4.18571305275
rs160730,linearsvc_C1.0,81652,0.307383035432,0.666666666667,0.0,0.0,0.0,undefined,0.0,4.0616080761
rs160730,linearsvc_C1.0,77570,0.29201614239,0.666666666667,0.0,0.0,0.0,undefined,0.0,3.71020793915
rs160730,linearsvc_C1.0,73692,0.277417217546,0.666666666667,0.0,0.0,0.0,undefined,0.0,3.4413819313
rs160730,linearsvc_C1.0,70008,0.263548615399,0.666666666667,0.0,0.0,0.0,undefined,0.0,3.30837106705
rs160730,linearsvc_C1.0,66508,0.250372690449,0.666666666667,0.0,0.0,0.0,undefined,0.0,3.14985513687
rs160730,linearsvc_C1.0,63183,0.237855561746,0.611111111111,0.0,0.0,0.0,undefined,0.0,3.09138512611
rs160730,linearsvc_C1.0,60024,0.225963348341,0.611111111111,0.0,0.0,0.0,undefined,0.0,2.7625451088
rs160730,linearsvc_C1.0,57023,0.214665933834,0.611111111111,0.0,0.0,0.0,undefined,0.0,2.66389608383
rs160730,linearsvc_C1.0,54172,0.203933201825,0.611111111111,0.0,0.0,0.0,undefined,0.0,2.36363005638
rs160730,linearsvc_C1.0,51464,0.193738800464,0.611111111111,0.0,0.0,0.0,undefined,0.0,2.4866669178
rs160730,linearsvc_C1.0,48891,0.184052613351,0.611111111111,0.0,0.0,0.0,undefined,0.0,2.23702692986
rs160730,linearsvc_C1.0,46447,0.174852053186,0.611111111111,0.0,0.0,0.0,undefined,0.0,2.14422702789
rs160730,linearsvc_C1.0,44125,0.166110768119,0.611111111111,0.0,0.0,0.0,undefined,0.0,1.95465397835
rs160730,linearsvc_C1.0,41919,0.15780617085,0.611111111111,0.0,0.0,0.0,undefined,0.0,1.84027981758
rs160730,linearsvc_C1.0,39824,0.14991943863,0.666666666667,0.0,0.0,0.0,undefined,0.0,1.8203959465
rs160730,linearsvc_C1.0,37833,0.142424219609,0.666666666667,0.0,0.0,0.0,undefined,0.0,1.64525699615
rs160730,linearsvc_C1.0,35942,0.135305455586,0.611111111111,0.0,0.0,0.0,undefined,0.0,1.58357906342
rs160730,linearsvc_C1.0,34145,0.128540559262,0.666666666667,0.0,0.0,0.0,undefined,0.0,1.42755794525
rs160730,linearsvc_C1.0,32438,0.122114472436,0.666666666667,0.0,0.0,0.0,undefined,0.0,1.33959293365
rs160730,linearsvc_C1.0,30817,0.116012136909,0.666666666667,0.0,0.0,0.0,undefined,0.0,1.3800110817
rs160730,linearsvc_C1.0,29277,0.110214729931,0.611111111111,0.0,0.0,0.0,undefined,0.0,1.28126716614
rs160730,linearsvc_C1.0,27814,0.104707193302,0.666666666667,0.0,0.0,0.0,undefined,0.0,1.26576209068
rs160730,linearsvc_C1.0,26424,0.099474468822,0.611111111111,0.0,0.0,0.0,undefined,0.0,1.13029885292
rs160730,linearsvc_C1.0,25103,0.0945014982909,0.611111111111,0.0,0.0,0.0,undefined,0.0,1.05567193031
rs160730,linearsvc_C1.0,23848,0.0897769880588,0.555555555556,0.0,0.0,0.0,undefined,0.0,1.00704216957
rs160730,linearsvc_C1.0,22656,0.0852896444759,0.611111111111,0.0,0.0,0.0,undefined,0.0,0.919053077698
rs160730,linearsvc_C1.0,21524,0.0810281738921,0.611111111111,0.0,0.0,0.0,undefined,0.0,0.88941192627
rs160730,linearsvc_C1.0,20448,0.0769775181075,0.555555555556,0.0,0.0,0.0,undefined,0.0,0.915976047516
rs160730,linearsvc_C1.0,19426,0.0731301480221,0.555555555556,0.0,0.0,0.0,undefined,0.0,0.866905927658
rs160730,linearsvc_C1.0,18455,0.069474769986,0.555555555556,0.0,0.0,0.0,undefined,0.0,0.758707046509
rs160730,linearsvc_C1.0,17533,0.0660038548992,0.555555555556,0.0,0.0,0.0,undefined,0.0,0.702131032944
rs160730,linearsvc_C1.0,16657,0.0627061091117,0.5,0.0,0.0,0.0,undefined,0.0,0.717449903488
rs160730,linearsvc_C1.0,15825,0.0595740035236,0.5,0.0,0.0,0.0,undefined,0.0,0.629384994507
rs160730,linearsvc_C1.0,15034,0.0565962444849,0.5,0.0,0.0,0.0,undefined,0.0,0.605059862137
rs160730,linearsvc_C1.0,14283,0.0537690674457,0.555555555556,0.0,0.0,0.0,undefined,0.0,0.521315097809
rs160730,linearsvc_C1.0,13569,0.0510811787559,0.5,0.0,0.0,0.0,undefined,0.0,0.566256046295
rs160730,linearsvc_C1.0,12891,0.0485288138656,0.5,0.0,0.0,0.0,undefined,0.0,0.473831892014
rs160730,linearsvc_C1.0,12247,0.0461044436748,0.5,0.0,0.0,0.0,undefined,0.0,0.483819961548
rs160730,linearsvc_C1.0,11635,0.0438005390836,0.444444444444,0.0,0.0,0.0,undefined,0.0,0.454254865646
rs160730,linearsvc_C1.0,11054,0.0416133355419,0.444444444444,0.0,0.0,0.0,undefined,0.0,0.461236000061
rs160730,linearsvc_C1.0,10502,0.0395353039498,0.444444444444,0.0,0.0,0.0,undefined,0.0,0.382139921188
rs160730,linearsvc_C1.0,9977,0.0375589152073,0.444444444444,0.0,0.0,0.0,undefined,0.0,0.372235059738
rs160730,linearsvc_C1.0,9479,0.0356841693144,0.444444444444,0.0,0.0,0.0,undefined,0.0,0.324231863022
rs160730,linearsvc_C1.0,9006,0.0339035371712,0.444444444444,0.0,0.0,0.0,undefined,0.0,0.335905075073
rs160730,linearsvc_C1.0,8556,0.0322094896776,0.5,0.0,0.0,0.0,undefined,0.0,0.288234949112
rs160730,linearsvc_C1.0,8129,0.0306020268337,0.5,0.0,0.0,0.0,undefined,0.0,0.300643920898
rs160730,linearsvc_C1.0,7723,0.0290736195395,0.444444444444,0.0,0.0,0.0,undefined,0.0,0.290200948715
rs160730,linearsvc_C1.0,7337,0.027620503245,0.5,0.0,0.0,0.0,undefined,0.0,0.241873025894
rs160730,linearsvc_C1.0,6971,0.0262426779503,0.444444444444,0.0,0.0,0.0,undefined,0.0,0.248321056366
rs160730,linearsvc_C1.0,6623,0.0249326145553,0.5,0.0,0.0,0.0,undefined,0.0,0.250516176224
rs160730,linearsvc_C1.0,6292,0.02368654851,0.388888888889,0.0,0.0,0.0,undefined,0.0,0.211151123047
rs160730,linearsvc_C1.0,5978,0.0225044798145,0.388888888889,0.0,0.0,0.0,undefined,0.0,0.220582008362
rs160730,linearsvc_C1.0,5680,0.0213826439187,0.388888888889,0.0,0.0,0.0,undefined,0.0,0.193395137787
rs160730,linearsvc_C1.0,5396,0.0203135117228,0.444444444444,0.0,0.0,0.0,undefined,0.0,0.198766946793
rs160730,linearsvc_C1.0,5127,0.0193008477767,0.444444444444,0.0,0.0,0.0,undefined,0.0,0.179899215698
rs160730,linearsvc_C1.0,4871,0.0183371229803,0.444444444444,0.0,0.0,0.0,undefined,0.0,0.17650103569
rs160730,linearsvc_C1.0,4628,0.0174223373338,0.444444444444,0.0,0.0,0.0,undefined,0.0,0.158233880997
rs160730,linearsvc_C1.0,4397,0.0165527262871,0.388888888889,0.0,0.0,0.0,undefined,0.0,0.151006937027
rs160730,linearsvc_C1.0,4178,0.0157282898402,0.388888888889,0.0,0.0,0.0,undefined,0.0,0.160690784454
rs160730,linearsvc_C1.0,3970,0.0149452634432,0.388888888889,0.0,0.0,0.0,undefined,0.0,0.144289970398
rs160730,linearsvc_C1.0,3772,0.014199882546,0.388888888889,0.0,0.0,0.0,undefined,0.0,0.150671958923
rs160730,linearsvc_C1.0,3584,0.0134921471487,0.388888888889,0.0,0.0,0.0,undefined,0.0,0.158087968826
rs160730,linearsvc_C1.0,3405,0.0128182927013,0.388888888889,0.0,0.0,0.0,undefined,0.0,0.147588968277
rs160730,linearsvc_C1.0,3235,0.0121783192037,0.388888888889,0.0,0.0,0.0,undefined,0.0,0.238759994507
rs160730,linearsvc_C1.0,3074,0.011572226656,0.444444444444,0.0,0.0,0.0,undefined,0.0,0.130843162537
rs160730,linearsvc_C1.0,2921,0.0109962505082,0.444444444444,0.0,0.0,0.0,undefined,0.0,0.107599020004
rs160730,linearsvc_C1.0,2775,0.0104466262103,0.444444444444,0.0,0.0,0.0,undefined,0.0,0.427867889404
rs160730,linearsvc_C1.0,2637,0.00992711831228,0.444444444444,0.0,0.0,0.0,undefined,0.0,0.408235788345
rs160730,linearsvc_C1.0,2506,0.00943396226415,0.5,0.0,0.0,0.0,undefined,0.0,0.914391040802
rs160730,linearsvc_C1.0,2381,0.00896339351594,0.444444444444,0.0,0.0,0.0,undefined,0.0,1.15016007423
rs160730,linearsvc_C1.0,2262,0.00851541206764,0.5,0.0,0.0,0.0,undefined,0.0,1.04783201218
rs160730,linearsvc_C1.0,2149,0.00809001791926,0.5,0.0,0.0,0.0,undefined,0.0,0.965089797974
rs160730,linearsvc_C1.0,2042,0.00768721107079,0.5,0.0,0.0,0.0,undefined,0.0,1.15867805481
rs160730,linearsvc_C1.0,1940,0.00730322697225,0.5,0.0,0.0,0.0,undefined,0.0,0.640099048615
rs160730,linearsvc_C1.0,1843,0.00693806562364,0.555555555556,0.0,0.0,0.0,undefined,0.0,1.17779898643
rs160730,linearsvc_C1.0,1751,0.00659172702495,0.555555555556,0.0,0.0,0.0,undefined,0.0,1.19443798065
rs160730,linearsvc_C1.0,1664,0.0062642111762,0.5,0.0,0.0,0.0,undefined,0.0,1.14374995232
rs160730,linearsvc_C1.0,1581,0.00595175352738,0.5,0.0,0.0,0.0,undefined,0.0,0.910322904587
rs160730,linearsvc_C1.0,1502,0.00565435407851,0.5,0.0,0.0,0.0,undefined,0.0,0.795370817184
rs160730,linearsvc_C1.0,1427,0.00537201282959,0.5,0.0,0.0,0.0,undefined,0.0,0.949702978134
rs160730,linearsvc_C1.0,1356,0.0051047297806,0.5,0.0,0.0,0.0,undefined,0.0,0.881031036377
rs160730,linearsvc_C10.0,265636,1.0,0.777777777778,0.0,0.0,0.0,undefined,0.0,15.5521550179
rs160730,linearsvc_C10.0,252355,0.95000301164,0.777777777778,0.0,0.0,0.0,undefined,0.0,15.6393420696
rs160730,linearsvc_C10.0,239738,0.90250568447,0.777777777778,0.0,0.0,0.0,undefined,0.0,13.9707407951
rs160730,linearsvc_C10.0,227752,0.857383788342,0.777777777778,0.0,0.0,0.0,undefined,0.0,13.4098680019
rs160730,linearsvc_C10.0,216365,0.814516857655,0.777777777778,0.0,0.0,0.0,undefined,0.0,12.5904798508
rs160730,linearsvc_C10.0,205547,0.77379195591,0.777777777778,0.0,0.0,0.0,undefined,0.0,11.6130068302
rs160730,linearsvc_C10.0,195270,0.735103675707,0.777777777778,0.0,0.0,0.0,undefined,0.0,11.3296480179
rs160730,linearsvc_C10.0,185507,0.698350374196,0.777777777778,0.0,0.0,0.0,undefined,0.0,10.4639589787
rs160730,linearsvc_C10.0,176232,0.663434173079,0.777777777778,0.0,0.0,0.0,undefined,0.0,9.66280198097
rs160730,linearsvc_C10.0,167421,0.630264723155,0.777777777778,0.0,0.0,0.0,undefined,0.0,9.07438492775
rs160730,linearsvc_C10.0,159050,0.598751675225,0.777777777778,0.0,0.0,0.0,undefined,0.0,8.68177390099
rs160730,linearsvc_C10.0,151098,0.568815973738,0.777777777778,0.0,0.0,0.0,undefined,0.0,8.4075050354
rs160730,linearsvc_C10.0,143544,0.540378563147,0.722222222222,0.0,0.0,0.0,undefined,0.0,7.76727294922
rs160730,linearsvc_C10.0,136367,0.513360387899,0.722222222222,0.0,0.0,0.0,undefined,0.0,7.47228097916
rs160730,linearsvc_C10.0,129549,0.487693686097,0.722222222222,0.0,0.0,0.0,undefined,0.0,6.79505801201
rs160730,linearsvc_C10.0,123072,0.463310695839,0.722222222222,0.0,0.0,0.0,undefined,0.0,6.58265304565
rs160730,linearsvc_C10.0,116919,0.440147419777,0.777777777778,0.0,0.0,0.0,undefined,0.0,6.37629914284
rs160730,linearsvc_C10.0,111074,0.418143625111,0.777777777778,0.0,0.0,0.0,undefined,0.0,5.82033610344
rs160730,linearsvc_C10.0,105521,0.39723907904,0.777777777778,0.0,0.0,0.0,undefined,0.0,5.52243685722
rs160730,linearsvc_C10.0,100245,0.377377313316,0.722222222222,0.0,0.0,0.0,undefined,0.0,5.1183450222
rs160730,linearsvc_C10.0,95233,0.358509388788,0.722222222222,0.0,0.0,0.0,undefined,0.0,4.91447806358
rs160730,linearsvc_C10.0,90472,0.340586366306,0.722222222222,0.0,0.0,0.0,undefined,0.0,4.41936612129
rs160730,linearsvc_C10.0,85949,0.32355930672,0.722222222222,0.0,0.0,0.0,undefined,0.0,4.36512684822
rs160730,linearsvc_C10.0,81652,0.307383035432,0.666666666667,0.0,0.0,0.0,undefined,0.0,4.05706381798
rs160730,linearsvc_C10.0,77570,0.29201614239,0.666666666667,0.0,0.0,0.0,undefined,0.0,3.85267019272
rs160730,linearsvc_C10.0,73692,0.277417217546,0.666666666667,0.0,0.0,0.0,undefined,0.0,3.65284013748
rs160730,linearsvc_C10.0,70008,0.263548615399,0.611111111111,0.0,0.0,0.0,undefined,0.0,3.42031002045
rs160730,linearsvc_C10.0,66508,0.250372690449,0.611111111111,0.0,0.0,0.0,undefined,0.0,3.16956210136
rs160730,linearsvc_C10.0,63183,0.237855561746,0.611111111111,0.0,0.0,0.0,undefined,0.0,3.02102184296
rs160730,linearsvc_C10.0,60024,0.225963348341,0.611111111111,0.0,0.0,0.0,undefined,0.0,2.94153785706
rs160730,linearsvc_C10.0,57023,0.214665933834,0.611111111111,0.0,0.0,0.0,undefined,0.0,2.75760293007
rs160730,linearsvc_C10.0,54172,0.203933201825,0.611111111111,0.0,0.0,0.0,undefined,0.0,2.52849197388
rs160730,linearsvc_C10.0,51464,0.193738800464,0.611111111111,0.0,0.0,0.0,undefined,0.0,2.47329497337
rs160730,linearsvc_C10.0,48891,0.184052613351,0.611111111111,0.0,0.0,0.0,undefined,0.0,2.21530485153
rs160730,linearsvc_C10.0,46447,0.174852053186,0.611111111111,0.0,0.0,0.0,undefined,0.0,2.19618701935
rs160730,linearsvc_C10.0,44125,0.166110768119,0.611111111111,0.0,0.0,0.0,undefined,0.0,2.0065331459
rs160730,linearsvc_C10.0,41919,0.15780617085,0.611111111111,0.0,0.0,0.0,undefined,0.0,1.93318891525
rs160730,linearsvc_C10.0,39824,0.14991943863,0.611111111111,0.0,0.0,0.0,undefined,0.0,1.78322887421
rs160730,linearsvc_C10.0,37833,0.142424219609,0.611111111111,0.0,0.0,0.0,undefined,0.0,1.74460291862
rs160730,linearsvc_C10.0,35942,0.135305455586,0.611111111111,0.0,0.0,0.0,undefined,0.0,1.61925601959
rs160730,linearsvc_C10.0,34145,0.128540559262,0.611111111111,0.0,0.0,0.0,undefined,0.0,1.51110076904
rs160730,linearsvc_C10.0,32438,0.122114472436,0.611111111111,0.0,0.0,0.0,undefined,0.0,1.4529569149
rs160730,linearsvc_C10.0,30817,0.116012136909,0.555555555556,0.0,0.0,0.0,undefined,0.0,1.34436297417
rs160730,linearsvc_C10.0,29277,0.110214729931,0.611111111111,0.0,0.0,0.0,undefined,0.0,1.27010798454
rs160730,linearsvc_C10.0,27814,0.104707193302,0.611111111111,0.0,0.0,0.0,undefined,0.0,1.22232604027
rs160730,linearsvc_C10.0,26424,0.099474468822,0.611111111111,0.0,0.0,0.0,undefined,0.0,1.13874292374
rs160730,linearsvc_C10.0,25103,0.0945014982909,0.611111111111,0.0,0.0,0.0,undefined,0.0,1.12571406364
rs160730,linearsvc_C10.0,23848,0.0897769880588,0.611111111111,0.0,0.0,0.0,undefined,0.0,1.00582790375
rs160730,linearsvc_C10.0,22656,0.0852896444759,0.611111111111,0.0,0.0,0.0,undefined,0.0,0.927531957626
rs160730,linearsvc_C10.0,21524,0.0810281738921,0.666666666667,0.0,0.0,0.0,undefined,0.0,0.864326953888
rs160730,linearsvc_C10.0,20448,0.0769775181075,0.666666666667,0.0,0.0,0.0,undefined,0.0,0.808873176575
rs160730,linearsvc_C10.0,19426,0.0731301480221,0.666666666667,0.0,0.0,0.0,undefined,0.0,0.806078910828
rs160730,linearsvc_C10.0,18455,0.069474769986,0.666666666667,0.0,0.0,0.0,undefined,0.0,0.789439916611
rs160730,linearsvc_C10.0,17533,0.0660038548992,0.666666666667,0.0,0.0,0.0,undefined,0.0,0.749767065048
rs160730,linearsvc_C10.0,16657,0.0627061091117,0.666666666667,0.0,0.0,0.0,undefined,0.0,0.696197986603
rs160730,linearsvc_C10.0,15825,0.0595740035236,0.666666666667,0.0,0.0,0.0,undefined,0.0,0.655259847641
rs160730,linearsvc_C10.0,15034,0.0565962444849,0.611111111111,0.0,0.0,0.0,undefined,0.0,0.578845024109
rs160730,linearsvc_C10.0,14283,0.0537690674457,0.611111111111,0.0,0.0,0.0,undefined,0.0,0.566034793854
rs160730,linearsvc_C10.0,13569,0.0510811787559,0.611111111111,0.0,0.0,0.0,undefined,0.0,0.552334785461
rs160730,linearsvc_C10.0,12891,0.0485288138656,0.555555555556,0.0,0.0,0.0,undefined,0.0,0.502290010452
rs160730,linearsvc_C10.0,12247,0.0461044436748,0.555555555556,0.0,0.0,0.0,undefined,0.0,0.497344970703
rs160730,linearsvc_C10.0,11635,0.0438005390836,0.555555555556,0.0,0.0,0.0,undefined,0.0,0.468095064163
rs160730,linearsvc_C10.0,11054,0.0416133355419,0.555555555556,0.0,0.0,0.0,undefined,0.0,0.399580955505
rs160730,linearsvc_C10.0,10502,0.0395353039498,0.5,0.0,0.0,0.0,undefined,0.0,0.382468938828
rs160730,linearsvc_C10.0,9977,0.0375589152073,0.5,0.0,0.0,0.0,undefined,0.0,0.407446146011
rs160730,linearsvc_C10.0,9479,0.0356841693144,0.5,0.0,0.0,0.0,undefined,0.0,0.331650018692
rs160730,linearsvc_C10.0,9006,0.0339035371712,0.444444444444,0.0,0.0,0.0,undefined,0.0,0.314847946167
rs160730,linearsvc_C10.0,8556,0.0322094896776,0.444444444444,0.0,0.0,0.0,undefined,0.0,0.313670158386
rs160730,linearsvc_C10.0,8129,0.0306020268337,0.5,0.0,0.0,0.0,undefined,0.0,0.27497792244
rs160730,linearsvc_C10.0,7723,0.0290736195395,0.5,0.0,0.0,0.0,undefined,0.0,0.266847133636
rs160730,linearsvc_C10.0,7337,0.027620503245,0.5,0.0,0.0,0.0,undefined,0.0,0.256490945816
rs160730,linearsvc_C10.0,6971,0.0262426779503,0.5,0.0,0.0,0.0,undefined,0.0,0.232331991196
rs160730,linearsvc_C10.0,6623,0.0249326145553,0.555555555556,0.0,0.0,0.0,undefined,0.0,0.224991083145
rs160730,linearsvc_C10.0,6292,0.02368654851,0.5,0.0,0.0,0.0,undefined,0.0,0.218448877335
rs160730,linearsvc_C10.0,5978,0.0225044798145,0.444444444444,0.0,0.0,0.0,undefined,0.0,0.189242124557
rs160730,linearsvc_C10.0,5680,0.0213826439187,0.444444444444,0.0,0.0,0.0,undefined,0.0,0.19055891037
rs160730,linearsvc_C10.0,5396,0.0203135117228,0.444444444444,0.0,0.0,0.0,undefined,0.0,0.191341876984
rs160730,linearsvc_C10.0,5127,0.0193008477767,0.5,0.0,0.0,0.0,undefined,0.0,0.17244386673
rs160730,linearsvc_C10.0,4871,0.0183371229803,0.555555555556,0.0,0.0,0.0,undefined,0.0,0.165813922882
rs160730,linearsvc_C10.0,4628,0.0174223373338,0.5,0.0,0.0,0.0,undefined,0.0,0.155786991119
rs160730,linearsvc_C10.0,4397,0.0165527262871,0.5,0.0,0.0,0.0,undefined,0.0,0.133727073669
rs160730,linearsvc_C10.0,4178,0.0157282898402,0.444444444444,0.0,0.0,0.0,undefined,0.0,0.164880037308
rs160730,linearsvc_C10.0,3970,0.0149452634432,0.444444444444,0.0,0.0,0.0,undefined,0.0,0.131939888
rs160730,linearsvc_C10.0,3772,0.014199882546,0.444444444444,0.0,0.0,0.0,undefined,0.0,0.149671077728
rs160730,linearsvc_C10.0,3584,0.0134921471487,0.444444444444,0.0,0.0,0.0,undefined,0.0,0.125085830688
rs160730,linearsvc_C10.0,3405,0.0128182927013,0.444444444444,0.0,0.0,0.0,undefined,0.0,0.123221158981
rs160730,linearsvc_C10.0,3235,0.0121783192037,0.5,0.0,0.0,0.0,undefined,0.0,0.129935026169
rs160730,linearsvc_C10.0,3074,0.011572226656,0.5,0.0,0.0,0.0,undefined,0.0,0.112348079681
rs160730,linearsvc_C10.0,2921,0.0109962505082,0.5,0.0,0.0,0.0,undefined,0.0,0.105051994324
rs160730,linearsvc_C10.0,2775,0.0104466262103,0.5,0.0,0.0,0.0,undefined,0.0,0.105782032013
rs160730,linearsvc_C10.0,2637,0.00992711831228,0.5,0.0,0.0,0.0,undefined,0.0,0.108587026596
rs160730,linearsvc_C10.0,2506,0.00943396226415,0.5,0.0,0.0,0.0,undefined,0.0,0.0916440486908
rs160730,linearsvc_C10.0,2381,0.00896339351594,0.5,0.0,0.0,0.0,undefined,0.0,0.0851771831512
rs160730,linearsvc_C10.0,2262,0.00851541206764,0.5,0.0,0.0,0.0,undefined,0.0,0.1208589077
rs160730,linearsvc_C10.0,2149,0.00809001791926,0.5,0.0,0.0,0.0,undefined,0.0,0.123198032379
rs160730,linearsvc_C10.0,2042,0.00768721107079,0.5,0.0,0.0,0.0,undefined,0.0,0.113150119781
rs160730,linearsvc_C10.0,1940,0.00730322697225,0.5,0.0,0.0,0.0,undefined,0.0,0.122961997986
rs160730,linearsvc_C10.0,1843,0.00693806562364,0.555555555556,0.0,0.0,0.0,undefined,0.0,0.113923788071
rs160730,linearsvc_C10.0,1751,0.00659172702495,0.555555555556,0.0,0.0,0.0,undefined,0.0,0.104239940643
rs160730,linearsvc_C10.0,1664,0.0062642111762,0.555555555556,0.0,0.0,0.0,undefined,0.0,0.10760807991
rs160730,linearsvc_C10.0,1581,0.00595175352738,0.555555555556,0.0,0.0,0.0,undefined,0.0,0.117584943771
rs160730,linearsvc_C10.0,1502,0.00565435407851,0.444444444444,0.0,0.0,0.0,undefined,0.0,0.103790998459
rs160730,linearsvc_C10.0,1427,0.00537201282959,0.444444444444,0.0,0.0,0.0,undefined,0.0,0.103724956512
rs160730,linearsvc_C10.0,1356,0.0051047297806,0.444444444444,0.0,0.0,0.0,undefined,0.0,0.100718021393
rs160730,linearsvc_C100.0,265636,1.0,0.666666666667,0.0,0.0,0.0,undefined,0.0,20.9452271461
rs160730,linearsvc_C100.0,252355,0.95000301164,0.666666666667,0.0,0.0,0.0,undefined,0.0,20.122576952
rs160730,linearsvc_C100.0,239738,0.90250568447,0.666666666667,0.0,0.0,0.0,undefined,0.0,18.8863070011
rs160730,linearsvc_C100.0,227752,0.857383788342,0.666666666667,0.0,0.0,0.0,undefined,0.0,17.4914240837
rs160730,linearsvc_C100.0,216365,0.814516857655,0.666666666667,0.0,0.0,0.0,undefined,0.0,16.686396122
rs160730,linearsvc_C100.0,205547,0.77379195591,0.666666666667,0.0,0.0,0.0,undefined,0.0,15.5058329105
rs160730,linearsvc_C100.0,195270,0.735103675707,0.666666666667,0.0,0.0,0.0,undefined,0.0,14.9694139957
rs160730,linearsvc_C100.0,185507,0.698350374196,0.666666666667,0.0,0.0,0.0,undefined,0.0,14.0419840813
rs160730,linearsvc_C100.0,176232,0.663434173079,0.666666666667,0.0,0.0,0.0,undefined,0.0,12.7427310944
rs160730,linearsvc_C100.0,167421,0.630264723155,0.666666666667,0.0,0.0,0.0,undefined,0.0,12.3748049736
rs160730,linearsvc_C100.0,159050,0.598751675225,0.666666666667,0.0,0.0,0.0,undefined,0.0,11.8108379841
rs160730,linearsvc_C100.0,151098,0.568815973738,0.666666666667,0.0,0.0,0.0,undefined,0.0,11.0639359951
rs160730,linearsvc_C100.0,143544,0.540378563147,0.666666666667,0.0,0.0,0.0,undefined,0.0,10.4384729862
rs160730,linearsvc_C100.0,136367,0.513360387899,0.666666666667,0.0,0.0,0.0,undefined,0.0,9.6858818531
rs160730,linearsvc_C100.0,129549,0.487693686097,0.666666666667,0.0,0.0,0.0,undefined,0.0,8.95002698898
rs160730,linearsvc_C100.0,123072,0.463310695839,0.666666666667,0.0,0.0,0.0,undefined,0.0,8.13423013687
rs160730,linearsvc_C100.0,116919,0.440147419777,0.666666666667,0.0,0.0,0.0,undefined,0.0,9.46001982689
rs160730,linearsvc_C100.0,111074,0.418143625111,0.722222222222,0.0,0.0,0.0,undefined,0.0,9.29307413101
rs160730,linearsvc_C100.0,105521,0.39723907904,0.722222222222,0.0,0.0,0.0,undefined,0.0,8.14335894585
rs160730,linearsvc_C100.0,100245,0.377377313316,0.722222222222,0.0,0.0,0.0,undefined,0.0,6.73637890816
rs160730,linearsvc_C100.0,95233,0.358509388788,0.722222222222,0.0,0.0,0.0,undefined,0.0,6.49090099335
rs160730,linearsvc_C100.0,90472,0.340586366306,0.722222222222,0.0,0.0,0.0,undefined,0.0,6.08060908318
rs160730,linearsvc_C100.0,85949,0.32355930672,0.722222222222,0.0,0.0,0.0,undefined,0.0,5.75368189812
rs160730,linearsvc_C100.0,81652,0.307383035432,0.722222222222,0.0,0.0,0.0,undefined,0.0,5.26490712166
rs160730,linearsvc_C100.0,77570,0.29201614239,0.722222222222,0.0,0.0,0.0,undefined,0.0,4.85285496712
rs160730,linearsvc_C100.0,73692,0.277417217546,0.722222222222,0.0,0.0,0.0,undefined,0.0,4.61817097664
rs160730,linearsvc_C100.0,70008,0.263548615399,0.666666666667,0.0,0.0,0.0,undefined,0.0,4.31227684021
rs160730,linearsvc_C100.0,66508,0.250372690449,0.722222222222,0.0,0.0,0.0,undefined,0.0,4.16419315338
rs160730,linearsvc_C100.0,63183,0.237855561746,0.722222222222,0.0,0.0,0.0,undefined,0.0,3.92533397675
rs160730,linearsvc_C100.0,60024,0.225963348341,0.722222222222,0.0,0.0,0.0,undefined,0.0,3.56309103966
rs160730,linearsvc_C100.0,57023,0.214665933834,0.722222222222,0.0,0.0,0.0,undefined,0.0,3.55481410027
rs160730,linearsvc_C100.0,54172,0.203933201825,0.722222222222,0.0,0.0,0.0,undefined,0.0,3.22432494164
rs160730,linearsvc_C100.0,51464,0.193738800464,0.722222222222,0.0,0.0,0.0,undefined,0.0,2.90625
rs160730,linearsvc_C100.0,48891,0.184052613351,0.722222222222,0.0,0.0,0.0,undefined,0.0,2.72680187225
rs160730,linearsvc_C100.0,46447,0.174852053186,0.666666666667,0.0,0.0,0.0,undefined,0.0,2.72731995583
rs160730,linearsvc_C100.0,44125,0.166110768119,0.722222222222,0.0,0.0,0.0,undefined,0.0,2.45003008842
rs160730,linearsvc_C100.0,41919,0.15780617085,0.722222222222,0.0,0.0,0.0,undefined,0.0,2.39731383324
rs160730,linearsvc_C100.0,39824,0.14991943863,0.666666666667,0.0,0.0,0.0,undefined,0.0,2.20137310028
rs160730,linearsvc_C100.0,37833,0.142424219609,0.666666666667,0.0,0.0,0.0,undefined,0.0,2.03694105148
rs160730,linearsvc_C100.0,35942,0.135305455586,0.666666666667,0.0,0.0,0.0,undefined,0.0,2.01464605331
rs160730,linearsvc_C100.0,34145,0.128540559262,0.666666666667,0.0,0.0,0.0,undefined,0.0,1.86298704147
rs160730,linearsvc_C100.0,32438,0.122114472436,0.666666666667,0.0,0.0,0.0,undefined,0.0,1.68779206276
rs160730,linearsvc_C100.0,30817,0.116012136909,0.666666666667,0.0,0.0,0.0,undefined,0.0,1.66678190231
rs160730,linearsvc_C100.0,29277,0.110214729931,0.666666666667,0.0,0.0,0.0,undefined,0.0,1.72219800949
rs160730,linearsvc_C100.0,27814,0.104707193302,0.611111111111,0.0,0.0,0.0,undefined,0.0,1.40809297562
rs160730,linearsvc_C100.0,26424,0.099474468822,0.611111111111,0.0,0.0,0.0,undefined,0.0,1.43679690361
rs160730,linearsvc_C100.0,25103,0.0945014982909,0.555555555556,0.0,0.0,0.0,undefined,0.0,1.32872104645
rs160730,linearsvc_C100.0,23848,0.0897769880588,0.555555555556,0.0,0.0,0.0,undefined,0.0,1.22254991531
rs160730,linearsvc_C100.0,22656,0.0852896444759,0.555555555556,0.0,0.0,0.0,undefined,0.0,1.14745998383
rs160730,linearsvc_C100.0,21524,0.0810281738921,0.611111111111,0.0,0.0,0.0,undefined,0.0,1.12834000587
rs160730,linearsvc_C100.0,20448,0.0769775181075,0.5,0.0,0.0,0.0,undefined,0.0,1.01753497124
rs160730,linearsvc_C100.0,19426,0.0731301480221,0.5,0.0,0.0,0.0,undefined,0.0,1.01295518875
rs160730,linearsvc_C100.0,18455,0.069474769986,0.5,0.0,0.0,0.0,undefined,0.0,0.906824111938
rs160730,linearsvc_C100.0,17533,0.0660038548992,0.666666666667,0.0,0.0,0.0,undefined,0.0,0.858448028564
rs160730,linearsvc_C100.0,16657,0.0627061091117,0.611111111111,0.0,0.0,0.0,undefined,0.0,0.818987846375
rs160730,linearsvc_C100.0,15825,0.0595740035236,0.555555555556,0.0,0.0,0.0,undefined,0.0,0.765103816986
rs160730,linearsvc_C100.0,15034,0.0565962444849,0.555555555556,0.0,0.0,0.0,undefined,0.0,0.640912055969
rs160730,linearsvc_C100.0,14283,0.0537690674457,0.555555555556,0.0,0.0,0.0,undefined,0.0,0.644101858139
rs160730,linearsvc_C100.0,13569,0.0510811787559,0.555555555556,0.0,0.0,0.0,undefined,0.0,0.603926181793
rs160730,linearsvc_C100.0,12891,0.0485288138656,0.555555555556,0.0,0.0,0.0,undefined,0.0,0.566899061203
rs160730,linearsvc_C100.0,12247,0.0461044436748,0.611111111111,0.0,0.0,0.0,undefined,0.0,0.547466039658
rs160730,linearsvc_C100.0,11635,0.0438005390836,0.666666666667,0.0,0.0,0.0,undefined,0.0,0.536556959152
rs160730,linearsvc_C100.0,11054,0.0416133355419,0.666666666667,0.0,0.0,0.0,undefined,0.0,0.455416917801
rs160730,linearsvc_C100.0,10502,0.0395353039498,0.666666666667,0.0,0.0,0.0,undefined,0.0,0.457608938217
rs160730,linearsvc_C100.0,9977,0.0375589152073,0.666666666667,0.0,0.0,0.0,undefined,0.0,0.38653588295
rs160730,linearsvc_C100.0,9479,0.0356841693144,0.611111111111,0.0,0.0,0.0,undefined,0.0,0.34244799614
rs160730,linearsvc_C100.0,9006,0.0339035371712,0.666666666667,0.0,0.0,0.0,undefined,0.0,0.334871053696
rs160730,linearsvc_C100.0,8556,0.0322094896776,0.611111111111,0.0,0.0,0.0,undefined,0.0,0.314140081406
rs160730,linearsvc_C100.0,8129,0.0306020268337,0.555555555556,0.0,0.0,0.0,undefined,0.0,0.303879976273
rs160730,linearsvc_C100.0,7723,0.0290736195395,0.611111111111,0.0,0.0,0.0,undefined,0.0,0.293771028519
rs160730,linearsvc_C100.0,7337,0.027620503245,0.611111111111,0.0,0.0,0.0,undefined,0.0,0.277672052383
rs160730,linearsvc_C100.0,6971,0.0262426779503,0.611111111111,0.0,0.0,0.0,undefined,0.0,0.267019033432
rs160730,linearsvc_C100.0,6623,0.0249326145553,0.611111111111,0.0,0.0,0.0,undefined,0.0,0.250136137009
rs160730,linearsvc_C100.0,6292,0.02368654851,0.611111111111,0.0,0.0,0.0,undefined,0.0,0.23931312561
rs160730,linearsvc_C100.0,5978,0.0225044798145,0.611111111111,0.0,0.0,0.0,undefined,0.0,0.21396780014
rs160730,linearsvc_C100.0,5680,0.0213826439187,0.611111111111,0.0,0.0,0.0,undefined,0.0,0.224135160446
rs160730,linearsvc_C100.0,5396,0.0203135117228,0.5,0.0,0.0,0.0,undefined,0.0,0.188665151596
rs160730,linearsvc_C100.0,5127,0.0193008477767,0.5,0.0,0.0,0.0,undefined,0.0,0.170187950134
rs160730,linearsvc_C100.0,4871,0.0183371229803,0.444444444444,0.0,0.0,0.0,undefined,0.0,0.193032979965
rs160730,linearsvc_C100.0,4628,0.0174223373338,0.444444444444,0.0,0.0,0.0,undefined,0.0,0.153026103973
rs160730,linearsvc_C100.0,4397,0.0165527262871,0.444444444444,0.0,0.0,0.0,undefined,0.0,0.161195039749
rs160730,linearsvc_C100.0,4178,0.0157282898402,0.388888888889,0.0,0.0,0.0,undefined,0.0,0.161816120148
rs160730,linearsvc_C100.0,3970,0.0149452634432,0.388888888889,0.0,0.0,0.0,undefined,0.0,0.146935939789
rs160730,linearsvc_C100.0,3772,0.014199882546,0.388888888889,0.0,0.0,0.0,undefined,0.0,0.152616977692
rs160730,linearsvc_C100.0,3584,0.0134921471487,0.388888888889,0.0,0.0,0.0,undefined,0.0,0.142535924911
rs160730,linearsvc_C100.0,3405,0.0128182927013,0.388888888889,0.0,0.0,0.0,undefined,0.0,0.140976905823
rs160730,linearsvc_C100.0,3235,0.0121783192037,0.388888888889,0.0,0.0,0.0,undefined,0.0,0.120066165924
rs160730,linearsvc_C100.0,3074,0.011572226656,0.444444444444,0.0,0.0,0.0,undefined,0.0,0.113770008087
rs160730,linearsvc_C100.0,2921,0.0109962505082,0.388888888889,0.0,0.0,0.0,undefined,0.0,0.118844032288
rs160730,linearsvc_C100.0,2775,0.0104466262103,0.444444444444,0.0,0.0,0.0,undefined,0.0,0.11572599411
rs160730,linearsvc_C100.0,2637,0.00992711831228,0.444444444444,0.0,0.0,0.0,undefined,0.0,0.112931013107
rs160730,linearsvc_C100.0,2506,0.00943396226415,0.388888888889,0.0,0.0,0.0,undefined,0.0,0.0937540531158
rs160730,linearsvc_C100.0,2381,0.00896339351594,0.333333333333,0.0,0.0,0.0,undefined,0.0,0.0971789360046
rs160730,linearsvc_C100.0,2262,0.00851541206764,0.333333333333,0.0,0.0,0.0,undefined,0.0,0.0896940231323
rs160730,linearsvc_C100.0,2149,0.00809001791926,0.333333333333,0.0,0.0,0.0,undefined,0.0,0.082691192627
rs160730,linearsvc_C100.0,2042,0.00768721107079,0.333333333333,0.0,0.0,0.0,undefined,0.0,0.111932992935
rs160730,linearsvc_C100.0,1940,0.00730322697225,0.333333333333,0.0,0.0,0.0,undefined,0.0,0.111571073532
rs160730,linearsvc_C100.0,1843,0.00693806562364,0.333333333333,0.0,0.0,0.0,undefined,0.0,0.106701850891
rs160730,linearsvc_C100.0,1751,0.00659172702495,0.388888888889,0.0,0.0,0.0,undefined,0.0,0.102284193039
rs160730,linearsvc_C100.0,1664,0.0062642111762,0.388888888889,0.0,0.0,0.0,undefined,0.0,0.10892701149
rs160730,linearsvc_C100.0,1581,0.00595175352738,0.333333333333,0.0,0.0,0.0,undefined,0.0,0.11181807518
rs160730,linearsvc_C100.0,1502,0.00565435407851,0.388888888889,0.0,0.0,0.0,undefined,0.0,0.10067486763
rs160730,linearsvc_C100.0,1427,0.00537201282959,0.333333333333,0.0,0.0,0.0,undefined,0.0,0.102954149246
rs160730,linearsvc_C100.0,1356,0.0051047297806,0.333333333333,0.0,0.0,0.0,undefined,0.0,0.0999619960785
rs160730,linearsvc_C1000.0,265636,1.0,0.555555555556,0.0,0.0,0.0,undefined,0.0,18.0875589848
rs160730,linearsvc_C1000.0,252355,0.95000301164,0.555555555556,0.0,0.0,0.0,undefined,0.0,16.3415589333
rs160730,linearsvc_C1000.0,239738,0.90250568447,0.555555555556,0.0,0.0,0.0,undefined,0.0,15.9462659359
rs160730,linearsvc_C1000.0,227752,0.857383788342,0.555555555556,0.0,0.0,0.0,undefined,0.0,14.3585660458
rs160730,linearsvc_C1000.0,216365,0.814516857655,0.611111111111,0.0,0.0,0.0,undefined,0.0,13.5759980679
rs160730,linearsvc_C1000.0,205547,0.77379195591,0.611111111111,0.0,0.0,0.0,undefined,0.0,13.1108930111
rs160730,linearsvc_C1000.0,195270,0.735103675707,0.555555555556,0.0,0.0,0.0,undefined,0.0,12.0904428959
rs160730,linearsvc_C1000.0,185507,0.698350374196,0.611111111111,0.0,0.0,0.0,undefined,0.0,11.1328749657
rs160730,linearsvc_C1000.0,176232,0.663434173079,0.611111111111,0.0,0.0,0.0,undefined,0.0,10.9077241421
rs160730,linearsvc_C1000.0,167421,0.630264723155,0.666666666667,0.0,0.0,0.0,undefined,0.0,10.4865469933
rs160730,linearsvc_C1000.0,159050,0.598751675225,0.611111111111,0.0,0.0,0.0,undefined,0.0,9.62088990211
rs160730,linearsvc_C1000.0,151098,0.568815973738,0.555555555556,0.0,0.0,0.0,undefined,0.0,8.8994140625
rs160730,linearsvc_C1000.0,143544,0.540378563147,0.611111111111,0.0,0.0,0.0,undefined,0.0,8.57065701485
rs160730,linearsvc_C1000.0,136367,0.513360387899,0.611111111111,0.0,0.0,0.0,undefined,0.0,8.00633502007
rs160730,linearsvc_C1000.0,129549,0.487693686097,0.611111111111,0.0,0.0,0.0,undefined,0.0,7.63619995117
rs160730,linearsvc_C1000.0,123072,0.463310695839,0.555555555556,0.0,0.0,0.0,undefined,0.0,7.08589696884
rs160730,linearsvc_C1000.0,116919,0.440147419777,0.611111111111,0.0,0.0,0.0,undefined,0.0,6.70463204384
rs160730,linearsvc_C1000.0,111074,0.418143625111,0.555555555556,0.0,0.0,0.0,undefined,0.0,6.30992102623
rs160730,linearsvc_C1000.0,105521,0.39723907904,0.5,0.0,0.0,0.0,undefined,0.0,6.01378893852
rs160730,linearsvc_C1000.0,100245,0.377377313316,0.5,0.0,0.0,0.0,undefined,0.0,5.67956399918
rs160730,linearsvc_C1000.0,95233,0.358509388788,0.555555555556,0.0,0.0,0.0,undefined,0.0,5.44393420219
rs160730,linearsvc_C1000.0,90472,0.340586366306,0.555555555556,0.0,0.0,0.0,undefined,0.0,5.30091094971
rs160730,linearsvc_C1000.0,85949,0.32355930672,0.555555555556,0.0,0.0,0.0,undefined,0.0,4.84243106842
rs160730,linearsvc_C1000.0,81652,0.307383035432,0.5,0.0,0.0,0.0,undefined,0.0,4.41827702522
rs160730,linearsvc_C1000.0,77570,0.29201614239,0.555555555556,0.0,0.0,0.0,undefined,0.0,4.27447104454
rs160730,linearsvc_C1000.0,73692,0.277417217546,0.555555555556,0.0,0.0,0.0,undefined,0.0,4.02119898796
rs160730,linearsvc_C1000.0,70008,0.263548615399,0.555555555556,0.0,0.0,0.0,undefined,0.0,3.57308483124
rs160730,linearsvc_C1000.0,66508,0.250372690449,0.555555555556,0.0,0.0,0.0,undefined,0.0,3.62453794479
rs160730,linearsvc_C1000.0,63183,0.237855561746,0.555555555556,0.0,0.0,0.0,undefined,0.0,3.20636606216
rs160730,linearsvc_C1000.0,60024,0.225963348341,0.555555555556,0.0,0.0,0.0,undefined,0.0,3.07819199562
rs160730,linearsvc_C1000.0,57023,0.214665933834,0.555555555556,0.0,0.0,0.0,undefined,0.0,2.93733286858
rs160730,linearsvc_C1000.0,54172,0.203933201825,0.5,0.0,0.0,0.0,undefined,0.0,2.82295393944
rs160730,linearsvc_C1000.0,51464,0.193738800464,0.5,0.0,0.0,0.0,undefined,0.0,2.54259514809
rs160730,linearsvc_C1000.0,48891,0.184052613351,0.5,0.0,0.0,0.0,undefined,0.0,2.53753805161
rs160730,linearsvc_C1000.0,46447,0.174852053186,0.5,0.0,0.0,0.0,undefined,0.0,2.28039503098
rs160730,linearsvc_C1000.0,44125,0.166110768119,0.5,0.0,0.0,0.0,undefined,0.0,2.17108798027
rs160730,linearsvc_C1000.0,41919,0.15780617085,0.5,0.0,0.0,0.0,undefined,0.0,2.1033539772
rs160730,linearsvc_C1000.0,39824,0.14991943863,0.5,0.0,0.0,0.0,undefined,0.0,1.94162297249
rs160730,linearsvc_C1000.0,37833,0.142424219609,0.444444444444,0.0,0.0,0.0,undefined,0.0,1.88694405556
rs160730,linearsvc_C1000.0,35942,0.135305455586,0.5,0.0,0.0,0.0,undefined,0.0,1.68660616875
rs160730,linearsvc_C1000.0,34145,0.128540559262,0.5,0.0,0.0,0.0,undefined,0.0,1.55962514877
rs160730,linearsvc_C1000.0,32438,0.122114472436,0.555555555556,0.0,0.0,0.0,undefined,0.0,1.49763894081
rs160730,linearsvc_C1000.0,30817,0.116012136909,0.555555555556,0.0,0.0,0.0,undefined,0.0,1.43382716179
rs160730,linearsvc_C1000.0,29277,0.110214729931,0.555555555556,0.0,0.0,0.0,undefined,0.0,1.36157917976
rs160730,linearsvc_C1000.0,27814,0.104707193302,0.5,0.0,0.0,0.0,undefined,0.0,1.30249190331
rs160730,linearsvc_C1000.0,26424,0.099474468822,0.555555555556,0.0,0.0,0.0,undefined,0.0,1.24480009079
rs160730,linearsvc_C1000.0,25103,0.0945014982909,0.5,0.0,0.0,0.0,undefined,0.0,1.13645482063
rs160730,linearsvc_C1000.0,23848,0.0897769880588,0.5,0.0,0.0,0.0,undefined,0.0,1.04127812386
rs160730,linearsvc_C1000.0,22656,0.0852896444759,0.5,0.0,0.0,0.0,undefined,0.0,1.06870913506
rs160730,linearsvc_C1000.0,21524,0.0810281738921,0.5,0.0,0.0,0.0,undefined,0.0,0.977344989777
rs160730,linearsvc_C1000.0,20448,0.0769775181075,0.555555555556,0.0,0.0,0.0,undefined,0.0,0.891891956329
rs160730,linearsvc_C1000.0,19426,0.0731301480221,0.5,0.0,0.0,0.0,undefined,0.0,0.868391036987
rs160730,linearsvc_C1000.0,18455,0.069474769986,0.5,0.0,0.0,0.0,undefined,0.0,0.838251829147
rs160730,linearsvc_C1000.0,17533,0.0660038548992,0.5,0.0,0.0,0.0,undefined,0.0,0.793064117432
rs160730,linearsvc_C1000.0,16657,0.0627061091117,0.555555555556,0.0,0.0,0.0,undefined,0.0,0.718751192093
rs160730,linearsvc_C1000.0,15825,0.0595740035236,0.555555555556,0.0,0.0,0.0,undefined,0.0,0.725638866425
rs160730,linearsvc_C1000.0,15034,0.0565962444849,0.555555555556,0.0,0.0,0.0,undefined,0.0,0.629937171936
rs160730,linearsvc_C1000.0,14283,0.0537690674457,0.5,0.0,0.0,0.0,undefined,0.0,0.628072977066
rs160730,linearsvc_C1000.0,13569,0.0510811787559,0.5,0.0,0.0,0.0,undefined,0.0,0.551630020142
rs160730,linearsvc_C1000.0,12891,0.0485288138656,0.555555555556,0.0,0.0,0.0,undefined,0.0,0.533221006393
rs160730,linearsvc_C1000.0,12247,0.0461044436748,0.555555555556,0.0,0.0,0.0,undefined,0.0,0.470539808273
rs160730,linearsvc_C1000.0,11635,0.0438005390836,0.555555555556,0.0,0.0,0.0,undefined,0.0,0.486115932465
rs160730,linearsvc_C1000.0,11054,0.0416133355419,0.555555555556,0.0,0.0,0.0,undefined,0.0,0.430805921555
rs160730,linearsvc_C1000.0,10502,0.0395353039498,0.555555555556,0.0,0.0,0.0,undefined,0.0,0.402603149414
rs160730,linearsvc_C1000.0,9977,0.0375589152073,0.555555555556,0.0,0.0,0.0,undefined,0.0,0.382946968079
rs160730,linearsvc_C1000.0,9479,0.0356841693144,0.555555555556,0.0,0.0,0.0,undefined,0.0,0.376260995865
rs160730,linearsvc_C1000.0,9006,0.0339035371712,0.555555555556,0.0,0.0,0.0,undefined,0.0,0.336202144623
rs160730,linearsvc_C1000.0,8556,0.0322094896776,0.5,0.0,0.0,0.0,undefined,0.0,0.276731967926
rs160730,linearsvc_C1000.0,8129,0.0306020268337,0.555555555556,0.0,0.0,0.0,undefined,0.0,0.286792993546
rs160730,linearsvc_C1000.0,7723,0.0290736195395,0.5,0.0,0.0,0.0,undefined,0.0,0.282260894775
rs160730,linearsvc_C1000.0,7337,0.027620503245,0.444444444444,0.0,0.0,0.0,undefined,0.0,0.243310928345
rs160730,linearsvc_C1000.0,6971,0.0262426779503,0.444444444444,0.0,0.0,0.0,undefined,0.0,0.248672008514
rs160730,linearsvc_C1000.0,6623,0.0249326145553,0.444444444444,0.0,0.0,0.0,undefined,0.0,0.235002040863
rs160730,linearsvc_C1000.0,6292,0.02368654851,0.444444444444,0.0,0.0,0.0,undefined,0.0,0.24330997467
rs160730,linearsvc_C1000.0,5978,0.0225044798145,0.444444444444,0.0,0.0,0.0,undefined,0.0,0.199536085129
rs160730,linearsvc_C1000.0,5680,0.0213826439187,0.388888888889,0.0,0.0,0.0,undefined,0.0,0.211811065674
rs160730,linearsvc_C1000.0,5396,0.0203135117228,0.388888888889,0.0,0.0,0.0,undefined,0.0,0.189487934113
rs160730,linearsvc_C1000.0,5127,0.0193008477767,0.388888888889,0.0,0.0,0.0,undefined,0.0,0.194972038269
rs160730,linearsvc_C1000.0,4871,0.0183371229803,0.388888888889,0.0,0.0,0.0,undefined,0.0,0.162785053253
rs160730,linearsvc_C1000.0,4628,0.0174223373338,0.388888888889,0.0,0.0,0.0,undefined,0.0,0.147600889206
rs160730,linearsvc_C1000.0,4397,0.0165527262871,0.388888888889,0.0,0.0,0.0,undefined,0.0,0.148220062256
rs160730,linearsvc_C1000.0,4178,0.0157282898402,0.388888888889,0.0,0.0,0.0,undefined,0.0,0.150369167328
rs160730,linearsvc_C1000.0,3970,0.0149452634432,0.388888888889,0.0,0.0,0.0,undefined,0.0,0.145672082901
rs160730,linearsvc_C1000.0,3772,0.014199882546,0.388888888889,0.0,0.0,0.0,undefined,0.0,0.146595001221
rs160730,linearsvc_C1000.0,3584,0.0134921471487,0.388888888889,0.0,0.0,0.0,undefined,0.0,0.135936975479
rs160730,linearsvc_C1000.0,3405,0.0128182927013,0.388888888889,0.0,0.0,0.0,undefined,0.0,0.118833065033
rs160730,linearsvc_C1000.0,3235,0.0121783192037,0.388888888889,0.0,0.0,0.0,undefined,0.0,0.116078138351
rs160730,linearsvc_C1000.0,3074,0.011572226656,0.388888888889,0.0,0.0,0.0,undefined,0.0,0.118654966354
rs160730,linearsvc_C1000.0,2921,0.0109962505082,0.388888888889,0.0,0.0,0.0,undefined,0.0,0.113003015518
rs160730,linearsvc_C1000.0,2775,0.0104466262103,0.388888888889,0.0,0.0,0.0,undefined,0.0,0.108757972717
rs160730,linearsvc_C1000.0,2637,0.00992711831228,0.444444444444,0.0,0.0,0.0,undefined,0.0,0.108088970184
rs160730,linearsvc_C1000.0,2506,0.00943396226415,0.444444444444,0.0,0.0,0.0,undefined,0.0,0.104959011078
rs160730,linearsvc_C1000.0,2381,0.00896339351594,0.5,0.0,0.0,0.0,undefined,0.0,0.0911059379578
rs160730,linearsvc_C1000.0,2262,0.00851541206764,0.5,0.0,0.0,0.0,undefined,0.0,0.100425958633
rs160730,linearsvc_C1000.0,2149,0.00809001791926,0.444444444444,0.0,0.0,0.0,undefined,0.0,0.0868949890137
rs160730,linearsvc_C1000.0,2042,0.00768721107079,0.444444444444,0.0,0.0,0.0,undefined,0.0,0.0828120708466
rs160730,linearsvc_C1000.0,1940,0.00730322697225,0.5,0.0,0.0,0.0,undefined,0.0,0.120790958405
rs160730,linearsvc_C1000.0,1843,0.00693806562364,0.5,0.0,0.0,0.0,undefined,0.0,0.111243009567
rs160730,linearsvc_C1000.0,1751,0.00659172702495,0.444444444444,0.0,0.0,0.0,undefined,0.0,0.109102010727
rs160730,linearsvc_C1000.0,1664,0.0062642111762,0.388888888889,0.0,0.0,0.0,undefined,0.0,0.105825185776
rs160730,linearsvc_C1000.0,1581,0.00595175352738,0.388888888889,0.0,0.0,0.0,undefined,0.0,0.099940776825
rs160730,linearsvc_C1000.0,1502,0.00565435407851,0.333333333333,0.0,0.0,0.0,undefined,0.0,0.103066921234
rs160730,linearsvc_C1000.0,1427,0.00537201282959,0.333333333333,0.0,0.0,0.0,undefined,0.0,0.104190826416
rs160730,linearsvc_C1000.0,1356,0.0051047297806,0.333333333333,0.0,0.0,0.0,undefined,0.0,0.100208044052
rs160730,elasticnetiter1000_l1ratio0.15,265636,1.0,0.611111111111,0.0,0.0,0.0,undefined,0.0,906.429391861
rs160730,elasticnetiter1000_l1ratio0.15,252355,0.95000301164,0.555555555556,0.0,0.0,0.0,undefined,0.0,869.809563875
rs160730,elasticnetiter1000_l1ratio0.15,239738,0.90250568447,0.555555555556,0.0,0.0,0.0,undefined,0.0,833.163231134
rs160730,elasticnetiter1000_l1ratio0.15,227752,0.857383788342,0.666666666667,0.0,0.0,0.0,undefined,0.0,795.219611168
rs160730,elasticnetiter1000_l1ratio0.15,216365,0.814516857655,0.722222222222,0.0,0.0,0.0,undefined,0.0,755.088918924
rs160730,elasticnetiter1000_l1ratio0.15,205547,0.77379195591,0.666666666667,0.0,0.0,0.0,undefined,0.0,719.96626687
rs160730,elasticnetiter1000_l1ratio0.15,195270,0.735103675707,0.777777777778,0.0,0.0,0.0,undefined,0.0,686.481260061
rs160730,elasticnetiter1000_l1ratio0.15,185507,0.698350374196,0.666666666667,0.0,0.0,0.0,undefined,0.0,662.842964888
rs160730,elasticnetiter1000_l1ratio0.15,176232,0.663434173079,0.722222222222,0.0,0.0,0.0,undefined,0.0,623.398614883
rs160730,elasticnetiter1000_l1ratio0.15,167421,0.630264723155,0.722222222222,0.0,0.0,0.0,undefined,0.0,597.365983963
rs160730,elasticnetiter1000_l1ratio0.15,159050,0.598751675225,0.666666666667,0.0,0.0,0.0,undefined,0.0,572.045979977
rs160730,elasticnetiter1000_l1ratio0.15,151098,0.568815973738,0.722222222222,0.0,0.0,0.0,undefined,0.0,545.515372992
rs160730,elasticnetiter1000_l1ratio0.15,143544,0.540378563147,0.722222222222,0.0,0.0,0.0,undefined,0.0,528.395305157
rs160730,elasticnetiter1000_l1ratio0.15,136367,0.513360387899,0.722222222222,0.0,0.0,0.0,undefined,0.0,516.390650988
rs160730,elasticnetiter1000_l1ratio0.15,129549,0.487693686097,0.666666666667,0.0,0.0,0.0,undefined,0.0,487.787853003
rs160730,elasticnetiter1000_l1ratio0.15,123072,0.463310695839,0.555555555556,0.0,0.0,0.0,undefined,0.0,480.318862915
rs160730,elasticnetiter1000_l1ratio0.15,116919,0.440147419777,0.555555555556,0.0,0.0,0.0,undefined,0.0,473.469960928
rs160730,elasticnetiter1000_l1ratio0.15,111074,0.418143625111,0.722222222222,0.0,0.0,0.0,undefined,0.0,447.387913942
rs160730,elasticnetiter1000_l1ratio0.15,105521,0.39723907904,0.5,0.0,0.0,0.0,undefined,0.0,418.033783913
rs160730,elasticnetiter1000_l1ratio0.15,100245,0.377377313316,0.5,0.0,0.0,0.0,undefined,0.0,407.065398216
rs160730,elasticnetiter1000_l1ratio0.15,95233,0.358509388788,0.333333333333,0.0,0.0,0.0,undefined,0.0,383.880714178
rs160730,elasticnetiter1000_l1ratio0.15,90472,0.340586366306,0.555555555556,0.0,0.0,0.0,undefined,0.0,373.378667116
rs160730,elasticnetiter1000_l1ratio0.15,85949,0.32355930672,0.444444444444,0.0,0.0,0.0,undefined,0.0,351.836677074
rs160730,elasticnetiter1000_l1ratio0.15,81652,0.307383035432,0.5,0.0,0.0,0.0,undefined,0.0,340.241016865
rs160730,elasticnetiter1000_l1ratio0.15,77570,0.29201614239,0.444444444444,0.0,0.0,0.0,undefined,0.0,330.308895111
rs160730,elasticnetiter1000_l1ratio0.15,73692,0.277417217546,0.5,0.0,0.0,0.0,undefined,0.0,300.665784121
rs160730,elasticnetiter1000_l1ratio0.15,70008,0.263548615399,0.444444444444,0.0,0.0,0.0,undefined,0.0,304.634926081
rs160730,elasticnetiter1000_l1ratio0.15,66508,0.250372690449,0.222222222222,0.0,0.0,0.0,undefined,0.0,279.435090065
rs160730,elasticnetiter1000_l1ratio0.15,63183,0.237855561746,0.5,0.0,0.0,0.0,undefined,0.0,271.958152056
rs160730,elasticnetiter1000_l1ratio0.15,60024,0.225963348341,0.277777777778,0.0,0.0,0.0,undefined,0.0,254.472025871
rs160730,elasticnetiter1000_l1ratio0.15,57023,0.214665933834,0.222222222222,0.0,0.0,0.0,undefined,0.0,248.005736113
rs160730,elasticnetiter1000_l1ratio0.15,54172,0.203933201825,0.333333333333,0.0,0.0,0.0,undefined,0.0,235.0743258
rs160730,elasticnetiter1000_l1ratio0.15,51464,0.193738800464,0.166666666667,0.0,0.0,0.0,undefined,0.0,227.167379141
rs160730,elasticnetiter1000_l1ratio0.15,48891,0.184052613351,0.277777777778,0.0,0.0,0.0,undefined,0.0,209.484073877
rs160730,elasticnetiter1000_l1ratio0.15,46447,0.174852053186,0.333333333333,0.0,0.0,0.0,undefined,0.0,201.422208071
rs160730,elasticnetiter1000_l1ratio0.15,44125,0.166110768119,0.277777777778,0.0,0.0,0.0,undefined,0.0,194.360321999
rs160730,elasticnetiter1000_l1ratio0.15,41919,0.15780617085,0.388888888889,0.0,0.0,0.0,undefined,0.0,202.551176786
rs160730,elasticnetiter1000_l1ratio0.15,39824,0.14991943863,0.277777777778,0.0,0.0,0.0,undefined,0.0,172.016718864
rs160730,elasticnetiter1000_l1ratio0.15,37833,0.142424219609,0.277777777778,0.0,0.0,0.0,undefined,0.0,164.372600079
rs160730,elasticnetiter1000_l1ratio0.15,35942,0.135305455586,0.222222222222,0.0,0.0,0.0,undefined,0.0,156.575741053
rs160730,elasticnetiter1000_l1ratio0.15,34145,0.128540559262,0.166666666667,0.0,0.0,0.0,undefined,0.0,160.120325089
rs160730,elasticnetiter1000_l1ratio0.15,32438,0.122114472436,0.222222222222,0.0,0.0,0.0,undefined,0.0,149.762912035
rs160730,elasticnetiter1000_l1ratio0.15,30817,0.116012136909,0.222222222222,0.0,0.0,0.0,undefined,0.0,144.186015129
rs160730,elasticnetiter1000_l1ratio0.15,29277,0.110214729931,0.166666666667,0.0,0.0,0.0,undefined,0.0,136.651810884
rs160730,elasticnetiter1000_l1ratio0.15,27814,0.104707193302,0.277777777778,0.0,0.0,0.0,undefined,0.0,130.531632185
rs160730,elasticnetiter1000_l1ratio0.15,26424,0.099474468822,0.166666666667,0.0,0.0,0.0,undefined,0.0,118.90512085
rs160730,elasticnetiter1000_l1ratio0.15,25103,0.0945014982909,0.222222222222,0.0,0.0,0.0,undefined,0.0,119.911175966
rs160730,elasticnetiter1000_l1ratio0.15,23848,0.0897769880588,0.222222222222,0.0,0.0,0.0,undefined,0.0,108.875176191
rs160730,elasticnetiter1000_l1ratio0.15,22656,0.0852896444759,0.222222222222,0.0,0.0,0.0,undefined,0.0,103.343904972
rs160730,elasticnetiter1000_l1ratio0.15,21524,0.0810281738921,0.166666666667,0.0,0.0,0.0,undefined,0.0,101.910337925
rs160730,elasticnetiter1000_l1ratio0.15,20448,0.0769775181075,0.333333333333,0.0,0.0,0.0,undefined,0.0,93.6906709671
rs160730,elasticnetiter1000_l1ratio0.15,19426,0.0731301480221,0.166666666667,0.0,0.0,0.0,undefined,0.0,95.1593489647
rs160730,elasticnetiter1000_l1ratio0.15,18455,0.069474769986,0.166666666667,0.0,0.0,0.0,undefined,0.0,88.5934021473
rs160730,elasticnetiter1000_l1ratio0.15,17533,0.0660038548992,0.166666666667,0.0,0.0,0.0,undefined,0.0,84.7211639881
rs160730,elasticnetiter1000_l1ratio0.15,16657,0.0627061091117,0.166666666667,0.0,0.0,0.0,undefined,0.0,81.1042499542
rs160730,elasticnetiter1000_l1ratio0.15,15825,0.0595740035236,0.277777777778,0.0,0.0,0.0,undefined,0.0,75.8178770542
rs160730,elasticnetiter1000_l1ratio0.15,15034,0.0565962444849,0.222222222222,0.0,0.0,0.0,undefined,0.0,73.6013259888
rs160730,elasticnetiter1000_l1ratio0.15,14283,0.0537690674457,0.111111111111,0.0,0.0,0.0,undefined,0.0,71.879832983
rs160730,elasticnetiter1000_l1ratio0.15,13569,0.0510811787559,0.111111111111,0.0,0.0,0.0,undefined,0.0,63.1968450546
rs160730,elasticnetiter1000_l1ratio0.15,12891,0.0485288138656,0.0555555555556,0.0,0.0,0.0,undefined,0.0,63.1721701622
rs160730,elasticnetiter1000_l1ratio0.15,12247,0.0461044436748,0.222222222222,0.0,0.0,0.0,undefined,0.0,58.0657901764
rs160730,elasticnetiter1000_l1ratio0.15,11635,0.0438005390836,0.166666666667,0.0,0.0,0.0,undefined,0.0,55.3077201843
rs160730,elasticnetiter1000_l1ratio0.15,11054,0.0416133355419,0.222222222222,0.0,0.0,0.0,undefined,0.0,52.6238870621
rs160730,elasticnetiter1000_l1ratio0.15,10502,0.0395353039498,0.222222222222,0.0,0.0,0.0,undefined,0.0,49.3943669796
rs160730,elasticnetiter1000_l1ratio0.15,9977,0.0375589152073,0.111111111111,0.0,0.0,0.0,undefined,0.0,48.5115480423
rs160730,elasticnetiter1000_l1ratio0.15,9479,0.0356841693144,0.111111111111,0.0,0.0,0.0,undefined,0.0,47.352752924
rs160730,elasticnetiter1000_l1ratio0.15,9006,0.0339035371712,0.166666666667,0.0,0.0,0.0,undefined,0.0,41.5723009109
rs160730,elasticnetiter1000_l1ratio0.15,8556,0.0322094896776,0.166666666667,0.0,0.0,0.0,undefined,0.0,40.333712101
rs160730,elasticnetiter1000_l1ratio0.15,8129,0.0306020268337,0.166666666667,0.0,0.0,0.0,undefined,0.0,38.8879380226
rs160730,elasticnetiter1000_l1ratio0.15,7723,0.0290736195395,0.0555555555556,0.0,0.0,0.0,undefined,0.0,37.4264440536
rs160730,elasticnetiter1000_l1ratio0.15,7337,0.027620503245,0.111111111111,0.0,0.0,0.0,undefined,0.0,34.8638021946
rs160730,elasticnetiter1000_l1ratio0.15,6971,0.0262426779503,0.111111111111,0.0,0.0,0.0,undefined,0.0,33.4749031067
rs160730,elasticnetiter1000_l1ratio0.15,6623,0.0249326145553,0.222222222222,0.0,0.0,0.0,undefined,0.0,30.5070078373
rs160730,elasticnetiter1000_l1ratio0.15,6292,0.02368654851,0.166666666667,0.0,0.0,0.0,undefined,0.0,31.2971630096
rs160730,elasticnetiter1000_l1ratio0.15,5978,0.0225044798145,0.111111111111,0.0,0.0,0.0,undefined,0.0,27.4511401653
rs160730,elasticnetiter1000_l1ratio0.15,5680,0.0213826439187,0.166666666667,0.0,0.0,0.0,undefined,0.0,25.6729879379
rs160730,elasticnetiter1000_l1ratio0.15,5396,0.0203135117228,0.222222222222,0.0,0.0,0.0,undefined,0.0,24.6834270954
rs160730,elasticnetiter1000_l1ratio0.15,5127,0.0193008477767,0.222222222222,0.0,0.0,0.0,undefined,0.0,24.135710001
rs160730,elasticnetiter1000_l1ratio0.15,4871,0.0183371229803,0.166666666667,0.0,0.0,0.0,undefined,0.0,21.4324388504
rs160730,elasticnetiter1000_l1ratio0.15,4628,0.0174223373338,0.111111111111,0.0,0.0,0.0,undefined,0.0,21.1650731564
rs160730,elasticnetiter1000_l1ratio0.15,4397,0.0165527262871,0.166666666667,0.0,0.0,0.0,undefined,0.0,21.5057461262
rs160730,elasticnetiter1000_l1ratio0.15,4178,0.0157282898402,0.166666666667,0.0,0.0,0.0,undefined,0.0,19.1096010208
rs160730,elasticnetiter1000_l1ratio0.15,3970,0.0149452634432,0.111111111111,0.0,0.0,0.0,undefined,0.0,17.7224228382
rs160730,elasticnetiter1000_l1ratio0.15,3772,0.014199882546,0.166666666667,0.0,0.0,0.0,undefined,0.0,16.5484530926
rs160730,elasticnetiter1000_l1ratio0.15,3584,0.0134921471487,0.166666666667,0.0,0.0,0.0,undefined,0.0,16.1983561516
rs160730,elasticnetiter1000_l1ratio0.15,3405,0.0128182927013,0.222222222222,0.0,0.0,0.0,undefined,0.0,15.0758240223
rs160730,elasticnetiter1000_l1ratio0.15,3235,0.0121783192037,0.166666666667,0.0,0.0,0.0,undefined,0.0,13.7073948383
rs160730,elasticnetiter1000_l1ratio0.15,3074,0.011572226656,0.111111111111,0.0,0.0,0.0,undefined,0.0,13.1286320686
rs160730,elasticnetiter1000_l1ratio0.15,2921,0.0109962505082,0.111111111111,0.0,0.0,0.0,undefined,0.0,12.367773056
rs160730,elasticnetiter1000_l1ratio0.15,2775,0.0104466262103,0.166666666667,0.0,0.0,0.0,undefined,0.0,11.5742428303
rs160730,elasticnetiter1000_l1ratio0.15,2637,0.00992711831228,0.111111111111,0.0,0.0,0.0,undefined,0.0,11.2806520462
rs160730,elasticnetiter1000_l1ratio0.15,2506,0.00943396226415,0.111111111111,0.0,0.0,0.0,undefined,0.0,10.4409680367
rs160730,elasticnetiter1000_l1ratio0.15,2381,0.00896339351594,0.111111111111,0.0,0.0,0.0,undefined,0.0,9.23410797119
rs160730,elasticnetiter1000_l1ratio0.15,2262,0.00851541206764,0.111111111111,0.0,0.0,0.0,undefined,0.0,9.51610898972
rs160730,elasticnetiter1000_l1ratio0.15,2149,0.00809001791926,0.111111111111,0.0,0.0,0.0,undefined,0.0,8.61692595482
rs160730,elasticnetiter1000_l1ratio0.15,2042,0.00768721107079,0.111111111111,0.0,0.0,0.0,undefined,0.0,8.0489590168
rs160730,elasticnetiter1000_l1ratio0.15,1940,0.00730322697225,0.111111111111,0.0,0.0,0.0,undefined,0.0,7.58513593674
rs160730,elasticnetiter1000_l1ratio0.15,1843,0.00693806562364,0.111111111111,0.0,0.0,0.0,undefined,0.0,6.98197698593
rs160730,elasticnetiter1000_l1ratio0.15,1751,0.00659172702495,0.166666666667,0.0,0.0,0.0,undefined,0.0,7.32995700836
rs160730,elasticnetiter1000_l1ratio0.15,1664,0.0062642111762,0.111111111111,0.0,0.0,0.0,undefined,0.0,6.23827195168
rs160730,elasticnetiter1000_l1ratio0.15,1581,0.00595175352738,0.111111111111,0.0,0.0,0.0,undefined,0.0,5.80706810951
rs160730,elasticnetiter1000_l1ratio0.15,1502,0.00565435407851,0.0555555555556,0.0,0.0,0.0,undefined,0.0,6.24884295464
rs160730,elasticnetiter1000_l1ratio0.15,1427,0.00537201282959,0.111111111111,0.0,0.0,0.0,undefined,0.0,5.67871999741
rs160730,elasticnetiter1000_l1ratio0.15,1356,0.0051047297806,0.0555555555556,0.0,0.0,0.0,undefined,0.0,4.77739191055
