rv160413,linearsvc_C0.0001,265636,1.0,0.555555555556,0.0,0.0,0.0,undefined,0.0,61.0592651367
rv160413,linearsvc_C0.0001,252355,0.95000301164,0.555555555556,0.0,0.0,0.0,undefined,0.0,52.0338420868
rv160413,linearsvc_C0.0001,239738,0.90250568447,0.555555555556,0.0,0.0,0.0,undefined,0.0,52.0403578281
rv160413,linearsvc_C0.0001,227752,0.857383788342,0.555555555556,0.0,0.0,0.0,undefined,0.0,49.4617660046
rv160413,linearsvc_C0.0001,216365,0.814516857655,0.555555555556,0.0,0.0,0.0,undefined,0.0,45.3667411804
rv160413,linearsvc_C0.0001,205547,0.77379195591,0.555555555556,0.0,0.0,0.0,undefined,0.0,37.9248871803
rv160413,linearsvc_C0.0001,195270,0.735103675707,0.555555555556,0.0,0.0,0.0,undefined,0.0,37.5295269489
rv160413,linearsvc_C0.0001,185507,0.698350374196,0.555555555556,0.0,0.0,0.0,undefined,0.0,30.8827559948
rv160413,linearsvc_C0.0001,176232,0.663434173079,0.555555555556,0.0,0.0,0.0,undefined,0.0,31.259100914
rv160413,linearsvc_C0.0001,167421,0.630264723155,0.555555555556,0.0,0.0,0.0,undefined,0.0,25.4360158443
rv160413,linearsvc_C0.0001,159050,0.598751675225,0.555555555556,0.0,0.0,0.0,undefined,0.0,22.8529901505
rv160413,linearsvc_C0.0001,151098,0.568815973738,0.555555555556,0.0,0.0,0.0,undefined,0.0,23.7343130112
rv160413,linearsvc_C0.0001,143544,0.540378563147,0.555555555556,0.0,0.0,0.0,undefined,0.0,20.9289431572
rv160413,linearsvc_C0.0001,136367,0.513360387899,0.555555555556,0.0,0.0,0.0,undefined,0.0,19.1313090324
rv160413,linearsvc_C0.0001,129549,0.487693686097,0.555555555556,0.0,0.0,0.0,undefined,0.0,17.8882031441
rv160413,linearsvc_C0.0001,123072,0.463310695839,0.555555555556,0.0,0.0,0.0,undefined,0.0,13.9327127934
rv160413,linearsvc_C0.0001,116919,0.440147419777,0.555555555556,0.0,0.0,0.0,undefined,0.0,14.5321128368
rv160413,linearsvc_C0.0001,111074,0.418143625111,0.5,0.0,0.0,0.0,undefined,0.0,12.5425229073
rv160413,linearsvc_C0.0001,105521,0.39723907904,0.5,0.0,0.0,0.0,undefined,0.0,12.1308031082
rv160413,linearsvc_C0.0001,100245,0.377377313316,0.5,0.0,0.0,0.0,undefined,0.0,11.1866788864
rv160413,linearsvc_C0.0001,95233,0.358509388788,0.5,0.0,0.0,0.0,undefined,0.0,9.65088295937
rv160413,linearsvc_C0.0001,90472,0.340586366306,0.5,0.0,0.0,0.0,undefined,0.0,8.95878410339
rv160413,linearsvc_C0.0001,85949,0.32355930672,0.5,0.0,0.0,0.0,undefined,0.0,8.67906308174
rv160413,linearsvc_C0.0001,81652,0.307383035432,0.5,0.0,0.0,0.0,undefined,0.0,7.04143691063
rv160413,linearsvc_C0.0001,77570,0.29201614239,0.5,0.0,0.0,0.0,undefined,0.0,6.70438885689
rv160413,linearsvc_C0.0001,73692,0.277417217546,0.444444444444,0.0,0.0,0.0,undefined,0.0,6.19909000397
rv160413,linearsvc_C0.0001,70008,0.263548615399,0.444444444444,0.0,0.0,0.0,undefined,0.0,6.11390280724
rv160413,linearsvc_C0.0001,66508,0.250372690449,0.444444444444,0.0,0.0,0.0,undefined,0.0,5.22381210327
rv160413,linearsvc_C0.0001,63183,0.237855561746,0.5,0.0,0.0,0.0,undefined,0.0,5.02965712547
rv160413,linearsvc_C0.0001,60024,0.225963348341,0.5,0.0,0.0,0.0,undefined,0.0,4.36517095566
rv160413,linearsvc_C0.0001,57023,0.214665933834,0.555555555556,0.0,0.0,0.0,undefined,0.0,4.40208292007
rv160413,linearsvc_C0.0001,54172,0.203933201825,0.5,0.0,0.0,0.0,undefined,0.0,3.47393798828
rv160413,linearsvc_C0.0001,51464,0.193738800464,0.5,0.0,0.0,0.0,undefined,0.0,3.39440107346
rv160413,linearsvc_C0.0001,48891,0.184052613351,0.5,0.0,0.0,0.0,undefined,0.0,3.33967590332
rv160413,linearsvc_C0.0001,46447,0.174852053186,0.5,0.0,0.0,0.0,undefined,0.0,2.84682011604
rv160413,linearsvc_C0.0001,44125,0.166110768119,0.5,0.0,0.0,0.0,undefined,0.0,2.50970602036
rv160413,linearsvc_C0.0001,41919,0.15780617085,0.5,0.0,0.0,0.0,undefined,0.0,2.38202905655
rv160413,linearsvc_C0.0001,39824,0.14991943863,0.5,0.0,0.0,0.0,undefined,0.0,2.08798694611
rv160413,linearsvc_C0.0001,37833,0.142424219609,0.5,0.0,0.0,0.0,undefined,0.0,2.07205510139
rv160413,linearsvc_C0.0001,35942,0.135305455586,0.5,0.0,0.0,0.0,undefined,0.0,1.96369194984
rv160413,linearsvc_C0.0001,34145,0.128540559262,0.5,0.0,0.0,0.0,undefined,0.0,1.78932094574
rv160413,linearsvc_C0.0001,32438,0.122114472436,0.5,0.0,0.0,0.0,undefined,0.0,1.63019609451
rv160413,linearsvc_C0.0001,30817,0.116012136909,0.5,0.0,0.0,0.0,undefined,0.0,1.57738614082
rv160413,linearsvc_C0.0001,29277,0.110214729931,0.444444444444,0.0,0.0,0.0,undefined,0.0,1.40719199181
rv160413,linearsvc_C0.0001,27814,0.104707193302,0.444444444444,0.0,0.0,0.0,undefined,0.0,1.29594302177
rv160413,linearsvc_C0.0001,26424,0.099474468822,0.444444444444,0.0,0.0,0.0,undefined,0.0,1.17171692848
rv160413,linearsvc_C0.0001,25103,0.0945014982909,0.444444444444,0.0,0.0,0.0,undefined,0.0,1.03258609772
rv160413,linearsvc_C0.0001,23848,0.0897769880588,0.388888888889,0.0,0.0,0.0,undefined,0.0,1.03149390221
rv160413,linearsvc_C0.0001,22656,0.0852896444759,0.388888888889,0.0,0.0,0.0,undefined,0.0,0.920016050339
rv160413,linearsvc_C0.0001,21524,0.0810281738921,0.388888888889,0.0,0.0,0.0,undefined,0.0,0.774666070938
rv160413,linearsvc_C0.0001,20448,0.0769775181075,0.388888888889,0.0,0.0,0.0,undefined,0.0,0.74206495285
rv160413,linearsvc_C0.0001,19426,0.0731301480221,0.388888888889,0.0,0.0,0.0,undefined,0.0,0.74122095108
rv160413,linearsvc_C0.0001,18455,0.069474769986,0.388888888889,0.0,0.0,0.0,undefined,0.0,0.680265188217
rv160413,linearsvc_C0.0001,17533,0.0660038548992,0.388888888889,0.0,0.0,0.0,undefined,0.0,0.650656938553
rv160413,linearsvc_C0.0001,16657,0.0627061091117,0.388888888889,0.0,0.0,0.0,undefined,0.0,0.576965093613
rv160413,linearsvc_C0.0001,15825,0.0595740035236,0.388888888889,0.0,0.0,0.0,undefined,0.0,0.512136936188
rv160413,linearsvc_C0.0001,15034,0.0565962444849,0.388888888889,0.0,0.0,0.0,undefined,0.0,0.481294870377
rv160413,linearsvc_C0.0001,14283,0.0537690674457,0.388888888889,0.0,0.0,0.0,undefined,0.0,0.483528852463
rv160413,linearsvc_C0.0001,13569,0.0510811787559,0.388888888889,0.0,0.0,0.0,undefined,0.0,0.430740833282
rv160413,linearsvc_C0.0001,12891,0.0485288138656,0.388888888889,0.0,0.0,0.0,undefined,0.0,0.419301986694
rv160413,linearsvc_C0.0001,12247,0.0461044436748,0.388888888889,0.0,0.0,0.0,undefined,0.0,0.379925012589
rv160413,linearsvc_C0.0001,11635,0.0438005390836,0.388888888889,0.0,0.0,0.0,undefined,0.0,0.343827962875
rv160413,linearsvc_C0.0001,11054,0.0416133355419,0.388888888889,0.0,0.0,0.0,undefined,0.0,0.311408996582
rv160413,linearsvc_C0.0001,10502,0.0395353039498,0.388888888889,0.0,0.0,0.0,undefined,0.0,0.283553123474
rv160413,linearsvc_C0.0001,9977,0.0375589152073,0.388888888889,0.0,0.0,0.0,undefined,0.0,0.276669025421
rv160413,linearsvc_C0.0001,9479,0.0356841693144,0.388888888889,0.0,0.0,0.0,undefined,0.0,0.256283998489
rv160413,linearsvc_C0.0001,9006,0.0339035371712,0.388888888889,0.0,0.0,0.0,undefined,0.0,0.246544122696
rv160413,linearsvc_C0.0001,8556,0.0322094896776,0.388888888889,0.0,0.0,0.0,undefined,0.0,0.220036029816
rv160413,linearsvc_C0.0001,8129,0.0306020268337,0.388888888889,0.0,0.0,0.0,undefined,0.0,0.1975440979
rv160413,linearsvc_C0.0001,7723,0.0290736195395,0.388888888889,0.0,0.0,0.0,undefined,0.0,0.183351993561
rv160413,linearsvc_C0.0001,7337,0.027620503245,0.388888888889,0.0,0.0,0.0,undefined,0.0,0.182392835617
rv160413,linearsvc_C0.0001,6971,0.0262426779503,0.388888888889,0.0,0.0,0.0,undefined,0.0,0.156245946884
rv160413,linearsvc_C0.0001,6623,0.0249326145553,0.388888888889,0.0,0.0,0.0,undefined,0.0,0.146243095398
rv160413,linearsvc_C0.0001,6292,0.02368654851,0.388888888889,0.0,0.0,0.0,undefined,0.0,0.138663053513
rv160413,linearsvc_C0.0001,5978,0.0225044798145,0.388888888889,0.0,0.0,0.0,undefined,0.0,0.137475013733
rv160413,linearsvc_C0.0001,5680,0.0213826439187,0.388888888889,0.0,0.0,0.0,undefined,0.0,0.118360042572
rv160413,linearsvc_C0.0001,5396,0.0203135117228,0.388888888889,0.0,0.0,0.0,undefined,0.0,0.112175941467
rv160413,linearsvc_C0.0001,5127,0.0193008477767,0.388888888889,0.0,0.0,0.0,undefined,0.0,0.111553907394
rv160413,linearsvc_C0.0001,4871,0.0183371229803,0.388888888889,0.0,0.0,0.0,undefined,0.0,0.0923969745636
rv160413,linearsvc_C0.0001,4628,0.0174223373338,0.388888888889,0.0,0.0,0.0,undefined,0.0,0.0960199832916
rv160413,linearsvc_C0.0001,4397,0.0165527262871,0.388888888889,0.0,0.0,0.0,undefined,0.0,0.0909349918365
rv160413,linearsvc_C0.0001,4178,0.0157282898402,0.388888888889,0.0,0.0,0.0,undefined,0.0,0.0820889472961
rv160413,linearsvc_C0.0001,3970,0.0149452634432,0.388888888889,0.0,0.0,0.0,undefined,0.0,0.0774631500244
rv160413,linearsvc_C0.0001,3772,0.014199882546,0.388888888889,0.0,0.0,0.0,undefined,0.0,0.0734767913818
rv160413,linearsvc_C0.0001,3584,0.0134921471487,0.388888888889,0.0,0.0,0.0,undefined,0.0,0.0841631889343
rv160413,linearsvc_C0.0001,3405,0.0128182927013,0.388888888889,0.0,0.0,0.0,undefined,0.0,0.073912858963
rv160413,linearsvc_C0.0001,3235,0.0121783192037,0.388888888889,0.0,0.0,0.0,undefined,0.0,0.0784959793091
rv160413,linearsvc_C0.0001,3074,0.011572226656,0.388888888889,0.0,0.0,0.0,undefined,0.0,0.0691239833832
rv160413,linearsvc_C0.0001,2921,0.0109962505082,0.388888888889,0.0,0.0,0.0,undefined,0.0,0.0704679489136
rv160413,linearsvc_C0.0001,2775,0.0104466262103,0.388888888889,0.0,0.0,0.0,undefined,0.0,0.0673050880432
rv160413,linearsvc_C0.0001,2637,0.00992711831228,0.388888888889,0.0,0.0,0.0,undefined,0.0,0.0612969398499
rv160413,linearsvc_C0.0001,2506,0.00943396226415,0.388888888889,0.0,0.0,0.0,undefined,0.0,0.0601382255554
rv160413,linearsvc_C0.0001,2381,0.00896339351594,0.388888888889,0.0,0.0,0.0,undefined,0.0,0.0599431991577
rv160413,linearsvc_C0.0001,2262,0.00851541206764,0.388888888889,0.0,0.0,0.0,undefined,0.0,0.0555849075317
rv160413,linearsvc_C0.0001,2149,0.00809001791926,0.388888888889,0.0,0.0,0.0,undefined,0.0,0.0514178276062
rv160413,linearsvc_C0.0001,2042,0.00768721107079,0.388888888889,0.0,0.0,0.0,undefined,0.0,0.0486450195312
rv160413,linearsvc_C0.0001,1940,0.00730322697225,0.388888888889,0.0,0.0,0.0,undefined,0.0,0.0828349590302
rv160413,linearsvc_C0.0001,1843,0.00693806562364,0.388888888889,0.0,0.0,0.0,undefined,0.0,0.0816330909729
rv160413,linearsvc_C0.0001,1751,0.00659172702495,0.388888888889,0.0,0.0,0.0,undefined,0.0,0.0464460849762
rv160413,linearsvc_C0.0001,1664,0.0062642111762,0.388888888889,0.0,0.0,0.0,undefined,0.0,0.0768501758575
rv160413,linearsvc_C0.0001,1581,0.00595175352738,0.444444444444,0.0,0.0,0.0,undefined,0.0,0.0758349895477
rv160413,linearsvc_C0.0001,1502,0.00565435407851,0.444444444444,0.0,0.0,0.0,undefined,0.0,0.0733811855316
rv160413,linearsvc_C0.0001,1427,0.00537201282959,0.388888888889,0.0,0.0,0.0,undefined,0.0,0.0737760066986
rv160413,linearsvc_C0.0001,1356,0.0051047297806,0.388888888889,0.0,0.0,0.0,undefined,0.0,0.0728240013123
rv160413,linearsvc_C0.001,265636,1.0,0.444444444444,0.0,0.0,0.0,undefined,0.0,288.32515192
rv160413,linearsvc_C0.001,252355,0.95000301164,0.444444444444,0.0,0.0,0.0,undefined,0.0,270.61710906
rv160413,linearsvc_C0.001,239738,0.90250568447,0.444444444444,0.0,0.0,0.0,undefined,0.0,260.266821146
rv160413,linearsvc_C0.001,227752,0.857383788342,0.444444444444,0.0,0.0,0.0,undefined,0.0,208.792605877
rv160413,linearsvc_C0.001,216365,0.814516857655,0.444444444444,0.0,0.0,0.0,undefined,0.0,214.804044008
rv160413,linearsvc_C0.001,205547,0.77379195591,0.444444444444,0.0,0.0,0.0,undefined,0.0,178.722262144
rv160413,linearsvc_C0.001,195270,0.735103675707,0.444444444444,0.0,0.0,0.0,undefined,0.0,146.517053843
rv160413,linearsvc_C0.001,185507,0.698350374196,0.444444444444,0.0,0.0,0.0,undefined,0.0,135.34412384
rv160413,linearsvc_C0.001,176232,0.663434173079,0.444444444444,0.0,0.0,0.0,undefined,0.0,188.973711014
rv160413,linearsvc_C0.001,167421,0.630264723155,0.444444444444,0.0,0.0,0.0,undefined,0.0,132.766580105
rv160413,linearsvc_C0.001,159050,0.598751675225,0.444444444444,0.0,0.0,0.0,undefined,0.0,117.061373949
rv160413,linearsvc_C0.001,151098,0.568815973738,0.444444444444,0.0,0.0,0.0,undefined,0.0,110.658351183
rv160413,linearsvc_C0.001,143544,0.540378563147,0.444444444444,0.0,0.0,0.0,undefined,0.0,99.9396140575
rv160413,linearsvc_C0.001,136367,0.513360387899,0.444444444444,0.0,0.0,0.0,undefined,0.0,87.2355239391
rv160413,linearsvc_C0.001,129549,0.487693686097,0.444444444444,0.0,0.0,0.0,undefined,0.0,85.1797561646
rv160413,linearsvc_C0.001,123072,0.463310695839,0.444444444444,0.0,0.0,0.0,undefined,0.0,76.1364951134
rv160413,linearsvc_C0.001,116919,0.440147419777,0.444444444444,0.0,0.0,0.0,undefined,0.0,82.3712751865
rv160413,linearsvc_C0.001,111074,0.418143625111,0.444444444444,0.0,0.0,0.0,undefined,0.0,63.4637920856
rv160413,linearsvc_C0.001,105521,0.39723907904,0.5,0.0,0.0,0.0,undefined,0.0,57.0952050686
rv160413,linearsvc_C0.001,100245,0.377377313316,0.5,0.0,0.0,0.0,undefined,0.0,66.2948300838
rv160413,linearsvc_C0.001,95233,0.358509388788,0.5,0.0,0.0,0.0,undefined,0.0,43.8152239323
rv160413,linearsvc_C0.001,90472,0.340586366306,0.5,0.0,0.0,0.0,undefined,0.0,47.5895719528
rv160413,linearsvc_C0.001,85949,0.32355930672,0.5,0.0,0.0,0.0,undefined,0.0,41.0980839729
rv160413,linearsvc_C0.001,81652,0.307383035432,0.5,0.0,0.0,0.0,undefined,0.0,37.4722151756
rv160413,linearsvc_C0.001,77570,0.29201614239,0.5,0.0,0.0,0.0,undefined,0.0,33.6442739964
rv160413,linearsvc_C0.001,73692,0.277417217546,0.5,0.0,0.0,0.0,undefined,0.0,25.871391058
rv160413,linearsvc_C0.001,70008,0.263548615399,0.5,0.0,0.0,0.0,undefined,0.0,28.1457438469
rv160413,linearsvc_C0.001,66508,0.250372690449,0.5,0.0,0.0,0.0,undefined,0.0,26.3024411201
rv160413,linearsvc_C0.001,63183,0.237855561746,0.5,0.0,0.0,0.0,undefined,0.0,24.6387529373
rv160413,linearsvc_C0.001,60024,0.225963348341,0.5,0.0,0.0,0.0,undefined,0.0,20.2651548386
rv160413,linearsvc_C0.001,57023,0.214665933834,0.5,0.0,0.0,0.0,undefined,0.0,19.8289940357
rv160413,linearsvc_C0.001,54172,0.203933201825,0.5,0.0,0.0,0.0,undefined,0.0,16.6831660271
rv160413,linearsvc_C0.001,51464,0.193738800464,0.5,0.0,0.0,0.0,undefined,0.0,17.8051140308
rv160413,linearsvc_C0.001,48891,0.184052613351,0.5,0.0,0.0,0.0,undefined,0.0,12.8951718807
rv160413,linearsvc_C0.001,46447,0.174852053186,0.5,0.0,0.0,0.0,undefined,0.0,12.8980400562
rv160413,linearsvc_C0.001,44125,0.166110768119,0.5,0.0,0.0,0.0,undefined,0.0,13.3219740391
rv160413,linearsvc_C0.001,41919,0.15780617085,0.5,0.0,0.0,0.0,undefined,0.0,11.3537881374
rv160413,linearsvc_C0.001,39824,0.14991943863,0.5,0.0,0.0,0.0,undefined,0.0,11.5440030098
rv160413,linearsvc_C0.001,37833,0.142424219609,0.5,0.0,0.0,0.0,undefined,0.0,10.1458010674
rv160413,linearsvc_C0.001,35942,0.135305455586,0.5,0.0,0.0,0.0,undefined,0.0,8.74758911133
rv160413,linearsvc_C0.001,34145,0.128540559262,0.444444444444,0.0,0.0,0.0,undefined,0.0,8.68693804741
rv160413,linearsvc_C0.001,32438,0.122114472436,0.444444444444,0.0,0.0,0.0,undefined,0.0,6.12405896187
rv160413,linearsvc_C0.001,30817,0.116012136909,0.444444444444,0.0,0.0,0.0,undefined,0.0,7.19485402107
rv160413,linearsvc_C0.001,29277,0.110214729931,0.444444444444,0.0,0.0,0.0,undefined,0.0,5.04311704636
rv160413,linearsvc_C0.001,27814,0.104707193302,0.444444444444,0.0,0.0,0.0,undefined,0.0,5.94649887085
rv160413,linearsvc_C0.001,26424,0.099474468822,0.444444444444,0.0,0.0,0.0,undefined,0.0,5.71072697639
rv160413,linearsvc_C0.001,25103,0.0945014982909,0.444444444444,0.0,0.0,0.0,undefined,0.0,4.35162520409
rv160413,linearsvc_C0.001,23848,0.0897769880588,0.444444444444,0.0,0.0,0.0,undefined,0.0,3.80912399292
rv160413,linearsvc_C0.001,22656,0.0852896444759,0.444444444444,0.0,0.0,0.0,undefined,0.0,4.16699981689
rv160413,linearsvc_C0.001,21524,0.0810281738921,0.444444444444,0.0,0.0,0.0,undefined,0.0,3.4443590641
rv160413,linearsvc_C0.001,20448,0.0769775181075,0.444444444444,0.0,0.0,0.0,undefined,0.0,3.43176388741
rv160413,linearsvc_C0.001,19426,0.0731301480221,0.444444444444,0.0,0.0,0.0,undefined,0.0,2.8315179348
rv160413,linearsvc_C0.001,18455,0.069474769986,0.444444444444,0.0,0.0,0.0,undefined,0.0,2.49642205238
rv160413,linearsvc_C0.001,17533,0.0660038548992,0.388888888889,0.0,0.0,0.0,undefined,0.0,2.36178708076
rv160413,linearsvc_C0.001,16657,0.0627061091117,0.444444444444,0.0,0.0,0.0,undefined,0.0,2.48497891426
rv160413,linearsvc_C0.001,15825,0.0595740035236,0.388888888889,0.0,0.0,0.0,undefined,0.0,2.21581602097
rv160413,linearsvc_C0.001,15034,0.0565962444849,0.388888888889,0.0,0.0,0.0,undefined,0.0,1.67937278748
rv160413,linearsvc_C0.001,14283,0.0537690674457,0.444444444444,0.0,0.0,0.0,undefined,0.0,1.89903092384
rv160413,linearsvc_C0.001,13569,0.0510811787559,0.388888888889,0.0,0.0,0.0,undefined,0.0,1.39621901512
rv160413,linearsvc_C0.001,12891,0.0485288138656,0.388888888889,0.0,0.0,0.0,undefined,0.0,1.60773706436
rv160413,linearsvc_C0.001,12247,0.0461044436748,0.388888888889,0.0,0.0,0.0,undefined,0.0,1.33492588997
rv160413,linearsvc_C0.001,11635,0.0438005390836,0.388888888889,0.0,0.0,0.0,undefined,0.0,1.23457717896
rv160413,linearsvc_C0.001,11054,0.0416133355419,0.388888888889,0.0,0.0,0.0,undefined,0.0,1.00216889381
rv160413,linearsvc_C0.001,10502,0.0395353039498,0.388888888889,0.0,0.0,0.0,undefined,0.0,1.01139807701
rv160413,linearsvc_C0.001,9977,0.0375589152073,0.388888888889,0.0,0.0,0.0,undefined,0.0,0.930142879486
rv160413,linearsvc_C0.001,9479,0.0356841693144,0.388888888889,0.0,0.0,0.0,undefined,0.0,0.9046459198
rv160413,linearsvc_C0.001,9006,0.0339035371712,0.388888888889,0.0,0.0,0.0,undefined,0.0,0.669357061386
rv160413,linearsvc_C0.001,8556,0.0322094896776,0.388888888889,0.0,0.0,0.0,undefined,0.0,0.752607822418
rv160413,linearsvc_C0.001,8129,0.0306020268337,0.388888888889,0.0,0.0,0.0,undefined,0.0,0.594165802002
rv160413,linearsvc_C0.001,7723,0.0290736195395,0.333333333333,0.0,0.0,0.0,undefined,0.0,0.595738172531
rv160413,linearsvc_C0.001,7337,0.027620503245,0.333333333333,0.0,0.0,0.0,undefined,0.0,0.501075983047
rv160413,linearsvc_C0.001,6971,0.0262426779503,0.333333333333,0.0,0.0,0.0,undefined,0.0,0.400130987167
rv160413,linearsvc_C0.001,6623,0.0249326145553,0.333333333333,0.0,0.0,0.0,undefined,0.0,0.424525022507
rv160413,linearsvc_C0.001,6292,0.02368654851,0.333333333333,0.0,0.0,0.0,undefined,0.0,0.422650098801
rv160413,linearsvc_C0.001,5978,0.0225044798145,0.333333333333,0.0,0.0,0.0,undefined,0.0,0.389290094376
rv160413,linearsvc_C0.001,5680,0.0213826439187,0.333333333333,0.0,0.0,0.0,undefined,0.0,0.343081951141
rv160413,linearsvc_C0.001,5396,0.0203135117228,0.333333333333,0.0,0.0,0.0,undefined,0.0,0.309731006622
rv160413,linearsvc_C0.001,5127,0.0193008477767,0.333333333333,0.0,0.0,0.0,undefined,0.0,0.252621889114
rv160413,linearsvc_C0.001,4871,0.0183371229803,0.333333333333,0.0,0.0,0.0,undefined,0.0,0.261662960052
rv160413,linearsvc_C0.001,4628,0.0174223373338,0.333333333333,0.0,0.0,0.0,undefined,0.0,0.281132936478
rv160413,linearsvc_C0.001,4397,0.0165527262871,0.333333333333,0.0,0.0,0.0,undefined,0.0,0.22468996048
rv160413,linearsvc_C0.001,4178,0.0157282898402,0.333333333333,0.0,0.0,0.0,undefined,0.0,0.221316099167
rv160413,linearsvc_C0.001,3970,0.0149452634432,0.333333333333,0.0,0.0,0.0,undefined,0.0,0.18244600296
rv160413,linearsvc_C0.001,3772,0.014199882546,0.333333333333,0.0,0.0,0.0,undefined,0.0,0.180634021759
rv160413,linearsvc_C0.001,3584,0.0134921471487,0.388888888889,0.0,0.0,0.0,undefined,0.0,0.153551101685
rv160413,linearsvc_C0.001,3405,0.0128182927013,0.388888888889,0.0,0.0,0.0,undefined,0.0,0.163866043091
rv160413,linearsvc_C0.001,3235,0.0121783192037,0.388888888889,0.0,0.0,0.0,undefined,0.0,0.137408018112
rv160413,linearsvc_C0.001,3074,0.011572226656,0.388888888889,0.0,0.0,0.0,undefined,0.0,0.119379997253
rv160413,linearsvc_C0.001,2921,0.0109962505082,0.333333333333,0.0,0.0,0.0,undefined,0.0,0.131753921509
rv160413,linearsvc_C0.001,2775,0.0104466262103,0.333333333333,0.0,0.0,0.0,undefined,0.0,0.1410779953
rv160413,linearsvc_C0.001,2637,0.00992711831228,0.333333333333,0.0,0.0,0.0,undefined,0.0,0.102782964706
rv160413,linearsvc_C0.001,2506,0.00943396226415,0.333333333333,0.0,0.0,0.0,undefined,0.0,0.0874660015106
rv160413,linearsvc_C0.001,2381,0.00896339351594,0.333333333333,0.0,0.0,0.0,undefined,0.0,0.11697602272
rv160413,linearsvc_C0.001,2262,0.00851541206764,0.388888888889,0.0,0.0,0.0,undefined,0.0,0.114981174469
rv160413,linearsvc_C0.001,2149,0.00809001791926,0.333333333333,0.0,0.0,0.0,undefined,0.0,0.0912299156189
rv160413,linearsvc_C0.001,2042,0.00768721107079,0.388888888889,0.0,0.0,0.0,undefined,0.0,0.0759861469269
rv160413,linearsvc_C0.001,1940,0.00730322697225,0.388888888889,0.0,0.0,0.0,undefined,0.0,0.114161968231
rv160413,linearsvc_C0.001,1843,0.00693806562364,0.333333333333,0.0,0.0,0.0,undefined,0.0,0.120841026306
rv160413,linearsvc_C0.001,1751,0.00659172702495,0.333333333333,0.0,0.0,0.0,undefined,0.0,0.110965013504
rv160413,linearsvc_C0.001,1664,0.0062642111762,0.388888888889,0.0,0.0,0.0,undefined,0.0,0.103936910629
rv160413,linearsvc_C0.001,1581,0.00595175352738,0.388888888889,0.0,0.0,0.0,undefined,0.0,0.0884130001068
rv160413,linearsvc_C0.001,1502,0.00565435407851,0.388888888889,0.0,0.0,0.0,undefined,0.0,0.09801197052
rv160413,linearsvc_C0.001,1427,0.00537201282959,0.333333333333,0.0,0.0,0.0,undefined,0.0,0.0900809764862
rv160413,linearsvc_C0.001,1356,0.0051047297806,0.388888888889,0.0,0.0,0.0,undefined,0.0,0.0941150188446
rv160413,linearsvc_C0.01,265636,1.0,0.611111111111,0.0,0.0,0.0,undefined,0.0,299.373430967
rv160413,linearsvc_C0.01,252355,0.95000301164,0.611111111111,0.0,0.0,0.0,undefined,0.0,284.369177103
rv160413,linearsvc_C0.01,239738,0.90250568447,0.611111111111,0.0,0.0,0.0,undefined,0.0,269.594771862
rv160413,linearsvc_C0.01,227752,0.857383788342,0.611111111111,0.0,0.0,0.0,undefined,0.0,257.491221189
rv160413,linearsvc_C0.01,216365,0.814516857655,0.611111111111,0.0,0.0,0.0,undefined,0.0,244.233633995
rv160413,linearsvc_C0.01,205547,0.77379195591,0.611111111111,0.0,0.0,0.0,undefined,0.0,231.661908865
rv160413,linearsvc_C0.01,195270,0.735103675707,0.611111111111,0.0,0.0,0.0,undefined,0.0,219.31171298
rv160413,linearsvc_C0.01,185507,0.698350374196,0.611111111111,0.0,0.0,0.0,undefined,0.0,208.323637009
rv160413,linearsvc_C0.01,176232,0.663434173079,0.611111111111,0.0,0.0,0.0,undefined,0.0,197.627598047
rv160413,linearsvc_C0.01,167421,0.630264723155,0.611111111111,0.0,0.0,0.0,undefined,0.0,187.389271975
rv160413,linearsvc_C0.01,159050,0.598751675225,0.611111111111,0.0,0.0,0.0,undefined,0.0,178.576752186
rv160413,linearsvc_C0.01,151098,0.568815973738,0.555555555556,0.0,0.0,0.0,undefined,0.0,169.78433609
rv160413,linearsvc_C0.01,143544,0.540378563147,0.555555555556,0.0,0.0,0.0,undefined,0.0,160.500414133
rv160413,linearsvc_C0.01,136367,0.513360387899,0.555555555556,0.0,0.0,0.0,undefined,0.0,152.866596937
rv160413,linearsvc_C0.01,129549,0.487693686097,0.611111111111,0.0,0.0,0.0,undefined,0.0,144.622759104
rv160413,linearsvc_C0.01,123072,0.463310695839,0.611111111111,0.0,0.0,0.0,undefined,0.0,137.396613121
rv160413,linearsvc_C0.01,116919,0.440147419777,0.611111111111,0.0,0.0,0.0,undefined,0.0,130.255470991
rv160413,linearsvc_C0.01,111074,0.418143625111,0.555555555556,0.0,0.0,0.0,undefined,0.0,123.790817976
rv160413,linearsvc_C0.01,105521,0.39723907904,0.555555555556,0.0,0.0,0.0,undefined,0.0,117.458174944
rv160413,linearsvc_C0.01,100245,0.377377313316,0.555555555556,0.0,0.0,0.0,undefined,0.0,111.562062979
rv160413,linearsvc_C0.01,95233,0.358509388788,0.555555555556,0.0,0.0,0.0,undefined,0.0,105.571248055
rv160413,linearsvc_C0.01,90472,0.340586366306,0.555555555556,0.0,0.0,0.0,undefined,0.0,99.6617729664
rv160413,linearsvc_C0.01,85949,0.32355930672,0.555555555556,0.0,0.0,0.0,undefined,0.0,94.836935997
rv160413,linearsvc_C0.01,81652,0.307383035432,0.555555555556,0.0,0.0,0.0,undefined,0.0,89.7686090469
rv160413,linearsvc_C0.01,77570,0.29201614239,0.5,0.0,0.0,0.0,undefined,0.0,85.1937069893
rv160413,linearsvc_C0.01,73692,0.277417217546,0.5,0.0,0.0,0.0,undefined,0.0,80.9384410381
rv160413,linearsvc_C0.01,70008,0.263548615399,0.5,0.0,0.0,0.0,undefined,0.0,76.7566280365
rv160413,linearsvc_C0.01,66508,0.250372690449,0.5,0.0,0.0,0.0,undefined,0.0,72.9059889317
rv160413,linearsvc_C0.01,63183,0.237855561746,0.5,0.0,0.0,0.0,undefined,0.0,69.4540810585
rv160413,linearsvc_C0.01,60024,0.225963348341,0.5,0.0,0.0,0.0,undefined,0.0,65.9857330322
rv160413,linearsvc_C0.01,57023,0.214665933834,0.5,0.0,0.0,0.0,undefined,0.0,62.4383380413
rv160413,linearsvc_C0.01,54172,0.203933201825,0.5,0.0,0.0,0.0,undefined,0.0,59.4554750919
rv160413,linearsvc_C0.01,51464,0.193738800464,0.5,0.0,0.0,0.0,undefined,0.0,56.2124891281
rv160413,linearsvc_C0.01,48891,0.184052613351,0.5,0.0,0.0,0.0,undefined,0.0,53.5572330952
rv160413,linearsvc_C0.01,46447,0.174852053186,0.5,0.0,0.0,0.0,undefined,0.0,50.6237440109
rv160413,linearsvc_C0.01,44125,0.166110768119,0.5,0.0,0.0,0.0,undefined,0.0,48.2379910946
rv160413,linearsvc_C0.01,41919,0.15780617085,0.5,0.0,0.0,0.0,undefined,0.0,45.7997050285
rv160413,linearsvc_C0.01,39824,0.14991943863,0.555555555556,0.0,0.0,0.0,undefined,0.0,43.2884850502
rv160413,linearsvc_C0.01,37833,0.142424219609,0.555555555556,0.0,0.0,0.0,undefined,0.0,41.4560141563
rv160413,linearsvc_C0.01,35942,0.135305455586,0.555555555556,0.0,0.0,0.0,undefined,0.0,39.078565836
rv160413,linearsvc_C0.01,34145,0.128540559262,0.5,0.0,0.0,0.0,undefined,0.0,37.2863249779
rv160413,linearsvc_C0.01,32438,0.122114472436,0.5,0.0,0.0,0.0,undefined,0.0,35.2191069126
rv160413,linearsvc_C0.01,30817,0.116012136909,0.5,0.0,0.0,0.0,undefined,0.0,33.6916048527
rv160413,linearsvc_C0.01,29277,0.110214729931,0.444444444444,0.0,0.0,0.0,undefined,0.0,31.8209021091
rv160413,linearsvc_C0.01,27814,0.104707193302,0.5,0.0,0.0,0.0,undefined,0.0,20.5659828186
rv160413,linearsvc_C0.01,26424,0.099474468822,0.444444444444,0.0,0.0,0.0,undefined,0.0,28.7716040611
rv160413,linearsvc_C0.01,25103,0.0945014982909,0.388888888889,0.0,0.0,0.0,undefined,0.0,27.1679701805
rv160413,linearsvc_C0.01,23848,0.0897769880588,0.388888888889,0.0,0.0,0.0,undefined,0.0,23.1997220516
rv160413,linearsvc_C0.01,22656,0.0852896444759,0.388888888889,0.0,0.0,0.0,undefined,0.0,24.6627409458
rv160413,linearsvc_C0.01,21524,0.0810281738921,0.388888888889,0.0,0.0,0.0,undefined,0.0,23.200633049
rv160413,linearsvc_C0.01,20448,0.0769775181075,0.388888888889,0.0,0.0,0.0,undefined,0.0,22.5995559692
rv160413,linearsvc_C0.01,19426,0.0731301480221,0.388888888889,0.0,0.0,0.0,undefined,0.0,21.3203971386
rv160413,linearsvc_C0.01,18455,0.069474769986,0.388888888889,0.0,0.0,0.0,undefined,0.0,19.9417970181
rv160413,linearsvc_C0.01,17533,0.0660038548992,0.388888888889,0.0,0.0,0.0,undefined,0.0,19.0033659935
rv160413,linearsvc_C0.01,16657,0.0627061091117,0.388888888889,0.0,0.0,0.0,undefined,0.0,17.8537049294
rv160413,linearsvc_C0.01,15825,0.0595740035236,0.388888888889,0.0,0.0,0.0,undefined,0.0,9.88697314262
rv160413,linearsvc_C0.01,15034,0.0565962444849,0.388888888889,0.0,0.0,0.0,undefined,0.0,9.21381902695
rv160413,linearsvc_C0.01,14283,0.0537690674457,0.388888888889,0.0,0.0,0.0,undefined,0.0,15.1134231091
rv160413,linearsvc_C0.01,13569,0.0510811787559,0.388888888889,0.0,0.0,0.0,undefined,0.0,8.23517513275
rv160413,linearsvc_C0.01,12891,0.0485288138656,0.388888888889,0.0,0.0,0.0,undefined,0.0,13.4177749157
rv160413,linearsvc_C0.01,12247,0.0461044436748,0.388888888889,0.0,0.0,0.0,undefined,0.0,11.4440820217
rv160413,linearsvc_C0.01,11635,0.0438005390836,0.388888888889,0.0,0.0,0.0,undefined,0.0,11.635778904
rv160413,linearsvc_C0.01,11054,0.0416133355419,0.388888888889,0.0,0.0,0.0,undefined,0.0,9.60137701035
rv160413,linearsvc_C0.01,10502,0.0395353039498,0.444444444444,0.0,0.0,0.0,undefined,0.0,4.79116892815
rv160413,linearsvc_C0.01,9977,0.0375589152073,0.388888888889,0.0,0.0,0.0,undefined,0.0,8.87312316895
rv160413,linearsvc_C0.01,9479,0.0356841693144,0.388888888889,0.0,0.0,0.0,undefined,0.0,6.51052999496
rv160413,linearsvc_C0.01,9006,0.0339035371712,0.444444444444,0.0,0.0,0.0,undefined,0.0,4.82002997398
rv160413,linearsvc_C0.01,8556,0.0322094896776,0.444444444444,0.0,0.0,0.0,undefined,0.0,6.22811889648
rv160413,linearsvc_C0.01,8129,0.0306020268337,0.444444444444,0.0,0.0,0.0,undefined,0.0,4.84988808632
rv160413,linearsvc_C0.01,7723,0.0290736195395,0.444444444444,0.0,0.0,0.0,undefined,0.0,5.40509390831
rv160413,linearsvc_C0.01,7337,0.027620503245,0.444444444444,0.0,0.0,0.0,undefined,0.0,4.34420204163
rv160413,linearsvc_C0.01,6971,0.0262426779503,0.444444444444,0.0,0.0,0.0,undefined,0.0,4.41181087494
rv160413,linearsvc_C0.01,6623,0.0249326145553,0.444444444444,0.0,0.0,0.0,undefined,0.0,3.87581110001
rv160413,linearsvc_C0.01,6292,0.02368654851,0.444444444444,0.0,0.0,0.0,undefined,0.0,3.9305369854
rv160413,linearsvc_C0.01,5978,0.0225044798145,0.444444444444,0.0,0.0,0.0,undefined,0.0,3.33244490623
rv160413,linearsvc_C0.01,5680,0.0213826439187,0.388888888889,0.0,0.0,0.0,undefined,0.0,1.42200279236
rv160413,linearsvc_C0.01,5396,0.0203135117228,0.388888888889,0.0,0.0,0.0,undefined,0.0,2.92858815193
rv160413,linearsvc_C0.01,5127,0.0193008477767,0.388888888889,0.0,0.0,0.0,undefined,0.0,1.95354294777
rv160413,linearsvc_C0.01,4871,0.0183371229803,0.444444444444,0.0,0.0,0.0,undefined,0.0,2.17276501656
rv160413,linearsvc_C0.01,4628,0.0174223373338,0.388888888889,0.0,0.0,0.0,undefined,0.0,1.5200650692
rv160413,linearsvc_C0.01,4397,0.0165527262871,0.388888888889,0.0,0.0,0.0,undefined,0.0,1.58897686005
rv160413,linearsvc_C0.01,4178,0.0157282898402,0.444444444444,0.0,0.0,0.0,undefined,0.0,2.45111083984
rv160413,linearsvc_C0.01,3970,0.0149452634432,0.333333333333,0.0,0.0,0.0,undefined,0.0,1.5513241291
rv160413,linearsvc_C0.01,3772,0.014199882546,0.388888888889,0.0,0.0,0.0,undefined,0.0,1.12938499451
rv160413,linearsvc_C0.01,3584,0.0134921471487,0.388888888889,0.0,0.0,0.0,undefined,0.0,0.900153160095
rv160413,linearsvc_C0.01,3405,0.0128182927013,0.444444444444,0.0,0.0,0.0,undefined,0.0,1.65035295486
rv160413,linearsvc_C0.01,3235,0.0121783192037,0.444444444444,0.0,0.0,0.0,undefined,0.0,1.03092598915
rv160413,linearsvc_C0.01,3074,0.011572226656,0.388888888889,0.0,0.0,0.0,undefined,0.0,0.89783000946
rv160413,linearsvc_C0.01,2921,0.0109962505082,0.333333333333,0.0,0.0,0.0,undefined,0.0,0.866422891617
rv160413,linearsvc_C0.01,2775,0.0104466262103,0.333333333333,0.0,0.0,0.0,undefined,0.0,0.782610177994
rv160413,linearsvc_C0.01,2637,0.00992711831228,0.333333333333,0.0,0.0,0.0,undefined,0.0,0.460730075836
rv160413,linearsvc_C0.01,2506,0.00943396226415,0.277777777778,0.0,0.0,0.0,undefined,0.0,0.491526126862
rv160413,linearsvc_C0.01,2381,0.00896339351594,0.333333333333,0.0,0.0,0.0,undefined,0.0,0.475055932999
rv160413,linearsvc_C0.01,2262,0.00851541206764,0.333333333333,0.0,0.0,0.0,undefined,0.0,0.556950092316
rv160413,linearsvc_C0.01,2149,0.00809001791926,0.333333333333,0.0,0.0,0.0,undefined,0.0,0.451407194138
rv160413,linearsvc_C0.01,2042,0.00768721107079,0.333333333333,0.0,0.0,0.0,undefined,0.0,0.353900909424
rv160413,linearsvc_C0.01,1940,0.00730322697225,0.333333333333,0.0,0.0,0.0,undefined,0.0,0.411643028259
rv160413,linearsvc_C0.01,1843,0.00693806562364,0.388888888889,0.0,0.0,0.0,undefined,0.0,0.346302986145
rv160413,linearsvc_C0.01,1751,0.00659172702495,0.388888888889,0.0,0.0,0.0,undefined,0.0,0.34588098526
rv160413,linearsvc_C0.01,1664,0.0062642111762,0.388888888889,0.0,0.0,0.0,undefined,0.0,0.32057595253
rv160413,linearsvc_C0.01,1581,0.00595175352738,0.388888888889,0.0,0.0,0.0,undefined,0.0,0.284229040146
rv160413,linearsvc_C0.01,1502,0.00565435407851,0.388888888889,0.0,0.0,0.0,undefined,0.0,0.242681026459
rv160413,linearsvc_C0.01,1427,0.00537201282959,0.388888888889,0.0,0.0,0.0,undefined,0.0,0.186685085297
rv160413,linearsvc_C0.01,1356,0.0051047297806,0.444444444444,0.0,0.0,0.0,undefined,0.0,0.212332010269
rv160413,linearsvc_C0.1,265636,1.0,0.5,0.0,0.0,0.0,undefined,0.0,18.8243949413
rv160413,linearsvc_C0.1,252355,0.95000301164,0.5,0.0,0.0,0.0,undefined,0.0,17.8175771236
rv160413,linearsvc_C0.1,239738,0.90250568447,0.5,0.0,0.0,0.0,undefined,0.0,22.2402169704
rv160413,linearsvc_C0.1,227752,0.857383788342,0.5,0.0,0.0,0.0,undefined,0.0,20.4123871326
rv160413,linearsvc_C0.1,216365,0.814516857655,0.5,0.0,0.0,0.0,undefined,0.0,15.1253900528
rv160413,linearsvc_C0.1,205547,0.77379195591,0.5,0.0,0.0,0.0,undefined,0.0,19.3695781231
rv160413,linearsvc_C0.1,195270,0.735103675707,0.5,0.0,0.0,0.0,undefined,0.0,14.2198288441
rv160413,linearsvc_C0.1,185507,0.698350374196,0.5,0.0,0.0,0.0,undefined,0.0,24.8231840134
rv160413,linearsvc_C0.1,176232,0.663434173079,0.5,0.0,0.0,0.0,undefined,0.0,30.5386488438
rv160413,linearsvc_C0.1,167421,0.630264723155,0.5,0.0,0.0,0.0,undefined,0.0,19.6472308636
rv160413,linearsvc_C0.1,159050,0.598751675225,0.5,0.0,0.0,0.0,undefined,0.0,31.404943943
rv160413,linearsvc_C0.1,151098,0.568815973738,0.5,0.0,0.0,0.0,undefined,0.0,10.8271789551
rv160413,linearsvc_C0.1,143544,0.540378563147,0.5,0.0,0.0,0.0,undefined,0.0,12.9980909824
rv160413,linearsvc_C0.1,136367,0.513360387899,0.5,0.0,0.0,0.0,undefined,0.0,17.9344980717
rv160413,linearsvc_C0.1,129549,0.487693686097,0.5,0.0,0.0,0.0,undefined,0.0,26.9321351051
rv160413,linearsvc_C0.1,123072,0.463310695839,0.5,0.0,0.0,0.0,undefined,0.0,7.99957489967
rv160413,linearsvc_C0.1,116919,0.440147419777,0.5,0.0,0.0,0.0,undefined,0.0,55.3325660229
rv160413,linearsvc_C0.1,111074,0.418143625111,0.5,0.0,0.0,0.0,undefined,0.0,6.8442261219
rv160413,linearsvc_C0.1,105521,0.39723907904,0.5,0.0,0.0,0.0,undefined,0.0,43.4139001369
rv160413,linearsvc_C0.1,100245,0.377377313316,0.5,0.0,0.0,0.0,undefined,0.0,59.0074620247
rv160413,linearsvc_C0.1,95233,0.358509388788,0.5,0.0,0.0,0.0,undefined,0.0,19.0796802044
rv160413,linearsvc_C0.1,90472,0.340586366306,0.5,0.0,0.0,0.0,undefined,0.0,19.7103190422
rv160413,linearsvc_C0.1,85949,0.32355930672,0.444444444444,0.0,0.0,0.0,undefined,0.0,53.1614089012
rv160413,linearsvc_C0.1,81652,0.307383035432,0.444444444444,0.0,0.0,0.0,undefined,0.0,52.3612689972
rv160413,linearsvc_C0.1,77570,0.29201614239,0.444444444444,0.0,0.0,0.0,undefined,0.0,59.1111240387
rv160413,linearsvc_C0.1,73692,0.277417217546,0.444444444444,0.0,0.0,0.0,undefined,0.0,66.0493969917
rv160413,linearsvc_C0.1,70008,0.263548615399,0.444444444444,0.0,0.0,0.0,undefined,0.0,71.2690579891
rv160413,linearsvc_C0.1,66508,0.250372690449,0.5,0.0,0.0,0.0,undefined,0.0,64.2185320854
rv160413,linearsvc_C0.1,63183,0.237855561746,0.444444444444,0.0,0.0,0.0,undefined,0.0,68.5365312099
rv160413,linearsvc_C0.1,60024,0.225963348341,0.444444444444,0.0,0.0,0.0,undefined,0.0,61.7310640812
rv160413,linearsvc_C0.1,57023,0.214665933834,0.5,0.0,0.0,0.0,undefined,0.0,61.8084139824
rv160413,linearsvc_C0.1,54172,0.203933201825,0.444444444444,0.0,0.0,0.0,undefined,0.0,38.8596291542
rv160413,linearsvc_C0.1,51464,0.193738800464,0.555555555556,0.0,0.0,0.0,undefined,0.0,50.0313270092
rv160413,linearsvc_C0.1,48891,0.184052613351,0.5,0.0,0.0,0.0,undefined,0.0,53.0268340111
rv160413,linearsvc_C0.1,46447,0.174852053186,0.5,0.0,0.0,0.0,undefined,0.0,50.2889590263
rv160413,linearsvc_C0.1,44125,0.166110768119,0.5,0.0,0.0,0.0,undefined,0.0,32.6185669899
rv160413,linearsvc_C0.1,41919,0.15780617085,0.5,0.0,0.0,0.0,undefined,0.0,43.4412732124
rv160413,linearsvc_C0.1,39824,0.14991943863,0.5,0.0,0.0,0.0,undefined,0.0,43.2447021008
rv160413,linearsvc_C0.1,37833,0.142424219609,0.5,0.0,0.0,0.0,undefined,0.0,40.9105191231
rv160413,linearsvc_C0.1,35942,0.135305455586,0.5,0.0,0.0,0.0,undefined,0.0,38.812857151
rv160413,linearsvc_C0.1,34145,0.128540559262,0.555555555556,0.0,0.0,0.0,undefined,0.0,37.0035719872
rv160413,linearsvc_C0.1,32438,0.122114472436,0.5,0.0,0.0,0.0,undefined,0.0,35.0944008827
rv160413,linearsvc_C0.1,30817,0.116012136909,0.5,0.0,0.0,0.0,undefined,0.0,33.3657660484
rv160413,linearsvc_C0.1,29277,0.110214729931,0.5,0.0,0.0,0.0,undefined,0.0,31.4540929794
rv160413,linearsvc_C0.1,27814,0.104707193302,0.444444444444,0.0,0.0,0.0,undefined,0.0,30.1101901531
rv160413,linearsvc_C0.1,26424,0.099474468822,0.555555555556,0.0,0.0,0.0,undefined,0.0,28.3236451149
rv160413,linearsvc_C0.1,25103,0.0945014982909,0.444444444444,0.0,0.0,0.0,undefined,0.0,27.0870039463
rv160413,linearsvc_C0.1,23848,0.0897769880588,0.388888888889,0.0,0.0,0.0,undefined,0.0,25.8078889847
rv160413,linearsvc_C0.1,22656,0.0852896444759,0.444444444444,0.0,0.0,0.0,undefined,0.0,24.3320560455
rv160413,linearsvc_C0.1,21524,0.0810281738921,0.444444444444,0.0,0.0,0.0,undefined,0.0,23.1665740013
rv160413,linearsvc_C0.1,20448,0.0769775181075,0.444444444444,0.0,0.0,0.0,undefined,0.0,21.7497241497
rv160413,linearsvc_C0.1,19426,0.0731301480221,0.388888888889,0.0,0.0,0.0,undefined,0.0,20.7122170925
rv160413,linearsvc_C0.1,18455,0.069474769986,0.444444444444,0.0,0.0,0.0,undefined,0.0,19.403676033
rv160413,linearsvc_C0.1,17533,0.0660038548992,0.5,0.0,0.0,0.0,undefined,0.0,18.4419958591
rv160413,linearsvc_C0.1,16657,0.0627061091117,0.5,0.0,0.0,0.0,undefined,0.0,17.5925188065
rv160413,linearsvc_C0.1,15825,0.0595740035236,0.5,0.0,0.0,0.0,undefined,0.0,16.6404619217
rv160413,linearsvc_C0.1,15034,0.0565962444849,0.444444444444,0.0,0.0,0.0,undefined,0.0,15.9976038933
rv160413,linearsvc_C0.1,14283,0.0537690674457,0.444444444444,0.0,0.0,0.0,undefined,0.0,15.0528020859
rv160413,linearsvc_C0.1,13569,0.0510811787559,0.444444444444,0.0,0.0,0.0,undefined,0.0,14.0661821365
rv160413,linearsvc_C0.1,12891,0.0485288138656,0.388888888889,0.0,0.0,0.0,undefined,0.0,13.4111969471
rv160413,linearsvc_C0.1,12247,0.0461044436748,0.444444444444,0.0,0.0,0.0,undefined,0.0,12.6986320019
rv160413,linearsvc_C0.1,11635,0.0438005390836,0.388888888889,0.0,0.0,0.0,undefined,0.0,12.0077300072
rv160413,linearsvc_C0.1,11054,0.0416133355419,0.388888888889,0.0,0.0,0.0,undefined,0.0,11.1759669781
rv160413,linearsvc_C0.1,10502,0.0395353039498,0.388888888889,0.0,0.0,0.0,undefined,0.0,9.50584697723
rv160413,linearsvc_C0.1,9977,0.0375589152073,0.333333333333,0.0,0.0,0.0,undefined,0.0,9.86557817459
rv160413,linearsvc_C0.1,9479,0.0356841693144,0.333333333333,0.0,0.0,0.0,undefined,0.0,8.93094801903
rv160413,linearsvc_C0.1,9006,0.0339035371712,0.388888888889,0.0,0.0,0.0,undefined,0.0,8.87022280693
rv160413,linearsvc_C0.1,8556,0.0322094896776,0.333333333333,0.0,0.0,0.0,undefined,0.0,8.23082399368
rv160413,linearsvc_C0.1,8129,0.0306020268337,0.388888888889,0.0,0.0,0.0,undefined,0.0,7.27267503738
rv160413,linearsvc_C0.1,7723,0.0290736195395,0.333333333333,0.0,0.0,0.0,undefined,0.0,7.32214093208
rv160413,linearsvc_C0.1,7337,0.027620503245,0.333333333333,0.0,0.0,0.0,undefined,0.0,7.26093697548
rv160413,linearsvc_C0.1,6971,0.0262426779503,0.333333333333,0.0,0.0,0.0,undefined,0.0,5.4902009964
rv160413,linearsvc_C0.1,6623,0.0249326145553,0.333333333333,0.0,0.0,0.0,undefined,0.0,6.32945084572
rv160413,linearsvc_C0.1,6292,0.02368654851,0.333333333333,0.0,0.0,0.0,undefined,0.0,4.9314661026
rv160413,linearsvc_C0.1,5978,0.0225044798145,0.277777777778,0.0,0.0,0.0,undefined,0.0,4.86643409729
rv160413,linearsvc_C0.1,5680,0.0213826439187,0.277777777778,0.0,0.0,0.0,undefined,0.0,5.01966500282
rv160413,linearsvc_C0.1,5396,0.0203135117228,0.277777777778,0.0,0.0,0.0,undefined,0.0,4.34742093086
rv160413,linearsvc_C0.1,5127,0.0193008477767,0.277777777778,0.0,0.0,0.0,undefined,0.0,4.50622415543
rv160413,linearsvc_C0.1,4871,0.0183371229803,0.277777777778,0.0,0.0,0.0,undefined,0.0,3.74113178253
rv160413,linearsvc_C0.1,4628,0.0174223373338,0.277777777778,0.0,0.0,0.0,undefined,0.0,3.67466211319
rv160413,linearsvc_C0.1,4397,0.0165527262871,0.333333333333,0.0,0.0,0.0,undefined,0.0,3.00982689857
rv160413,linearsvc_C0.1,4178,0.0157282898402,0.333333333333,0.0,0.0,0.0,undefined,0.0,2.76255011559
rv160413,linearsvc_C0.1,3970,0.0149452634432,0.333333333333,0.0,0.0,0.0,undefined,0.0,2.86015105247
rv160413,linearsvc_C0.1,3772,0.014199882546,0.333333333333,0.0,0.0,0.0,undefined,0.0,2.94618701935
rv160413,linearsvc_C0.1,3584,0.0134921471487,0.333333333333,0.0,0.0,0.0,undefined,0.0,2.33170700073
rv160413,linearsvc_C0.1,3405,0.0128182927013,0.333333333333,0.0,0.0,0.0,undefined,0.0,2.48895406723
rv160413,linearsvc_C0.1,3235,0.0121783192037,0.333333333333,0.0,0.0,0.0,undefined,0.0,1.70248508453
rv160413,linearsvc_C0.1,3074,0.011572226656,0.333333333333,0.0,0.0,0.0,undefined,0.0,2.06479310989
rv160413,linearsvc_C0.1,2921,0.0109962505082,0.333333333333,0.0,0.0,0.0,undefined,0.0,1.89982509613
rv160413,linearsvc_C0.1,2775,0.0104466262103,0.444444444444,0.0,0.0,0.0,undefined,0.0,1.61807918549
rv160413,linearsvc_C0.1,2637,0.00992711831228,0.444444444444,0.0,0.0,0.0,undefined,0.0,1.58311605453
rv160413,linearsvc_C0.1,2506,0.00943396226415,0.5,0.0,0.0,0.0,undefined,0.0,1.48063898087
rv160413,linearsvc_C0.1,2381,0.00896339351594,0.5,0.0,0.0,0.0,undefined,0.0,1.43316507339
rv160413,linearsvc_C0.1,2262,0.00851541206764,0.5,0.0,0.0,0.0,undefined,0.0,1.28149485588
rv160413,linearsvc_C0.1,2149,0.00809001791926,0.5,0.0,0.0,0.0,undefined,0.0,0.851865053177
rv160413,linearsvc_C0.1,2042,0.00768721107079,0.5,0.0,0.0,0.0,undefined,0.0,1.06507611275
rv160413,linearsvc_C0.1,1940,0.00730322697225,0.5,0.0,0.0,0.0,undefined,0.0,0.996236801147
rv160413,linearsvc_C0.1,1843,0.00693806562364,0.5,0.0,0.0,0.0,undefined,0.0,1.02789306641
rv160413,linearsvc_C0.1,1751,0.00659172702495,0.5,0.0,0.0,0.0,undefined,0.0,0.974034070969
rv160413,linearsvc_C0.1,1664,0.0062642111762,0.5,0.0,0.0,0.0,undefined,0.0,0.714807987213
rv160413,linearsvc_C0.1,1581,0.00595175352738,0.5,0.0,0.0,0.0,undefined,0.0,0.936678171158
rv160413,linearsvc_C0.1,1502,0.00565435407851,0.5,0.0,0.0,0.0,undefined,0.0,0.747339010239
rv160413,linearsvc_C0.1,1427,0.00537201282959,0.5,0.0,0.0,0.0,undefined,0.0,0.506115913391
rv160413,linearsvc_C0.1,1356,0.0051047297806,0.5,0.0,0.0,0.0,undefined,0.0,0.610579967499
rv160413,linearsvc_C1.0,265636,1.0,0.333333333333,0.0,0.0,0.0,undefined,0.0,22.5972321033
rv160413,linearsvc_C1.0,252355,0.95000301164,0.333333333333,0.0,0.0,0.0,undefined,0.0,21.3600320816
rv160413,linearsvc_C1.0,239738,0.90250568447,0.333333333333,0.0,0.0,0.0,undefined,0.0,16.4845569134
rv160413,linearsvc_C1.0,227752,0.857383788342,0.333333333333,0.0,0.0,0.0,undefined,0.0,18.9805159569
rv160413,linearsvc_C1.0,216365,0.814516857655,0.333333333333,0.0,0.0,0.0,undefined,0.0,14.2071721554
rv160413,linearsvc_C1.0,205547,0.77379195591,0.333333333333,0.0,0.0,0.0,undefined,0.0,16.6971979141
rv160413,linearsvc_C1.0,195270,0.735103675707,0.333333333333,0.0,0.0,0.0,undefined,0.0,15.9314858913
rv160413,linearsvc_C1.0,185507,0.698350374196,0.333333333333,0.0,0.0,0.0,undefined,0.0,14.3383460045
rv160413,linearsvc_C1.0,176232,0.663434173079,0.333333333333,0.0,0.0,0.0,undefined,0.0,11.4824998379
rv160413,linearsvc_C1.0,167421,0.630264723155,0.333333333333,0.0,0.0,0.0,undefined,0.0,10.8170080185
rv160413,linearsvc_C1.0,159050,0.598751675225,0.333333333333,0.0,0.0,0.0,undefined,0.0,12.6228349209
rv160413,linearsvc_C1.0,151098,0.568815973738,0.388888888889,0.0,0.0,0.0,undefined,0.0,9.60068202019
rv160413,linearsvc_C1.0,143544,0.540378563147,0.388888888889,0.0,0.0,0.0,undefined,0.0,8.75951695442
rv160413,linearsvc_C1.0,136367,0.513360387899,0.388888888889,0.0,0.0,0.0,undefined,0.0,9.93186187744
rv160413,linearsvc_C1.0,129549,0.487693686097,0.388888888889,0.0,0.0,0.0,undefined,0.0,7.71157598495
rv160413,linearsvc_C1.0,123072,0.463310695839,0.388888888889,0.0,0.0,0.0,undefined,0.0,7.42324399948
rv160413,linearsvc_C1.0,116919,0.440147419777,0.388888888889,0.0,0.0,0.0,undefined,0.0,7.3418340683
rv160413,linearsvc_C1.0,111074,0.418143625111,0.388888888889,0.0,0.0,0.0,undefined,0.0,6.485902071
rv160413,linearsvc_C1.0,105521,0.39723907904,0.388888888889,0.0,0.0,0.0,undefined,0.0,6.24851202965
rv160413,linearsvc_C1.0,100245,0.377377313316,0.388888888889,0.0,0.0,0.0,undefined,0.0,5.80183911324
rv160413,linearsvc_C1.0,95233,0.358509388788,0.388888888889,0.0,0.0,0.0,undefined,0.0,5.54911494255
rv160413,linearsvc_C1.0,90472,0.340586366306,0.388888888889,0.0,0.0,0.0,undefined,0.0,5.20272302628
rv160413,linearsvc_C1.0,85949,0.32355930672,0.388888888889,0.0,0.0,0.0,undefined,0.0,4.85436105728
rv160413,linearsvc_C1.0,81652,0.307383035432,0.388888888889,0.0,0.0,0.0,undefined,0.0,4.60309004784
rv160413,linearsvc_C1.0,77570,0.29201614239,0.388888888889,0.0,0.0,0.0,undefined,0.0,4.33204507828
rv160413,linearsvc_C1.0,73692,0.277417217546,0.388888888889,0.0,0.0,0.0,undefined,0.0,4.16518688202
rv160413,linearsvc_C1.0,70008,0.263548615399,0.388888888889,0.0,0.0,0.0,undefined,0.0,3.84017181396
rv160413,linearsvc_C1.0,66508,0.250372690449,0.388888888889,0.0,0.0,0.0,undefined,0.0,3.67923283577
rv160413,linearsvc_C1.0,63183,0.237855561746,0.388888888889,0.0,0.0,0.0,undefined,0.0,3.48131799698
rv160413,linearsvc_C1.0,60024,0.225963348341,0.388888888889,0.0,0.0,0.0,undefined,0.0,3.0732281208
rv160413,linearsvc_C1.0,57023,0.214665933834,0.388888888889,0.0,0.0,0.0,undefined,0.0,2.99160289764
rv160413,linearsvc_C1.0,54172,0.203933201825,0.388888888889,0.0,0.0,0.0,undefined,0.0,2.84979009628
rv160413,linearsvc_C1.0,51464,0.193738800464,0.388888888889,0.0,0.0,0.0,undefined,0.0,2.75223898888
rv160413,linearsvc_C1.0,48891,0.184052613351,0.388888888889,0.0,0.0,0.0,undefined,0.0,2.55901193619
rv160413,linearsvc_C1.0,46447,0.174852053186,0.388888888889,0.0,0.0,0.0,undefined,0.0,2.4806060791
rv160413,linearsvc_C1.0,44125,0.166110768119,0.388888888889,0.0,0.0,0.0,undefined,0.0,2.29815888405
rv160413,linearsvc_C1.0,41919,0.15780617085,0.333333333333,0.0,0.0,0.0,undefined,0.0,2.08386707306
rv160413,linearsvc_C1.0,39824,0.14991943863,0.333333333333,0.0,0.0,0.0,undefined,0.0,1.93559408188
rv160413,linearsvc_C1.0,37833,0.142424219609,0.333333333333,0.0,0.0,0.0,undefined,0.0,1.88766312599
rv160413,linearsvc_C1.0,35942,0.135305455586,0.333333333333,0.0,0.0,0.0,undefined,0.0,1.86003923416
rv160413,linearsvc_C1.0,34145,0.128540559262,0.333333333333,0.0,0.0,0.0,undefined,0.0,1.74110603333
rv160413,linearsvc_C1.0,32438,0.122114472436,0.333333333333,0.0,0.0,0.0,undefined,0.0,1.6275138855
rv160413,linearsvc_C1.0,30817,0.116012136909,0.333333333333,0.0,0.0,0.0,undefined,0.0,1.57826781273
rv160413,linearsvc_C1.0,29277,0.110214729931,0.333333333333,0.0,0.0,0.0,undefined,0.0,1.44792819023
rv160413,linearsvc_C1.0,27814,0.104707193302,0.333333333333,0.0,0.0,0.0,undefined,0.0,1.4264190197
rv160413,linearsvc_C1.0,26424,0.099474468822,0.333333333333,0.0,0.0,0.0,undefined,0.0,1.34716916084
rv160413,linearsvc_C1.0,25103,0.0945014982909,0.333333333333,0.0,0.0,0.0,undefined,0.0,1.1972720623
rv160413,linearsvc_C1.0,23848,0.0897769880588,0.333333333333,0.0,0.0,0.0,undefined,0.0,1.14060997963
rv160413,linearsvc_C1.0,22656,0.0852896444759,0.333333333333,0.0,0.0,0.0,undefined,0.0,1.12842798233
rv160413,linearsvc_C1.0,21524,0.0810281738921,0.333333333333,0.0,0.0,0.0,undefined,0.0,0.938088178635
rv160413,linearsvc_C1.0,20448,0.0769775181075,0.333333333333,0.0,0.0,0.0,undefined,0.0,1.00648784637
rv160413,linearsvc_C1.0,19426,0.0731301480221,0.333333333333,0.0,0.0,0.0,undefined,0.0,0.911037921906
rv160413,linearsvc_C1.0,18455,0.069474769986,0.333333333333,0.0,0.0,0.0,undefined,0.0,0.877935886383
rv160413,linearsvc_C1.0,17533,0.0660038548992,0.333333333333,0.0,0.0,0.0,undefined,0.0,0.838764190674
rv160413,linearsvc_C1.0,16657,0.0627061091117,0.333333333333,0.0,0.0,0.0,undefined,0.0,0.80340385437
rv160413,linearsvc_C1.0,15825,0.0595740035236,0.333333333333,0.0,0.0,0.0,undefined,0.0,0.736261129379
rv160413,linearsvc_C1.0,15034,0.0565962444849,0.333333333333,0.0,0.0,0.0,undefined,0.0,0.722436904907
rv160413,linearsvc_C1.0,14283,0.0537690674457,0.333333333333,0.0,0.0,0.0,undefined,0.0,0.666780948639
rv160413,linearsvc_C1.0,13569,0.0510811787559,0.333333333333,0.0,0.0,0.0,undefined,0.0,0.623389005661
rv160413,linearsvc_C1.0,12891,0.0485288138656,0.333333333333,0.0,0.0,0.0,undefined,0.0,0.623459100723
rv160413,linearsvc_C1.0,12247,0.0461044436748,0.333333333333,0.0,0.0,0.0,undefined,0.0,0.574171066284
rv160413,linearsvc_C1.0,11635,0.0438005390836,0.333333333333,0.0,0.0,0.0,undefined,0.0,0.494964838028
rv160413,linearsvc_C1.0,11054,0.0416133355419,0.333333333333,0.0,0.0,0.0,undefined,0.0,0.474683046341
rv160413,linearsvc_C1.0,10502,0.0395353039498,0.333333333333,0.0,0.0,0.0,undefined,0.0,0.405238866806
rv160413,linearsvc_C1.0,9977,0.0375589152073,0.333333333333,0.0,0.0,0.0,undefined,0.0,0.410363912582
rv160413,linearsvc_C1.0,9479,0.0356841693144,0.333333333333,0.0,0.0,0.0,undefined,0.0,0.402456045151
rv160413,linearsvc_C1.0,9006,0.0339035371712,0.333333333333,0.0,0.0,0.0,undefined,0.0,0.340726137161
rv160413,linearsvc_C1.0,8556,0.0322094896776,0.333333333333,0.0,0.0,0.0,undefined,0.0,0.327605009079
rv160413,linearsvc_C1.0,8129,0.0306020268337,0.333333333333,0.0,0.0,0.0,undefined,0.0,0.311586856842
rv160413,linearsvc_C1.0,7723,0.0290736195395,0.333333333333,0.0,0.0,0.0,undefined,0.0,0.299392938614
rv160413,linearsvc_C1.0,7337,0.027620503245,0.333333333333,0.0,0.0,0.0,undefined,0.0,0.286442995071
rv160413,linearsvc_C1.0,6971,0.0262426779503,0.333333333333,0.0,0.0,0.0,undefined,0.0,0.262585878372
rv160413,linearsvc_C1.0,6623,0.0249326145553,0.333333333333,0.0,0.0,0.0,undefined,0.0,0.281851053238
rv160413,linearsvc_C1.0,6292,0.02368654851,0.333333333333,0.0,0.0,0.0,undefined,0.0,0.233859062195
rv160413,linearsvc_C1.0,5978,0.0225044798145,0.333333333333,0.0,0.0,0.0,undefined,0.0,0.246141195297
rv160413,linearsvc_C1.0,5680,0.0213826439187,0.333333333333,0.0,0.0,0.0,undefined,0.0,0.248538970947
rv160413,linearsvc_C1.0,5396,0.0203135117228,0.388888888889,0.0,0.0,0.0,undefined,0.0,0.220388889313
rv160413,linearsvc_C1.0,5127,0.0193008477767,0.333333333333,0.0,0.0,0.0,undefined,0.0,0.215628862381
rv160413,linearsvc_C1.0,4871,0.0183371229803,0.333333333333,0.0,0.0,0.0,undefined,0.0,0.21107506752
rv160413,linearsvc_C1.0,4628,0.0174223373338,0.277777777778,0.0,0.0,0.0,undefined,0.0,0.198902130127
rv160413,linearsvc_C1.0,4397,0.0165527262871,0.333333333333,0.0,0.0,0.0,undefined,0.0,0.204587936401
rv160413,linearsvc_C1.0,4178,0.0157282898402,0.277777777778,0.0,0.0,0.0,undefined,0.0,0.142244100571
rv160413,linearsvc_C1.0,3970,0.0149452634432,0.333333333333,0.0,0.0,0.0,undefined,0.0,0.153560876846
rv160413,linearsvc_C1.0,3772,0.014199882546,0.333333333333,0.0,0.0,0.0,undefined,0.0,0.155272006989
rv160413,linearsvc_C1.0,3584,0.0134921471487,0.388888888889,0.0,0.0,0.0,undefined,0.0,0.168220043182
rv160413,linearsvc_C1.0,3405,0.0128182927013,0.333333333333,0.0,0.0,0.0,undefined,0.0,0.161787033081
rv160413,linearsvc_C1.0,3235,0.0121783192037,0.333333333333,0.0,0.0,0.0,undefined,0.0,0.264324903488
rv160413,linearsvc_C1.0,3074,0.011572226656,0.277777777778,0.0,0.0,0.0,undefined,0.0,0.424311876297
rv160413,linearsvc_C1.0,2921,0.0109962505082,0.277777777778,0.0,0.0,0.0,undefined,0.0,0.520447969437
rv160413,linearsvc_C1.0,2775,0.0104466262103,0.277777777778,0.0,0.0,0.0,undefined,0.0,1.1026570797
rv160413,linearsvc_C1.0,2637,0.00992711831228,0.333333333333,0.0,0.0,0.0,undefined,0.0,0.189194917679
rv160413,linearsvc_C1.0,2506,0.00943396226415,0.333333333333,0.0,0.0,0.0,undefined,0.0,0.169969797134
rv160413,linearsvc_C1.0,2381,0.00896339351594,0.277777777778,0.0,0.0,0.0,undefined,0.0,0.506525993347
rv160413,linearsvc_C1.0,2262,0.00851541206764,0.277777777778,0.0,0.0,0.0,undefined,0.0,1.44525408745
rv160413,linearsvc_C1.0,2149,0.00809001791926,0.277777777778,0.0,0.0,0.0,undefined,0.0,0.698559045792
rv160413,linearsvc_C1.0,2042,0.00768721107079,0.277777777778,0.0,0.0,0.0,undefined,0.0,0.828701019287
rv160413,linearsvc_C1.0,1940,0.00730322697225,0.277777777778,0.0,0.0,0.0,undefined,0.0,0.824790000916
rv160413,linearsvc_C1.0,1843,0.00693806562364,0.277777777778,0.0,0.0,0.0,undefined,0.0,1.22829008102
rv160413,linearsvc_C1.0,1751,0.00659172702495,0.277777777778,0.0,0.0,0.0,undefined,0.0,0.791465044022
rv160413,linearsvc_C1.0,1664,0.0062642111762,0.277777777778,0.0,0.0,0.0,undefined,0.0,0.730348110199
rv160413,linearsvc_C1.0,1581,0.00595175352738,0.277777777778,0.0,0.0,0.0,undefined,0.0,1.05775308609
rv160413,linearsvc_C1.0,1502,0.00565435407851,0.277777777778,0.0,0.0,0.0,undefined,0.0,1.15778398514
rv160413,linearsvc_C1.0,1427,0.00537201282959,0.277777777778,0.0,0.0,0.0,undefined,0.0,0.712168931961
rv160413,linearsvc_C1.0,1356,0.0051047297806,0.277777777778,0.0,0.0,0.0,undefined,0.0,0.721216917038
rv160413,linearsvc_C10.0,265636,1.0,0.5,0.0,0.0,0.0,undefined,0.0,19.8398211002
rv160413,linearsvc_C10.0,252355,0.95000301164,0.5,0.0,0.0,0.0,undefined,0.0,18.8606619835
rv160413,linearsvc_C10.0,239738,0.90250568447,0.5,0.0,0.0,0.0,undefined,0.0,17.0112810135
rv160413,linearsvc_C10.0,227752,0.857383788342,0.5,0.0,0.0,0.0,undefined,0.0,16.12154603
rv160413,linearsvc_C10.0,216365,0.814516857655,0.5,0.0,0.0,0.0,undefined,0.0,15.6410121918
rv160413,linearsvc_C10.0,205547,0.77379195591,0.5,0.0,0.0,0.0,undefined,0.0,13.8157601357
rv160413,linearsvc_C10.0,195270,0.735103675707,0.5,0.0,0.0,0.0,undefined,0.0,13.665309906
rv160413,linearsvc_C10.0,185507,0.698350374196,0.5,0.0,0.0,0.0,undefined,0.0,13.2778990269
rv160413,linearsvc_C10.0,176232,0.663434173079,0.5,0.0,0.0,0.0,undefined,0.0,12.0514700413
rv160413,linearsvc_C10.0,167421,0.630264723155,0.5,0.0,0.0,0.0,undefined,0.0,10.987416029
rv160413,linearsvc_C10.0,159050,0.598751675225,0.5,0.0,0.0,0.0,undefined,0.0,10.6112580299
rv160413,linearsvc_C10.0,151098,0.568815973738,0.5,0.0,0.0,0.0,undefined,0.0,10.0944027901
rv160413,linearsvc_C10.0,143544,0.540378563147,0.5,0.0,0.0,0.0,undefined,0.0,9.43196105957
rv160413,linearsvc_C10.0,136367,0.513360387899,0.5,0.0,0.0,0.0,undefined,0.0,9.01295304298
rv160413,linearsvc_C10.0,129549,0.487693686097,0.5,0.0,0.0,0.0,undefined,0.0,8.2610001564
rv160413,linearsvc_C10.0,123072,0.463310695839,0.5,0.0,0.0,0.0,undefined,0.0,7.94164419174
rv160413,linearsvc_C10.0,116919,0.440147419777,0.5,0.0,0.0,0.0,undefined,0.0,7.42200088501
rv160413,linearsvc_C10.0,111074,0.418143625111,0.5,0.0,0.0,0.0,undefined,0.0,6.97472405434
rv160413,linearsvc_C10.0,105521,0.39723907904,0.5,0.0,0.0,0.0,undefined,0.0,6.48170304298
rv160413,linearsvc_C10.0,100245,0.377377313316,0.5,0.0,0.0,0.0,undefined,0.0,6.11161017418
rv160413,linearsvc_C10.0,95233,0.358509388788,0.5,0.0,0.0,0.0,undefined,0.0,5.65727186203
rv160413,linearsvc_C10.0,90472,0.340586366306,0.5,0.0,0.0,0.0,undefined,0.0,5.25586819649
rv160413,linearsvc_C10.0,85949,0.32355930672,0.5,0.0,0.0,0.0,undefined,0.0,5.13152003288
rv160413,linearsvc_C10.0,81652,0.307383035432,0.5,0.0,0.0,0.0,undefined,0.0,4.70430207253
rv160413,linearsvc_C10.0,77570,0.29201614239,0.5,0.0,0.0,0.0,undefined,0.0,4.45340681076
rv160413,linearsvc_C10.0,73692,0.277417217546,0.5,0.0,0.0,0.0,undefined,0.0,4.09089684486
rv160413,linearsvc_C10.0,70008,0.263548615399,0.5,0.0,0.0,0.0,undefined,0.0,3.8592569828
rv160413,linearsvc_C10.0,66508,0.250372690449,0.5,0.0,0.0,0.0,undefined,0.0,3.74620318413
rv160413,linearsvc_C10.0,63183,0.237855561746,0.5,0.0,0.0,0.0,undefined,0.0,3.36764502525
rv160413,linearsvc_C10.0,60024,0.225963348341,0.5,0.0,0.0,0.0,undefined,0.0,3.09849286079
rv160413,linearsvc_C10.0,57023,0.214665933834,0.555555555556,0.0,0.0,0.0,undefined,0.0,3.13017606735
rv160413,linearsvc_C10.0,54172,0.203933201825,0.555555555556,0.0,0.0,0.0,undefined,0.0,2.86404705048
rv160413,linearsvc_C10.0,51464,0.193738800464,0.555555555556,0.0,0.0,0.0,undefined,0.0,2.84574198723
rv160413,linearsvc_C10.0,48891,0.184052613351,0.555555555556,0.0,0.0,0.0,undefined,0.0,2.66207909584
rv160413,linearsvc_C10.0,46447,0.174852053186,0.555555555556,0.0,0.0,0.0,undefined,0.0,2.33801603317
rv160413,linearsvc_C10.0,44125,0.166110768119,0.555555555556,0.0,0.0,0.0,undefined,0.0,2.2716858387
rv160413,linearsvc_C10.0,41919,0.15780617085,0.555555555556,0.0,0.0,0.0,undefined,0.0,2.16718697548
rv160413,linearsvc_C10.0,39824,0.14991943863,0.555555555556,0.0,0.0,0.0,undefined,0.0,1.97877788544
rv160413,linearsvc_C10.0,37833,0.142424219609,0.5,0.0,0.0,0.0,undefined,0.0,1.87997412682
rv160413,linearsvc_C10.0,35942,0.135305455586,0.5,0.0,0.0,0.0,undefined,0.0,1.79279708862
rv160413,linearsvc_C10.0,34145,0.128540559262,0.5,0.0,0.0,0.0,undefined,0.0,1.73143100739
rv160413,linearsvc_C10.0,32438,0.122114472436,0.5,0.0,0.0,0.0,undefined,0.0,1.59388899803
rv160413,linearsvc_C10.0,30817,0.116012136909,0.5,0.0,0.0,0.0,undefined,0.0,1.53916811943
rv160413,linearsvc_C10.0,29277,0.110214729931,0.5,0.0,0.0,0.0,undefined,0.0,1.48281002045
rv160413,linearsvc_C10.0,27814,0.104707193302,0.5,0.0,0.0,0.0,undefined,0.0,1.39236712456
rv160413,linearsvc_C10.0,26424,0.099474468822,0.5,0.0,0.0,0.0,undefined,0.0,1.30466604233
rv160413,linearsvc_C10.0,25103,0.0945014982909,0.555555555556,0.0,0.0,0.0,undefined,0.0,1.24551796913
rv160413,linearsvc_C10.0,23848,0.0897769880588,0.555555555556,0.0,0.0,0.0,undefined,0.0,1.10535311699
rv160413,linearsvc_C10.0,22656,0.0852896444759,0.5,0.0,0.0,0.0,undefined,0.0,1.03033590317
rv160413,linearsvc_C10.0,21524,0.0810281738921,0.444444444444,0.0,0.0,0.0,undefined,0.0,0.984337091446
rv160413,linearsvc_C10.0,20448,0.0769775181075,0.444444444444,0.0,0.0,0.0,undefined,0.0,0.976086139679
rv160413,linearsvc_C10.0,19426,0.0731301480221,0.444444444444,0.0,0.0,0.0,undefined,0.0,0.91065788269
rv160413,linearsvc_C10.0,18455,0.069474769986,0.388888888889,0.0,0.0,0.0,undefined,0.0,0.850212097168
rv160413,linearsvc_C10.0,17533,0.0660038548992,0.444444444444,0.0,0.0,0.0,undefined,0.0,0.873483181
rv160413,linearsvc_C10.0,16657,0.0627061091117,0.444444444444,0.0,0.0,0.0,undefined,0.0,0.769308805466
rv160413,linearsvc_C10.0,15825,0.0595740035236,0.444444444444,0.0,0.0,0.0,undefined,0.0,0.742150068283
rv160413,linearsvc_C10.0,15034,0.0565962444849,0.444444444444,0.0,0.0,0.0,undefined,0.0,0.693652153015
rv160413,linearsvc_C10.0,14283,0.0537690674457,0.388888888889,0.0,0.0,0.0,undefined,0.0,0.635447025299
rv160413,linearsvc_C10.0,13569,0.0510811787559,0.388888888889,0.0,0.0,0.0,undefined,0.0,0.599421024323
rv160413,linearsvc_C10.0,12891,0.0485288138656,0.444444444444,0.0,0.0,0.0,undefined,0.0,0.551802158356
rv160413,linearsvc_C10.0,12247,0.0461044436748,0.388888888889,0.0,0.0,0.0,undefined,0.0,0.525228977203
rv160413,linearsvc_C10.0,11635,0.0438005390836,0.444444444444,0.0,0.0,0.0,undefined,0.0,0.530330181122
rv160413,linearsvc_C10.0,11054,0.0416133355419,0.388888888889,0.0,0.0,0.0,undefined,0.0,0.453591823578
rv160413,linearsvc_C10.0,10502,0.0395353039498,0.333333333333,0.0,0.0,0.0,undefined,0.0,0.43202996254
rv160413,linearsvc_C10.0,9977,0.0375589152073,0.333333333333,0.0,0.0,0.0,undefined,0.0,0.423830986023
rv160413,linearsvc_C10.0,9479,0.0356841693144,0.388888888889,0.0,0.0,0.0,undefined,0.0,0.352428913116
rv160413,linearsvc_C10.0,9006,0.0339035371712,0.388888888889,0.0,0.0,0.0,undefined,0.0,0.345335960388
rv160413,linearsvc_C10.0,8556,0.0322094896776,0.333333333333,0.0,0.0,0.0,undefined,0.0,0.333581209183
rv160413,linearsvc_C10.0,8129,0.0306020268337,0.277777777778,0.0,0.0,0.0,undefined,0.0,0.326258897781
rv160413,linearsvc_C10.0,7723,0.0290736195395,0.333333333333,0.0,0.0,0.0,undefined,0.0,0.320656061172
rv160413,linearsvc_C10.0,7337,0.027620503245,0.277777777778,0.0,0.0,0.0,undefined,0.0,0.298306941986
rv160413,linearsvc_C10.0,6971,0.0262426779503,0.277777777778,0.0,0.0,0.0,undefined,0.0,0.242872953415
rv160413,linearsvc_C10.0,6623,0.0249326145553,0.277777777778,0.0,0.0,0.0,undefined,0.0,0.245599031448
rv160413,linearsvc_C10.0,6292,0.02368654851,0.277777777778,0.0,0.0,0.0,undefined,0.0,0.263747930527
rv160413,linearsvc_C10.0,5978,0.0225044798145,0.277777777778,0.0,0.0,0.0,undefined,0.0,0.22162103653
rv160413,linearsvc_C10.0,5680,0.0213826439187,0.277777777778,0.0,0.0,0.0,undefined,0.0,0.212451934814
rv160413,linearsvc_C10.0,5396,0.0203135117228,0.277777777778,0.0,0.0,0.0,undefined,0.0,0.215481996536
rv160413,linearsvc_C10.0,5127,0.0193008477767,0.277777777778,0.0,0.0,0.0,undefined,0.0,0.184864997864
rv160413,linearsvc_C10.0,4871,0.0183371229803,0.277777777778,0.0,0.0,0.0,undefined,0.0,0.187501192093
rv160413,linearsvc_C10.0,4628,0.0174223373338,0.277777777778,0.0,0.0,0.0,undefined,0.0,0.176373958588
rv160413,linearsvc_C10.0,4397,0.0165527262871,0.333333333333,0.0,0.0,0.0,undefined,0.0,0.170046806335
rv160413,linearsvc_C10.0,4178,0.0157282898402,0.333333333333,0.0,0.0,0.0,undefined,0.0,0.163433790207
rv160413,linearsvc_C10.0,3970,0.0149452634432,0.333333333333,0.0,0.0,0.0,undefined,0.0,0.141020059586
rv160413,linearsvc_C10.0,3772,0.014199882546,0.277777777778,0.0,0.0,0.0,undefined,0.0,0.165857076645
rv160413,linearsvc_C10.0,3584,0.0134921471487,0.277777777778,0.0,0.0,0.0,undefined,0.0,0.156517028809
rv160413,linearsvc_C10.0,3405,0.0128182927013,0.277777777778,0.0,0.0,0.0,undefined,0.0,0.150276899338
rv160413,linearsvc_C10.0,3235,0.0121783192037,0.277777777778,0.0,0.0,0.0,undefined,0.0,0.126861095428
rv160413,linearsvc_C10.0,3074,0.011572226656,0.277777777778,0.0,0.0,0.0,undefined,0.0,0.146060943604
rv160413,linearsvc_C10.0,2921,0.0109962505082,0.333333333333,0.0,0.0,0.0,undefined,0.0,0.121324062347
rv160413,linearsvc_C10.0,2775,0.0104466262103,0.277777777778,0.0,0.0,0.0,undefined,0.0,0.130019903183
rv160413,linearsvc_C10.0,2637,0.00992711831228,0.388888888889,0.0,0.0,0.0,undefined,0.0,0.127632141113
rv160413,linearsvc_C10.0,2506,0.00943396226415,0.333333333333,0.0,0.0,0.0,undefined,0.0,0.113640785217
rv160413,linearsvc_C10.0,2381,0.00896339351594,0.444444444444,0.0,0.0,0.0,undefined,0.0,0.10984992981
rv160413,linearsvc_C10.0,2262,0.00851541206764,0.388888888889,0.0,0.0,0.0,undefined,0.0,0.108577013016
rv160413,linearsvc_C10.0,2149,0.00809001791926,0.388888888889,0.0,0.0,0.0,undefined,0.0,0.101818084717
rv160413,linearsvc_C10.0,2042,0.00768721107079,0.388888888889,0.0,0.0,0.0,undefined,0.0,0.107587099075
rv160413,linearsvc_C10.0,1940,0.00730322697225,0.388888888889,0.0,0.0,0.0,undefined,0.0,0.131128072739
rv160413,linearsvc_C10.0,1843,0.00693806562364,0.444444444444,0.0,0.0,0.0,undefined,0.0,0.10527586937
rv160413,linearsvc_C10.0,1751,0.00659172702495,0.444444444444,0.0,0.0,0.0,undefined,0.0,0.0996570587158
rv160413,linearsvc_C10.0,1664,0.0062642111762,0.444444444444,0.0,0.0,0.0,undefined,0.0,0.115660190582
rv160413,linearsvc_C10.0,1581,0.00595175352738,0.444444444444,0.0,0.0,0.0,undefined,0.0,0.11447095871
rv160413,linearsvc_C10.0,1502,0.00565435407851,0.444444444444,0.0,0.0,0.0,undefined,0.0,0.116724014282
rv160413,linearsvc_C10.0,1427,0.00537201282959,0.444444444444,0.0,0.0,0.0,undefined,0.0,0.119722127914
rv160413,linearsvc_C10.0,1356,0.0051047297806,0.388888888889,0.0,0.0,0.0,undefined,0.0,0.110576152802
rv160413,linearsvc_C100.0,265636,1.0,0.555555555556,0.0,0.0,0.0,undefined,0.0,19.1834800243
rv160413,linearsvc_C100.0,252355,0.95000301164,0.555555555556,0.0,0.0,0.0,undefined,0.0,18.1222391129
rv160413,linearsvc_C100.0,239738,0.90250568447,0.555555555556,0.0,0.0,0.0,undefined,0.0,17.8556320667
rv160413,linearsvc_C100.0,227752,0.857383788342,0.555555555556,0.0,0.0,0.0,undefined,0.0,16.0264811516
rv160413,linearsvc_C100.0,216365,0.814516857655,0.555555555556,0.0,0.0,0.0,undefined,0.0,15.2324299812
rv160413,linearsvc_C100.0,205547,0.77379195591,0.555555555556,0.0,0.0,0.0,undefined,0.0,14.6076829433
rv160413,linearsvc_C100.0,195270,0.735103675707,0.555555555556,0.0,0.0,0.0,undefined,0.0,14.3315711021
rv160413,linearsvc_C100.0,185507,0.698350374196,0.555555555556,0.0,0.0,0.0,undefined,0.0,13.1380770206
rv160413,linearsvc_C100.0,176232,0.663434173079,0.555555555556,0.0,0.0,0.0,undefined,0.0,12.5014619827
rv160413,linearsvc_C100.0,167421,0.630264723155,0.555555555556,0.0,0.0,0.0,undefined,0.0,11.813639164
rv160413,linearsvc_C100.0,159050,0.598751675225,0.555555555556,0.0,0.0,0.0,undefined,0.0,11.4349241257
rv160413,linearsvc_C100.0,151098,0.568815973738,0.5,0.0,0.0,0.0,undefined,0.0,10.4917452335
rv160413,linearsvc_C100.0,143544,0.540378563147,0.5,0.0,0.0,0.0,undefined,0.0,9.66428685188
rv160413,linearsvc_C100.0,136367,0.513360387899,0.5,0.0,0.0,0.0,undefined,0.0,9.10513496399
rv160413,linearsvc_C100.0,129549,0.487693686097,0.5,0.0,0.0,0.0,undefined,0.0,8.39893603325
rv160413,linearsvc_C100.0,123072,0.463310695839,0.5,0.0,0.0,0.0,undefined,0.0,7.68585205078
rv160413,linearsvc_C100.0,116919,0.440147419777,0.444444444444,0.0,0.0,0.0,undefined,0.0,7.15205287933
rv160413,linearsvc_C100.0,111074,0.418143625111,0.444444444444,0.0,0.0,0.0,undefined,0.0,6.79390692711
rv160413,linearsvc_C100.0,105521,0.39723907904,0.444444444444,0.0,0.0,0.0,undefined,0.0,6.36362695694
rv160413,linearsvc_C100.0,100245,0.377377313316,0.444444444444,0.0,0.0,0.0,undefined,0.0,6.08798193932
rv160413,linearsvc_C100.0,95233,0.358509388788,0.388888888889,0.0,0.0,0.0,undefined,0.0,5.86881804466
rv160413,linearsvc_C100.0,90472,0.340586366306,0.388888888889,0.0,0.0,0.0,undefined,0.0,5.55336809158
rv160413,linearsvc_C100.0,85949,0.32355930672,0.388888888889,0.0,0.0,0.0,undefined,0.0,5.14717292786
rv160413,linearsvc_C100.0,81652,0.307383035432,0.388888888889,0.0,0.0,0.0,undefined,0.0,4.7759950161
rv160413,linearsvc_C100.0,77570,0.29201614239,0.388888888889,0.0,0.0,0.0,undefined,0.0,4.5509159565
rv160413,linearsvc_C100.0,73692,0.277417217546,0.388888888889,0.0,0.0,0.0,undefined,0.0,4.35745096207
rv160413,linearsvc_C100.0,70008,0.263548615399,0.388888888889,0.0,0.0,0.0,undefined,0.0,3.97536587715
rv160413,linearsvc_C100.0,66508,0.250372690449,0.444444444444,0.0,0.0,0.0,undefined,0.0,3.73299717903
rv160413,linearsvc_C100.0,63183,0.237855561746,0.444444444444,0.0,0.0,0.0,undefined,0.0,3.42607092857
rv160413,linearsvc_C100.0,60024,0.225963348341,0.444444444444,0.0,0.0,0.0,undefined,0.0,3.23174905777
rv160413,linearsvc_C100.0,57023,0.214665933834,0.388888888889,0.0,0.0,0.0,undefined,0.0,3.06911706924
rv160413,linearsvc_C100.0,54172,0.203933201825,0.388888888889,0.0,0.0,0.0,undefined,0.0,2.96062803268
rv160413,linearsvc_C100.0,51464,0.193738800464,0.388888888889,0.0,0.0,0.0,undefined,0.0,2.83114385605
rv160413,linearsvc_C100.0,48891,0.184052613351,0.388888888889,0.0,0.0,0.0,undefined,0.0,2.62106180191
rv160413,linearsvc_C100.0,46447,0.174852053186,0.444444444444,0.0,0.0,0.0,undefined,0.0,2.46569895744
rv160413,linearsvc_C100.0,44125,0.166110768119,0.444444444444,0.0,0.0,0.0,undefined,0.0,2.44471597672
rv160413,linearsvc_C100.0,41919,0.15780617085,0.388888888889,0.0,0.0,0.0,undefined,0.0,2.31246399879
rv160413,linearsvc_C100.0,39824,0.14991943863,0.388888888889,0.0,0.0,0.0,undefined,0.0,2.15853881836
rv160413,linearsvc_C100.0,37833,0.142424219609,0.388888888889,0.0,0.0,0.0,undefined,0.0,2.2990000248
rv160413,linearsvc_C100.0,35942,0.135305455586,0.388888888889,0.0,0.0,0.0,undefined,0.0,1.99364495277
rv160413,linearsvc_C100.0,34145,0.128540559262,0.388888888889,0.0,0.0,0.0,undefined,0.0,1.88568305969
rv160413,linearsvc_C100.0,32438,0.122114472436,0.388888888889,0.0,0.0,0.0,undefined,0.0,1.73925280571
rv160413,linearsvc_C100.0,30817,0.116012136909,0.388888888889,0.0,0.0,0.0,undefined,0.0,1.57847094536
rv160413,linearsvc_C100.0,29277,0.110214729931,0.388888888889,0.0,0.0,0.0,undefined,0.0,1.56312894821
rv160413,linearsvc_C100.0,27814,0.104707193302,0.388888888889,0.0,0.0,0.0,undefined,0.0,1.49529600143
rv160413,linearsvc_C100.0,26424,0.099474468822,0.388888888889,0.0,0.0,0.0,undefined,0.0,1.4124250412
rv160413,linearsvc_C100.0,25103,0.0945014982909,0.388888888889,0.0,0.0,0.0,undefined,0.0,1.27135300636
rv160413,linearsvc_C100.0,23848,0.0897769880588,0.388888888889,0.0,0.0,0.0,undefined,0.0,1.18125391006
rv160413,linearsvc_C100.0,22656,0.0852896444759,0.388888888889,0.0,0.0,0.0,undefined,0.0,1.13619995117
rv160413,linearsvc_C100.0,21524,0.0810281738921,0.388888888889,0.0,0.0,0.0,undefined,0.0,1.06544017792
rv160413,linearsvc_C100.0,20448,0.0769775181075,0.388888888889,0.0,0.0,0.0,undefined,0.0,1.05428409576
rv160413,linearsvc_C100.0,19426,0.0731301480221,0.388888888889,0.0,0.0,0.0,undefined,0.0,1.00210189819
rv160413,linearsvc_C100.0,18455,0.069474769986,0.388888888889,0.0,0.0,0.0,undefined,0.0,0.909402132034
rv160413,linearsvc_C100.0,17533,0.0660038548992,0.388888888889,0.0,0.0,0.0,undefined,0.0,0.889435052872
rv160413,linearsvc_C100.0,16657,0.0627061091117,0.388888888889,0.0,0.0,0.0,undefined,0.0,0.863304138184
rv160413,linearsvc_C100.0,15825,0.0595740035236,0.388888888889,0.0,0.0,0.0,undefined,0.0,0.768990039825
rv160413,linearsvc_C100.0,15034,0.0565962444849,0.388888888889,0.0,0.0,0.0,undefined,0.0,0.730009078979
rv160413,linearsvc_C100.0,14283,0.0537690674457,0.444444444444,0.0,0.0,0.0,undefined,0.0,0.648082017899
rv160413,linearsvc_C100.0,13569,0.0510811787559,0.444444444444,0.0,0.0,0.0,undefined,0.0,0.659848213196
rv160413,linearsvc_C100.0,12891,0.0485288138656,0.444444444444,0.0,0.0,0.0,undefined,0.0,0.59373497963
rv160413,linearsvc_C100.0,12247,0.0461044436748,0.388888888889,0.0,0.0,0.0,undefined,0.0,0.522865056992
rv160413,linearsvc_C100.0,11635,0.0438005390836,0.388888888889,0.0,0.0,0.0,undefined,0.0,0.526293039322
rv160413,linearsvc_C100.0,11054,0.0416133355419,0.388888888889,0.0,0.0,0.0,undefined,0.0,0.483963012695
rv160413,linearsvc_C100.0,10502,0.0395353039498,0.388888888889,0.0,0.0,0.0,undefined,0.0,0.504259109497
rv160413,linearsvc_C100.0,9977,0.0375589152073,0.444444444444,0.0,0.0,0.0,undefined,0.0,0.408224105835
rv160413,linearsvc_C100.0,9479,0.0356841693144,0.444444444444,0.0,0.0,0.0,undefined,0.0,0.392255067825
rv160413,linearsvc_C100.0,9006,0.0339035371712,0.444444444444,0.0,0.0,0.0,undefined,0.0,0.371987819672
rv160413,linearsvc_C100.0,8556,0.0322094896776,0.444444444444,0.0,0.0,0.0,undefined,0.0,0.334940910339
rv160413,linearsvc_C100.0,8129,0.0306020268337,0.444444444444,0.0,0.0,0.0,undefined,0.0,0.330131053925
rv160413,linearsvc_C100.0,7723,0.0290736195395,0.444444444444,0.0,0.0,0.0,undefined,0.0,0.293849945068
rv160413,linearsvc_C100.0,7337,0.027620503245,0.444444444444,0.0,0.0,0.0,undefined,0.0,0.275780916214
rv160413,linearsvc_C100.0,6971,0.0262426779503,0.388888888889,0.0,0.0,0.0,undefined,0.0,0.259966850281
rv160413,linearsvc_C100.0,6623,0.0249326145553,0.388888888889,0.0,0.0,0.0,undefined,0.0,0.249315977097
rv160413,linearsvc_C100.0,6292,0.02368654851,0.388888888889,0.0,0.0,0.0,undefined,0.0,0.239192962646
rv160413,linearsvc_C100.0,5978,0.0225044798145,0.388888888889,0.0,0.0,0.0,undefined,0.0,0.221915960312
rv160413,linearsvc_C100.0,5680,0.0213826439187,0.388888888889,0.0,0.0,0.0,undefined,0.0,0.220896959305
rv160413,linearsvc_C100.0,5396,0.0203135117228,0.444444444444,0.0,0.0,0.0,undefined,0.0,0.197408914566
rv160413,linearsvc_C100.0,5127,0.0193008477767,0.444444444444,0.0,0.0,0.0,undefined,0.0,0.195427894592
rv160413,linearsvc_C100.0,4871,0.0183371229803,0.388888888889,0.0,0.0,0.0,undefined,0.0,0.193053007126
rv160413,linearsvc_C100.0,4628,0.0174223373338,0.388888888889,0.0,0.0,0.0,undefined,0.0,0.172945022583
rv160413,linearsvc_C100.0,4397,0.0165527262871,0.444444444444,0.0,0.0,0.0,undefined,0.0,0.190097093582
rv160413,linearsvc_C100.0,4178,0.0157282898402,0.388888888889,0.0,0.0,0.0,undefined,0.0,0.148818969727
rv160413,linearsvc_C100.0,3970,0.0149452634432,0.388888888889,0.0,0.0,0.0,undefined,0.0,0.164245128632
rv160413,linearsvc_C100.0,3772,0.014199882546,0.333333333333,0.0,0.0,0.0,undefined,0.0,0.142837047577
rv160413,linearsvc_C100.0,3584,0.0134921471487,0.333333333333,0.0,0.0,0.0,undefined,0.0,0.137912988663
rv160413,linearsvc_C100.0,3405,0.0128182927013,0.388888888889,0.0,0.0,0.0,undefined,0.0,0.124943971634
rv160413,linearsvc_C100.0,3235,0.0121783192037,0.388888888889,0.0,0.0,0.0,undefined,0.0,0.147881984711
rv160413,linearsvc_C100.0,3074,0.011572226656,0.388888888889,0.0,0.0,0.0,undefined,0.0,0.141911029816
rv160413,linearsvc_C100.0,2921,0.0109962505082,0.388888888889,0.0,0.0,0.0,undefined,0.0,0.118549108505
rv160413,linearsvc_C100.0,2775,0.0104466262103,0.388888888889,0.0,0.0,0.0,undefined,0.0,0.116410017014
rv160413,linearsvc_C100.0,2637,0.00992711831228,0.388888888889,0.0,0.0,0.0,undefined,0.0,0.10810303688
rv160413,linearsvc_C100.0,2506,0.00943396226415,0.333333333333,0.0,0.0,0.0,undefined,0.0,0.107533931732
rv160413,linearsvc_C100.0,2381,0.00896339351594,0.333333333333,0.0,0.0,0.0,undefined,0.0,0.100746870041
rv160413,linearsvc_C100.0,2262,0.00851541206764,0.333333333333,0.0,0.0,0.0,undefined,0.0,0.101202011108
rv160413,linearsvc_C100.0,2149,0.00809001791926,0.333333333333,0.0,0.0,0.0,undefined,0.0,0.11399102211
rv160413,linearsvc_C100.0,2042,0.00768721107079,0.333333333333,0.0,0.0,0.0,undefined,0.0,0.0966601371765
rv160413,linearsvc_C100.0,1940,0.00730322697225,0.333333333333,0.0,0.0,0.0,undefined,0.0,0.0910041332245
rv160413,linearsvc_C100.0,1843,0.00693806562364,0.333333333333,0.0,0.0,0.0,undefined,0.0,0.119286060333
rv160413,linearsvc_C100.0,1751,0.00659172702495,0.333333333333,0.0,0.0,0.0,undefined,0.0,0.120554924011
rv160413,linearsvc_C100.0,1664,0.0062642111762,0.333333333333,0.0,0.0,0.0,undefined,0.0,0.114525079727
rv160413,linearsvc_C100.0,1581,0.00595175352738,0.333333333333,0.0,0.0,0.0,undefined,0.0,0.104930877686
rv160413,linearsvc_C100.0,1502,0.00565435407851,0.333333333333,0.0,0.0,0.0,undefined,0.0,0.103636026382
rv160413,linearsvc_C100.0,1427,0.00537201282959,0.333333333333,0.0,0.0,0.0,undefined,0.0,0.105188846588
rv160413,linearsvc_C100.0,1356,0.0051047297806,0.333333333333,0.0,0.0,0.0,undefined,0.0,0.104506969452
rv160413,linearsvc_C1000.0,265636,1.0,0.444444444444,0.0,0.0,0.0,undefined,0.0,18.2335050106
rv160413,linearsvc_C1000.0,252355,0.95000301164,0.444444444444,0.0,0.0,0.0,undefined,0.0,16.9552559853
rv160413,linearsvc_C1000.0,239738,0.90250568447,0.444444444444,0.0,0.0,0.0,undefined,0.0,15.5038387775
rv160413,linearsvc_C1000.0,227752,0.857383788342,0.444444444444,0.0,0.0,0.0,undefined,0.0,14.9920330048
rv160413,linearsvc_C1000.0,216365,0.814516857655,0.444444444444,0.0,0.0,0.0,undefined,0.0,14.4021170139
rv160413,linearsvc_C1000.0,205547,0.77379195591,0.444444444444,0.0,0.0,0.0,undefined,0.0,13.1088187695
rv160413,linearsvc_C1000.0,195270,0.735103675707,0.444444444444,0.0,0.0,0.0,undefined,0.0,12.4289631844
rv160413,linearsvc_C1000.0,185507,0.698350374196,0.444444444444,0.0,0.0,0.0,undefined,0.0,11.3671560287
rv160413,linearsvc_C1000.0,176232,0.663434173079,0.444444444444,0.0,0.0,0.0,undefined,0.0,11.1125180721
rv160413,linearsvc_C1000.0,167421,0.630264723155,0.444444444444,0.0,0.0,0.0,undefined,0.0,10.4164690971
rv160413,linearsvc_C1000.0,159050,0.598751675225,0.444444444444,0.0,0.0,0.0,undefined,0.0,10.1144769192
rv160413,linearsvc_C1000.0,151098,0.568815973738,0.444444444444,0.0,0.0,0.0,undefined,0.0,8.89541602135
rv160413,linearsvc_C1000.0,143544,0.540378563147,0.444444444444,0.0,0.0,0.0,undefined,0.0,8.63196992874
rv160413,linearsvc_C1000.0,136367,0.513360387899,0.444444444444,0.0,0.0,0.0,undefined,0.0,8.16546702385
rv160413,linearsvc_C1000.0,129549,0.487693686097,0.444444444444,0.0,0.0,0.0,undefined,0.0,7.61606311798
rv160413,linearsvc_C1000.0,123072,0.463310695839,0.444444444444,0.0,0.0,0.0,undefined,0.0,7.34074306488
rv160413,linearsvc_C1000.0,116919,0.440147419777,0.444444444444,0.0,0.0,0.0,undefined,0.0,6.87726712227
rv160413,linearsvc_C1000.0,111074,0.418143625111,0.444444444444,0.0,0.0,0.0,undefined,0.0,6.41327500343
rv160413,linearsvc_C1000.0,105521,0.39723907904,0.444444444444,0.0,0.0,0.0,undefined,0.0,6.07767820358
rv160413,linearsvc_C1000.0,100245,0.377377313316,0.444444444444,0.0,0.0,0.0,undefined,0.0,5.65705895424
rv160413,linearsvc_C1000.0,95233,0.358509388788,0.444444444444,0.0,0.0,0.0,undefined,0.0,5.38158416748
rv160413,linearsvc_C1000.0,90472,0.340586366306,0.444444444444,0.0,0.0,0.0,undefined,0.0,4.98830890656
rv160413,linearsvc_C1000.0,85949,0.32355930672,0.444444444444,0.0,0.0,0.0,undefined,0.0,4.92648005486
rv160413,linearsvc_C1000.0,81652,0.307383035432,0.444444444444,0.0,0.0,0.0,undefined,0.0,4.48770999908
rv160413,linearsvc_C1000.0,77570,0.29201614239,0.388888888889,0.0,0.0,0.0,undefined,0.0,4.15848398209
rv160413,linearsvc_C1000.0,73692,0.277417217546,0.388888888889,0.0,0.0,0.0,undefined,0.0,4.03797006607
rv160413,linearsvc_C1000.0,70008,0.263548615399,0.388888888889,0.0,0.0,0.0,undefined,0.0,3.62005400658
rv160413,linearsvc_C1000.0,66508,0.250372690449,0.388888888889,0.0,0.0,0.0,undefined,0.0,3.63971805573
rv160413,linearsvc_C1000.0,63183,0.237855561746,0.388888888889,0.0,0.0,0.0,undefined,0.0,3.22657012939
rv160413,linearsvc_C1000.0,60024,0.225963348341,0.388888888889,0.0,0.0,0.0,undefined,0.0,3.16846108437
rv160413,linearsvc_C1000.0,57023,0.214665933834,0.388888888889,0.0,0.0,0.0,undefined,0.0,3.009953022
rv160413,linearsvc_C1000.0,54172,0.203933201825,0.388888888889,0.0,0.0,0.0,undefined,0.0,2.89483880997
rv160413,linearsvc_C1000.0,51464,0.193738800464,0.388888888889,0.0,0.0,0.0,undefined,0.0,2.75732493401
rv160413,linearsvc_C1000.0,48891,0.184052613351,0.388888888889,0.0,0.0,0.0,undefined,0.0,2.50141096115
rv160413,linearsvc_C1000.0,46447,0.174852053186,0.388888888889,0.0,0.0,0.0,undefined,0.0,2.52353906631
rv160413,linearsvc_C1000.0,44125,0.166110768119,0.388888888889,0.0,0.0,0.0,undefined,0.0,2.24703598022
rv160413,linearsvc_C1000.0,41919,0.15780617085,0.388888888889,0.0,0.0,0.0,undefined,0.0,2.13573503494
rv160413,linearsvc_C1000.0,39824,0.14991943863,0.388888888889,0.0,0.0,0.0,undefined,0.0,2.01408100128
rv160413,linearsvc_C1000.0,37833,0.142424219609,0.388888888889,0.0,0.0,0.0,undefined,0.0,1.961165905
rv160413,linearsvc_C1000.0,35942,0.135305455586,0.333333333333,0.0,0.0,0.0,undefined,0.0,1.86531686783
rv160413,linearsvc_C1000.0,34145,0.128540559262,0.388888888889,0.0,0.0,0.0,undefined,0.0,1.71180987358
rv160413,linearsvc_C1000.0,32438,0.122114472436,0.444444444444,0.0,0.0,0.0,undefined,0.0,1.60790991783
rv160413,linearsvc_C1000.0,30817,0.116012136909,0.388888888889,0.0,0.0,0.0,undefined,0.0,1.57694602013
rv160413,linearsvc_C1000.0,29277,0.110214729931,0.388888888889,0.0,0.0,0.0,undefined,0.0,1.40565991402
rv160413,linearsvc_C1000.0,27814,0.104707193302,0.388888888889,0.0,0.0,0.0,undefined,0.0,1.36007499695
rv160413,linearsvc_C1000.0,26424,0.099474468822,0.388888888889,0.0,0.0,0.0,undefined,0.0,1.35726284981
rv160413,linearsvc_C1000.0,25103,0.0945014982909,0.388888888889,0.0,0.0,0.0,undefined,0.0,1.25642800331
rv160413,linearsvc_C1000.0,23848,0.0897769880588,0.333333333333,0.0,0.0,0.0,undefined,0.0,1.21937990189
rv160413,linearsvc_C1000.0,22656,0.0852896444759,0.333333333333,0.0,0.0,0.0,undefined,0.0,1.14135789871
rv160413,linearsvc_C1000.0,21524,0.0810281738921,0.333333333333,0.0,0.0,0.0,undefined,0.0,1.02669882774
rv160413,linearsvc_C1000.0,20448,0.0769775181075,0.333333333333,0.0,0.0,0.0,undefined,0.0,1.02488398552
rv160413,linearsvc_C1000.0,19426,0.0731301480221,0.333333333333,0.0,0.0,0.0,undefined,0.0,0.889965057373
rv160413,linearsvc_C1000.0,18455,0.069474769986,0.333333333333,0.0,0.0,0.0,undefined,0.0,0.889289855957
rv160413,linearsvc_C1000.0,17533,0.0660038548992,0.333333333333,0.0,0.0,0.0,undefined,0.0,0.879876852036
rv160413,linearsvc_C1000.0,16657,0.0627061091117,0.333333333333,0.0,0.0,0.0,undefined,0.0,0.76670217514
rv160413,linearsvc_C1000.0,15825,0.0595740035236,0.333333333333,0.0,0.0,0.0,undefined,0.0,0.735217809677
rv160413,linearsvc_C1000.0,15034,0.0565962444849,0.388888888889,0.0,0.0,0.0,undefined,0.0,0.709083795547
rv160413,linearsvc_C1000.0,14283,0.0537690674457,0.388888888889,0.0,0.0,0.0,undefined,0.0,0.668789863586
rv160413,linearsvc_C1000.0,13569,0.0510811787559,0.333333333333,0.0,0.0,0.0,undefined,0.0,0.576292991638
rv160413,linearsvc_C1000.0,12891,0.0485288138656,0.388888888889,0.0,0.0,0.0,undefined,0.0,0.591487884521
rv160413,linearsvc_C1000.0,12247,0.0461044436748,0.388888888889,0.0,0.0,0.0,undefined,0.0,0.549720048904
rv160413,linearsvc_C1000.0,11635,0.0438005390836,0.388888888889,0.0,0.0,0.0,undefined,0.0,0.509964942932
rv160413,linearsvc_C1000.0,11054,0.0416133355419,0.388888888889,0.0,0.0,0.0,undefined,0.0,0.461400985718
rv160413,linearsvc_C1000.0,10502,0.0395353039498,0.333333333333,0.0,0.0,0.0,undefined,0.0,0.42769908905
rv160413,linearsvc_C1000.0,9977,0.0375589152073,0.388888888889,0.0,0.0,0.0,undefined,0.0,0.437256097794
rv160413,linearsvc_C1000.0,9479,0.0356841693144,0.388888888889,0.0,0.0,0.0,undefined,0.0,0.420828104019
rv160413,linearsvc_C1000.0,9006,0.0339035371712,0.388888888889,0.0,0.0,0.0,undefined,0.0,0.351357936859
rv160413,linearsvc_C1000.0,8556,0.0322094896776,0.388888888889,0.0,0.0,0.0,undefined,0.0,0.311037063599
rv160413,linearsvc_C1000.0,8129,0.0306020268337,0.333333333333,0.0,0.0,0.0,undefined,0.0,0.322866916656
rv160413,linearsvc_C1000.0,7723,0.0290736195395,0.333333333333,0.0,0.0,0.0,undefined,0.0,0.298588037491
rv160413,linearsvc_C1000.0,7337,0.027620503245,0.333333333333,0.0,0.0,0.0,undefined,0.0,0.332690954208
rv160413,linearsvc_C1000.0,6971,0.0262426779503,0.333333333333,0.0,0.0,0.0,undefined,0.0,0.261594057083
rv160413,linearsvc_C1000.0,6623,0.0249326145553,0.333333333333,0.0,0.0,0.0,undefined,0.0,0.27038192749
rv160413,linearsvc_C1000.0,6292,0.02368654851,0.333333333333,0.0,0.0,0.0,undefined,0.0,0.24031996727
rv160413,linearsvc_C1000.0,5978,0.0225044798145,0.388888888889,0.0,0.0,0.0,undefined,0.0,0.221751928329
rv160413,linearsvc_C1000.0,5680,0.0213826439187,0.333333333333,0.0,0.0,0.0,undefined,0.0,0.229279994965
rv160413,linearsvc_C1000.0,5396,0.0203135117228,0.333333333333,0.0,0.0,0.0,undefined,0.0,0.209207057953
rv160413,linearsvc_C1000.0,5127,0.0193008477767,0.333333333333,0.0,0.0,0.0,undefined,0.0,0.232572793961
rv160413,linearsvc_C1000.0,4871,0.0183371229803,0.333333333333,0.0,0.0,0.0,undefined,0.0,0.197825908661
rv160413,linearsvc_C1000.0,4628,0.0174223373338,0.333333333333,0.0,0.0,0.0,undefined,0.0,0.2136490345
rv160413,linearsvc_C1000.0,4397,0.0165527262871,0.333333333333,0.0,0.0,0.0,undefined,0.0,0.16867685318
rv160413,linearsvc_C1000.0,4178,0.0157282898402,0.333333333333,0.0,0.0,0.0,undefined,0.0,0.15967798233
rv160413,linearsvc_C1000.0,3970,0.0149452634432,0.333333333333,0.0,0.0,0.0,undefined,0.0,0.168000936508
rv160413,linearsvc_C1000.0,3772,0.014199882546,0.388888888889,0.0,0.0,0.0,undefined,0.0,0.148797035217
rv160413,linearsvc_C1000.0,3584,0.0134921471487,0.388888888889,0.0,0.0,0.0,undefined,0.0,0.120424032211
rv160413,linearsvc_C1000.0,3405,0.0128182927013,0.333333333333,0.0,0.0,0.0,undefined,0.0,0.137385845184
rv160413,linearsvc_C1000.0,3235,0.0121783192037,0.333333333333,0.0,0.0,0.0,undefined,0.0,0.130230903625
rv160413,linearsvc_C1000.0,3074,0.011572226656,0.333333333333,0.0,0.0,0.0,undefined,0.0,0.137712001801
rv160413,linearsvc_C1000.0,2921,0.0109962505082,0.388888888889,0.0,0.0,0.0,undefined,0.0,0.122946023941
rv160413,linearsvc_C1000.0,2775,0.0104466262103,0.388888888889,0.0,0.0,0.0,undefined,0.0,0.115530014038
rv160413,linearsvc_C1000.0,2637,0.00992711831228,0.388888888889,0.0,0.0,0.0,undefined,0.0,0.138670921326
rv160413,linearsvc_C1000.0,2506,0.00943396226415,0.444444444444,0.0,0.0,0.0,undefined,0.0,0.132876157761
rv160413,linearsvc_C1000.0,2381,0.00896339351594,0.444444444444,0.0,0.0,0.0,undefined,0.0,0.10763502121
rv160413,linearsvc_C1000.0,2262,0.00851541206764,0.444444444444,0.0,0.0,0.0,undefined,0.0,0.100785017014
rv160413,linearsvc_C1000.0,2149,0.00809001791926,0.388888888889,0.0,0.0,0.0,undefined,0.0,0.0921199321747
rv160413,linearsvc_C1000.0,2042,0.00768721107079,0.388888888889,0.0,0.0,0.0,undefined,0.0,0.124951124191
rv160413,linearsvc_C1000.0,1940,0.00730322697225,0.388888888889,0.0,0.0,0.0,undefined,0.0,0.121500968933
rv160413,linearsvc_C1000.0,1843,0.00693806562364,0.388888888889,0.0,0.0,0.0,undefined,0.0,0.118995189667
rv160413,linearsvc_C1000.0,1751,0.00659172702495,0.388888888889,0.0,0.0,0.0,undefined,0.0,0.0966138839722
rv160413,linearsvc_C1000.0,1664,0.0062642111762,0.388888888889,0.0,0.0,0.0,undefined,0.0,0.112972974777
rv160413,linearsvc_C1000.0,1581,0.00595175352738,0.388888888889,0.0,0.0,0.0,undefined,0.0,0.112275838852
rv160413,linearsvc_C1000.0,1502,0.00565435407851,0.388888888889,0.0,0.0,0.0,undefined,0.0,0.104016065598
rv160413,linearsvc_C1000.0,1427,0.00537201282959,0.388888888889,0.0,0.0,0.0,undefined,0.0,0.105094909668
rv160413,linearsvc_C1000.0,1356,0.0051047297806,0.388888888889,0.0,0.0,0.0,undefined,0.0,0.105352163315
rv160413,elasticnetiter1000_l1ratio0.15,265636,1.0,0.277777777778,0.0,0.0,0.0,undefined,0.0,1004.66823697
rv160413,elasticnetiter1000_l1ratio0.15,252355,0.95000301164,0.277777777778,0.0,0.0,0.0,undefined,0.0,965.854345083
rv160413,elasticnetiter1000_l1ratio0.15,239738,0.90250568447,0.333333333333,0.0,0.0,0.0,undefined,0.0,929.592523098
rv160413,elasticnetiter1000_l1ratio0.15,227752,0.857383788342,0.222222222222,0.0,0.0,0.0,undefined,0.0,888.036848068
rv160413,elasticnetiter1000_l1ratio0.15,216365,0.814516857655,0.388888888889,0.0,0.0,0.0,undefined,0.0,854.754044056
rv160413,elasticnetiter1000_l1ratio0.15,205547,0.77379195591,0.444444444444,0.0,0.0,0.0,undefined,0.0,814.674102068
rv160413,elasticnetiter1000_l1ratio0.15,195270,0.735103675707,0.333333333333,0.0,0.0,0.0,undefined,0.0,775.091327906
rv160413,elasticnetiter1000_l1ratio0.15,185507,0.698350374196,0.388888888889,0.0,0.0,0.0,undefined,0.0,747.498862028
rv160413,elasticnetiter1000_l1ratio0.15,176232,0.663434173079,0.5,0.0,0.0,0.0,undefined,0.0,711.578598022
rv160413,elasticnetiter1000_l1ratio0.15,167421,0.630264723155,0.388888888889,0.0,0.0,0.0,undefined,0.0,684.738264084
rv160413,elasticnetiter1000_l1ratio0.15,159050,0.598751675225,0.388888888889,0.0,0.0,0.0,undefined,0.0,656.72240591
rv160413,elasticnetiter1000_l1ratio0.15,151098,0.568815973738,0.444444444444,0.0,0.0,0.0,undefined,0.0,622.241696835
rv160413,elasticnetiter1000_l1ratio0.15,143544,0.540378563147,0.555555555556,0.0,0.0,0.0,undefined,0.0,587.510363102
rv160413,elasticnetiter1000_l1ratio0.15,136367,0.513360387899,0.444444444444,0.0,0.0,0.0,undefined,0.0,568.432674885
rv160413,elasticnetiter1000_l1ratio0.15,129549,0.487693686097,0.388888888889,0.0,0.0,0.0,undefined,0.0,546.690701962
rv160413,elasticnetiter1000_l1ratio0.15,123072,0.463310695839,0.388888888889,0.0,0.0,0.0,undefined,0.0,517.310885191
rv160413,elasticnetiter1000_l1ratio0.15,116919,0.440147419777,0.333333333333,0.0,0.0,0.0,undefined,0.0,494.166602135
rv160413,elasticnetiter1000_l1ratio0.15,111074,0.418143625111,0.388888888889,0.0,0.0,0.0,undefined,0.0,483.892603159
rv160413,elasticnetiter1000_l1ratio0.15,105521,0.39723907904,0.166666666667,0.0,0.0,0.0,undefined,0.0,465.887997866
rv160413,elasticnetiter1000_l1ratio0.15,100245,0.377377313316,0.222222222222,0.0,0.0,0.0,undefined,0.0,440.486500025
rv160413,elasticnetiter1000_l1ratio0.15,95233,0.358509388788,0.222222222222,0.0,0.0,0.0,undefined,0.0,406.599240065
rv160413,elasticnetiter1000_l1ratio0.15,90472,0.340586366306,0.166666666667,0.0,0.0,0.0,undefined,0.0,388.467623949
rv160413,elasticnetiter1000_l1ratio0.15,85949,0.32355930672,0.166666666667,0.0,0.0,0.0,undefined,0.0,382.669759989
rv160413,elasticnetiter1000_l1ratio0.15,81652,0.307383035432,0.111111111111,0.0,0.0,0.0,undefined,0.0,358.471053123
rv160413,elasticnetiter1000_l1ratio0.15,77570,0.29201614239,0.277777777778,0.0,0.0,0.0,undefined,0.0,335.497973204
rv160413,elasticnetiter1000_l1ratio0.15,73692,0.277417217546,0.166666666667,0.0,0.0,0.0,undefined,0.0,331.356050968
rv160413,elasticnetiter1000_l1ratio0.15,70008,0.263548615399,0.0,0.0,0.0,0.0,undefined,0.0,317.690951109
rv160413,elasticnetiter1000_l1ratio0.15,66508,0.250372690449,0.277777777778,0.0,0.0,0.0,undefined,0.0,308.544668913
rv160413,elasticnetiter1000_l1ratio0.15,63183,0.237855561746,0.0555555555556,0.0,0.0,0.0,undefined,0.0,297.972950935
rv160413,elasticnetiter1000_l1ratio0.15,60024,0.225963348341,0.166666666667,0.0,0.0,0.0,undefined,0.0,284.936110973
rv160413,elasticnetiter1000_l1ratio0.15,57023,0.214665933834,0.166666666667,0.0,0.0,0.0,undefined,0.0,260.549829006
rv160413,elasticnetiter1000_l1ratio0.15,54172,0.203933201825,0.111111111111,0.0,0.0,0.0,undefined,0.0,263.928646088
rv160413,elasticnetiter1000_l1ratio0.15,51464,0.193738800464,0.166666666667,0.0,0.0,0.0,undefined,0.0,268.845206022
rv160413,elasticnetiter1000_l1ratio0.15,48891,0.184052613351,0.222222222222,0.0,0.0,0.0,undefined,0.0,241.423137188
rv160413,elasticnetiter1000_l1ratio0.15,46447,0.174852053186,0.0,0.0,0.0,0.0,undefined,0.0,228.89591217
rv160413,elasticnetiter1000_l1ratio0.15,44125,0.166110768119,0.222222222222,0.0,0.0,0.0,undefined,0.0,211.251436949
rv160413,elasticnetiter1000_l1ratio0.15,41919,0.15780617085,0.166666666667,0.0,0.0,0.0,undefined,0.0,187.705034018
rv160413,elasticnetiter1000_l1ratio0.15,39824,0.14991943863,0.111111111111,0.0,0.0,0.0,undefined,0.0,190.09819293
rv160413,elasticnetiter1000_l1ratio0.15,37833,0.142424219609,0.0,0.0,0.0,0.0,undefined,0.0,175.96795702
rv160413,elasticnetiter1000_l1ratio0.15,35942,0.135305455586,0.0,0.0,0.0,0.0,undefined,0.0,183.874922037
rv160413,elasticnetiter1000_l1ratio0.15,34145,0.128540559262,0.0,0.0,0.0,0.0,undefined,0.0,161.551582098
rv160413,elasticnetiter1000_l1ratio0.15,32438,0.122114472436,0.0,0.0,0.0,0.0,undefined,0.0,161.429728031
rv160413,elasticnetiter1000_l1ratio0.15,30817,0.116012136909,0.0,0.0,0.0,0.0,undefined,0.0,150.051545858
rv160413,elasticnetiter1000_l1ratio0.15,29277,0.110214729931,0.0,0.0,0.0,0.0,undefined,0.0,150.957909107
rv160413,elasticnetiter1000_l1ratio0.15,27814,0.104707193302,0.111111111111,0.0,0.0,0.0,undefined,0.0,141.867689133
rv160413,elasticnetiter1000_l1ratio0.15,26424,0.099474468822,0.0,0.0,0.0,0.0,undefined,0.0,135.38596797
rv160413,elasticnetiter1000_l1ratio0.15,25103,0.0945014982909,0.277777777778,0.0,0.0,0.0,undefined,0.0,131.269599915
rv160413,elasticnetiter1000_l1ratio0.15,23848,0.0897769880588,0.0,0.0,0.0,0.0,undefined,0.0,124.065827847
rv160413,elasticnetiter1000_l1ratio0.15,22656,0.0852896444759,0.0,0.0,0.0,0.0,undefined,0.0,115.745876074
rv160413,elasticnetiter1000_l1ratio0.15,21524,0.0810281738921,0.0,0.0,0.0,0.0,undefined,0.0,112.087872028
rv160413,elasticnetiter1000_l1ratio0.15,20448,0.0769775181075,0.0,0.0,0.0,0.0,undefined,0.0,101.935495853
rv160413,elasticnetiter1000_l1ratio0.15,19426,0.0731301480221,0.0555555555556,0.0,0.0,0.0,undefined,0.0,99.397796154
rv160413,elasticnetiter1000_l1ratio0.15,18455,0.069474769986,0.0,0.0,0.0,0.0,undefined,0.0,91.8709840775
rv160413,elasticnetiter1000_l1ratio0.15,17533,0.0660038548992,0.0,0.0,0.0,0.0,undefined,0.0,89.3561701775
rv160413,elasticnetiter1000_l1ratio0.15,16657,0.0627061091117,0.0,0.0,0.0,0.0,undefined,0.0,86.8475489616
rv160413,elasticnetiter1000_l1ratio0.15,15825,0.0595740035236,0.0,0.0,0.0,0.0,undefined,0.0,79.5713980198
rv160413,elasticnetiter1000_l1ratio0.15,15034,0.0565962444849,0.0,0.0,0.0,0.0,undefined,0.0,77.0083739758
rv160413,elasticnetiter1000_l1ratio0.15,14283,0.0537690674457,0.0,0.0,0.0,0.0,undefined,0.0,73.0056130886
rv160413,elasticnetiter1000_l1ratio0.15,13569,0.0510811787559,0.0,0.0,0.0,0.0,undefined,0.0,71.1731498241
rv160413,elasticnetiter1000_l1ratio0.15,12891,0.0485288138656,0.0,0.0,0.0,0.0,undefined,0.0,66.5973899364
rv160413,elasticnetiter1000_l1ratio0.15,12247,0.0461044436748,0.0,0.0,0.0,0.0,undefined,0.0,62.924934864
rv160413,elasticnetiter1000_l1ratio0.15,11635,0.0438005390836,0.0,0.0,0.0,0.0,undefined,0.0,61.0895829201
rv160413,elasticnetiter1000_l1ratio0.15,11054,0.0416133355419,0.0,0.0,0.0,0.0,undefined,0.0,56.5611741543
rv160413,elasticnetiter1000_l1ratio0.15,10502,0.0395353039498,0.0,0.0,0.0,0.0,undefined,0.0,52.4340341091
rv160413,elasticnetiter1000_l1ratio0.15,9977,0.0375589152073,0.0,0.0,0.0,0.0,undefined,0.0,50.4009230137
rv160413,elasticnetiter1000_l1ratio0.15,9479,0.0356841693144,0.0,0.0,0.0,0.0,undefined,0.0,48.9421138763
rv160413,elasticnetiter1000_l1ratio0.15,9006,0.0339035371712,0.0,0.0,0.0,0.0,undefined,0.0,46.051940918
rv160413,elasticnetiter1000_l1ratio0.15,8556,0.0322094896776,0.0,0.0,0.0,0.0,undefined,0.0,46.835340023
rv160413,elasticnetiter1000_l1ratio0.15,8129,0.0306020268337,0.0,0.0,0.0,0.0,undefined,0.0,41.0982449055
rv160413,elasticnetiter1000_l1ratio0.15,7723,0.0290736195395,0.0,0.0,0.0,0.0,undefined,0.0,39.5220820904
rv160413,elasticnetiter1000_l1ratio0.15,7337,0.027620503245,0.0,0.0,0.0,0.0,undefined,0.0,36.5057442188
rv160413,elasticnetiter1000_l1ratio0.15,6971,0.0262426779503,0.0,0.0,0.0,0.0,undefined,0.0,33.4343709946
rv160413,elasticnetiter1000_l1ratio0.15,6623,0.0249326145553,0.0,0.0,0.0,0.0,undefined,0.0,32.9413440228
rv160413,elasticnetiter1000_l1ratio0.15,6292,0.02368654851,0.0,0.0,0.0,0.0,undefined,0.0,29.8619019985
rv160413,elasticnetiter1000_l1ratio0.15,5978,0.0225044798145,0.0,0.0,0.0,0.0,undefined,0.0,28.7703459263
rv160413,elasticnetiter1000_l1ratio0.15,5680,0.0213826439187,0.0,0.0,0.0,0.0,undefined,0.0,27.0229349136
rv160413,elasticnetiter1000_l1ratio0.15,5396,0.0203135117228,0.0,0.0,0.0,0.0,undefined,0.0,25.9224619865
rv160413,elasticnetiter1000_l1ratio0.15,5127,0.0193008477767,0.0,0.0,0.0,0.0,undefined,0.0,25.1733179092
rv160413,elasticnetiter1000_l1ratio0.15,4871,0.0183371229803,0.0,0.0,0.0,0.0,undefined,0.0,24.0857858658
rv160413,elasticnetiter1000_l1ratio0.15,4628,0.0174223373338,0.0,0.0,0.0,0.0,undefined,0.0,22.287648201
rv160413,elasticnetiter1000_l1ratio0.15,4397,0.0165527262871,0.0,0.0,0.0,0.0,undefined,0.0,21.9495069981
rv160413,elasticnetiter1000_l1ratio0.15,4178,0.0157282898402,0.0,0.0,0.0,0.0,undefined,0.0,19.3074498177
rv160413,elasticnetiter1000_l1ratio0.15,3970,0.0149452634432,0.0,0.0,0.0,0.0,undefined,0.0,18.5915858746
rv160413,elasticnetiter1000_l1ratio0.15,3772,0.014199882546,0.0,0.0,0.0,0.0,undefined,0.0,18.8902740479
rv160413,elasticnetiter1000_l1ratio0.15,3584,0.0134921471487,0.0,0.0,0.0,0.0,undefined,0.0,15.9959199429
rv160413,elasticnetiter1000_l1ratio0.15,3405,0.0128182927013,0.0,0.0,0.0,0.0,undefined,0.0,17.0918400288
rv160413,elasticnetiter1000_l1ratio0.15,3235,0.0121783192037,0.0,0.0,0.0,0.0,undefined,0.0,14.7938199043
rv160413,elasticnetiter1000_l1ratio0.15,3074,0.011572226656,0.0,0.0,0.0,0.0,undefined,0.0,14.2655568123
rv160413,elasticnetiter1000_l1ratio0.15,2921,0.0109962505082,0.0,0.0,0.0,0.0,undefined,0.0,13.4530029297
rv160413,elasticnetiter1000_l1ratio0.15,2775,0.0104466262103,0.0,0.0,0.0,0.0,undefined,0.0,12.4965569973
rv160413,elasticnetiter1000_l1ratio0.15,2637,0.00992711831228,0.0,0.0,0.0,0.0,undefined,0.0,12.1212360859
rv160413,elasticnetiter1000_l1ratio0.15,2506,0.00943396226415,0.0,0.0,0.0,0.0,undefined,0.0,11.301872015
rv160413,elasticnetiter1000_l1ratio0.15,2381,0.00896339351594,0.0,0.0,0.0,0.0,undefined,0.0,10.6242580414
rv160413,elasticnetiter1000_l1ratio0.15,2262,0.00851541206764,0.0,0.0,0.0,0.0,undefined,0.0,9.94557619095
rv160413,elasticnetiter1000_l1ratio0.15,2149,0.00809001791926,0.0,0.0,0.0,0.0,undefined,0.0,9.61528897285
rv160413,elasticnetiter1000_l1ratio0.15,2042,0.00768721107079,0.0,0.0,0.0,0.0,undefined,0.0,8.68352484703
rv160413,elasticnetiter1000_l1ratio0.15,1940,0.00730322697225,0.0,0.0,0.0,0.0,undefined,0.0,8.43066191673
rv160413,elasticnetiter1000_l1ratio0.15,1843,0.00693806562364,0.0,0.0,0.0,0.0,undefined,0.0,7.61062598228
rv160413,elasticnetiter1000_l1ratio0.15,1751,0.00659172702495,0.0,0.0,0.0,0.0,undefined,0.0,7.25903081894
rv160413,elasticnetiter1000_l1ratio0.15,1664,0.0062642111762,0.0,0.0,0.0,0.0,undefined,0.0,6.9999089241
rv160413,elasticnetiter1000_l1ratio0.15,1581,0.00595175352738,0.0,0.0,0.0,0.0,undefined,0.0,6.62128400803
rv160413,elasticnetiter1000_l1ratio0.15,1502,0.00565435407851,0.0,0.0,0.0,0.0,undefined,0.0,6.15980505943
rv160413,elasticnetiter1000_l1ratio0.15,1427,0.00537201282959,0.0,0.0,0.0,0.0,undefined,0.0,5.72376799583
rv160413,elasticnetiter1000_l1ratio0.15,1356,0.0051047297806,0.0,0.0,0.0,0.0,undefined,0.0,5.25225090981
