se161021,linearsvc_C0.0001,265636,1.0,0.944444444444,0.0,0.0,0.0,undefined,0.0,129.162566185
se161021,linearsvc_C0.0001,252355,0.95000301164,0.944444444444,0.0,0.0,0.0,undefined,0.0,102.186383009
se161021,linearsvc_C0.0001,239738,0.90250568447,0.944444444444,0.0,0.0,0.0,undefined,0.0,94.3734359741
se161021,linearsvc_C0.0001,227752,0.857383788342,0.944444444444,0.0,0.0,0.0,undefined,0.0,99.40832901
se161021,linearsvc_C0.0001,216365,0.814516857655,0.944444444444,0.0,0.0,0.0,undefined,0.0,79.8775069714
se161021,linearsvc_C0.0001,205547,0.77379195591,0.944444444444,0.0,0.0,0.0,undefined,0.0,73.0487039089
se161021,linearsvc_C0.0001,195270,0.735103675707,0.944444444444,0.0,0.0,0.0,undefined,0.0,125.959850073
se161021,linearsvc_C0.0001,185507,0.698350374196,0.944444444444,0.0,0.0,0.0,undefined,0.0,64.3133401871
se161021,linearsvc_C0.0001,176232,0.663434173079,0.944444444444,0.0,0.0,0.0,undefined,0.0,61.0582399368
se161021,linearsvc_C0.0001,167421,0.630264723155,0.944444444444,0.0,0.0,0.0,undefined,0.0,55.181232214
se161021,linearsvc_C0.0001,159050,0.598751675225,0.944444444444,0.0,0.0,0.0,undefined,0.0,47.187240839
se161021,linearsvc_C0.0001,151098,0.568815973738,0.944444444444,0.0,0.0,0.0,undefined,0.0,44.4706521034
se161021,linearsvc_C0.0001,143544,0.540378563147,0.944444444444,0.0,0.0,0.0,undefined,0.0,38.7180612087
se161021,linearsvc_C0.0001,136367,0.513360387899,0.944444444444,0.0,0.0,0.0,undefined,0.0,37.4703688622
se161021,linearsvc_C0.0001,129549,0.487693686097,0.944444444444,0.0,0.0,0.0,undefined,0.0,33.6005148888
se161021,linearsvc_C0.0001,123072,0.463310695839,0.944444444444,0.0,0.0,0.0,undefined,0.0,21.6422860622
se161021,linearsvc_C0.0001,116919,0.440147419777,0.944444444444,0.0,0.0,0.0,undefined,0.0,26.6147589684
se161021,linearsvc_C0.0001,111074,0.418143625111,0.944444444444,0.0,0.0,0.0,undefined,0.0,22.8903419971
se161021,linearsvc_C0.0001,105521,0.39723907904,0.944444444444,0.0,0.0,0.0,undefined,0.0,24.4020719528
se161021,linearsvc_C0.0001,100245,0.377377313316,0.944444444444,0.0,0.0,0.0,undefined,0.0,18.6937599182
se161021,linearsvc_C0.0001,95233,0.358509388788,0.944444444444,0.0,0.0,0.0,undefined,0.0,15.8923361301
se161021,linearsvc_C0.0001,90472,0.340586366306,0.944444444444,0.0,0.0,0.0,undefined,0.0,17.7895851135
se161021,linearsvc_C0.0001,85949,0.32355930672,0.944444444444,0.0,0.0,0.0,undefined,0.0,16.3949580193
se161021,linearsvc_C0.0001,81652,0.307383035432,0.944444444444,0.0,0.0,0.0,undefined,0.0,12.3252081871
se161021,linearsvc_C0.0001,77570,0.29201614239,0.944444444444,0.0,0.0,0.0,undefined,0.0,12.8756728172
se161021,linearsvc_C0.0001,73692,0.277417217546,0.944444444444,0.0,0.0,0.0,undefined,0.0,11.2662129402
se161021,linearsvc_C0.0001,70008,0.263548615399,0.944444444444,0.0,0.0,0.0,undefined,0.0,6.39060688019
se161021,linearsvc_C0.0001,66508,0.250372690449,0.944444444444,0.0,0.0,0.0,undefined,0.0,8.43352413177
se161021,linearsvc_C0.0001,63183,0.237855561746,0.944444444444,0.0,0.0,0.0,undefined,0.0,7.89105200768
se161021,linearsvc_C0.0001,60024,0.225963348341,0.944444444444,0.0,0.0,0.0,undefined,0.0,7.96904802322
se161021,linearsvc_C0.0001,57023,0.214665933834,0.944444444444,0.0,0.0,0.0,undefined,0.0,7.91693115234
se161021,linearsvc_C0.0001,54172,0.203933201825,0.944444444444,0.0,0.0,0.0,undefined,0.0,5.98600387573
se161021,linearsvc_C0.0001,51464,0.193738800464,0.944444444444,0.0,0.0,0.0,undefined,0.0,5.2005109787
se161021,linearsvc_C0.0001,48891,0.184052613351,0.944444444444,0.0,0.0,0.0,undefined,0.0,5.21273899078
se161021,linearsvc_C0.0001,46447,0.174852053186,0.944444444444,0.0,0.0,0.0,undefined,0.0,5.61808300018
se161021,linearsvc_C0.0001,44125,0.166110768119,0.944444444444,0.0,0.0,0.0,undefined,0.0,4.52106904984
se161021,linearsvc_C0.0001,41919,0.15780617085,0.944444444444,0.0,0.0,0.0,undefined,0.0,4.4492328167
se161021,linearsvc_C0.0001,39824,0.14991943863,0.944444444444,0.0,0.0,0.0,undefined,0.0,2.67961502075
se161021,linearsvc_C0.0001,37833,0.142424219609,0.944444444444,0.0,0.0,0.0,undefined,0.0,3.33266997337
se161021,linearsvc_C0.0001,35942,0.135305455586,0.944444444444,0.0,0.0,0.0,undefined,0.0,3.04588294029
se161021,linearsvc_C0.0001,34145,0.128540559262,0.944444444444,0.0,0.0,0.0,undefined,0.0,3.09457778931
se161021,linearsvc_C0.0001,32438,0.122114472436,0.944444444444,0.0,0.0,0.0,undefined,0.0,2.49642705917
se161021,linearsvc_C0.0001,30817,0.116012136909,0.944444444444,0.0,0.0,0.0,undefined,0.0,2.06107997894
se161021,linearsvc_C0.0001,29277,0.110214729931,0.944444444444,0.0,0.0,0.0,undefined,0.0,2.05274796486
se161021,linearsvc_C0.0001,27814,0.104707193302,0.888888888889,0.0,0.0,0.0,undefined,0.0,2.22560095787
se161021,linearsvc_C0.0001,26424,0.099474468822,0.888888888889,0.0,0.0,0.0,undefined,0.0,1.85073804855
se161021,linearsvc_C0.0001,25103,0.0945014982909,0.888888888889,0.0,0.0,0.0,undefined,0.0,1.8105340004
se161021,linearsvc_C0.0001,23848,0.0897769880588,0.888888888889,0.0,0.0,0.0,undefined,0.0,1.45769906044
se161021,linearsvc_C0.0001,22656,0.0852896444759,0.888888888889,0.0,0.0,0.0,undefined,0.0,1.45382809639
se161021,linearsvc_C0.0001,21524,0.0810281738921,0.888888888889,0.0,0.0,0.0,undefined,0.0,1.40012788773
se161021,linearsvc_C0.0001,20448,0.0769775181075,0.888888888889,0.0,0.0,0.0,undefined,0.0,0.946121931076
se161021,linearsvc_C0.0001,19426,0.0731301480221,0.888888888889,0.0,0.0,0.0,undefined,0.0,1.00024199486
se161021,linearsvc_C0.0001,18455,0.069474769986,0.888888888889,0.0,0.0,0.0,undefined,0.0,1.13059592247
se161021,linearsvc_C0.0001,17533,0.0660038548992,0.888888888889,0.0,0.0,0.0,undefined,0.0,0.899607896805
se161021,linearsvc_C0.0001,16657,0.0627061091117,0.888888888889,0.0,0.0,0.0,undefined,0.0,0.832161903381
se161021,linearsvc_C0.0001,15825,0.0595740035236,0.888888888889,0.0,0.0,0.0,undefined,0.0,0.790880918503
se161021,linearsvc_C0.0001,15034,0.0565962444849,0.888888888889,0.0,0.0,0.0,undefined,0.0,0.696357011795
se161021,linearsvc_C0.0001,14283,0.0537690674457,0.888888888889,0.0,0.0,0.0,undefined,0.0,0.6225669384
se161021,linearsvc_C0.0001,13569,0.0510811787559,0.888888888889,0.0,0.0,0.0,undefined,0.0,0.60860991478
se161021,linearsvc_C0.0001,12891,0.0485288138656,0.888888888889,0.0,0.0,0.0,undefined,0.0,0.557698011398
se161021,linearsvc_C0.0001,12247,0.0461044436748,0.888888888889,0.0,0.0,0.0,undefined,0.0,0.524531126022
se161021,linearsvc_C0.0001,11635,0.0438005390836,0.888888888889,0.0,0.0,0.0,undefined,0.0,0.395421028137
se161021,linearsvc_C0.0001,11054,0.0416133355419,0.888888888889,0.0,0.0,0.0,undefined,0.0,0.397274017334
se161021,linearsvc_C0.0001,10502,0.0395353039498,0.888888888889,0.0,0.0,0.0,undefined,0.0,0.395630836487
se161021,linearsvc_C0.0001,9977,0.0375589152073,0.888888888889,0.0,0.0,0.0,undefined,0.0,0.360997915268
se161021,linearsvc_C0.0001,9479,0.0356841693144,0.888888888889,0.0,0.0,0.0,undefined,0.0,0.330830097198
se161021,linearsvc_C0.0001,9006,0.0339035371712,0.944444444444,0.0,0.0,0.0,undefined,0.0,0.284824132919
se161021,linearsvc_C0.0001,8556,0.0322094896776,0.888888888889,0.0,0.0,0.0,undefined,0.0,0.220671892166
se161021,linearsvc_C0.0001,8129,0.0306020268337,0.888888888889,0.0,0.0,0.0,undefined,0.0,0.258703947067
se161021,linearsvc_C0.0001,7723,0.0290736195395,0.944444444444,0.0,0.0,0.0,undefined,0.0,0.232450008392
se161021,linearsvc_C0.0001,7337,0.027620503245,0.944444444444,0.0,0.0,0.0,undefined,0.0,0.197228908539
se161021,linearsvc_C0.0001,6971,0.0262426779503,0.944444444444,0.0,0.0,0.0,undefined,0.0,0.186327934265
se161021,linearsvc_C0.0001,6623,0.0249326145553,0.944444444444,0.0,0.0,0.0,undefined,0.0,0.173178911209
se161021,linearsvc_C0.0001,6292,0.02368654851,0.944444444444,0.0,0.0,0.0,undefined,0.0,0.15783405304
se161021,linearsvc_C0.0001,5978,0.0225044798145,0.944444444444,0.0,0.0,0.0,undefined,0.0,0.143453836441
se161021,linearsvc_C0.0001,5680,0.0213826439187,0.944444444444,0.0,0.0,0.0,undefined,0.0,0.130532026291
se161021,linearsvc_C0.0001,5396,0.0203135117228,0.888888888889,0.0,0.0,0.0,undefined,0.0,0.12913608551
se161021,linearsvc_C0.0001,5127,0.0193008477767,0.888888888889,0.0,0.0,0.0,undefined,0.0,0.117874145508
se161021,linearsvc_C0.0001,4871,0.0183371229803,0.888888888889,0.0,0.0,0.0,undefined,0.0,0.106550931931
se161021,linearsvc_C0.0001,4628,0.0174223373338,0.833333333333,0.0,0.0,0.0,undefined,0.0,0.0915009975433
se161021,linearsvc_C0.0001,4397,0.0165527262871,0.833333333333,0.0,0.0,0.0,undefined,0.0,0.0865740776062
se161021,linearsvc_C0.0001,4178,0.0157282898402,0.888888888889,0.0,0.0,0.0,undefined,0.0,0.0858500003815
se161021,linearsvc_C0.0001,3970,0.0149452634432,0.888888888889,0.0,0.0,0.0,undefined,0.0,0.0811750888824
se161021,linearsvc_C0.0001,3772,0.014199882546,0.888888888889,0.0,0.0,0.0,undefined,0.0,0.0732591152191
se161021,linearsvc_C0.0001,3584,0.0134921471487,0.888888888889,0.0,0.0,0.0,undefined,0.0,0.0652348995209
se161021,linearsvc_C0.0001,3405,0.0128182927013,0.888888888889,0.0,0.0,0.0,undefined,0.0,0.0823771953583
se161021,linearsvc_C0.0001,3235,0.0121783192037,0.888888888889,0.0,0.0,0.0,undefined,0.0,0.0788280963898
se161021,linearsvc_C0.0001,3074,0.011572226656,0.888888888889,0.0,0.0,0.0,undefined,0.0,0.0711381435394
se161021,linearsvc_C0.0001,2921,0.0109962505082,0.888888888889,0.0,0.0,0.0,undefined,0.0,0.0648748874664
se161021,linearsvc_C0.0001,2775,0.0104466262103,0.888888888889,0.0,0.0,0.0,undefined,0.0,0.0696041584015
se161021,linearsvc_C0.0001,2637,0.00992711831228,0.888888888889,0.0,0.0,0.0,undefined,0.0,0.0596740245819
se161021,linearsvc_C0.0001,2506,0.00943396226415,0.888888888889,0.0,0.0,0.0,undefined,0.0,0.0596418380737
se161021,linearsvc_C0.0001,2381,0.00896339351594,0.888888888889,0.0,0.0,0.0,undefined,0.0,0.0582489967346
se161021,linearsvc_C0.0001,2262,0.00851541206764,0.888888888889,0.0,0.0,0.0,undefined,0.0,0.0546269416809
se161021,linearsvc_C0.0001,2149,0.00809001791926,0.888888888889,0.0,0.0,0.0,undefined,0.0,0.0553569793701
se161021,linearsvc_C0.0001,2042,0.00768721107079,0.833333333333,0.0,0.0,0.0,undefined,0.0,0.0846788883209
se161021,linearsvc_C0.0001,1940,0.00730322697225,0.833333333333,0.0,0.0,0.0,undefined,0.0,0.0809509754181
se161021,linearsvc_C0.0001,1843,0.00693806562364,0.833333333333,0.0,0.0,0.0,undefined,0.0,0.0466120243073
se161021,linearsvc_C0.0001,1751,0.00659172702495,0.888888888889,0.0,0.0,0.0,undefined,0.0,0.0795569419861
se161021,linearsvc_C0.0001,1664,0.0062642111762,0.888888888889,0.0,0.0,0.0,undefined,0.0,0.0767860412598
se161021,linearsvc_C0.0001,1581,0.00595175352738,0.888888888889,0.0,0.0,0.0,undefined,0.0,0.0761229991913
se161021,linearsvc_C0.0001,1502,0.00565435407851,0.888888888889,0.0,0.0,0.0,undefined,0.0,0.0761189460754
se161021,linearsvc_C0.0001,1427,0.00537201282959,0.888888888889,0.0,0.0,0.0,undefined,0.0,0.0723600387573
se161021,linearsvc_C0.0001,1356,0.0051047297806,0.888888888889,0.0,0.0,0.0,undefined,0.0,0.0720198154449
se161021,linearsvc_C0.001,265636,1.0,0.888888888889,0.0,0.0,0.0,undefined,0.0,296.654955149
se161021,linearsvc_C0.001,252355,0.95000301164,0.888888888889,0.0,0.0,0.0,undefined,0.0,281.920113087
se161021,linearsvc_C0.001,239738,0.90250568447,0.888888888889,0.0,0.0,0.0,undefined,0.0,267.924043894
se161021,linearsvc_C0.001,227752,0.857383788342,0.888888888889,0.0,0.0,0.0,undefined,0.0,254.349437952
se161021,linearsvc_C0.001,216365,0.814516857655,0.888888888889,0.0,0.0,0.0,undefined,0.0,241.753452063
se161021,linearsvc_C0.001,205547,0.77379195591,0.888888888889,0.0,0.0,0.0,undefined,0.0,229.333056211
se161021,linearsvc_C0.001,195270,0.735103675707,0.888888888889,0.0,0.0,0.0,undefined,0.0,217.35936904
se161021,linearsvc_C0.001,185507,0.698350374196,0.888888888889,0.0,0.0,0.0,undefined,0.0,206.735126019
se161021,linearsvc_C0.001,176232,0.663434173079,0.888888888889,0.0,0.0,0.0,undefined,0.0,196.459163189
se161021,linearsvc_C0.001,167421,0.630264723155,0.888888888889,0.0,0.0,0.0,undefined,0.0,185.525948048
se161021,linearsvc_C0.001,159050,0.598751675225,0.888888888889,0.0,0.0,0.0,undefined,0.0,174.532999039
se161021,linearsvc_C0.001,151098,0.568815973738,0.888888888889,0.0,0.0,0.0,undefined,0.0,135.757962942
se161021,linearsvc_C0.001,143544,0.540378563147,0.888888888889,0.0,0.0,0.0,undefined,0.0,159.400742054
se161021,linearsvc_C0.001,136367,0.513360387899,0.888888888889,0.0,0.0,0.0,undefined,0.0,107.861104965
se161021,linearsvc_C0.001,129549,0.487693686097,0.888888888889,0.0,0.0,0.0,undefined,0.0,105.280998945
se161021,linearsvc_C0.001,123072,0.463310695839,0.888888888889,0.0,0.0,0.0,undefined,0.0,90.2286407948
se161021,linearsvc_C0.001,116919,0.440147419777,0.888888888889,0.0,0.0,0.0,undefined,0.0,114.672689915
se161021,linearsvc_C0.001,111074,0.418143625111,0.888888888889,0.0,0.0,0.0,undefined,0.0,77.2196249962
se161021,linearsvc_C0.001,105521,0.39723907904,0.888888888889,0.0,0.0,0.0,undefined,0.0,69.44520998
se161021,linearsvc_C0.001,100245,0.377377313316,0.888888888889,0.0,0.0,0.0,undefined,0.0,73.8834137917
se161021,linearsvc_C0.001,95233,0.358509388788,0.888888888889,0.0,0.0,0.0,undefined,0.0,58.8044519424
se161021,linearsvc_C0.001,90472,0.340586366306,0.888888888889,0.0,0.0,0.0,undefined,0.0,79.3692359924
se161021,linearsvc_C0.001,85949,0.32355930672,0.888888888889,0.0,0.0,0.0,undefined,0.0,56.3254580498
se161021,linearsvc_C0.001,81652,0.307383035432,0.888888888889,0.0,0.0,0.0,undefined,0.0,49.7802979946
se161021,linearsvc_C0.001,77570,0.29201614239,0.888888888889,0.0,0.0,0.0,undefined,0.0,41.9525580406
se161021,linearsvc_C0.001,73692,0.277417217546,0.888888888889,0.0,0.0,0.0,undefined,0.0,36.9632968903
se161021,linearsvc_C0.001,70008,0.263548615399,0.888888888889,0.0,0.0,0.0,undefined,0.0,37.2480859756
se161021,linearsvc_C0.001,66508,0.250372690449,0.888888888889,0.0,0.0,0.0,undefined,0.0,32.356333971
se161021,linearsvc_C0.001,63183,0.237855561746,0.888888888889,0.0,0.0,0.0,undefined,0.0,24.4792380333
se161021,linearsvc_C0.001,60024,0.225963348341,0.888888888889,0.0,0.0,0.0,undefined,0.0,23.907075882
se161021,linearsvc_C0.001,57023,0.214665933834,0.888888888889,0.0,0.0,0.0,undefined,0.0,26.7000930309
se161021,linearsvc_C0.001,54172,0.203933201825,0.888888888889,0.0,0.0,0.0,undefined,0.0,22.4896349907
se161021,linearsvc_C0.001,51464,0.193738800464,0.888888888889,0.0,0.0,0.0,undefined,0.0,20.9818570614
se161021,linearsvc_C0.001,48891,0.184052613351,0.888888888889,0.0,0.0,0.0,undefined,0.0,27.1653909683
se161021,linearsvc_C0.001,46447,0.174852053186,0.888888888889,0.0,0.0,0.0,undefined,0.0,17.6089951992
se161021,linearsvc_C0.001,44125,0.166110768119,0.888888888889,0.0,0.0,0.0,undefined,0.0,20.1747868061
se161021,linearsvc_C0.001,41919,0.15780617085,0.888888888889,0.0,0.0,0.0,undefined,0.0,15.1838989258
se161021,linearsvc_C0.001,39824,0.14991943863,0.888888888889,0.0,0.0,0.0,undefined,0.0,13.1499149799
se161021,linearsvc_C0.001,37833,0.142424219609,0.888888888889,0.0,0.0,0.0,undefined,0.0,12.0349199772
se161021,linearsvc_C0.001,35942,0.135305455586,0.888888888889,0.0,0.0,0.0,undefined,0.0,18.7725188732
se161021,linearsvc_C0.001,34145,0.128540559262,0.888888888889,0.0,0.0,0.0,undefined,0.0,14.1176919937
se161021,linearsvc_C0.001,32438,0.122114472436,0.888888888889,0.0,0.0,0.0,undefined,0.0,8.19570398331
se161021,linearsvc_C0.001,30817,0.116012136909,0.888888888889,0.0,0.0,0.0,undefined,0.0,8.42477297783
se161021,linearsvc_C0.001,29277,0.110214729931,0.888888888889,0.0,0.0,0.0,undefined,0.0,7.23249197006
se161021,linearsvc_C0.001,27814,0.104707193302,0.888888888889,0.0,0.0,0.0,undefined,0.0,7.32626795769
se161021,linearsvc_C0.001,26424,0.099474468822,0.888888888889,0.0,0.0,0.0,undefined,0.0,6.46034812927
se161021,linearsvc_C0.001,25103,0.0945014982909,0.888888888889,0.0,0.0,0.0,undefined,0.0,5.69063997269
se161021,linearsvc_C0.001,23848,0.0897769880588,0.888888888889,0.0,0.0,0.0,undefined,0.0,5.4852399826
se161021,linearsvc_C0.001,22656,0.0852896444759,0.888888888889,0.0,0.0,0.0,undefined,0.0,4.27422714233
se161021,linearsvc_C0.001,21524,0.0810281738921,0.888888888889,0.0,0.0,0.0,undefined,0.0,4.4584851265
se161021,linearsvc_C0.001,20448,0.0769775181075,0.888888888889,0.0,0.0,0.0,undefined,0.0,3.73887205124
se161021,linearsvc_C0.001,19426,0.0731301480221,0.888888888889,0.0,0.0,0.0,undefined,0.0,4.02023291588
se161021,linearsvc_C0.001,18455,0.069474769986,0.888888888889,0.0,0.0,0.0,undefined,0.0,3.06416797638
se161021,linearsvc_C0.001,17533,0.0660038548992,0.888888888889,0.0,0.0,0.0,undefined,0.0,3.0890288353
se161021,linearsvc_C0.001,16657,0.0627061091117,0.888888888889,0.0,0.0,0.0,undefined,0.0,3.01162981987
se161021,linearsvc_C0.001,15825,0.0595740035236,0.888888888889,0.0,0.0,0.0,undefined,0.0,2.52251410484
se161021,linearsvc_C0.001,15034,0.0565962444849,0.888888888889,0.0,0.0,0.0,undefined,0.0,2.23085284233
se161021,linearsvc_C0.001,14283,0.0537690674457,0.888888888889,0.0,0.0,0.0,undefined,0.0,2.20521593094
se161021,linearsvc_C0.001,13569,0.0510811787559,0.888888888889,0.0,0.0,0.0,undefined,0.0,1.87990403175
se161021,linearsvc_C0.001,12891,0.0485288138656,0.888888888889,0.0,0.0,0.0,undefined,0.0,1.80239295959
se161021,linearsvc_C0.001,12247,0.0461044436748,0.888888888889,0.0,0.0,0.0,undefined,0.0,1.53096199036
se161021,linearsvc_C0.001,11635,0.0438005390836,0.888888888889,0.0,0.0,0.0,undefined,0.0,1.48342490196
se161021,linearsvc_C0.001,11054,0.0416133355419,0.888888888889,0.0,0.0,0.0,undefined,0.0,1.3326690197
se161021,linearsvc_C0.001,10502,0.0395353039498,0.888888888889,0.0,0.0,0.0,undefined,0.0,1.18404388428
se161021,linearsvc_C0.001,9977,0.0375589152073,0.888888888889,0.0,0.0,0.0,undefined,0.0,0.803912162781
se161021,linearsvc_C0.001,9479,0.0356841693144,0.888888888889,0.0,0.0,0.0,undefined,0.0,0.959575891495
se161021,linearsvc_C0.001,9006,0.0339035371712,0.888888888889,0.0,0.0,0.0,undefined,0.0,0.942865133286
se161021,linearsvc_C0.001,8556,0.0322094896776,0.888888888889,0.0,0.0,0.0,undefined,0.0,0.802304983139
se161021,linearsvc_C0.001,8129,0.0306020268337,0.888888888889,0.0,0.0,0.0,undefined,0.0,0.575069904327
se161021,linearsvc_C0.001,7723,0.0290736195395,0.888888888889,0.0,0.0,0.0,undefined,0.0,0.651346921921
se161021,linearsvc_C0.001,7337,0.027620503245,0.888888888889,0.0,0.0,0.0,undefined,0.0,0.498598098755
se161021,linearsvc_C0.001,6971,0.0262426779503,0.888888888889,0.0,0.0,0.0,undefined,0.0,0.488013982773
se161021,linearsvc_C0.001,6623,0.0249326145553,0.888888888889,0.0,0.0,0.0,undefined,0.0,0.467169046402
se161021,linearsvc_C0.001,6292,0.02368654851,0.888888888889,0.0,0.0,0.0,undefined,0.0,0.439829826355
se161021,linearsvc_C0.001,5978,0.0225044798145,0.888888888889,0.0,0.0,0.0,undefined,0.0,0.383184909821
se161021,linearsvc_C0.001,5680,0.0213826439187,0.888888888889,0.0,0.0,0.0,undefined,0.0,0.401510000229
se161021,linearsvc_C0.001,5396,0.0203135117228,0.888888888889,0.0,0.0,0.0,undefined,0.0,0.34817481041
se161021,linearsvc_C0.001,5127,0.0193008477767,0.888888888889,0.0,0.0,0.0,undefined,0.0,0.292189836502
se161021,linearsvc_C0.001,4871,0.0183371229803,0.888888888889,0.0,0.0,0.0,undefined,0.0,0.289489984512
se161021,linearsvc_C0.001,4628,0.0174223373338,0.888888888889,0.0,0.0,0.0,undefined,0.0,0.262393951416
se161021,linearsvc_C0.001,4397,0.0165527262871,0.888888888889,0.0,0.0,0.0,undefined,0.0,0.250844955444
se161021,linearsvc_C0.001,4178,0.0157282898402,0.888888888889,0.0,0.0,0.0,undefined,0.0,0.23170208931
se161021,linearsvc_C0.001,3970,0.0149452634432,0.888888888889,0.0,0.0,0.0,undefined,0.0,0.185995101929
se161021,linearsvc_C0.001,3772,0.014199882546,0.888888888889,0.0,0.0,0.0,undefined,0.0,0.191354990005
se161021,linearsvc_C0.001,3584,0.0134921471487,0.888888888889,0.0,0.0,0.0,undefined,0.0,0.184836149216
se161021,linearsvc_C0.001,3405,0.0128182927013,0.888888888889,0.0,0.0,0.0,undefined,0.0,0.187916040421
se161021,linearsvc_C0.001,3235,0.0121783192037,0.888888888889,0.0,0.0,0.0,undefined,0.0,0.153656005859
se161021,linearsvc_C0.001,3074,0.011572226656,0.888888888889,0.0,0.0,0.0,undefined,0.0,0.138525009155
se161021,linearsvc_C0.001,2921,0.0109962505082,0.888888888889,0.0,0.0,0.0,undefined,0.0,0.154363155365
se161021,linearsvc_C0.001,2775,0.0104466262103,0.888888888889,0.0,0.0,0.0,undefined,0.0,0.126675128937
se161021,linearsvc_C0.001,2637,0.00992711831228,0.888888888889,0.0,0.0,0.0,undefined,0.0,0.105203866959
se161021,linearsvc_C0.001,2506,0.00943396226415,0.888888888889,0.0,0.0,0.0,undefined,0.0,0.113055944443
se161021,linearsvc_C0.001,2381,0.00896339351594,0.888888888889,0.0,0.0,0.0,undefined,0.0,0.0986759662628
se161021,linearsvc_C0.001,2262,0.00851541206764,0.888888888889,0.0,0.0,0.0,undefined,0.0,0.0972278118134
se161021,linearsvc_C0.001,2149,0.00809001791926,0.888888888889,0.0,0.0,0.0,undefined,0.0,0.0928730964661
se161021,linearsvc_C0.001,2042,0.00768721107079,0.888888888889,0.0,0.0,0.0,undefined,0.0,0.120785951614
se161021,linearsvc_C0.001,1940,0.00730322697225,0.888888888889,0.0,0.0,0.0,undefined,0.0,0.0777292251587
se161021,linearsvc_C0.001,1843,0.00693806562364,0.888888888889,0.0,0.0,0.0,undefined,0.0,0.0781900882721
se161021,linearsvc_C0.001,1751,0.00659172702495,0.888888888889,0.0,0.0,0.0,undefined,0.0,0.10175204277
se161021,linearsvc_C0.001,1664,0.0062642111762,0.888888888889,0.0,0.0,0.0,undefined,0.0,0.0991070270538
se161021,linearsvc_C0.001,1581,0.00595175352738,0.888888888889,0.0,0.0,0.0,undefined,0.0,0.0949659347534
se161021,linearsvc_C0.001,1502,0.00565435407851,0.888888888889,0.0,0.0,0.0,undefined,0.0,0.0909569263458
se161021,linearsvc_C0.001,1427,0.00537201282959,0.888888888889,0.0,0.0,0.0,undefined,0.0,0.0876688957214
se161021,linearsvc_C0.001,1356,0.0051047297806,0.888888888889,0.0,0.0,0.0,undefined,0.0,0.0846860408783
se161021,linearsvc_C0.01,265636,1.0,0.888888888889,0.0,0.0,0.0,undefined,0.0,290.677470207
se161021,linearsvc_C0.01,252355,0.95000301164,0.888888888889,0.0,0.0,0.0,undefined,0.0,276.760391951
se161021,linearsvc_C0.01,239738,0.90250568447,0.888888888889,0.0,0.0,0.0,undefined,0.0,262.905845881
se161021,linearsvc_C0.01,227752,0.857383788342,0.888888888889,0.0,0.0,0.0,undefined,0.0,249.872795105
se161021,linearsvc_C0.01,216365,0.814516857655,0.888888888889,0.0,0.0,0.0,undefined,0.0,236.370219946
se161021,linearsvc_C0.01,205547,0.77379195591,0.888888888889,0.0,0.0,0.0,undefined,0.0,224.903275013
se161021,linearsvc_C0.01,195270,0.735103675707,0.888888888889,0.0,0.0,0.0,undefined,0.0,214.153800011
se161021,linearsvc_C0.01,185507,0.698350374196,0.888888888889,0.0,0.0,0.0,undefined,0.0,202.686827183
se161021,linearsvc_C0.01,176232,0.663434173079,0.888888888889,0.0,0.0,0.0,undefined,0.0,192.613187075
se161021,linearsvc_C0.01,167421,0.630264723155,0.888888888889,0.0,0.0,0.0,undefined,0.0,183.223601103
se161021,linearsvc_C0.01,159050,0.598751675225,0.888888888889,0.0,0.0,0.0,undefined,0.0,173.713802099
se161021,linearsvc_C0.01,151098,0.568815973738,0.944444444444,0.0,0.0,0.0,undefined,0.0,165.063617945
se161021,linearsvc_C0.01,143544,0.540378563147,0.944444444444,0.0,0.0,0.0,undefined,0.0,156.842849016
se161021,linearsvc_C0.01,136367,0.513360387899,0.944444444444,0.0,0.0,0.0,undefined,0.0,148.832095861
se161021,linearsvc_C0.01,129549,0.487693686097,0.944444444444,0.0,0.0,0.0,undefined,0.0,141.07705307
se161021,linearsvc_C0.01,123072,0.463310695839,0.944444444444,0.0,0.0,0.0,undefined,0.0,134.364504814
se161021,linearsvc_C0.01,116919,0.440147419777,0.944444444444,0.0,0.0,0.0,undefined,0.0,127.521285772
se161021,linearsvc_C0.01,111074,0.418143625111,0.944444444444,0.0,0.0,0.0,undefined,0.0,121.134025812
se161021,linearsvc_C0.01,105521,0.39723907904,0.888888888889,0.0,0.0,0.0,undefined,0.0,114.812296867
se161021,linearsvc_C0.01,100245,0.377377313316,0.944444444444,0.0,0.0,0.0,undefined,0.0,109.016381979
se161021,linearsvc_C0.01,95233,0.358509388788,0.944444444444,0.0,0.0,0.0,undefined,0.0,103.366255999
se161021,linearsvc_C0.01,90472,0.340586366306,0.944444444444,0.0,0.0,0.0,undefined,0.0,98.2613830566
se161021,linearsvc_C0.01,85949,0.32355930672,0.944444444444,0.0,0.0,0.0,undefined,0.0,93.0157268047
se161021,linearsvc_C0.01,81652,0.307383035432,0.944444444444,0.0,0.0,0.0,undefined,0.0,88.4361619949
se161021,linearsvc_C0.01,77570,0.29201614239,0.944444444444,0.0,0.0,0.0,undefined,0.0,84.055670023
se161021,linearsvc_C0.01,73692,0.277417217546,0.944444444444,0.0,0.0,0.0,undefined,0.0,79.7549250126
se161021,linearsvc_C0.01,70008,0.263548615399,0.888888888889,0.0,0.0,0.0,undefined,0.0,75.7288749218
se161021,linearsvc_C0.01,66508,0.250372690449,0.888888888889,0.0,0.0,0.0,undefined,0.0,71.913312912
se161021,linearsvc_C0.01,63183,0.237855561746,0.888888888889,0.0,0.0,0.0,undefined,0.0,68.3277759552
se161021,linearsvc_C0.01,60024,0.225963348341,0.888888888889,0.0,0.0,0.0,undefined,0.0,64.9925529957
se161021,linearsvc_C0.01,57023,0.214665933834,0.888888888889,0.0,0.0,0.0,undefined,0.0,61.5235219002
se161021,linearsvc_C0.01,54172,0.203933201825,0.888888888889,0.0,0.0,0.0,undefined,0.0,58.4295370579
se161021,linearsvc_C0.01,51464,0.193738800464,0.888888888889,0.0,0.0,0.0,undefined,0.0,55.6644430161
se161021,linearsvc_C0.01,48891,0.184052613351,0.888888888889,0.0,0.0,0.0,undefined,0.0,52.7644999027
se161021,linearsvc_C0.01,46447,0.174852053186,0.888888888889,0.0,0.0,0.0,undefined,0.0,49.9959151745
se161021,linearsvc_C0.01,44125,0.166110768119,0.888888888889,0.0,0.0,0.0,undefined,0.0,47.4097080231
se161021,linearsvc_C0.01,41919,0.15780617085,0.888888888889,0.0,0.0,0.0,undefined,0.0,45.1078851223
se161021,linearsvc_C0.01,39824,0.14991943863,0.944444444444,0.0,0.0,0.0,undefined,0.0,42.868863821
se161021,linearsvc_C0.01,37833,0.142424219609,0.888888888889,0.0,0.0,0.0,undefined,0.0,40.8029179573
se161021,linearsvc_C0.01,35942,0.135305455586,0.888888888889,0.0,0.0,0.0,undefined,0.0,38.9027099609
se161021,linearsvc_C0.01,34145,0.128540559262,0.888888888889,0.0,0.0,0.0,undefined,0.0,36.8609108925
se161021,linearsvc_C0.01,32438,0.122114472436,0.888888888889,0.0,0.0,0.0,undefined,0.0,34.8701310158
se161021,linearsvc_C0.01,30817,0.116012136909,0.888888888889,0.0,0.0,0.0,undefined,0.0,33.073611021
se161021,linearsvc_C0.01,29277,0.110214729931,0.888888888889,0.0,0.0,0.0,undefined,0.0,31.5525968075
se161021,linearsvc_C0.01,27814,0.104707193302,0.888888888889,0.0,0.0,0.0,undefined,0.0,29.2731430531
se161021,linearsvc_C0.01,26424,0.099474468822,0.888888888889,0.0,0.0,0.0,undefined,0.0,28.3770458698
se161021,linearsvc_C0.01,25103,0.0945014982909,0.888888888889,0.0,0.0,0.0,undefined,0.0,25.1774871349
se161021,linearsvc_C0.01,23848,0.0897769880588,0.888888888889,0.0,0.0,0.0,undefined,0.0,25.4162938595
se161021,linearsvc_C0.01,22656,0.0852896444759,0.888888888889,0.0,0.0,0.0,undefined,0.0,24.1859929562
se161021,linearsvc_C0.01,21524,0.0810281738921,0.888888888889,0.0,0.0,0.0,undefined,0.0,23.1621220112
se161021,linearsvc_C0.01,20448,0.0769775181075,0.888888888889,0.0,0.0,0.0,undefined,0.0,19.6496210098
se161021,linearsvc_C0.01,19426,0.0731301480221,0.888888888889,0.0,0.0,0.0,undefined,0.0,20.4399158955
se161021,linearsvc_C0.01,18455,0.069474769986,0.888888888889,0.0,0.0,0.0,undefined,0.0,17.6872520447
se161021,linearsvc_C0.01,17533,0.0660038548992,0.888888888889,0.0,0.0,0.0,undefined,0.0,14.8722569942
se161021,linearsvc_C0.01,16657,0.0627061091117,0.888888888889,0.0,0.0,0.0,undefined,0.0,13.4815170765
se161021,linearsvc_C0.01,15825,0.0595740035236,0.888888888889,0.0,0.0,0.0,undefined,0.0,11.1962349415
se161021,linearsvc_C0.01,15034,0.0565962444849,0.888888888889,0.0,0.0,0.0,undefined,0.0,10.6389138699
se161021,linearsvc_C0.01,14283,0.0537690674457,0.944444444444,0.0,0.0,0.0,undefined,0.0,12.8816258907
se161021,linearsvc_C0.01,13569,0.0510811787559,0.944444444444,0.0,0.0,0.0,undefined,0.0,10.1893548965
se161021,linearsvc_C0.01,12891,0.0485288138656,0.944444444444,0.0,0.0,0.0,undefined,0.0,9.56902194023
se161021,linearsvc_C0.01,12247,0.0461044436748,0.944444444444,0.0,0.0,0.0,undefined,0.0,8.80422592163
se161021,linearsvc_C0.01,11635,0.0438005390836,0.944444444444,0.0,0.0,0.0,undefined,0.0,7.92403292656
se161021,linearsvc_C0.01,11054,0.0416133355419,0.944444444444,0.0,0.0,0.0,undefined,0.0,8.18334889412
se161021,linearsvc_C0.01,10502,0.0395353039498,0.944444444444,0.0,0.0,0.0,undefined,0.0,5.78376603127
se161021,linearsvc_C0.01,9977,0.0375589152073,0.888888888889,0.0,0.0,0.0,undefined,0.0,5.08048605919
se161021,linearsvc_C0.01,9479,0.0356841693144,0.888888888889,0.0,0.0,0.0,undefined,0.0,4.68557190895
se161021,linearsvc_C0.01,9006,0.0339035371712,0.888888888889,0.0,0.0,0.0,undefined,0.0,4.73848509789
se161021,linearsvc_C0.01,8556,0.0322094896776,0.888888888889,0.0,0.0,0.0,undefined,0.0,4.01851701736
se161021,linearsvc_C0.01,8129,0.0306020268337,0.888888888889,0.0,0.0,0.0,undefined,0.0,3.84107899666
se161021,linearsvc_C0.01,7723,0.0290736195395,0.888888888889,0.0,0.0,0.0,undefined,0.0,3.26955199242
se161021,linearsvc_C0.01,7337,0.027620503245,0.888888888889,0.0,0.0,0.0,undefined,0.0,2.71064209938
se161021,linearsvc_C0.01,6971,0.0262426779503,0.888888888889,0.0,0.0,0.0,undefined,0.0,2.69549512863
se161021,linearsvc_C0.01,6623,0.0249326145553,0.888888888889,0.0,0.0,0.0,undefined,0.0,2.24060821533
se161021,linearsvc_C0.01,6292,0.02368654851,0.888888888889,0.0,0.0,0.0,undefined,0.0,2.74545001984
se161021,linearsvc_C0.01,5978,0.0225044798145,0.888888888889,0.0,0.0,0.0,undefined,0.0,1.95995593071
se161021,linearsvc_C0.01,5680,0.0213826439187,0.888888888889,0.0,0.0,0.0,undefined,0.0,2.12531590462
se161021,linearsvc_C0.01,5396,0.0203135117228,0.888888888889,0.0,0.0,0.0,undefined,0.0,1.66184687614
se161021,linearsvc_C0.01,5127,0.0193008477767,0.888888888889,0.0,0.0,0.0,undefined,0.0,1.29507303238
se161021,linearsvc_C0.01,4871,0.0183371229803,0.888888888889,0.0,0.0,0.0,undefined,0.0,1.46209406853
se161021,linearsvc_C0.01,4628,0.0174223373338,0.888888888889,0.0,0.0,0.0,undefined,0.0,1.55249500275
se161021,linearsvc_C0.01,4397,0.0165527262871,0.833333333333,0.0,0.0,0.0,undefined,0.0,1.05435705185
se161021,linearsvc_C0.01,4178,0.0157282898402,0.888888888889,0.0,0.0,0.0,undefined,0.0,1.07518982887
se161021,linearsvc_C0.01,3970,0.0149452634432,0.888888888889,0.0,0.0,0.0,undefined,0.0,1.24158000946
se161021,linearsvc_C0.01,3772,0.014199882546,0.888888888889,0.0,0.0,0.0,undefined,0.0,1.05293607712
se161021,linearsvc_C0.01,3584,0.0134921471487,0.888888888889,0.0,0.0,0.0,undefined,0.0,0.885823011398
se161021,linearsvc_C0.01,3405,0.0128182927013,0.888888888889,0.0,0.0,0.0,undefined,0.0,0.884334802628
se161021,linearsvc_C0.01,3235,0.0121783192037,0.888888888889,0.0,0.0,0.0,undefined,0.0,0.811388015747
se161021,linearsvc_C0.01,3074,0.011572226656,0.888888888889,0.0,0.0,0.0,undefined,0.0,0.667886018753
se161021,linearsvc_C0.01,2921,0.0109962505082,0.888888888889,0.0,0.0,0.0,undefined,0.0,0.659100055695
se161021,linearsvc_C0.01,2775,0.0104466262103,0.888888888889,0.0,0.0,0.0,undefined,0.0,0.664783000946
se161021,linearsvc_C0.01,2637,0.00992711831228,0.888888888889,0.0,0.0,0.0,undefined,0.0,0.610856056213
se161021,linearsvc_C0.01,2506,0.00943396226415,0.888888888889,0.0,0.0,0.0,undefined,0.0,0.530623197556
se161021,linearsvc_C0.01,2381,0.00896339351594,0.888888888889,0.0,0.0,0.0,undefined,0.0,0.336818933487
se161021,linearsvc_C0.01,2262,0.00851541206764,0.888888888889,0.0,0.0,0.0,undefined,0.0,0.542104959488
se161021,linearsvc_C0.01,2149,0.00809001791926,0.888888888889,0.0,0.0,0.0,undefined,0.0,0.310215950012
se161021,linearsvc_C0.01,2042,0.00768721107079,0.888888888889,0.0,0.0,0.0,undefined,0.0,0.35546207428
se161021,linearsvc_C0.01,1940,0.00730322697225,0.833333333333,0.0,0.0,0.0,undefined,0.0,0.33154797554
se161021,linearsvc_C0.01,1843,0.00693806562364,0.833333333333,0.0,0.0,0.0,undefined,0.0,0.332098007202
se161021,linearsvc_C0.01,1751,0.00659172702495,0.833333333333,0.0,0.0,0.0,undefined,0.0,0.271281003952
se161021,linearsvc_C0.01,1664,0.0062642111762,0.833333333333,0.0,0.0,0.0,undefined,0.0,0.311496973038
se161021,linearsvc_C0.01,1581,0.00595175352738,0.833333333333,0.0,0.0,0.0,undefined,0.0,0.256675958633
se161021,linearsvc_C0.01,1502,0.00565435407851,0.833333333333,0.0,0.0,0.0,undefined,0.0,0.261248826981
se161021,linearsvc_C0.01,1427,0.00537201282959,0.833333333333,0.0,0.0,0.0,undefined,0.0,0.211561918259
se161021,linearsvc_C0.01,1356,0.0051047297806,0.833333333333,0.0,0.0,0.0,undefined,0.0,0.202444076538
se161021,linearsvc_C0.1,265636,1.0,0.944444444444,0.0,0.0,0.0,undefined,0.0,35.2680621147
se161021,linearsvc_C0.1,252355,0.95000301164,0.944444444444,0.0,0.0,0.0,undefined,0.0,18.2942669392
se161021,linearsvc_C0.1,239738,0.90250568447,0.944444444444,0.0,0.0,0.0,undefined,0.0,17.959266901
se161021,linearsvc_C0.1,227752,0.857383788342,0.944444444444,0.0,0.0,0.0,undefined,0.0,17.2837610245
se161021,linearsvc_C0.1,216365,0.814516857655,0.944444444444,0.0,0.0,0.0,undefined,0.0,37.6329200268
se161021,linearsvc_C0.1,205547,0.77379195591,0.944444444444,0.0,0.0,0.0,undefined,0.0,25.1050159931
se161021,linearsvc_C0.1,195270,0.735103675707,0.944444444444,0.0,0.0,0.0,undefined,0.0,16.9066689014
se161021,linearsvc_C0.1,185507,0.698350374196,0.944444444444,0.0,0.0,0.0,undefined,0.0,13.6777560711
se161021,linearsvc_C0.1,176232,0.663434173079,1.0,0.0,0.0,0.0,undefined,1.0,12.0212659836
se161021,linearsvc_C0.1,167421,0.630264723155,1.0,0.0,0.0,0.0,undefined,1.0,26.1508228779
se161021,linearsvc_C0.1,159050,0.598751675225,0.944444444444,0.0,0.0,0.0,undefined,0.0,18.4217431545
se161021,linearsvc_C0.1,151098,0.568815973738,1.0,0.0,0.0,0.0,undefined,1.0,23.0784649849
se161021,linearsvc_C0.1,143544,0.540378563147,1.0,0.0,0.0,0.0,undefined,1.0,15.5123569965
se161021,linearsvc_C0.1,136367,0.513360387899,0.944444444444,0.0,0.0,0.0,undefined,0.0,12.651278019
se161021,linearsvc_C0.1,129549,0.487693686097,0.944444444444,0.0,0.0,0.0,undefined,0.0,39.2315609455
se161021,linearsvc_C0.1,123072,0.463310695839,0.944444444444,0.0,0.0,0.0,undefined,0.0,95.4225389957
se161021,linearsvc_C0.1,116919,0.440147419777,0.944444444444,0.0,0.0,0.0,undefined,0.0,39.4455349445
se161021,linearsvc_C0.1,111074,0.418143625111,1.0,0.0,0.0,0.0,undefined,1.0,36.4147610664
se161021,linearsvc_C0.1,105521,0.39723907904,0.944444444444,0.0,0.0,0.0,undefined,0.0,42.9186201096
se161021,linearsvc_C0.1,100245,0.377377313316,0.944444444444,0.0,0.0,0.0,undefined,0.0,63.9560670853
se161021,linearsvc_C0.1,95233,0.358509388788,0.944444444444,0.0,0.0,0.0,undefined,0.0,42.4840579033
se161021,linearsvc_C0.1,90472,0.340586366306,0.944444444444,0.0,0.0,0.0,undefined,0.0,97.6337449551
se161021,linearsvc_C0.1,85949,0.32355930672,0.944444444444,0.0,0.0,0.0,undefined,0.0,63.0698189735
se161021,linearsvc_C0.1,81652,0.307383035432,0.944444444444,0.0,0.0,0.0,undefined,0.0,75.6363799572
se161021,linearsvc_C0.1,77570,0.29201614239,0.944444444444,0.0,0.0,0.0,undefined,0.0,83.3608939648
se161021,linearsvc_C0.1,73692,0.277417217546,0.944444444444,0.0,0.0,0.0,undefined,0.0,68.8348579407
se161021,linearsvc_C0.1,70008,0.263548615399,0.944444444444,0.0,0.0,0.0,undefined,0.0,68.9521090984
se161021,linearsvc_C0.1,66508,0.250372690449,0.944444444444,0.0,0.0,0.0,undefined,0.0,69.2161540985
se161021,linearsvc_C0.1,63183,0.237855561746,0.944444444444,0.0,0.0,0.0,undefined,0.0,68.2569420338
se161021,linearsvc_C0.1,60024,0.225963348341,0.944444444444,0.0,0.0,0.0,undefined,0.0,64.7531321049
se161021,linearsvc_C0.1,57023,0.214665933834,0.944444444444,0.0,0.0,0.0,undefined,0.0,61.6053419113
se161021,linearsvc_C0.1,54172,0.203933201825,0.944444444444,0.0,0.0,0.0,undefined,0.0,58.1552579403
se161021,linearsvc_C0.1,51464,0.193738800464,0.944444444444,0.0,0.0,0.0,undefined,0.0,55.6117510796
se161021,linearsvc_C0.1,48891,0.184052613351,0.944444444444,0.0,0.0,0.0,undefined,0.0,52.65853405
se161021,linearsvc_C0.1,46447,0.174852053186,0.944444444444,0.0,0.0,0.0,undefined,0.0,49.6223399639
se161021,linearsvc_C0.1,44125,0.166110768119,0.944444444444,0.0,0.0,0.0,undefined,0.0,47.4086539745
se161021,linearsvc_C0.1,41919,0.15780617085,0.944444444444,0.0,0.0,0.0,undefined,0.0,44.9008741379
se161021,linearsvc_C0.1,39824,0.14991943863,0.944444444444,0.0,0.0,0.0,undefined,0.0,42.5408401489
se161021,linearsvc_C0.1,37833,0.142424219609,0.944444444444,0.0,0.0,0.0,undefined,0.0,40.2647020817
se161021,linearsvc_C0.1,35942,0.135305455586,0.944444444444,0.0,0.0,0.0,undefined,0.0,38.4740760326
se161021,linearsvc_C0.1,34145,0.128540559262,0.944444444444,0.0,0.0,0.0,undefined,0.0,36.1405470371
se161021,linearsvc_C0.1,32438,0.122114472436,0.944444444444,0.0,0.0,0.0,undefined,0.0,34.7784600258
se161021,linearsvc_C0.1,30817,0.116012136909,0.944444444444,0.0,0.0,0.0,undefined,0.0,32.6773700714
se161021,linearsvc_C0.1,29277,0.110214729931,0.944444444444,0.0,0.0,0.0,undefined,0.0,31.2572948933
se161021,linearsvc_C0.1,27814,0.104707193302,0.944444444444,0.0,0.0,0.0,undefined,0.0,29.6669738293
se161021,linearsvc_C0.1,26424,0.099474468822,0.944444444444,0.0,0.0,0.0,undefined,0.0,28.0837790966
se161021,linearsvc_C0.1,25103,0.0945014982909,0.944444444444,0.0,0.0,0.0,undefined,0.0,26.7230401039
se161021,linearsvc_C0.1,23848,0.0897769880588,0.944444444444,0.0,0.0,0.0,undefined,0.0,25.2350928783
se161021,linearsvc_C0.1,22656,0.0852896444759,0.944444444444,0.0,0.0,0.0,undefined,0.0,23.7370250225
se161021,linearsvc_C0.1,21524,0.0810281738921,0.888888888889,0.0,0.0,0.0,undefined,0.0,23.0557610989
se161021,linearsvc_C0.1,20448,0.0769775181075,0.888888888889,0.0,0.0,0.0,undefined,0.0,21.3155698776
se161021,linearsvc_C0.1,19426,0.0731301480221,0.888888888889,0.0,0.0,0.0,undefined,0.0,18.9388902187
se161021,linearsvc_C0.1,18455,0.069474769986,0.888888888889,0.0,0.0,0.0,undefined,0.0,19.5845360756
se161021,linearsvc_C0.1,17533,0.0660038548992,0.888888888889,0.0,0.0,0.0,undefined,0.0,18.3202638626
se161021,linearsvc_C0.1,16657,0.0627061091117,0.888888888889,0.0,0.0,0.0,undefined,0.0,17.5185709
se161021,linearsvc_C0.1,15825,0.0595740035236,0.888888888889,0.0,0.0,0.0,undefined,0.0,16.5686888695
se161021,linearsvc_C0.1,15034,0.0565962444849,0.888888888889,0.0,0.0,0.0,undefined,0.0,15.3304870129
se161021,linearsvc_C0.1,14283,0.0537690674457,0.888888888889,0.0,0.0,0.0,undefined,0.0,14.6892290115
se161021,linearsvc_C0.1,13569,0.0510811787559,0.888888888889,0.0,0.0,0.0,undefined,0.0,13.8054010868
se161021,linearsvc_C0.1,12891,0.0485288138656,0.888888888889,0.0,0.0,0.0,undefined,0.0,13.1576750278
se161021,linearsvc_C0.1,12247,0.0461044436748,0.888888888889,0.0,0.0,0.0,undefined,0.0,12.4840970039
se161021,linearsvc_C0.1,11635,0.0438005390836,0.888888888889,0.0,0.0,0.0,undefined,0.0,11.7082371712
se161021,linearsvc_C0.1,11054,0.0416133355419,0.888888888889,0.0,0.0,0.0,undefined,0.0,10.9387118816
se161021,linearsvc_C0.1,10502,0.0395353039498,0.888888888889,0.0,0.0,0.0,undefined,0.0,10.3030531406
se161021,linearsvc_C0.1,9977,0.0375589152073,0.833333333333,0.0,0.0,0.0,undefined,0.0,9.84388113022
se161021,linearsvc_C0.1,9479,0.0356841693144,0.833333333333,0.0,0.0,0.0,undefined,0.0,9.16760182381
se161021,linearsvc_C0.1,9006,0.0339035371712,0.833333333333,0.0,0.0,0.0,undefined,0.0,8.69003820419
se161021,linearsvc_C0.1,8556,0.0322094896776,0.833333333333,0.0,0.0,0.0,undefined,0.0,8.21182703972
se161021,linearsvc_C0.1,8129,0.0306020268337,0.888888888889,0.0,0.0,0.0,undefined,0.0,7.7274980545
se161021,linearsvc_C0.1,7723,0.0290736195395,0.888888888889,0.0,0.0,0.0,undefined,0.0,7.32343101501
se161021,linearsvc_C0.1,7337,0.027620503245,0.888888888889,0.0,0.0,0.0,undefined,0.0,6.42520713806
se161021,linearsvc_C0.1,6971,0.0262426779503,0.888888888889,0.0,0.0,0.0,undefined,0.0,6.26713013649
se161021,linearsvc_C0.1,6623,0.0249326145553,0.888888888889,0.0,0.0,0.0,undefined,0.0,5.73697495461
se161021,linearsvc_C0.1,6292,0.02368654851,0.944444444444,0.0,0.0,0.0,undefined,0.0,5.32793498039
se161021,linearsvc_C0.1,5978,0.0225044798145,0.944444444444,0.0,0.0,0.0,undefined,0.0,5.53498411179
se161021,linearsvc_C0.1,5680,0.0213826439187,0.888888888889,0.0,0.0,0.0,undefined,0.0,4.74295186996
se161021,linearsvc_C0.1,5396,0.0203135117228,0.888888888889,0.0,0.0,0.0,undefined,0.0,4.23041892052
se161021,linearsvc_C0.1,5127,0.0193008477767,0.888888888889,0.0,0.0,0.0,undefined,0.0,3.44222903252
se161021,linearsvc_C0.1,4871,0.0183371229803,0.888888888889,0.0,0.0,0.0,undefined,0.0,3.80564594269
se161021,linearsvc_C0.1,4628,0.0174223373338,0.888888888889,0.0,0.0,0.0,undefined,0.0,3.71053791046
se161021,linearsvc_C0.1,4397,0.0165527262871,0.888888888889,0.0,0.0,0.0,undefined,0.0,3.41914105415
se161021,linearsvc_C0.1,4178,0.0157282898402,0.888888888889,0.0,0.0,0.0,undefined,0.0,2.48832011223
se161021,linearsvc_C0.1,3970,0.0149452634432,0.888888888889,0.0,0.0,0.0,undefined,0.0,2.27734613419
se161021,linearsvc_C0.1,3772,0.014199882546,0.888888888889,0.0,0.0,0.0,undefined,0.0,2.45212388039
se161021,linearsvc_C0.1,3584,0.0134921471487,0.888888888889,0.0,0.0,0.0,undefined,0.0,2.27729511261
se161021,linearsvc_C0.1,3405,0.0128182927013,0.888888888889,0.0,0.0,0.0,undefined,0.0,2.08120512962
se161021,linearsvc_C0.1,3235,0.0121783192037,0.888888888889,0.0,0.0,0.0,undefined,0.0,2.12960195541
se161021,linearsvc_C0.1,3074,0.011572226656,0.888888888889,0.0,0.0,0.0,undefined,0.0,1.82101988792
se161021,linearsvc_C0.1,2921,0.0109962505082,0.888888888889,0.0,0.0,0.0,undefined,0.0,1.58062291145
se161021,linearsvc_C0.1,2775,0.0104466262103,0.888888888889,0.0,0.0,0.0,undefined,0.0,1.47490787506
se161021,linearsvc_C0.1,2637,0.00992711831228,0.888888888889,0.0,0.0,0.0,undefined,0.0,1.36813497543
se161021,linearsvc_C0.1,2506,0.00943396226415,0.888888888889,0.0,0.0,0.0,undefined,0.0,1.51143884659
se161021,linearsvc_C0.1,2381,0.00896339351594,0.888888888889,0.0,0.0,0.0,undefined,0.0,1.09344387054
se161021,linearsvc_C0.1,2262,0.00851541206764,0.888888888889,0.0,0.0,0.0,undefined,0.0,1.19819808006
se161021,linearsvc_C0.1,2149,0.00809001791926,0.888888888889,0.0,0.0,0.0,undefined,0.0,0.867995023727
se161021,linearsvc_C0.1,2042,0.00768721107079,0.888888888889,0.0,0.0,0.0,undefined,0.0,0.857511997223
se161021,linearsvc_C0.1,1940,0.00730322697225,0.888888888889,0.0,0.0,0.0,undefined,0.0,1.02318501472
se161021,linearsvc_C0.1,1843,0.00693806562364,0.888888888889,0.0,0.0,0.0,undefined,0.0,0.799415111542
se161021,linearsvc_C0.1,1751,0.00659172702495,0.888888888889,0.0,0.0,0.0,undefined,0.0,0.722698926926
se161021,linearsvc_C0.1,1664,0.0062642111762,0.888888888889,0.0,0.0,0.0,undefined,0.0,0.807759046555
se161021,linearsvc_C0.1,1581,0.00595175352738,0.888888888889,0.0,0.0,0.0,undefined,0.0,0.610736131668
se161021,linearsvc_C0.1,1502,0.00565435407851,0.833333333333,0.0,0.0,0.0,undefined,0.0,0.711529016495
se161021,linearsvc_C0.1,1427,0.00537201282959,0.888888888889,0.0,0.0,0.0,undefined,0.0,0.544667005539
se161021,linearsvc_C0.1,1356,0.0051047297806,0.888888888889,0.0,0.0,0.0,undefined,0.0,0.592219829559
se161021,linearsvc_C1.0,265636,1.0,0.944444444444,0.0,0.0,0.0,undefined,0.0,20.0229659081
se161021,linearsvc_C1.0,252355,0.95000301164,0.944444444444,0.0,0.0,0.0,undefined,0.0,18.4148390293
se161021,linearsvc_C1.0,239738,0.90250568447,0.944444444444,0.0,0.0,0.0,undefined,0.0,17.4735271931
se161021,linearsvc_C1.0,227752,0.857383788342,0.944444444444,0.0,0.0,0.0,undefined,0.0,16.6178147793
se161021,linearsvc_C1.0,216365,0.814516857655,0.944444444444,0.0,0.0,0.0,undefined,0.0,15.936964035
se161021,linearsvc_C1.0,205547,0.77379195591,0.944444444444,0.0,0.0,0.0,undefined,0.0,14.4419498444
se161021,linearsvc_C1.0,195270,0.735103675707,0.944444444444,0.0,0.0,0.0,undefined,0.0,13.7926478386
se161021,linearsvc_C1.0,185507,0.698350374196,0.944444444444,0.0,0.0,0.0,undefined,0.0,13.036303997
se161021,linearsvc_C1.0,176232,0.663434173079,0.944444444444,0.0,0.0,0.0,undefined,0.0,11.9629669189
se161021,linearsvc_C1.0,167421,0.630264723155,0.944444444444,0.0,0.0,0.0,undefined,0.0,11.4587090015
se161021,linearsvc_C1.0,159050,0.598751675225,0.944444444444,0.0,0.0,0.0,undefined,0.0,10.8129060268
se161021,linearsvc_C1.0,151098,0.568815973738,0.944444444444,0.0,0.0,0.0,undefined,0.0,10.1166329384
se161021,linearsvc_C1.0,143544,0.540378563147,0.944444444444,0.0,0.0,0.0,undefined,0.0,9.40760111809
se161021,linearsvc_C1.0,136367,0.513360387899,0.944444444444,0.0,0.0,0.0,undefined,0.0,8.82661414146
se161021,linearsvc_C1.0,129549,0.487693686097,0.944444444444,0.0,0.0,0.0,undefined,0.0,8.4841029644
se161021,linearsvc_C1.0,123072,0.463310695839,0.944444444444,0.0,0.0,0.0,undefined,0.0,8.05304098129
se161021,linearsvc_C1.0,116919,0.440147419777,0.944444444444,0.0,0.0,0.0,undefined,0.0,7.28684282303
se161021,linearsvc_C1.0,111074,0.418143625111,0.944444444444,0.0,0.0,0.0,undefined,0.0,7.04197192192
se161021,linearsvc_C1.0,105521,0.39723907904,0.944444444444,0.0,0.0,0.0,undefined,0.0,6.8945710659
se161021,linearsvc_C1.0,100245,0.377377313316,0.944444444444,0.0,0.0,0.0,undefined,0.0,6.34858417511
se161021,linearsvc_C1.0,95233,0.358509388788,0.944444444444,0.0,0.0,0.0,undefined,0.0,6.07815408707
se161021,linearsvc_C1.0,90472,0.340586366306,0.944444444444,0.0,0.0,0.0,undefined,0.0,5.55921721458
se161021,linearsvc_C1.0,85949,0.32355930672,0.944444444444,0.0,0.0,0.0,undefined,0.0,5.27562594414
se161021,linearsvc_C1.0,81652,0.307383035432,0.944444444444,0.0,0.0,0.0,undefined,0.0,5.02431297302
se161021,linearsvc_C1.0,77570,0.29201614239,0.944444444444,0.0,0.0,0.0,undefined,0.0,4.57826709747
se161021,linearsvc_C1.0,73692,0.277417217546,0.944444444444,0.0,0.0,0.0,undefined,0.0,4.4399728775
se161021,linearsvc_C1.0,70008,0.263548615399,0.944444444444,0.0,0.0,0.0,undefined,0.0,4.20552301407
se161021,linearsvc_C1.0,66508,0.250372690449,0.944444444444,0.0,0.0,0.0,undefined,0.0,4.01182818413
se161021,linearsvc_C1.0,63183,0.237855561746,0.944444444444,0.0,0.0,0.0,undefined,0.0,3.72293710709
se161021,linearsvc_C1.0,60024,0.225963348341,0.944444444444,0.0,0.0,0.0,undefined,0.0,3.52214002609
se161021,linearsvc_C1.0,57023,0.214665933834,0.944444444444,0.0,0.0,0.0,undefined,0.0,3.27727603912
se161021,linearsvc_C1.0,54172,0.203933201825,0.944444444444,0.0,0.0,0.0,undefined,0.0,3.07189106941
se161021,linearsvc_C1.0,51464,0.193738800464,0.944444444444,0.0,0.0,0.0,undefined,0.0,2.8464550972
se161021,linearsvc_C1.0,48891,0.184052613351,0.944444444444,0.0,0.0,0.0,undefined,0.0,2.80777716637
se161021,linearsvc_C1.0,46447,0.174852053186,0.944444444444,0.0,0.0,0.0,undefined,0.0,2.52142000198
se161021,linearsvc_C1.0,44125,0.166110768119,0.944444444444,0.0,0.0,0.0,undefined,0.0,2.52685689926
se161021,linearsvc_C1.0,41919,0.15780617085,0.944444444444,0.0,0.0,0.0,undefined,0.0,2.32904291153
se161021,linearsvc_C1.0,39824,0.14991943863,0.944444444444,0.0,0.0,0.0,undefined,0.0,2.10181522369
se161021,linearsvc_C1.0,37833,0.142424219609,0.944444444444,0.0,0.0,0.0,undefined,0.0,1.9947040081
se161021,linearsvc_C1.0,35942,0.135305455586,0.944444444444,0.0,0.0,0.0,undefined,0.0,1.90651202202
se161021,linearsvc_C1.0,34145,0.128540559262,0.944444444444,0.0,0.0,0.0,undefined,0.0,1.84746384621
se161021,linearsvc_C1.0,32438,0.122114472436,0.944444444444,0.0,0.0,0.0,undefined,0.0,1.72611188889
se161021,linearsvc_C1.0,30817,0.116012136909,0.944444444444,0.0,0.0,0.0,undefined,0.0,1.61365604401
se161021,linearsvc_C1.0,29277,0.110214729931,0.944444444444,0.0,0.0,0.0,undefined,0.0,1.552298069
se161021,linearsvc_C1.0,27814,0.104707193302,0.944444444444,0.0,0.0,0.0,undefined,0.0,1.39810585976
se161021,linearsvc_C1.0,26424,0.099474468822,0.944444444444,0.0,0.0,0.0,undefined,0.0,1.30448913574
se161021,linearsvc_C1.0,25103,0.0945014982909,0.944444444444,0.0,0.0,0.0,undefined,0.0,1.31743502617
se161021,linearsvc_C1.0,23848,0.0897769880588,0.944444444444,0.0,0.0,0.0,undefined,0.0,1.20552992821
se161021,linearsvc_C1.0,22656,0.0852896444759,0.944444444444,0.0,0.0,0.0,undefined,0.0,1.13832402229
se161021,linearsvc_C1.0,21524,0.0810281738921,0.888888888889,0.0,0.0,0.0,undefined,0.0,1.060338974
se161021,linearsvc_C1.0,20448,0.0769775181075,0.944444444444,0.0,0.0,0.0,undefined,0.0,1.01001501083
se161021,linearsvc_C1.0,19426,0.0731301480221,0.944444444444,0.0,0.0,0.0,undefined,0.0,0.938376188278
se161021,linearsvc_C1.0,18455,0.069474769986,0.833333333333,0.0,0.0,0.0,undefined,0.0,0.894868135452
se161021,linearsvc_C1.0,17533,0.0660038548992,0.833333333333,0.0,0.0,0.0,undefined,0.0,0.862617969513
se161021,linearsvc_C1.0,16657,0.0627061091117,0.888888888889,0.0,0.0,0.0,undefined,0.0,0.784444093704
se161021,linearsvc_C1.0,15825,0.0595740035236,0.888888888889,0.0,0.0,0.0,undefined,0.0,0.760410070419
se161021,linearsvc_C1.0,15034,0.0565962444849,0.888888888889,0.0,0.0,0.0,undefined,0.0,0.680193901062
se161021,linearsvc_C1.0,14283,0.0537690674457,0.888888888889,0.0,0.0,0.0,undefined,0.0,0.679118871689
se161021,linearsvc_C1.0,13569,0.0510811787559,0.944444444444,0.0,0.0,0.0,undefined,0.0,0.592114925385
se161021,linearsvc_C1.0,12891,0.0485288138656,0.944444444444,0.0,0.0,0.0,undefined,0.0,0.579044103622
se161021,linearsvc_C1.0,12247,0.0461044436748,0.944444444444,0.0,0.0,0.0,undefined,0.0,0.561258077621
se161021,linearsvc_C1.0,11635,0.0438005390836,0.944444444444,0.0,0.0,0.0,undefined,0.0,0.524769067764
se161021,linearsvc_C1.0,11054,0.0416133355419,0.944444444444,0.0,0.0,0.0,undefined,0.0,0.451095104218
se161021,linearsvc_C1.0,10502,0.0395353039498,0.888888888889,0.0,0.0,0.0,undefined,0.0,0.446991920471
se161021,linearsvc_C1.0,9977,0.0375589152073,0.888888888889,0.0,0.0,0.0,undefined,0.0,0.418133020401
se161021,linearsvc_C1.0,9479,0.0356841693144,0.888888888889,0.0,0.0,0.0,undefined,0.0,0.382471084595
se161021,linearsvc_C1.0,9006,0.0339035371712,0.888888888889,0.0,0.0,0.0,undefined,0.0,0.374786138535
se161021,linearsvc_C1.0,8556,0.0322094896776,0.888888888889,0.0,0.0,0.0,undefined,0.0,0.352946996689
se161021,linearsvc_C1.0,8129,0.0306020268337,0.888888888889,0.0,0.0,0.0,undefined,0.0,0.317085027695
se161021,linearsvc_C1.0,7723,0.0290736195395,0.888888888889,0.0,0.0,0.0,undefined,0.0,0.30105805397
se161021,linearsvc_C1.0,7337,0.027620503245,0.944444444444,0.0,0.0,0.0,undefined,0.0,0.300316095352
se161021,linearsvc_C1.0,6971,0.0262426779503,0.944444444444,0.0,0.0,0.0,undefined,0.0,0.274188995361
se161021,linearsvc_C1.0,6623,0.0249326145553,0.944444444444,0.0,0.0,0.0,undefined,0.0,0.26778793335
se161021,linearsvc_C1.0,6292,0.02368654851,0.944444444444,0.0,0.0,0.0,undefined,0.0,0.245632886887
se161021,linearsvc_C1.0,5978,0.0225044798145,0.944444444444,0.0,0.0,0.0,undefined,0.0,0.221856832504
se161021,linearsvc_C1.0,5680,0.0213826439187,0.944444444444,0.0,0.0,0.0,undefined,0.0,0.203444004059
se161021,linearsvc_C1.0,5396,0.0203135117228,0.944444444444,0.0,0.0,0.0,undefined,0.0,0.196740865707
se161021,linearsvc_C1.0,5127,0.0193008477767,0.944444444444,0.0,0.0,0.0,undefined,0.0,0.177289009094
se161021,linearsvc_C1.0,4871,0.0183371229803,0.944444444444,0.0,0.0,0.0,undefined,0.0,0.195533037186
se161021,linearsvc_C1.0,4628,0.0174223373338,0.944444444444,0.0,0.0,0.0,undefined,0.0,0.176023006439
se161021,linearsvc_C1.0,4397,0.0165527262871,0.944444444444,0.0,0.0,0.0,undefined,0.0,0.184069871902
se161021,linearsvc_C1.0,4178,0.0157282898402,0.944444444444,0.0,0.0,0.0,undefined,0.0,0.158476114273
se161021,linearsvc_C1.0,3970,0.0149452634432,0.944444444444,0.0,0.0,0.0,undefined,0.0,0.147217035294
se161021,linearsvc_C1.0,3772,0.014199882546,0.944444444444,0.0,0.0,0.0,undefined,0.0,0.14230298996
se161021,linearsvc_C1.0,3584,0.0134921471487,0.888888888889,0.0,0.0,0.0,undefined,0.0,0.162972927094
se161021,linearsvc_C1.0,3405,0.0128182927013,0.888888888889,0.0,0.0,0.0,undefined,0.0,0.285832881927
se161021,linearsvc_C1.0,3235,0.0121783192037,0.888888888889,0.0,0.0,0.0,undefined,0.0,0.137501955032
se161021,linearsvc_C1.0,3074,0.011572226656,0.888888888889,0.0,0.0,0.0,undefined,0.0,0.182937860489
se161021,linearsvc_C1.0,2921,0.0109962505082,0.888888888889,0.0,0.0,0.0,undefined,0.0,1.39515113831
se161021,linearsvc_C1.0,2775,0.0104466262103,0.888888888889,0.0,0.0,0.0,undefined,0.0,0.15084195137
se161021,linearsvc_C1.0,2637,0.00992711831228,0.888888888889,0.0,0.0,0.0,undefined,0.0,0.670386075974
se161021,linearsvc_C1.0,2506,0.00943396226415,0.888888888889,0.0,0.0,0.0,undefined,0.0,1.12088704109
se161021,linearsvc_C1.0,2381,0.00896339351594,0.888888888889,0.0,0.0,0.0,undefined,0.0,0.831972122192
se161021,linearsvc_C1.0,2262,0.00851541206764,0.888888888889,0.0,0.0,0.0,undefined,0.0,0.980147838593
se161021,linearsvc_C1.0,2149,0.00809001791926,0.888888888889,0.0,0.0,0.0,undefined,0.0,0.800395965576
se161021,linearsvc_C1.0,2042,0.00768721107079,0.888888888889,0.0,0.0,0.0,undefined,0.0,1.27807283401
se161021,linearsvc_C1.0,1940,0.00730322697225,0.888888888889,0.0,0.0,0.0,undefined,0.0,1.30108213425
se161021,linearsvc_C1.0,1843,0.00693806562364,0.888888888889,0.0,0.0,0.0,undefined,0.0,0.875313997269
se161021,linearsvc_C1.0,1751,0.00659172702495,0.888888888889,0.0,0.0,0.0,undefined,0.0,0.924968004227
se161021,linearsvc_C1.0,1664,0.0062642111762,0.888888888889,0.0,0.0,0.0,undefined,0.0,1.18939304352
se161021,linearsvc_C1.0,1581,0.00595175352738,0.888888888889,0.0,0.0,0.0,undefined,0.0,0.773118019104
se161021,linearsvc_C1.0,1502,0.00565435407851,0.888888888889,0.0,0.0,0.0,undefined,0.0,1.17024707794
se161021,linearsvc_C1.0,1427,0.00537201282959,0.888888888889,0.0,0.0,0.0,undefined,0.0,1.02847909927
se161021,linearsvc_C1.0,1356,0.0051047297806,0.888888888889,0.0,0.0,0.0,undefined,0.0,0.979393005371
se161021,linearsvc_C10.0,265636,1.0,0.944444444444,0.0,0.0,0.0,undefined,0.0,18.2258579731
se161021,linearsvc_C10.0,252355,0.95000301164,0.944444444444,0.0,0.0,0.0,undefined,0.0,17.2811279297
se161021,linearsvc_C10.0,239738,0.90250568447,0.944444444444,0.0,0.0,0.0,undefined,0.0,16.7844700813
se161021,linearsvc_C10.0,227752,0.857383788342,0.944444444444,0.0,0.0,0.0,undefined,0.0,15.7349398136
se161021,linearsvc_C10.0,216365,0.814516857655,0.944444444444,0.0,0.0,0.0,undefined,0.0,14.3377940655
se161021,linearsvc_C10.0,205547,0.77379195591,0.944444444444,0.0,0.0,0.0,undefined,0.0,13.4666829109
se161021,linearsvc_C10.0,195270,0.735103675707,0.944444444444,0.0,0.0,0.0,undefined,0.0,12.8764741421
se161021,linearsvc_C10.0,185507,0.698350374196,0.944444444444,0.0,0.0,0.0,undefined,0.0,12.3330149651
se161021,linearsvc_C10.0,176232,0.663434173079,0.944444444444,0.0,0.0,0.0,undefined,0.0,11.3111791611
se161021,linearsvc_C10.0,167421,0.630264723155,0.944444444444,0.0,0.0,0.0,undefined,0.0,10.6316449642
se161021,linearsvc_C10.0,159050,0.598751675225,0.944444444444,0.0,0.0,0.0,undefined,0.0,10.0339829922
se161021,linearsvc_C10.0,151098,0.568815973738,0.944444444444,0.0,0.0,0.0,undefined,0.0,9.38848996162
se161021,linearsvc_C10.0,143544,0.540378563147,0.944444444444,0.0,0.0,0.0,undefined,0.0,8.74980592728
se161021,linearsvc_C10.0,136367,0.513360387899,0.944444444444,0.0,0.0,0.0,undefined,0.0,8.58409810066
se161021,linearsvc_C10.0,129549,0.487693686097,0.944444444444,0.0,0.0,0.0,undefined,0.0,7.98922204971
se161021,linearsvc_C10.0,123072,0.463310695839,0.944444444444,0.0,0.0,0.0,undefined,0.0,7.61062097549
se161021,linearsvc_C10.0,116919,0.440147419777,0.944444444444,0.0,0.0,0.0,undefined,0.0,7.21881604195
se161021,linearsvc_C10.0,111074,0.418143625111,0.944444444444,0.0,0.0,0.0,undefined,0.0,6.57968306541
se161021,linearsvc_C10.0,105521,0.39723907904,0.944444444444,0.0,0.0,0.0,undefined,0.0,6.12757086754
se161021,linearsvc_C10.0,100245,0.377377313316,0.944444444444,0.0,0.0,0.0,undefined,0.0,5.82509493828
se161021,linearsvc_C10.0,95233,0.358509388788,0.944444444444,0.0,0.0,0.0,undefined,0.0,5.62108707428
se161021,linearsvc_C10.0,90472,0.340586366306,0.944444444444,0.0,0.0,0.0,undefined,0.0,5.36059308052
se161021,linearsvc_C10.0,85949,0.32355930672,0.944444444444,0.0,0.0,0.0,undefined,0.0,5.00133490562
se161021,linearsvc_C10.0,81652,0.307383035432,0.944444444444,0.0,0.0,0.0,undefined,0.0,4.68747901917
se161021,linearsvc_C10.0,77570,0.29201614239,0.944444444444,0.0,0.0,0.0,undefined,0.0,4.28165793419
se161021,linearsvc_C10.0,73692,0.277417217546,0.944444444444,0.0,0.0,0.0,undefined,0.0,4.22262811661
se161021,linearsvc_C10.0,70008,0.263548615399,0.944444444444,0.0,0.0,0.0,undefined,0.0,3.78686499596
se161021,linearsvc_C10.0,66508,0.250372690449,0.944444444444,0.0,0.0,0.0,undefined,0.0,3.53940105438
se161021,linearsvc_C10.0,63183,0.237855561746,0.944444444444,0.0,0.0,0.0,undefined,0.0,3.47996807098
se161021,linearsvc_C10.0,60024,0.225963348341,0.944444444444,0.0,0.0,0.0,undefined,0.0,3.19310688972
se161021,linearsvc_C10.0,57023,0.214665933834,0.944444444444,0.0,0.0,0.0,undefined,0.0,3.05913496017
se161021,linearsvc_C10.0,54172,0.203933201825,0.944444444444,0.0,0.0,0.0,undefined,0.0,2.86804199219
se161021,linearsvc_C10.0,51464,0.193738800464,0.944444444444,0.0,0.0,0.0,undefined,0.0,2.78230810165
se161021,linearsvc_C10.0,48891,0.184052613351,0.944444444444,0.0,0.0,0.0,undefined,0.0,2.5799369812
se161021,linearsvc_C10.0,46447,0.174852053186,0.944444444444,0.0,0.0,0.0,undefined,0.0,2.40636587143
se161021,linearsvc_C10.0,44125,0.166110768119,0.944444444444,0.0,0.0,0.0,undefined,0.0,2.26596403122
se161021,linearsvc_C10.0,41919,0.15780617085,0.944444444444,0.0,0.0,0.0,undefined,0.0,2.14582204819
se161021,linearsvc_C10.0,39824,0.14991943863,0.944444444444,0.0,0.0,0.0,undefined,0.0,2.05184102058
se161021,linearsvc_C10.0,37833,0.142424219609,0.944444444444,0.0,0.0,0.0,undefined,0.0,1.92728114128
se161021,linearsvc_C10.0,35942,0.135305455586,0.944444444444,0.0,0.0,0.0,undefined,0.0,1.79737496376
se161021,linearsvc_C10.0,34145,0.128540559262,0.944444444444,0.0,0.0,0.0,undefined,0.0,1.69408392906
se161021,linearsvc_C10.0,32438,0.122114472436,0.944444444444,0.0,0.0,0.0,undefined,0.0,1.59032392502
se161021,linearsvc_C10.0,30817,0.116012136909,0.944444444444,0.0,0.0,0.0,undefined,0.0,1.52663588524
se161021,linearsvc_C10.0,29277,0.110214729931,0.944444444444,0.0,0.0,0.0,undefined,0.0,1.39125609398
se161021,linearsvc_C10.0,27814,0.104707193302,0.944444444444,0.0,0.0,0.0,undefined,0.0,1.31017398834
se161021,linearsvc_C10.0,26424,0.099474468822,0.944444444444,0.0,0.0,0.0,undefined,0.0,1.27753901482
se161021,linearsvc_C10.0,25103,0.0945014982909,0.944444444444,0.0,0.0,0.0,undefined,0.0,1.17977499962
se161021,linearsvc_C10.0,23848,0.0897769880588,0.944444444444,0.0,0.0,0.0,undefined,0.0,1.09973907471
se161021,linearsvc_C10.0,22656,0.0852896444759,0.944444444444,0.0,0.0,0.0,undefined,0.0,1.0973470211
se161021,linearsvc_C10.0,21524,0.0810281738921,0.944444444444,0.0,0.0,0.0,undefined,0.0,0.99756193161
se161021,linearsvc_C10.0,20448,0.0769775181075,0.944444444444,0.0,0.0,0.0,undefined,0.0,0.995566129684
se161021,linearsvc_C10.0,19426,0.0731301480221,0.944444444444,0.0,0.0,0.0,undefined,0.0,0.892111063004
se161021,linearsvc_C10.0,18455,0.069474769986,0.944444444444,0.0,0.0,0.0,undefined,0.0,0.819628000259
se161021,linearsvc_C10.0,17533,0.0660038548992,0.944444444444,0.0,0.0,0.0,undefined,0.0,0.813559055328
se161021,linearsvc_C10.0,16657,0.0627061091117,0.944444444444,0.0,0.0,0.0,undefined,0.0,0.754324913025
se161021,linearsvc_C10.0,15825,0.0595740035236,0.944444444444,0.0,0.0,0.0,undefined,0.0,0.702365875244
se161021,linearsvc_C10.0,15034,0.0565962444849,0.944444444444,0.0,0.0,0.0,undefined,0.0,0.641268014908
se161021,linearsvc_C10.0,14283,0.0537690674457,0.944444444444,0.0,0.0,0.0,undefined,0.0,0.603745222092
se161021,linearsvc_C10.0,13569,0.0510811787559,0.944444444444,0.0,0.0,0.0,undefined,0.0,0.541417837143
se161021,linearsvc_C10.0,12891,0.0485288138656,0.944444444444,0.0,0.0,0.0,undefined,0.0,0.541411876678
se161021,linearsvc_C10.0,12247,0.0461044436748,0.888888888889,0.0,0.0,0.0,undefined,0.0,0.507639169693
se161021,linearsvc_C10.0,11635,0.0438005390836,0.944444444444,0.0,0.0,0.0,undefined,0.0,0.48512506485
se161021,linearsvc_C10.0,11054,0.0416133355419,0.944444444444,0.0,0.0,0.0,undefined,0.0,0.438155889511
se161021,linearsvc_C10.0,10502,0.0395353039498,0.888888888889,0.0,0.0,0.0,undefined,0.0,0.429409980774
se161021,linearsvc_C10.0,9977,0.0375589152073,0.888888888889,0.0,0.0,0.0,undefined,0.0,0.411454916
se161021,linearsvc_C10.0,9479,0.0356841693144,0.888888888889,0.0,0.0,0.0,undefined,0.0,0.372260093689
se161021,linearsvc_C10.0,9006,0.0339035371712,0.888888888889,0.0,0.0,0.0,undefined,0.0,0.35493516922
se161021,linearsvc_C10.0,8556,0.0322094896776,0.888888888889,0.0,0.0,0.0,undefined,0.0,0.317533016205
se161021,linearsvc_C10.0,8129,0.0306020268337,0.888888888889,0.0,0.0,0.0,undefined,0.0,0.315430879593
se161021,linearsvc_C10.0,7723,0.0290736195395,0.888888888889,0.0,0.0,0.0,undefined,0.0,0.29838013649
se161021,linearsvc_C10.0,7337,0.027620503245,0.888888888889,0.0,0.0,0.0,undefined,0.0,0.283586025238
se161021,linearsvc_C10.0,6971,0.0262426779503,0.888888888889,0.0,0.0,0.0,undefined,0.0,0.245670080185
se161021,linearsvc_C10.0,6623,0.0249326145553,0.888888888889,0.0,0.0,0.0,undefined,0.0,0.245374917984
se161021,linearsvc_C10.0,6292,0.02368654851,0.888888888889,0.0,0.0,0.0,undefined,0.0,0.252142906189
se161021,linearsvc_C10.0,5978,0.0225044798145,0.888888888889,0.0,0.0,0.0,undefined,0.0,0.207468986511
se161021,linearsvc_C10.0,5680,0.0213826439187,0.888888888889,0.0,0.0,0.0,undefined,0.0,0.210378885269
se161021,linearsvc_C10.0,5396,0.0203135117228,0.888888888889,0.0,0.0,0.0,undefined,0.0,0.191483020782
se161021,linearsvc_C10.0,5127,0.0193008477767,0.888888888889,0.0,0.0,0.0,undefined,0.0,0.185259103775
se161021,linearsvc_C10.0,4871,0.0183371229803,0.888888888889,0.0,0.0,0.0,undefined,0.0,0.164799928665
se161021,linearsvc_C10.0,4628,0.0174223373338,0.888888888889,0.0,0.0,0.0,undefined,0.0,0.169041156769
se161021,linearsvc_C10.0,4397,0.0165527262871,0.888888888889,0.0,0.0,0.0,undefined,0.0,0.148524999619
se161021,linearsvc_C10.0,4178,0.0157282898402,0.888888888889,0.0,0.0,0.0,undefined,0.0,0.140123844147
se161021,linearsvc_C10.0,3970,0.0149452634432,0.888888888889,0.0,0.0,0.0,undefined,0.0,0.15545797348
se161021,linearsvc_C10.0,3772,0.014199882546,0.888888888889,0.0,0.0,0.0,undefined,0.0,0.139704942703
se161021,linearsvc_C10.0,3584,0.0134921471487,0.888888888889,0.0,0.0,0.0,undefined,0.0,0.129791021347
se161021,linearsvc_C10.0,3405,0.0128182927013,0.888888888889,0.0,0.0,0.0,undefined,0.0,0.14567899704
se161021,linearsvc_C10.0,3235,0.0121783192037,0.888888888889,0.0,0.0,0.0,undefined,0.0,0.133263111115
se161021,linearsvc_C10.0,3074,0.011572226656,0.888888888889,0.0,0.0,0.0,undefined,0.0,0.124680995941
se161021,linearsvc_C10.0,2921,0.0109962505082,0.888888888889,0.0,0.0,0.0,undefined,0.0,0.115061044693
se161021,linearsvc_C10.0,2775,0.0104466262103,0.888888888889,0.0,0.0,0.0,undefined,0.0,0.112138032913
se161021,linearsvc_C10.0,2637,0.00992711831228,0.888888888889,0.0,0.0,0.0,undefined,0.0,0.109503030777
se161021,linearsvc_C10.0,2506,0.00943396226415,0.888888888889,0.0,0.0,0.0,undefined,0.0,0.112601041794
se161021,linearsvc_C10.0,2381,0.00896339351594,0.888888888889,0.0,0.0,0.0,undefined,0.0,0.0998890399933
se161021,linearsvc_C10.0,2262,0.00851541206764,0.888888888889,0.0,0.0,0.0,undefined,0.0,0.102756977081
se161021,linearsvc_C10.0,2149,0.00809001791926,0.888888888889,0.0,0.0,0.0,undefined,0.0,0.0876231193542
se161021,linearsvc_C10.0,2042,0.00768721107079,0.888888888889,0.0,0.0,0.0,undefined,0.0,0.0864989757538
se161021,linearsvc_C10.0,1940,0.00730322697225,0.888888888889,0.0,0.0,0.0,undefined,0.0,0.0914311408997
se161021,linearsvc_C10.0,1843,0.00693806562364,0.888888888889,0.0,0.0,0.0,undefined,0.0,0.118046998978
se161021,linearsvc_C10.0,1751,0.00659172702495,0.888888888889,0.0,0.0,0.0,undefined,0.0,0.108865022659
se161021,linearsvc_C10.0,1664,0.0062642111762,0.888888888889,0.0,0.0,0.0,undefined,0.0,0.106429100037
se161021,linearsvc_C10.0,1581,0.00595175352738,0.888888888889,0.0,0.0,0.0,undefined,0.0,0.109570026398
se161021,linearsvc_C10.0,1502,0.00565435407851,0.888888888889,0.0,0.0,0.0,undefined,0.0,0.11012506485
se161021,linearsvc_C10.0,1427,0.00537201282959,0.888888888889,0.0,0.0,0.0,undefined,0.0,0.104473114014
se161021,linearsvc_C10.0,1356,0.0051047297806,0.888888888889,0.0,0.0,0.0,undefined,0.0,0.101675033569
se161021,linearsvc_C100.0,265636,1.0,0.944444444444,0.0,0.0,0.0,undefined,0.0,19.0221948624
se161021,linearsvc_C100.0,252355,0.95000301164,0.944444444444,0.0,0.0,0.0,undefined,0.0,17.9721829891
se161021,linearsvc_C100.0,239738,0.90250568447,0.944444444444,0.0,0.0,0.0,undefined,0.0,16.6654670238
se161021,linearsvc_C100.0,227752,0.857383788342,0.944444444444,0.0,0.0,0.0,undefined,0.0,15.9841070175
se161021,linearsvc_C100.0,216365,0.814516857655,0.944444444444,0.0,0.0,0.0,undefined,0.0,15.426377058
se161021,linearsvc_C100.0,205547,0.77379195591,0.944444444444,0.0,0.0,0.0,undefined,0.0,14.4125912189
se161021,linearsvc_C100.0,195270,0.735103675707,0.944444444444,0.0,0.0,0.0,undefined,0.0,13.4904019833
se161021,linearsvc_C100.0,185507,0.698350374196,0.944444444444,0.0,0.0,0.0,undefined,0.0,12.9088931084
se161021,linearsvc_C100.0,176232,0.663434173079,0.944444444444,0.0,0.0,0.0,undefined,0.0,11.5734770298
se161021,linearsvc_C100.0,167421,0.630264723155,0.944444444444,0.0,0.0,0.0,undefined,0.0,11.6245040894
se161021,linearsvc_C100.0,159050,0.598751675225,0.944444444444,0.0,0.0,0.0,undefined,0.0,10.5602920055
se161021,linearsvc_C100.0,151098,0.568815973738,0.944444444444,0.0,0.0,0.0,undefined,0.0,9.94118499756
se161021,linearsvc_C100.0,143544,0.540378563147,0.944444444444,0.0,0.0,0.0,undefined,0.0,9.25714492798
se161021,linearsvc_C100.0,136367,0.513360387899,0.944444444444,0.0,0.0,0.0,undefined,0.0,9.095443964
se161021,linearsvc_C100.0,129549,0.487693686097,0.944444444444,0.0,0.0,0.0,undefined,0.0,8.52770018578
se161021,linearsvc_C100.0,123072,0.463310695839,0.944444444444,0.0,0.0,0.0,undefined,0.0,7.95955491066
se161021,linearsvc_C100.0,116919,0.440147419777,0.944444444444,0.0,0.0,0.0,undefined,0.0,7.43701195717
se161021,linearsvc_C100.0,111074,0.418143625111,0.944444444444,0.0,0.0,0.0,undefined,0.0,6.91525292397
se161021,linearsvc_C100.0,105521,0.39723907904,0.944444444444,0.0,0.0,0.0,undefined,0.0,6.52812600136
se161021,linearsvc_C100.0,100245,0.377377313316,0.944444444444,0.0,0.0,0.0,undefined,0.0,5.95588612556
se161021,linearsvc_C100.0,95233,0.358509388788,0.944444444444,0.0,0.0,0.0,undefined,0.0,5.97993302345
se161021,linearsvc_C100.0,90472,0.340586366306,0.944444444444,0.0,0.0,0.0,undefined,0.0,5.46396613121
se161021,linearsvc_C100.0,85949,0.32355930672,0.944444444444,0.0,0.0,0.0,undefined,0.0,5.10792207718
se161021,linearsvc_C100.0,81652,0.307383035432,0.944444444444,0.0,0.0,0.0,undefined,0.0,4.75782179832
se161021,linearsvc_C100.0,77570,0.29201614239,0.944444444444,0.0,0.0,0.0,undefined,0.0,4.55281209946
se161021,linearsvc_C100.0,73692,0.277417217546,0.944444444444,0.0,0.0,0.0,undefined,0.0,4.26753115654
se161021,linearsvc_C100.0,70008,0.263548615399,0.944444444444,0.0,0.0,0.0,undefined,0.0,3.8956489563
se161021,linearsvc_C100.0,66508,0.250372690449,0.944444444444,0.0,0.0,0.0,undefined,0.0,3.7747900486
se161021,linearsvc_C100.0,63183,0.237855561746,0.944444444444,0.0,0.0,0.0,undefined,0.0,3.58525300026
se161021,linearsvc_C100.0,60024,0.225963348341,0.944444444444,0.0,0.0,0.0,undefined,0.0,3.32886385918
se161021,linearsvc_C100.0,57023,0.214665933834,0.944444444444,0.0,0.0,0.0,undefined,0.0,3.14555001259
se161021,linearsvc_C100.0,54172,0.203933201825,0.944444444444,0.0,0.0,0.0,undefined,0.0,2.93322014809
se161021,linearsvc_C100.0,51464,0.193738800464,0.944444444444,0.0,0.0,0.0,undefined,0.0,2.68878412247
se161021,linearsvc_C100.0,48891,0.184052613351,0.944444444444,0.0,0.0,0.0,undefined,0.0,2.67099094391
se161021,linearsvc_C100.0,46447,0.174852053186,0.944444444444,0.0,0.0,0.0,undefined,0.0,2.3952870369
se161021,linearsvc_C100.0,44125,0.166110768119,0.944444444444,0.0,0.0,0.0,undefined,0.0,2.4271941185
se161021,linearsvc_C100.0,41919,0.15780617085,0.944444444444,0.0,0.0,0.0,undefined,0.0,2.28151297569
se161021,linearsvc_C100.0,39824,0.14991943863,0.944444444444,0.0,0.0,0.0,undefined,0.0,2.13294792175
se161021,linearsvc_C100.0,37833,0.142424219609,0.944444444444,0.0,0.0,0.0,undefined,0.0,2.02503800392
se161021,linearsvc_C100.0,35942,0.135305455586,0.888888888889,0.0,0.0,0.0,undefined,0.0,1.93044114113
se161021,linearsvc_C100.0,34145,0.128540559262,0.833333333333,0.0,0.0,0.0,undefined,0.0,1.71682786942
se161021,linearsvc_C100.0,32438,0.122114472436,0.833333333333,0.0,0.0,0.0,undefined,0.0,1.60592699051
se161021,linearsvc_C100.0,30817,0.116012136909,0.833333333333,0.0,0.0,0.0,undefined,0.0,1.60303997993
se161021,linearsvc_C100.0,29277,0.110214729931,0.833333333333,0.0,0.0,0.0,undefined,0.0,1.51860809326
se161021,linearsvc_C100.0,27814,0.104707193302,0.833333333333,0.0,0.0,0.0,undefined,0.0,1.39331507683
se161021,linearsvc_C100.0,26424,0.099474468822,0.833333333333,0.0,0.0,0.0,undefined,0.0,1.3570420742
se161021,linearsvc_C100.0,25103,0.0945014982909,0.888888888889,0.0,0.0,0.0,undefined,0.0,1.2337770462
se161021,linearsvc_C100.0,23848,0.0897769880588,0.888888888889,0.0,0.0,0.0,undefined,0.0,1.20534205437
se161021,linearsvc_C100.0,22656,0.0852896444759,0.833333333333,0.0,0.0,0.0,undefined,0.0,1.09338283539
se161021,linearsvc_C100.0,21524,0.0810281738921,0.888888888889,0.0,0.0,0.0,undefined,0.0,1.10809516907
se161021,linearsvc_C100.0,20448,0.0769775181075,0.833333333333,0.0,0.0,0.0,undefined,0.0,1.00721406937
se161021,linearsvc_C100.0,19426,0.0731301480221,0.833333333333,0.0,0.0,0.0,undefined,0.0,0.927893877029
se161021,linearsvc_C100.0,18455,0.069474769986,0.888888888889,0.0,0.0,0.0,undefined,0.0,0.87368106842
se161021,linearsvc_C100.0,17533,0.0660038548992,0.833333333333,0.0,0.0,0.0,undefined,0.0,0.825803041458
se161021,linearsvc_C100.0,16657,0.0627061091117,0.888888888889,0.0,0.0,0.0,undefined,0.0,0.797361850739
se161021,linearsvc_C100.0,15825,0.0595740035236,0.888888888889,0.0,0.0,0.0,undefined,0.0,0.743182897568
se161021,linearsvc_C100.0,15034,0.0565962444849,0.888888888889,0.0,0.0,0.0,undefined,0.0,0.684393882751
se161021,linearsvc_C100.0,14283,0.0537690674457,0.888888888889,0.0,0.0,0.0,undefined,0.0,0.677951097488
se161021,linearsvc_C100.0,13569,0.0510811787559,0.888888888889,0.0,0.0,0.0,undefined,0.0,0.637454986572
se161021,linearsvc_C100.0,12891,0.0485288138656,0.888888888889,0.0,0.0,0.0,undefined,0.0,0.602189064026
se161021,linearsvc_C100.0,12247,0.0461044436748,0.888888888889,0.0,0.0,0.0,undefined,0.0,0.555916070938
se161021,linearsvc_C100.0,11635,0.0438005390836,0.888888888889,0.0,0.0,0.0,undefined,0.0,0.524652004242
se161021,linearsvc_C100.0,11054,0.0416133355419,0.944444444444,0.0,0.0,0.0,undefined,0.0,0.519822120667
se161021,linearsvc_C100.0,10502,0.0395353039498,0.888888888889,0.0,0.0,0.0,undefined,0.0,0.406718969345
se161021,linearsvc_C100.0,9977,0.0375589152073,0.888888888889,0.0,0.0,0.0,undefined,0.0,0.434247016907
se161021,linearsvc_C100.0,9479,0.0356841693144,0.944444444444,0.0,0.0,0.0,undefined,0.0,0.403283119202
se161021,linearsvc_C100.0,9006,0.0339035371712,0.944444444444,0.0,0.0,0.0,undefined,0.0,0.343324899673
se161021,linearsvc_C100.0,8556,0.0322094896776,0.944444444444,0.0,0.0,0.0,undefined,0.0,0.353070020676
se161021,linearsvc_C100.0,8129,0.0306020268337,0.888888888889,0.0,0.0,0.0,undefined,0.0,0.306382894516
se161021,linearsvc_C100.0,7723,0.0290736195395,0.888888888889,0.0,0.0,0.0,undefined,0.0,0.317711114883
se161021,linearsvc_C100.0,7337,0.027620503245,0.888888888889,0.0,0.0,0.0,undefined,0.0,0.320798158646
se161021,linearsvc_C100.0,6971,0.0262426779503,0.888888888889,0.0,0.0,0.0,undefined,0.0,0.277959108353
se161021,linearsvc_C100.0,6623,0.0249326145553,0.888888888889,0.0,0.0,0.0,undefined,0.0,0.240298986435
se161021,linearsvc_C100.0,6292,0.02368654851,0.944444444444,0.0,0.0,0.0,undefined,0.0,0.235440015793
se161021,linearsvc_C100.0,5978,0.0225044798145,0.944444444444,0.0,0.0,0.0,undefined,0.0,0.260354995728
se161021,linearsvc_C100.0,5680,0.0213826439187,0.944444444444,0.0,0.0,0.0,undefined,0.0,0.208154916763
se161021,linearsvc_C100.0,5396,0.0203135117228,0.944444444444,0.0,0.0,0.0,undefined,0.0,0.190821886063
se161021,linearsvc_C100.0,5127,0.0193008477767,0.944444444444,0.0,0.0,0.0,undefined,0.0,0.21030497551
se161021,linearsvc_C100.0,4871,0.0183371229803,0.944444444444,0.0,0.0,0.0,undefined,0.0,0.180295228958
se161021,linearsvc_C100.0,4628,0.0174223373338,0.888888888889,0.0,0.0,0.0,undefined,0.0,0.174802064896
se161021,linearsvc_C100.0,4397,0.0165527262871,0.888888888889,0.0,0.0,0.0,undefined,0.0,0.170225858688
se161021,linearsvc_C100.0,4178,0.0157282898402,0.944444444444,0.0,0.0,0.0,undefined,0.0,0.175409793854
se161021,linearsvc_C100.0,3970,0.0149452634432,0.944444444444,0.0,0.0,0.0,undefined,0.0,0.17125415802
se161021,linearsvc_C100.0,3772,0.014199882546,0.888888888889,0.0,0.0,0.0,undefined,0.0,0.144760131836
se161021,linearsvc_C100.0,3584,0.0134921471487,0.888888888889,0.0,0.0,0.0,undefined,0.0,0.124513149261
se161021,linearsvc_C100.0,3405,0.0128182927013,0.888888888889,0.0,0.0,0.0,undefined,0.0,0.142962932587
se161021,linearsvc_C100.0,3235,0.0121783192037,0.888888888889,0.0,0.0,0.0,undefined,0.0,0.147880792618
se161021,linearsvc_C100.0,3074,0.011572226656,0.888888888889,0.0,0.0,0.0,undefined,0.0,0.139833927155
se161021,linearsvc_C100.0,2921,0.0109962505082,0.888888888889,0.0,0.0,0.0,undefined,0.0,0.135384082794
se161021,linearsvc_C100.0,2775,0.0104466262103,0.888888888889,0.0,0.0,0.0,undefined,0.0,0.136721134186
se161021,linearsvc_C100.0,2637,0.00992711831228,0.888888888889,0.0,0.0,0.0,undefined,0.0,0.120037078857
se161021,linearsvc_C100.0,2506,0.00943396226415,0.888888888889,0.0,0.0,0.0,undefined,0.0,0.107955932617
se161021,linearsvc_C100.0,2381,0.00896339351594,0.888888888889,0.0,0.0,0.0,undefined,0.0,0.121603965759
se161021,linearsvc_C100.0,2262,0.00851541206764,0.888888888889,0.0,0.0,0.0,undefined,0.0,0.102543115616
se161021,linearsvc_C100.0,2149,0.00809001791926,0.888888888889,0.0,0.0,0.0,undefined,0.0,0.0927360057831
se161021,linearsvc_C100.0,2042,0.00768721107079,0.888888888889,0.0,0.0,0.0,undefined,0.0,0.0913519859314
se161021,linearsvc_C100.0,1940,0.00730322697225,0.888888888889,0.0,0.0,0.0,undefined,0.0,0.0935890674591
se161021,linearsvc_C100.0,1843,0.00693806562364,0.888888888889,0.0,0.0,0.0,undefined,0.0,0.0806531906128
se161021,linearsvc_C100.0,1751,0.00659172702495,0.888888888889,0.0,0.0,0.0,undefined,0.0,0.128525018692
se161021,linearsvc_C100.0,1664,0.0062642111762,0.888888888889,0.0,0.0,0.0,undefined,0.0,0.126309871674
se161021,linearsvc_C100.0,1581,0.00595175352738,0.888888888889,0.0,0.0,0.0,undefined,0.0,0.109700202942
se161021,linearsvc_C100.0,1502,0.00565435407851,0.888888888889,0.0,0.0,0.0,undefined,0.0,0.107151031494
se161021,linearsvc_C100.0,1427,0.00537201282959,0.888888888889,0.0,0.0,0.0,undefined,0.0,0.101068973541
se161021,linearsvc_C100.0,1356,0.0051047297806,0.888888888889,0.0,0.0,0.0,undefined,0.0,0.104602813721
se161021,linearsvc_C1000.0,265636,1.0,0.944444444444,0.0,0.0,0.0,undefined,0.0,21.0034351349
se161021,linearsvc_C1000.0,252355,0.95000301164,0.944444444444,0.0,0.0,0.0,undefined,0.0,19.576403141
se161021,linearsvc_C1000.0,239738,0.90250568447,0.944444444444,0.0,0.0,0.0,undefined,0.0,18.8187329769
se161021,linearsvc_C1000.0,227752,0.857383788342,0.944444444444,0.0,0.0,0.0,undefined,0.0,17.1614089012
se161021,linearsvc_C1000.0,216365,0.814516857655,0.944444444444,0.0,0.0,0.0,undefined,0.0,16.2548570633
se161021,linearsvc_C1000.0,205547,0.77379195591,0.944444444444,0.0,0.0,0.0,undefined,0.0,15.4602248669
se161021,linearsvc_C1000.0,195270,0.735103675707,0.944444444444,0.0,0.0,0.0,undefined,0.0,14.5407249928
se161021,linearsvc_C1000.0,185507,0.698350374196,0.944444444444,0.0,0.0,0.0,undefined,0.0,13.7660861015
se161021,linearsvc_C1000.0,176232,0.663434173079,0.944444444444,0.0,0.0,0.0,undefined,0.0,12.9157459736
se161021,linearsvc_C1000.0,167421,0.630264723155,0.944444444444,0.0,0.0,0.0,undefined,0.0,12.1581990719
se161021,linearsvc_C1000.0,159050,0.598751675225,0.944444444444,0.0,0.0,0.0,undefined,0.0,11.4644088745
se161021,linearsvc_C1000.0,151098,0.568815973738,0.944444444444,0.0,0.0,0.0,undefined,0.0,10.9996218681
se161021,linearsvc_C1000.0,143544,0.540378563147,0.944444444444,0.0,0.0,0.0,undefined,0.0,9.94233608246
se161021,linearsvc_C1000.0,136367,0.513360387899,0.888888888889,0.0,0.0,0.0,undefined,0.0,9.2146589756
se161021,linearsvc_C1000.0,129549,0.487693686097,0.888888888889,0.0,0.0,0.0,undefined,0.0,9.18912100792
se161021,linearsvc_C1000.0,123072,0.463310695839,0.944444444444,0.0,0.0,0.0,undefined,0.0,8.55665683746
se161021,linearsvc_C1000.0,116919,0.440147419777,0.888888888889,0.0,0.0,0.0,undefined,0.0,8.15648794174
se161021,linearsvc_C1000.0,111074,0.418143625111,0.888888888889,0.0,0.0,0.0,undefined,0.0,7.47245502472
se161021,linearsvc_C1000.0,105521,0.39723907904,0.888888888889,0.0,0.0,0.0,undefined,0.0,6.96785521507
se161021,linearsvc_C1000.0,100245,0.377377313316,0.888888888889,0.0,0.0,0.0,undefined,0.0,6.90982198715
se161021,linearsvc_C1000.0,95233,0.358509388788,0.888888888889,0.0,0.0,0.0,undefined,0.0,6.35090708733
se161021,linearsvc_C1000.0,90472,0.340586366306,0.888888888889,0.0,0.0,0.0,undefined,0.0,5.80696606636
se161021,linearsvc_C1000.0,85949,0.32355930672,0.888888888889,0.0,0.0,0.0,undefined,0.0,5.31831717491
se161021,linearsvc_C1000.0,81652,0.307383035432,0.888888888889,0.0,0.0,0.0,undefined,0.0,5.25353002548
se161021,linearsvc_C1000.0,77570,0.29201614239,0.888888888889,0.0,0.0,0.0,undefined,0.0,4.76814007759
se161021,linearsvc_C1000.0,73692,0.277417217546,0.888888888889,0.0,0.0,0.0,undefined,0.0,4.71592402458
se161021,linearsvc_C1000.0,70008,0.263548615399,0.833333333333,0.0,0.0,0.0,undefined,0.0,4.46092104912
se161021,linearsvc_C1000.0,66508,0.250372690449,0.833333333333,0.0,0.0,0.0,undefined,0.0,4.0807299614
se161021,linearsvc_C1000.0,63183,0.237855561746,0.888888888889,0.0,0.0,0.0,undefined,0.0,3.93339395523
se161021,linearsvc_C1000.0,60024,0.225963348341,0.833333333333,0.0,0.0,0.0,undefined,0.0,3.69251394272
se161021,linearsvc_C1000.0,57023,0.214665933834,0.833333333333,0.0,0.0,0.0,undefined,0.0,3.42285203934
se161021,linearsvc_C1000.0,54172,0.203933201825,0.833333333333,0.0,0.0,0.0,undefined,0.0,3.31265306473
se161021,linearsvc_C1000.0,51464,0.193738800464,0.833333333333,0.0,0.0,0.0,undefined,0.0,3.11230516434
se161021,linearsvc_C1000.0,48891,0.184052613351,0.833333333333,0.0,0.0,0.0,undefined,0.0,2.93849682808
se161021,linearsvc_C1000.0,46447,0.174852053186,0.833333333333,0.0,0.0,0.0,undefined,0.0,2.65596199036
se161021,linearsvc_C1000.0,44125,0.166110768119,0.833333333333,0.0,0.0,0.0,undefined,0.0,2.5529961586
se161021,linearsvc_C1000.0,41919,0.15780617085,0.833333333333,0.0,0.0,0.0,undefined,0.0,2.37772989273
se161021,linearsvc_C1000.0,39824,0.14991943863,0.833333333333,0.0,0.0,0.0,undefined,0.0,2.2860929966
se161021,linearsvc_C1000.0,37833,0.142424219609,0.833333333333,0.0,0.0,0.0,undefined,0.0,2.16829895973
se161021,linearsvc_C1000.0,35942,0.135305455586,0.833333333333,0.0,0.0,0.0,undefined,0.0,2.00528216362
se161021,linearsvc_C1000.0,34145,0.128540559262,0.833333333333,0.0,0.0,0.0,undefined,0.0,1.85709404945
se161021,linearsvc_C1000.0,32438,0.122114472436,0.833333333333,0.0,0.0,0.0,undefined,0.0,1.87987017632
se161021,linearsvc_C1000.0,30817,0.116012136909,0.833333333333,0.0,0.0,0.0,undefined,0.0,1.65896201134
se161021,linearsvc_C1000.0,29277,0.110214729931,0.833333333333,0.0,0.0,0.0,undefined,0.0,1.58219194412
se161021,linearsvc_C1000.0,27814,0.104707193302,0.888888888889,0.0,0.0,0.0,undefined,0.0,1.50052595139
se161021,linearsvc_C1000.0,26424,0.099474468822,0.833333333333,0.0,0.0,0.0,undefined,0.0,1.43834209442
se161021,linearsvc_C1000.0,25103,0.0945014982909,0.833333333333,0.0,0.0,0.0,undefined,0.0,1.38425302505
se161021,linearsvc_C1000.0,23848,0.0897769880588,0.833333333333,0.0,0.0,0.0,undefined,0.0,1.30649280548
se161021,linearsvc_C1000.0,22656,0.0852896444759,0.833333333333,0.0,0.0,0.0,undefined,0.0,1.19179987907
se161021,linearsvc_C1000.0,21524,0.0810281738921,0.944444444444,0.0,0.0,0.0,undefined,0.0,1.1179997921
se161021,linearsvc_C1000.0,20448,0.0769775181075,0.888888888889,0.0,0.0,0.0,undefined,0.0,1.09667277336
se161021,linearsvc_C1000.0,19426,0.0731301480221,0.888888888889,0.0,0.0,0.0,undefined,0.0,1.02700805664
se161021,linearsvc_C1000.0,18455,0.069474769986,0.833333333333,0.0,0.0,0.0,undefined,0.0,0.932781934738
se161021,linearsvc_C1000.0,17533,0.0660038548992,0.888888888889,0.0,0.0,0.0,undefined,0.0,0.879194021225
se161021,linearsvc_C1000.0,16657,0.0627061091117,0.888888888889,0.0,0.0,0.0,undefined,0.0,0.852697134018
se161021,linearsvc_C1000.0,15825,0.0595740035236,0.888888888889,0.0,0.0,0.0,undefined,0.0,0.793145895004
se161021,linearsvc_C1000.0,15034,0.0565962444849,0.888888888889,0.0,0.0,0.0,undefined,0.0,0.732749938965
se161021,linearsvc_C1000.0,14283,0.0537690674457,0.777777777778,0.0,0.0,0.0,undefined,0.0,0.691519975662
se161021,linearsvc_C1000.0,13569,0.0510811787559,0.777777777778,0.0,0.0,0.0,undefined,0.0,0.642248153687
se161021,linearsvc_C1000.0,12891,0.0485288138656,0.777777777778,0.0,0.0,0.0,undefined,0.0,0.631432056427
se161021,linearsvc_C1000.0,12247,0.0461044436748,0.777777777778,0.0,0.0,0.0,undefined,0.0,0.584087848663
se161021,linearsvc_C1000.0,11635,0.0438005390836,0.833333333333,0.0,0.0,0.0,undefined,0.0,0.550627946854
se161021,linearsvc_C1000.0,11054,0.0416133355419,0.833333333333,0.0,0.0,0.0,undefined,0.0,0.515375852585
se161021,linearsvc_C1000.0,10502,0.0395353039498,0.777777777778,0.0,0.0,0.0,undefined,0.0,0.490463972092
se161021,linearsvc_C1000.0,9977,0.0375589152073,0.777777777778,0.0,0.0,0.0,undefined,0.0,0.442932128906
se161021,linearsvc_C1000.0,9479,0.0356841693144,0.833333333333,0.0,0.0,0.0,undefined,0.0,0.393320083618
se161021,linearsvc_C1000.0,9006,0.0339035371712,0.833333333333,0.0,0.0,0.0,undefined,0.0,0.386420965195
se161021,linearsvc_C1000.0,8556,0.0322094896776,0.833333333333,0.0,0.0,0.0,undefined,0.0,0.343013048172
se161021,linearsvc_C1000.0,8129,0.0306020268337,0.777777777778,0.0,0.0,0.0,undefined,0.0,0.331640005112
se161021,linearsvc_C1000.0,7723,0.0290736195395,0.833333333333,0.0,0.0,0.0,undefined,0.0,0.309778928757
se161021,linearsvc_C1000.0,7337,0.027620503245,0.833333333333,0.0,0.0,0.0,undefined,0.0,0.286254167557
se161021,linearsvc_C1000.0,6971,0.0262426779503,0.833333333333,0.0,0.0,0.0,undefined,0.0,0.278516054153
se161021,linearsvc_C1000.0,6623,0.0249326145553,0.833333333333,0.0,0.0,0.0,undefined,0.0,0.255307912827
se161021,linearsvc_C1000.0,6292,0.02368654851,0.833333333333,0.0,0.0,0.0,undefined,0.0,0.254508018494
se161021,linearsvc_C1000.0,5978,0.0225044798145,0.833333333333,0.0,0.0,0.0,undefined,0.0,0.219088792801
se161021,linearsvc_C1000.0,5680,0.0213826439187,0.833333333333,0.0,0.0,0.0,undefined,0.0,0.20956993103
se161021,linearsvc_C1000.0,5396,0.0203135117228,0.777777777778,0.0,0.0,0.0,undefined,0.0,0.214029073715
se161021,linearsvc_C1000.0,5127,0.0193008477767,0.777777777778,0.0,0.0,0.0,undefined,0.0,0.20250582695
se161021,linearsvc_C1000.0,4871,0.0183371229803,0.777777777778,0.0,0.0,0.0,undefined,0.0,0.194932937622
se161021,linearsvc_C1000.0,4628,0.0174223373338,0.833333333333,0.0,0.0,0.0,undefined,0.0,0.167274951935
se161021,linearsvc_C1000.0,4397,0.0165527262871,0.833333333333,0.0,0.0,0.0,undefined,0.0,0.141839981079
se161021,linearsvc_C1000.0,4178,0.0157282898402,0.833333333333,0.0,0.0,0.0,undefined,0.0,0.167228221893
se161021,linearsvc_C1000.0,3970,0.0149452634432,0.833333333333,0.0,0.0,0.0,undefined,0.0,0.153434038162
se161021,linearsvc_C1000.0,3772,0.014199882546,0.777777777778,0.0,0.0,0.0,undefined,0.0,0.165199995041
se161021,linearsvc_C1000.0,3584,0.0134921471487,0.777777777778,0.0,0.0,0.0,undefined,0.0,0.13440489769
se161021,linearsvc_C1000.0,3405,0.0128182927013,0.777777777778,0.0,0.0,0.0,undefined,0.0,0.143862962723
se161021,linearsvc_C1000.0,3235,0.0121783192037,0.777777777778,0.0,0.0,0.0,undefined,0.0,0.13293504715
se161021,linearsvc_C1000.0,3074,0.011572226656,0.777777777778,0.0,0.0,0.0,undefined,0.0,0.127519130707
se161021,linearsvc_C1000.0,2921,0.0109962505082,0.777777777778,0.0,0.0,0.0,undefined,0.0,0.117557048798
se161021,linearsvc_C1000.0,2775,0.0104466262103,0.777777777778,0.0,0.0,0.0,undefined,0.0,0.121086835861
se161021,linearsvc_C1000.0,2637,0.00992711831228,0.833333333333,0.0,0.0,0.0,undefined,0.0,0.117197990417
se161021,linearsvc_C1000.0,2506,0.00943396226415,0.888888888889,0.0,0.0,0.0,undefined,0.0,0.111007928848
se161021,linearsvc_C1000.0,2381,0.00896339351594,0.888888888889,0.0,0.0,0.0,undefined,0.0,0.0959961414337
se161021,linearsvc_C1000.0,2262,0.00851541206764,0.888888888889,0.0,0.0,0.0,undefined,0.0,0.0967009067535
se161021,linearsvc_C1000.0,2149,0.00809001791926,0.888888888889,0.0,0.0,0.0,undefined,0.0,0.100347995758
se161021,linearsvc_C1000.0,2042,0.00768721107079,0.888888888889,0.0,0.0,0.0,undefined,0.0,0.104598045349
se161021,linearsvc_C1000.0,1940,0.00730322697225,0.888888888889,0.0,0.0,0.0,undefined,0.0,0.119027853012
se161021,linearsvc_C1000.0,1843,0.00693806562364,0.888888888889,0.0,0.0,0.0,undefined,0.0,0.124935865402
se161021,linearsvc_C1000.0,1751,0.00659172702495,0.888888888889,0.0,0.0,0.0,undefined,0.0,0.118847131729
se161021,linearsvc_C1000.0,1664,0.0062642111762,0.888888888889,0.0,0.0,0.0,undefined,0.0,0.114769935608
se161021,linearsvc_C1000.0,1581,0.00595175352738,0.888888888889,0.0,0.0,0.0,undefined,0.0,0.119641065598
se161021,linearsvc_C1000.0,1502,0.00565435407851,0.888888888889,0.0,0.0,0.0,undefined,0.0,0.104726076126
se161021,linearsvc_C1000.0,1427,0.00537201282959,0.888888888889,0.0,0.0,0.0,undefined,0.0,0.106421947479
se161021,linearsvc_C1000.0,1356,0.0051047297806,0.888888888889,0.0,0.0,0.0,undefined,0.0,0.102543115616
se161021,elasticnetiter1000_l1ratio0.15,265636,1.0,0.944444444444,0.0,0.0,0.0,undefined,0.0,1006.60354185
se161021,elasticnetiter1000_l1ratio0.15,252355,0.95000301164,1.0,0.0,0.0,0.0,undefined,1.0,978.435657978
se161021,elasticnetiter1000_l1ratio0.15,239738,0.90250568447,0.944444444444,0.0,0.0,0.0,undefined,0.0,928.125298977
se161021,elasticnetiter1000_l1ratio0.15,227752,0.857383788342,1.0,0.0,0.0,0.0,undefined,1.0,890.933137894
se161021,elasticnetiter1000_l1ratio0.15,216365,0.814516857655,0.888888888889,0.0,0.0,0.0,undefined,0.0,851.647922039
se161021,elasticnetiter1000_l1ratio0.15,205547,0.77379195591,0.944444444444,0.0,0.0,0.0,undefined,0.0,812.920911074
se161021,elasticnetiter1000_l1ratio0.15,195270,0.735103675707,0.944444444444,0.0,0.0,0.0,undefined,0.0,783.973980904
se161021,elasticnetiter1000_l1ratio0.15,185507,0.698350374196,0.888888888889,0.0,0.0,0.0,undefined,0.0,745.727401018
se161021,elasticnetiter1000_l1ratio0.15,176232,0.663434173079,0.944444444444,0.0,0.0,0.0,undefined,0.0,709.63159585
se161021,elasticnetiter1000_l1ratio0.15,167421,0.630264723155,0.888888888889,0.0,0.0,0.0,undefined,0.0,704.351728916
se161021,elasticnetiter1000_l1ratio0.15,159050,0.598751675225,1.0,0.0,0.0,0.0,undefined,1.0,646.870382071
se161021,elasticnetiter1000_l1ratio0.15,151098,0.568815973738,0.777777777778,0.0,0.0,0.0,undefined,0.0,623.21172905
se161021,elasticnetiter1000_l1ratio0.15,143544,0.540378563147,0.944444444444,0.0,0.0,0.0,undefined,0.0,590.089276075
se161021,elasticnetiter1000_l1ratio0.15,136367,0.513360387899,0.888888888889,0.0,0.0,0.0,undefined,0.0,573.358155012
se161021,elasticnetiter1000_l1ratio0.15,129549,0.487693686097,1.0,0.0,0.0,0.0,undefined,1.0,540.222707033
se161021,elasticnetiter1000_l1ratio0.15,123072,0.463310695839,0.888888888889,0.0,0.0,0.0,undefined,0.0,520.331712961
se161021,elasticnetiter1000_l1ratio0.15,116919,0.440147419777,0.888888888889,0.0,0.0,0.0,undefined,0.0,497.012298107
se161021,elasticnetiter1000_l1ratio0.15,111074,0.418143625111,0.833333333333,0.0,0.0,0.0,undefined,0.0,493.416425943
se161021,elasticnetiter1000_l1ratio0.15,105521,0.39723907904,1.0,0.0,0.0,0.0,undefined,1.0,452.148208857
se161021,elasticnetiter1000_l1ratio0.15,100245,0.377377313316,0.833333333333,0.0,0.0,0.0,undefined,0.0,425.942957878
se161021,elasticnetiter1000_l1ratio0.15,95233,0.358509388788,0.777777777778,0.0,0.0,0.0,undefined,0.0,404.88825202
se161021,elasticnetiter1000_l1ratio0.15,90472,0.340586366306,0.555555555556,0.0,0.0,0.0,undefined,0.0,389.508065939
se161021,elasticnetiter1000_l1ratio0.15,85949,0.32355930672,0.722222222222,0.0,0.0,0.0,undefined,0.0,387.992063046
se161021,elasticnetiter1000_l1ratio0.15,81652,0.307383035432,0.5,0.0,0.0,0.0,undefined,0.0,366.963449001
se161021,elasticnetiter1000_l1ratio0.15,77570,0.29201614239,0.5,0.0,0.0,0.0,undefined,0.0,348.689458132
se161021,elasticnetiter1000_l1ratio0.15,73692,0.277417217546,0.888888888889,0.0,0.0,0.0,undefined,0.0,324.514825106
se161021,elasticnetiter1000_l1ratio0.15,70008,0.263548615399,0.722222222222,0.0,0.0,0.0,undefined,0.0,320.512177944
se161021,elasticnetiter1000_l1ratio0.15,66508,0.250372690449,0.444444444444,0.0,0.0,0.0,undefined,0.0,317.73918891
se161021,elasticnetiter1000_l1ratio0.15,63183,0.237855561746,0.777777777778,0.0,0.0,0.0,undefined,0.0,297.700993061
se161021,elasticnetiter1000_l1ratio0.15,60024,0.225963348341,0.611111111111,0.0,0.0,0.0,undefined,0.0,281.787115097
se161021,elasticnetiter1000_l1ratio0.15,57023,0.214665933834,0.5,0.0,0.0,0.0,undefined,0.0,266.268090963
se161021,elasticnetiter1000_l1ratio0.15,54172,0.203933201825,0.444444444444,0.0,0.0,0.0,undefined,0.0,248.794399977
se161021,elasticnetiter1000_l1ratio0.15,51464,0.193738800464,0.888888888889,0.0,0.0,0.0,undefined,0.0,231.138190985
se161021,elasticnetiter1000_l1ratio0.15,48891,0.184052613351,0.388888888889,0.0,0.0,0.0,undefined,0.0,220.715167046
se161021,elasticnetiter1000_l1ratio0.15,46447,0.174852053186,0.388888888889,0.0,0.0,0.0,undefined,0.0,218.686105013
se161021,elasticnetiter1000_l1ratio0.15,44125,0.166110768119,0.277777777778,0.0,0.0,0.0,undefined,0.0,207.712587118
se161021,elasticnetiter1000_l1ratio0.15,41919,0.15780617085,0.611111111111,0.0,0.0,0.0,undefined,0.0,193.343049049
se161021,elasticnetiter1000_l1ratio0.15,39824,0.14991943863,0.444444444444,0.0,0.0,0.0,undefined,0.0,206.254020929
se161021,elasticnetiter1000_l1ratio0.15,37833,0.142424219609,0.5,0.0,0.0,0.0,undefined,0.0,186.072896004
se161021,elasticnetiter1000_l1ratio0.15,35942,0.135305455586,0.222222222222,0.0,0.0,0.0,undefined,0.0,181.684466839
se161021,elasticnetiter1000_l1ratio0.15,34145,0.128540559262,0.444444444444,0.0,0.0,0.0,undefined,0.0,164.701504946
se161021,elasticnetiter1000_l1ratio0.15,32438,0.122114472436,0.444444444444,0.0,0.0,0.0,undefined,0.0,164.274073124
se161021,elasticnetiter1000_l1ratio0.15,30817,0.116012136909,0.111111111111,0.0,0.0,0.0,undefined,0.0,159.761291027
se161021,elasticnetiter1000_l1ratio0.15,29277,0.110214729931,0.277777777778,0.0,0.0,0.0,undefined,0.0,138.949849129
se161021,elasticnetiter1000_l1ratio0.15,27814,0.104707193302,0.111111111111,0.0,0.0,0.0,undefined,0.0,142.353142977
se161021,elasticnetiter1000_l1ratio0.15,26424,0.099474468822,0.166666666667,0.0,0.0,0.0,undefined,0.0,136.600327969
se161021,elasticnetiter1000_l1ratio0.15,25103,0.0945014982909,0.388888888889,0.0,0.0,0.0,undefined,0.0,121.633605003
se161021,elasticnetiter1000_l1ratio0.15,23848,0.0897769880588,0.5,0.0,0.0,0.0,undefined,0.0,122.287117958
se161021,elasticnetiter1000_l1ratio0.15,22656,0.0852896444759,0.222222222222,0.0,0.0,0.0,undefined,0.0,117.458089113
se161021,elasticnetiter1000_l1ratio0.15,21524,0.0810281738921,0.222222222222,0.0,0.0,0.0,undefined,0.0,106.429862976
se161021,elasticnetiter1000_l1ratio0.15,20448,0.0769775181075,0.0,0.0,0.0,0.0,undefined,0.0,105.810586929
se161021,elasticnetiter1000_l1ratio0.15,19426,0.0731301480221,0.0555555555556,0.0,0.0,0.0,undefined,0.0,101.281333923
se161021,elasticnetiter1000_l1ratio0.15,18455,0.069474769986,0.666666666667,0.0,0.0,0.0,undefined,0.0,91.2712371349
se161021,elasticnetiter1000_l1ratio0.15,17533,0.0660038548992,0.222222222222,0.0,0.0,0.0,undefined,0.0,90.198431015
se161021,elasticnetiter1000_l1ratio0.15,16657,0.0627061091117,0.0555555555556,0.0,0.0,0.0,undefined,0.0,84.6713387966
se161021,elasticnetiter1000_l1ratio0.15,15825,0.0595740035236,0.0555555555556,0.0,0.0,0.0,undefined,0.0,80.9964799881
se161021,elasticnetiter1000_l1ratio0.15,15034,0.0565962444849,0.0555555555556,0.0,0.0,0.0,undefined,0.0,78.0186300278
se161021,elasticnetiter1000_l1ratio0.15,14283,0.0537690674457,0.111111111111,0.0,0.0,0.0,undefined,0.0,71.8093369007
se161021,elasticnetiter1000_l1ratio0.15,13569,0.0510811787559,0.0555555555556,0.0,0.0,0.0,undefined,0.0,67.9882180691
se161021,elasticnetiter1000_l1ratio0.15,12891,0.0485288138656,0.0555555555556,0.0,0.0,0.0,undefined,0.0,66.2727701664
se161021,elasticnetiter1000_l1ratio0.15,12247,0.0461044436748,0.166666666667,0.0,0.0,0.0,undefined,0.0,61.6607911587
se161021,elasticnetiter1000_l1ratio0.15,11635,0.0438005390836,0.0555555555556,0.0,0.0,0.0,undefined,0.0,59.7960898876
se161021,elasticnetiter1000_l1ratio0.15,11054,0.0416133355419,0.0555555555556,0.0,0.0,0.0,undefined,0.0,56.5161449909
se161021,elasticnetiter1000_l1ratio0.15,10502,0.0395353039498,0.111111111111,0.0,0.0,0.0,undefined,0.0,52.9815139771
se161021,elasticnetiter1000_l1ratio0.15,9977,0.0375589152073,0.166666666667,0.0,0.0,0.0,undefined,0.0,48.9192519188
se161021,elasticnetiter1000_l1ratio0.15,9479,0.0356841693144,0.0555555555556,0.0,0.0,0.0,undefined,0.0,48.4895150661
se161021,elasticnetiter1000_l1ratio0.15,9006,0.0339035371712,0.111111111111,0.0,0.0,0.0,undefined,0.0,44.7546868324
se161021,elasticnetiter1000_l1ratio0.15,8556,0.0322094896776,0.0555555555556,0.0,0.0,0.0,undefined,0.0,42.5791668892
se161021,elasticnetiter1000_l1ratio0.15,8129,0.0306020268337,0.0555555555556,0.0,0.0,0.0,undefined,0.0,41.6269471645
se161021,elasticnetiter1000_l1ratio0.15,7723,0.0290736195395,0.0555555555556,0.0,0.0,0.0,undefined,0.0,38.1620309353
se161021,elasticnetiter1000_l1ratio0.15,7337,0.027620503245,0.0555555555556,0.0,0.0,0.0,undefined,0.0,36.7306170464
se161021,elasticnetiter1000_l1ratio0.15,6971,0.0262426779503,0.0555555555556,0.0,0.0,0.0,undefined,0.0,33.8415799141
se161021,elasticnetiter1000_l1ratio0.15,6623,0.0249326145553,0.0555555555556,0.0,0.0,0.0,undefined,0.0,32.5506739616
se161021,elasticnetiter1000_l1ratio0.15,6292,0.02368654851,0.0555555555556,0.0,0.0,0.0,undefined,0.0,30.2738499641
se161021,elasticnetiter1000_l1ratio0.15,5978,0.0225044798145,0.0,0.0,0.0,0.0,undefined,0.0,31.2034919262
se161021,elasticnetiter1000_l1ratio0.15,5680,0.0213826439187,0.0555555555556,0.0,0.0,0.0,undefined,0.0,28.2662909031
se161021,elasticnetiter1000_l1ratio0.15,5396,0.0203135117228,0.0555555555556,0.0,0.0,0.0,undefined,0.0,26.0210959911
se161021,elasticnetiter1000_l1ratio0.15,5127,0.0193008477767,0.0555555555556,0.0,0.0,0.0,undefined,0.0,24.2226209641
se161021,elasticnetiter1000_l1ratio0.15,4871,0.0183371229803,0.0,0.0,0.0,0.0,undefined,0.0,23.0097761154
se161021,elasticnetiter1000_l1ratio0.15,4628,0.0174223373338,0.0555555555556,0.0,0.0,0.0,undefined,0.0,22.0642609596
se161021,elasticnetiter1000_l1ratio0.15,4397,0.0165527262871,0.0555555555556,0.0,0.0,0.0,undefined,0.0,21.8837981224
se161021,elasticnetiter1000_l1ratio0.15,4178,0.0157282898402,0.444444444444,0.0,0.0,0.0,undefined,0.0,19.095968008
se161021,elasticnetiter1000_l1ratio0.15,3970,0.0149452634432,0.0555555555556,0.0,0.0,0.0,undefined,0.0,18.6054468155
se161021,elasticnetiter1000_l1ratio0.15,3772,0.014199882546,0.111111111111,0.0,0.0,0.0,undefined,0.0,17.1207690239
se161021,elasticnetiter1000_l1ratio0.15,3584,0.0134921471487,0.0555555555556,0.0,0.0,0.0,undefined,0.0,16.8532290459
se161021,elasticnetiter1000_l1ratio0.15,3405,0.0128182927013,0.0,0.0,0.0,0.0,undefined,0.0,15.722522974
se161021,elasticnetiter1000_l1ratio0.15,3235,0.0121783192037,0.0555555555556,0.0,0.0,0.0,undefined,0.0,14.5030210018
se161021,elasticnetiter1000_l1ratio0.15,3074,0.011572226656,0.0555555555556,0.0,0.0,0.0,undefined,0.0,13.9203460217
se161021,elasticnetiter1000_l1ratio0.15,2921,0.0109962505082,0.111111111111,0.0,0.0,0.0,undefined,0.0,13.1720459461
se161021,elasticnetiter1000_l1ratio0.15,2775,0.0104466262103,0.111111111111,0.0,0.0,0.0,undefined,0.0,12.0802550316
se161021,elasticnetiter1000_l1ratio0.15,2637,0.00992711831228,0.0555555555556,0.0,0.0,0.0,undefined,0.0,11.9467921257
se161021,elasticnetiter1000_l1ratio0.15,2506,0.00943396226415,0.111111111111,0.0,0.0,0.0,undefined,0.0,10.9903810024
se161021,elasticnetiter1000_l1ratio0.15,2381,0.00896339351594,0.111111111111,0.0,0.0,0.0,undefined,0.0,10.5243430138
se161021,elasticnetiter1000_l1ratio0.15,2262,0.00851541206764,0.111111111111,0.0,0.0,0.0,undefined,0.0,9.81169509888
se161021,elasticnetiter1000_l1ratio0.15,2149,0.00809001791926,0.111111111111,0.0,0.0,0.0,undefined,0.0,9.30318188667
se161021,elasticnetiter1000_l1ratio0.15,2042,0.00768721107079,0.111111111111,0.0,0.0,0.0,undefined,0.0,8.6705160141
se161021,elasticnetiter1000_l1ratio0.15,1940,0.00730322697225,1.0,0.0,0.0,0.0,undefined,1.0,8.69771981239
se161021,elasticnetiter1000_l1ratio0.15,1843,0.00693806562364,0.0555555555556,0.0,0.0,0.0,undefined,0.0,7.89616990089
se161021,elasticnetiter1000_l1ratio0.15,1751,0.00659172702495,0.111111111111,0.0,0.0,0.0,undefined,0.0,7.36895918846
se161021,elasticnetiter1000_l1ratio0.15,1664,0.0062642111762,0.111111111111,0.0,0.0,0.0,undefined,0.0,7.1276640892
se161021,elasticnetiter1000_l1ratio0.15,1581,0.00595175352738,0.0555555555556,0.0,0.0,0.0,undefined,0.0,6.20518493652
se161021,elasticnetiter1000_l1ratio0.15,1502,0.00565435407851,0.0555555555556,0.0,0.0,0.0,undefined,0.0,5.72900414467
se161021,elasticnetiter1000_l1ratio0.15,1427,0.00537201282959,0.111111111111,0.0,0.0,0.0,undefined,0.0,5.82097601891
se161021,elasticnetiter1000_l1ratio0.15,1356,0.0051047297806,0.111111111111,0.0,0.0,0.0,undefined,0.0,5.22074484825
