wh160130,linearsvc_C0.0001,265636,1.0,0.555555555556,0.0,0.0,0.0,undefined,0.0,85.654501915
wh160130,linearsvc_C0.0001,252355,0.95000301164,0.555555555556,0.0,0.0,0.0,undefined,0.0,72.3547940254
wh160130,linearsvc_C0.0001,239738,0.90250568447,0.555555555556,0.0,0.0,0.0,undefined,0.0,70.651004076
wh160130,linearsvc_C0.0001,227752,0.857383788342,0.555555555556,0.0,0.0,0.0,undefined,0.0,65.1380019188
wh160130,linearsvc_C0.0001,216365,0.814516857655,0.555555555556,0.0,0.0,0.0,undefined,0.0,54.1721541882
wh160130,linearsvc_C0.0001,205547,0.77379195591,0.555555555556,0.0,0.0,0.0,undefined,0.0,51.0354511738
wh160130,linearsvc_C0.0001,195270,0.735103675707,0.555555555556,0.0,0.0,0.0,undefined,0.0,44.8183090687
wh160130,linearsvc_C0.0001,185507,0.698350374196,0.555555555556,0.0,0.0,0.0,undefined,0.0,38.8236420155
wh160130,linearsvc_C0.0001,176232,0.663434173079,0.555555555556,0.0,0.0,0.0,undefined,0.0,38.4069008827
wh160130,linearsvc_C0.0001,167421,0.630264723155,0.555555555556,0.0,0.0,0.0,undefined,0.0,33.8377301693
wh160130,linearsvc_C0.0001,159050,0.598751675225,0.555555555556,0.0,0.0,0.0,undefined,0.0,31.2338039875
wh160130,linearsvc_C0.0001,151098,0.568815973738,0.555555555556,0.0,0.0,0.0,undefined,0.0,28.8603839874
wh160130,linearsvc_C0.0001,143544,0.540378563147,0.555555555556,0.0,0.0,0.0,undefined,0.0,27.0801038742
wh160130,linearsvc_C0.0001,136367,0.513360387899,0.555555555556,0.0,0.0,0.0,undefined,0.0,24.3993701935
wh160130,linearsvc_C0.0001,129549,0.487693686097,0.555555555556,0.0,0.0,0.0,undefined,0.0,21.207859993
wh160130,linearsvc_C0.0001,123072,0.463310695839,0.555555555556,0.0,0.0,0.0,undefined,0.0,19.537984848
wh160130,linearsvc_C0.0001,116919,0.440147419777,0.555555555556,0.0,0.0,0.0,undefined,0.0,18.6350319386
wh160130,linearsvc_C0.0001,111074,0.418143625111,0.555555555556,0.0,0.0,0.0,undefined,0.0,15.0315520763
wh160130,linearsvc_C0.0001,105521,0.39723907904,0.555555555556,0.0,0.0,0.0,undefined,0.0,15.2071831226
wh160130,linearsvc_C0.0001,100245,0.377377313316,0.555555555556,0.0,0.0,0.0,undefined,0.0,13.6927068233
wh160130,linearsvc_C0.0001,95233,0.358509388788,0.555555555556,0.0,0.0,0.0,undefined,0.0,12.5598089695
wh160130,linearsvc_C0.0001,90472,0.340586366306,0.555555555556,0.0,0.0,0.0,undefined,0.0,11.3408100605
wh160130,linearsvc_C0.0001,85949,0.32355930672,0.555555555556,0.0,0.0,0.0,undefined,0.0,10.0786800385
wh160130,linearsvc_C0.0001,81652,0.307383035432,0.555555555556,0.0,0.0,0.0,undefined,0.0,9.77513098717
wh160130,linearsvc_C0.0001,77570,0.29201614239,0.555555555556,0.0,0.0,0.0,undefined,0.0,8.39857602119
wh160130,linearsvc_C0.0001,73692,0.277417217546,0.555555555556,0.0,0.0,0.0,undefined,0.0,6.93962001801
wh160130,linearsvc_C0.0001,70008,0.263548615399,0.555555555556,0.0,0.0,0.0,undefined,0.0,7.36813998222
wh160130,linearsvc_C0.0001,66508,0.250372690449,0.555555555556,0.0,0.0,0.0,undefined,0.0,7.21036982536
wh160130,linearsvc_C0.0001,63183,0.237855561746,0.555555555556,0.0,0.0,0.0,undefined,0.0,5.61727404594
wh160130,linearsvc_C0.0001,60024,0.225963348341,0.555555555556,0.0,0.0,0.0,undefined,0.0,5.90275597572
wh160130,linearsvc_C0.0001,57023,0.214665933834,0.555555555556,0.0,0.0,0.0,undefined,0.0,5.14439892769
wh160130,linearsvc_C0.0001,54172,0.203933201825,0.555555555556,0.0,0.0,0.0,undefined,0.0,4.84355688095
wh160130,linearsvc_C0.0001,51464,0.193738800464,0.555555555556,0.0,0.0,0.0,undefined,0.0,4.39619398117
wh160130,linearsvc_C0.0001,48891,0.184052613351,0.555555555556,0.0,0.0,0.0,undefined,0.0,3.32525992393
wh160130,linearsvc_C0.0001,46447,0.174852053186,0.555555555556,0.0,0.0,0.0,undefined,0.0,3.65276312828
wh160130,linearsvc_C0.0001,44125,0.166110768119,0.555555555556,0.0,0.0,0.0,undefined,0.0,3.09793496132
wh160130,linearsvc_C0.0001,41919,0.15780617085,0.555555555556,0.0,0.0,0.0,undefined,0.0,3.08922982216
wh160130,linearsvc_C0.0001,39824,0.14991943863,0.555555555556,0.0,0.0,0.0,undefined,0.0,2.87132716179
wh160130,linearsvc_C0.0001,37833,0.142424219609,0.555555555556,0.0,0.0,0.0,undefined,0.0,2.70963191986
wh160130,linearsvc_C0.0001,35942,0.135305455586,0.555555555556,0.0,0.0,0.0,undefined,0.0,2.42124009132
wh160130,linearsvc_C0.0001,34145,0.128540559262,0.555555555556,0.0,0.0,0.0,undefined,0.0,2.32674193382
wh160130,linearsvc_C0.0001,32438,0.122114472436,0.555555555556,0.0,0.0,0.0,undefined,0.0,2.06991481781
wh160130,linearsvc_C0.0001,30817,0.116012136909,0.555555555556,0.0,0.0,0.0,undefined,0.0,1.9021499157
wh160130,linearsvc_C0.0001,29277,0.110214729931,0.555555555556,0.0,0.0,0.0,undefined,0.0,1.6117310524
wh160130,linearsvc_C0.0001,27814,0.104707193302,0.555555555556,0.0,0.0,0.0,undefined,0.0,1.5535261631
wh160130,linearsvc_C0.0001,26424,0.099474468822,0.555555555556,0.0,0.0,0.0,undefined,0.0,1.44139194489
wh160130,linearsvc_C0.0001,25103,0.0945014982909,0.555555555556,0.0,0.0,0.0,undefined,0.0,1.38043403625
wh160130,linearsvc_C0.0001,23848,0.0897769880588,0.555555555556,0.0,0.0,0.0,undefined,0.0,1.18481612206
wh160130,linearsvc_C0.0001,22656,0.0852896444759,0.555555555556,0.0,0.0,0.0,undefined,0.0,0.930149078369
wh160130,linearsvc_C0.0001,21524,0.0810281738921,0.555555555556,0.0,0.0,0.0,undefined,0.0,0.992547988892
wh160130,linearsvc_C0.0001,20448,0.0769775181075,0.555555555556,0.0,0.0,0.0,undefined,0.0,0.934374809265
wh160130,linearsvc_C0.0001,19426,0.0731301480221,0.555555555556,0.0,0.0,0.0,undefined,0.0,0.960736989975
wh160130,linearsvc_C0.0001,18455,0.069474769986,0.555555555556,0.0,0.0,0.0,undefined,0.0,0.756542921066
wh160130,linearsvc_C0.0001,17533,0.0660038548992,0.555555555556,0.0,0.0,0.0,undefined,0.0,0.765085935593
wh160130,linearsvc_C0.0001,16657,0.0627061091117,0.555555555556,0.0,0.0,0.0,undefined,0.0,0.684108018875
wh160130,linearsvc_C0.0001,15825,0.0595740035236,0.555555555556,0.0,0.0,0.0,undefined,0.0,0.611612081528
wh160130,linearsvc_C0.0001,15034,0.0565962444849,0.555555555556,0.0,0.0,0.0,undefined,0.0,0.544476985931
wh160130,linearsvc_C0.0001,14283,0.0537690674457,0.555555555556,0.0,0.0,0.0,undefined,0.0,0.44153213501
wh160130,linearsvc_C0.0001,13569,0.0510811787559,0.555555555556,0.0,0.0,0.0,undefined,0.0,0.486853122711
wh160130,linearsvc_C0.0001,12891,0.0485288138656,0.5,0.0,0.0,0.0,undefined,0.0,0.43473982811
wh160130,linearsvc_C0.0001,12247,0.0461044436748,0.5,0.0,0.0,0.0,undefined,0.0,0.38876414299
wh160130,linearsvc_C0.0001,11635,0.0438005390836,0.5,0.0,0.0,0.0,undefined,0.0,0.362078905106
wh160130,linearsvc_C0.0001,11054,0.0416133355419,0.5,0.0,0.0,0.0,undefined,0.0,0.365694046021
wh160130,linearsvc_C0.0001,10502,0.0395353039498,0.555555555556,0.0,0.0,0.0,undefined,0.0,0.313564062119
wh160130,linearsvc_C0.0001,9977,0.0375589152073,0.5,0.0,0.0,0.0,undefined,0.0,0.317348957062
wh160130,linearsvc_C0.0001,9479,0.0356841693144,0.5,0.0,0.0,0.0,undefined,0.0,0.273550987244
wh160130,linearsvc_C0.0001,9006,0.0339035371712,0.611111111111,0.0,0.0,0.0,undefined,0.0,0.290394067764
wh160130,linearsvc_C0.0001,8556,0.0322094896776,0.611111111111,0.0,0.0,0.0,undefined,0.0,0.250738859177
wh160130,linearsvc_C0.0001,8129,0.0306020268337,0.611111111111,0.0,0.0,0.0,undefined,0.0,0.24581193924
wh160130,linearsvc_C0.0001,7723,0.0290736195395,0.611111111111,0.0,0.0,0.0,undefined,0.0,0.200913190842
wh160130,linearsvc_C0.0001,7337,0.027620503245,0.611111111111,0.0,0.0,0.0,undefined,0.0,0.197342157364
wh160130,linearsvc_C0.0001,6971,0.0262426779503,0.555555555556,0.0,0.0,0.0,undefined,0.0,0.169713020325
wh160130,linearsvc_C0.0001,6623,0.0249326145553,0.555555555556,0.0,0.0,0.0,undefined,0.0,0.173629045486
wh160130,linearsvc_C0.0001,6292,0.02368654851,0.555555555556,0.0,0.0,0.0,undefined,0.0,0.160351037979
wh160130,linearsvc_C0.0001,5978,0.0225044798145,0.555555555556,0.0,0.0,0.0,undefined,0.0,0.1490650177
wh160130,linearsvc_C0.0001,5680,0.0213826439187,0.555555555556,0.0,0.0,0.0,undefined,0.0,0.137408018112
wh160130,linearsvc_C0.0001,5396,0.0203135117228,0.555555555556,0.0,0.0,0.0,undefined,0.0,0.120527982712
wh160130,linearsvc_C0.0001,5127,0.0193008477767,0.555555555556,0.0,0.0,0.0,undefined,0.0,0.114205121994
wh160130,linearsvc_C0.0001,4871,0.0183371229803,0.555555555556,0.0,0.0,0.0,undefined,0.0,0.115782022476
wh160130,linearsvc_C0.0001,4628,0.0174223373338,0.555555555556,0.0,0.0,0.0,undefined,0.0,0.106779098511
wh160130,linearsvc_C0.0001,4397,0.0165527262871,0.555555555556,0.0,0.0,0.0,undefined,0.0,0.104870796204
wh160130,linearsvc_C0.0001,4178,0.0157282898402,0.555555555556,0.0,0.0,0.0,undefined,0.0,0.101318120956
wh160130,linearsvc_C0.0001,3970,0.0149452634432,0.555555555556,0.0,0.0,0.0,undefined,0.0,0.0880210399628
wh160130,linearsvc_C0.0001,3772,0.014199882546,0.5,0.0,0.0,0.0,undefined,0.0,0.0804920196533
wh160130,linearsvc_C0.0001,3584,0.0134921471487,0.5,0.0,0.0,0.0,undefined,0.0,0.0906040668488
wh160130,linearsvc_C0.0001,3405,0.0128182927013,0.5,0.0,0.0,0.0,undefined,0.0,0.0939419269562
wh160130,linearsvc_C0.0001,3235,0.0121783192037,0.444444444444,0.0,0.0,0.0,undefined,0.0,0.0869309902191
wh160130,linearsvc_C0.0001,3074,0.011572226656,0.444444444444,0.0,0.0,0.0,undefined,0.0,0.0783588886261
wh160130,linearsvc_C0.0001,2921,0.0109962505082,0.444444444444,0.0,0.0,0.0,undefined,0.0,0.0784351825714
wh160130,linearsvc_C0.0001,2775,0.0104466262103,0.444444444444,0.0,0.0,0.0,undefined,0.0,0.0754640102386
wh160130,linearsvc_C0.0001,2637,0.00992711831228,0.444444444444,0.0,0.0,0.0,undefined,0.0,0.0709850788116
wh160130,linearsvc_C0.0001,2506,0.00943396226415,0.444444444444,0.0,0.0,0.0,undefined,0.0,0.0685789585114
wh160130,linearsvc_C0.0001,2381,0.00896339351594,0.444444444444,0.0,0.0,0.0,undefined,0.0,0.0697469711304
wh160130,linearsvc_C0.0001,2262,0.00851541206764,0.555555555556,0.0,0.0,0.0,undefined,0.0,0.0620090961456
wh160130,linearsvc_C0.0001,2149,0.00809001791926,0.555555555556,0.0,0.0,0.0,undefined,0.0,0.0562889575958
wh160130,linearsvc_C0.0001,2042,0.00768721107079,0.555555555556,0.0,0.0,0.0,undefined,0.0,0.0580630302429
wh160130,linearsvc_C0.0001,1940,0.00730322697225,0.555555555556,0.0,0.0,0.0,undefined,0.0,0.0861458778381
wh160130,linearsvc_C0.0001,1843,0.00693806562364,0.555555555556,0.0,0.0,0.0,undefined,0.0,0.0524117946625
wh160130,linearsvc_C0.0001,1751,0.00659172702495,0.5,0.0,0.0,0.0,undefined,0.0,0.0834460258484
wh160130,linearsvc_C0.0001,1664,0.0062642111762,0.5,0.0,0.0,0.0,undefined,0.0,0.0755209922791
wh160130,linearsvc_C0.0001,1581,0.00595175352738,0.5,0.0,0.0,0.0,undefined,0.0,0.0759809017181
wh160130,linearsvc_C0.0001,1502,0.00565435407851,0.5,0.0,0.0,0.0,undefined,0.0,0.071347951889
wh160130,linearsvc_C0.0001,1427,0.00537201282959,0.5,0.0,0.0,0.0,undefined,0.0,0.0745429992676
wh160130,linearsvc_C0.0001,1356,0.0051047297806,0.5,0.0,0.0,0.0,undefined,0.0,0.0718641281128
wh160130,linearsvc_C0.001,265636,1.0,0.555555555556,0.0,0.0,0.0,undefined,0.0,324.694281101
wh160130,linearsvc_C0.001,252355,0.95000301164,0.555555555556,0.0,0.0,0.0,undefined,0.0,309.611104965
wh160130,linearsvc_C0.001,239738,0.90250568447,0.555555555556,0.0,0.0,0.0,undefined,0.0,292.420159101
wh160130,linearsvc_C0.001,227752,0.857383788342,0.555555555556,0.0,0.0,0.0,undefined,0.0,276.960659027
wh160130,linearsvc_C0.001,216365,0.814516857655,0.555555555556,0.0,0.0,0.0,undefined,0.0,260.870076895
wh160130,linearsvc_C0.001,205547,0.77379195591,0.555555555556,0.0,0.0,0.0,undefined,0.0,246.836477995
wh160130,linearsvc_C0.001,195270,0.735103675707,0.555555555556,0.0,0.0,0.0,undefined,0.0,234.006975174
wh160130,linearsvc_C0.001,185507,0.698350374196,0.555555555556,0.0,0.0,0.0,undefined,0.0,222.282527924
wh160130,linearsvc_C0.001,176232,0.663434173079,0.555555555556,0.0,0.0,0.0,undefined,0.0,208.964421988
wh160130,linearsvc_C0.001,167421,0.630264723155,0.555555555556,0.0,0.0,0.0,undefined,0.0,199.963788986
wh160130,linearsvc_C0.001,159050,0.598751675225,0.555555555556,0.0,0.0,0.0,undefined,0.0,189.158041
wh160130,linearsvc_C0.001,151098,0.568815973738,0.555555555556,0.0,0.0,0.0,undefined,0.0,179.289698839
wh160130,linearsvc_C0.001,143544,0.540378563147,0.555555555556,0.0,0.0,0.0,undefined,0.0,169.840734005
wh160130,linearsvc_C0.001,136367,0.513360387899,0.555555555556,0.0,0.0,0.0,undefined,0.0,161.734143972
wh160130,linearsvc_C0.001,129549,0.487693686097,0.555555555556,0.0,0.0,0.0,undefined,0.0,153.156774998
wh160130,linearsvc_C0.001,123072,0.463310695839,0.555555555556,0.0,0.0,0.0,undefined,0.0,145.729552984
wh160130,linearsvc_C0.001,116919,0.440147419777,0.555555555556,0.0,0.0,0.0,undefined,0.0,138.800628901
wh160130,linearsvc_C0.001,111074,0.418143625111,0.555555555556,0.0,0.0,0.0,undefined,0.0,115.150258064
wh160130,linearsvc_C0.001,105521,0.39723907904,0.555555555556,0.0,0.0,0.0,undefined,0.0,118.507452011
wh160130,linearsvc_C0.001,100245,0.377377313316,0.555555555556,0.0,0.0,0.0,undefined,0.0,108.611136913
wh160130,linearsvc_C0.001,95233,0.358509388788,0.555555555556,0.0,0.0,0.0,undefined,0.0,99.4177949429
wh160130,linearsvc_C0.001,90472,0.340586366306,0.555555555556,0.0,0.0,0.0,undefined,0.0,90.5092139244
wh160130,linearsvc_C0.001,85949,0.32355930672,0.555555555556,0.0,0.0,0.0,undefined,0.0,68.0146930218
wh160130,linearsvc_C0.001,81652,0.307383035432,0.555555555556,0.0,0.0,0.0,undefined,0.0,63.6613998413
wh160130,linearsvc_C0.001,77570,0.29201614239,0.555555555556,0.0,0.0,0.0,undefined,0.0,69.0457801819
wh160130,linearsvc_C0.001,73692,0.277417217546,0.555555555556,0.0,0.0,0.0,undefined,0.0,52.4534440041
wh160130,linearsvc_C0.001,70008,0.263548615399,0.555555555556,0.0,0.0,0.0,undefined,0.0,81.7303681374
wh160130,linearsvc_C0.001,66508,0.250372690449,0.555555555556,0.0,0.0,0.0,undefined,0.0,78.2293980122
wh160130,linearsvc_C0.001,63183,0.237855561746,0.555555555556,0.0,0.0,0.0,undefined,0.0,45.9690089226
wh160130,linearsvc_C0.001,60024,0.225963348341,0.555555555556,0.0,0.0,0.0,undefined,0.0,36.5303030014
wh160130,linearsvc_C0.001,57023,0.214665933834,0.555555555556,0.0,0.0,0.0,undefined,0.0,37.4519679546
wh160130,linearsvc_C0.001,54172,0.203933201825,0.555555555556,0.0,0.0,0.0,undefined,0.0,50.5370409489
wh160130,linearsvc_C0.001,51464,0.193738800464,0.555555555556,0.0,0.0,0.0,undefined,0.0,32.6083168983
wh160130,linearsvc_C0.001,48891,0.184052613351,0.555555555556,0.0,0.0,0.0,undefined,0.0,27.7243499756
wh160130,linearsvc_C0.001,46447,0.174852053186,0.555555555556,0.0,0.0,0.0,undefined,0.0,23.4047138691
wh160130,linearsvc_C0.001,44125,0.166110768119,0.555555555556,0.0,0.0,0.0,undefined,0.0,22.9427750111
wh160130,linearsvc_C0.001,41919,0.15780617085,0.555555555556,0.0,0.0,0.0,undefined,0.0,21.2972609997
wh160130,linearsvc_C0.001,39824,0.14991943863,0.555555555556,0.0,0.0,0.0,undefined,0.0,19.2886328697
wh160130,linearsvc_C0.001,37833,0.142424219609,0.555555555556,0.0,0.0,0.0,undefined,0.0,32.866890192
wh160130,linearsvc_C0.001,35942,0.135305455586,0.555555555556,0.0,0.0,0.0,undefined,0.0,16.2919008732
wh160130,linearsvc_C0.001,34145,0.128540559262,0.555555555556,0.0,0.0,0.0,undefined,0.0,13.3147170544
wh160130,linearsvc_C0.001,32438,0.122114472436,0.555555555556,0.0,0.0,0.0,undefined,0.0,12.129142046
wh160130,linearsvc_C0.001,30817,0.116012136909,0.555555555556,0.0,0.0,0.0,undefined,0.0,12.2099170685
wh160130,linearsvc_C0.001,29277,0.110214729931,0.555555555556,0.0,0.0,0.0,undefined,0.0,10.8361108303
wh160130,linearsvc_C0.001,27814,0.104707193302,0.555555555556,0.0,0.0,0.0,undefined,0.0,10.080616951
wh160130,linearsvc_C0.001,26424,0.099474468822,0.555555555556,0.0,0.0,0.0,undefined,0.0,9.25244808197
wh160130,linearsvc_C0.001,25103,0.0945014982909,0.555555555556,0.0,0.0,0.0,undefined,0.0,8.4858019352
wh160130,linearsvc_C0.001,23848,0.0897769880588,0.555555555556,0.0,0.0,0.0,undefined,0.0,6.40528607368
wh160130,linearsvc_C0.001,22656,0.0852896444759,0.555555555556,0.0,0.0,0.0,undefined,0.0,6.77110886574
wh160130,linearsvc_C0.001,21524,0.0810281738921,0.555555555556,0.0,0.0,0.0,undefined,0.0,10.9815201759
wh160130,linearsvc_C0.001,20448,0.0769775181075,0.555555555556,0.0,0.0,0.0,undefined,0.0,5.79458212852
wh160130,linearsvc_C0.001,19426,0.0731301480221,0.555555555556,0.0,0.0,0.0,undefined,0.0,5.41327095032
wh160130,linearsvc_C0.001,18455,0.069474769986,0.555555555556,0.0,0.0,0.0,undefined,0.0,4.74671316147
wh160130,linearsvc_C0.001,17533,0.0660038548992,0.555555555556,0.0,0.0,0.0,undefined,0.0,3.95603895187
wh160130,linearsvc_C0.001,16657,0.0627061091117,0.555555555556,0.0,0.0,0.0,undefined,0.0,3.91083407402
wh160130,linearsvc_C0.001,15825,0.0595740035236,0.555555555556,0.0,0.0,0.0,undefined,0.0,3.2249481678
wh160130,linearsvc_C0.001,15034,0.0565962444849,0.555555555556,0.0,0.0,0.0,undefined,0.0,2.9349489212
wh160130,linearsvc_C0.001,14283,0.0537690674457,0.555555555556,0.0,0.0,0.0,undefined,0.0,3.10935497284
wh160130,linearsvc_C0.001,13569,0.0510811787559,0.555555555556,0.0,0.0,0.0,undefined,0.0,2.65102696419
wh160130,linearsvc_C0.001,12891,0.0485288138656,0.555555555556,0.0,0.0,0.0,undefined,0.0,2.57038807869
wh160130,linearsvc_C0.001,12247,0.0461044436748,0.555555555556,0.0,0.0,0.0,undefined,0.0,2.37817502022
wh160130,linearsvc_C0.001,11635,0.0438005390836,0.611111111111,0.0,0.0,0.0,undefined,0.0,2.04516196251
wh160130,linearsvc_C0.001,11054,0.0416133355419,0.611111111111,0.0,0.0,0.0,undefined,0.0,1.72751998901
wh160130,linearsvc_C0.001,10502,0.0395353039498,0.666666666667,0.0,0.0,0.0,undefined,0.0,1.78679490089
wh160130,linearsvc_C0.001,9977,0.0375589152073,0.666666666667,0.0,0.0,0.0,undefined,0.0,1.36741900444
wh160130,linearsvc_C0.001,9479,0.0356841693144,0.666666666667,0.0,0.0,0.0,undefined,0.0,1.40500998497
wh160130,linearsvc_C0.001,9006,0.0339035371712,0.722222222222,0.0,0.0,0.0,undefined,0.0,1.27360892296
wh160130,linearsvc_C0.001,8556,0.0322094896776,0.666666666667,0.0,0.0,0.0,undefined,0.0,1.11956906319
wh160130,linearsvc_C0.001,8129,0.0306020268337,0.611111111111,0.0,0.0,0.0,undefined,0.0,0.987800121307
wh160130,linearsvc_C0.001,7723,0.0290736195395,0.666666666667,0.0,0.0,0.0,undefined,0.0,0.91916680336
wh160130,linearsvc_C0.001,7337,0.027620503245,0.666666666667,0.0,0.0,0.0,undefined,0.0,0.820476055145
wh160130,linearsvc_C0.001,6971,0.0262426779503,0.722222222222,0.0,0.0,0.0,undefined,0.0,0.680478096008
wh160130,linearsvc_C0.001,6623,0.0249326145553,0.666666666667,0.0,0.0,0.0,undefined,0.0,0.642761945724
wh160130,linearsvc_C0.001,6292,0.02368654851,0.666666666667,0.0,0.0,0.0,undefined,0.0,0.602993965149
wh160130,linearsvc_C0.001,5978,0.0225044798145,0.722222222222,0.0,0.0,0.0,undefined,0.0,0.587846040726
wh160130,linearsvc_C0.001,5680,0.0213826439187,0.722222222222,0.0,0.0,0.0,undefined,0.0,0.464103937149
wh160130,linearsvc_C0.001,5396,0.0203135117228,0.777777777778,0.0,0.0,0.0,undefined,0.0,0.435824871063
wh160130,linearsvc_C0.001,5127,0.0193008477767,0.777777777778,0.0,0.0,0.0,undefined,0.0,0.433250188828
wh160130,linearsvc_C0.001,4871,0.0183371229803,0.777777777778,0.0,0.0,0.0,undefined,0.0,0.359774112701
wh160130,linearsvc_C0.001,4628,0.0174223373338,0.777777777778,0.0,0.0,0.0,undefined,0.0,0.369118928909
wh160130,linearsvc_C0.001,4397,0.0165527262871,0.777777777778,0.0,0.0,0.0,undefined,0.0,0.365462064743
wh160130,linearsvc_C0.001,4178,0.0157282898402,0.777777777778,0.0,0.0,0.0,undefined,0.0,0.338329076767
wh160130,linearsvc_C0.001,3970,0.0149452634432,0.777777777778,0.0,0.0,0.0,undefined,0.0,0.299270868301
wh160130,linearsvc_C0.001,3772,0.014199882546,0.777777777778,0.0,0.0,0.0,undefined,0.0,0.267036914825
wh160130,linearsvc_C0.001,3584,0.0134921471487,0.777777777778,0.0,0.0,0.0,undefined,0.0,0.282772064209
wh160130,linearsvc_C0.001,3405,0.0128182927013,0.777777777778,0.0,0.0,0.0,undefined,0.0,0.220393180847
wh160130,linearsvc_C0.001,3235,0.0121783192037,0.777777777778,0.0,0.0,0.0,undefined,0.0,0.235485076904
wh160130,linearsvc_C0.001,3074,0.011572226656,0.777777777778,0.0,0.0,0.0,undefined,0.0,0.211475133896
wh160130,linearsvc_C0.001,2921,0.0109962505082,0.777777777778,0.0,0.0,0.0,undefined,0.0,0.186064004898
wh160130,linearsvc_C0.001,2775,0.0104466262103,0.777777777778,0.0,0.0,0.0,undefined,0.0,0.176316022873
wh160130,linearsvc_C0.001,2637,0.00992711831228,0.777777777778,0.0,0.0,0.0,undefined,0.0,0.150985956192
wh160130,linearsvc_C0.001,2506,0.00943396226415,0.722222222222,0.0,0.0,0.0,undefined,0.0,0.152271032333
wh160130,linearsvc_C0.001,2381,0.00896339351594,0.722222222222,0.0,0.0,0.0,undefined,0.0,0.142453193665
wh160130,linearsvc_C0.001,2262,0.00851541206764,0.722222222222,0.0,0.0,0.0,undefined,0.0,0.112591981888
wh160130,linearsvc_C0.001,2149,0.00809001791926,0.722222222222,0.0,0.0,0.0,undefined,0.0,0.114654779434
wh160130,linearsvc_C0.001,2042,0.00768721107079,0.722222222222,0.0,0.0,0.0,undefined,0.0,0.112295866013
wh160130,linearsvc_C0.001,1940,0.00730322697225,0.722222222222,0.0,0.0,0.0,undefined,0.0,0.0926570892334
wh160130,linearsvc_C0.001,1843,0.00693806562364,0.722222222222,0.0,0.0,0.0,undefined,0.0,0.0836811065674
wh160130,linearsvc_C0.001,1751,0.00659172702495,0.666666666667,0.0,0.0,0.0,undefined,0.0,0.104427099228
wh160130,linearsvc_C0.001,1664,0.0062642111762,0.611111111111,0.0,0.0,0.0,undefined,0.0,0.119081020355
wh160130,linearsvc_C0.001,1581,0.00595175352738,0.666666666667,0.0,0.0,0.0,undefined,0.0,0.111021995544
wh160130,linearsvc_C0.001,1502,0.00565435407851,0.666666666667,0.0,0.0,0.0,undefined,0.0,0.105083942413
wh160130,linearsvc_C0.001,1427,0.00537201282959,0.666666666667,0.0,0.0,0.0,undefined,0.0,0.0950009822845
wh160130,linearsvc_C0.001,1356,0.0051047297806,0.666666666667,0.0,0.0,0.0,undefined,0.0,0.0889699459076
wh160130,linearsvc_C0.01,265636,1.0,0.555555555556,0.0,0.0,0.0,undefined,0.0,301.118144035
wh160130,linearsvc_C0.01,252355,0.95000301164,0.555555555556,0.0,0.0,0.0,undefined,0.0,284.665518045
wh160130,linearsvc_C0.01,239738,0.90250568447,0.555555555556,0.0,0.0,0.0,undefined,0.0,270.333235979
wh160130,linearsvc_C0.01,227752,0.857383788342,0.555555555556,0.0,0.0,0.0,undefined,0.0,255.786009073
wh160130,linearsvc_C0.01,216365,0.814516857655,0.555555555556,0.0,0.0,0.0,undefined,0.0,243.307415962
wh160130,linearsvc_C0.01,205547,0.77379195591,0.555555555556,0.0,0.0,0.0,undefined,0.0,230.850330114
wh160130,linearsvc_C0.01,195270,0.735103675707,0.555555555556,0.0,0.0,0.0,undefined,0.0,218.594898939
wh160130,linearsvc_C0.01,185507,0.698350374196,0.555555555556,0.0,0.0,0.0,undefined,0.0,207.439246893
wh160130,linearsvc_C0.01,176232,0.663434173079,0.555555555556,0.0,0.0,0.0,undefined,0.0,197.712380886
wh160130,linearsvc_C0.01,167421,0.630264723155,0.555555555556,0.0,0.0,0.0,undefined,0.0,186.270992994
wh160130,linearsvc_C0.01,159050,0.598751675225,0.555555555556,0.0,0.0,0.0,undefined,0.0,178.742650032
wh160130,linearsvc_C0.01,151098,0.568815973738,0.555555555556,0.0,0.0,0.0,undefined,0.0,169.866127014
wh160130,linearsvc_C0.01,143544,0.540378563147,0.555555555556,0.0,0.0,0.0,undefined,0.0,161.173655987
wh160130,linearsvc_C0.01,136367,0.513360387899,0.555555555556,0.0,0.0,0.0,undefined,0.0,153.189419985
wh160130,linearsvc_C0.01,129549,0.487693686097,0.555555555556,0.0,0.0,0.0,undefined,0.0,146.211766958
wh160130,linearsvc_C0.01,123072,0.463310695839,0.555555555556,0.0,0.0,0.0,undefined,0.0,138.269869804
wh160130,linearsvc_C0.01,116919,0.440147419777,0.555555555556,0.0,0.0,0.0,undefined,0.0,131.232641935
wh160130,linearsvc_C0.01,111074,0.418143625111,0.555555555556,0.0,0.0,0.0,undefined,0.0,124.52946806
wh160130,linearsvc_C0.01,105521,0.39723907904,0.555555555556,0.0,0.0,0.0,undefined,0.0,118.521021843
wh160130,linearsvc_C0.01,100245,0.377377313316,0.555555555556,0.0,0.0,0.0,undefined,0.0,112.383497
wh160130,linearsvc_C0.01,95233,0.358509388788,0.555555555556,0.0,0.0,0.0,undefined,0.0,106.822875977
wh160130,linearsvc_C0.01,90472,0.340586366306,0.555555555556,0.0,0.0,0.0,undefined,0.0,101.620756149
wh160130,linearsvc_C0.01,85949,0.32355930672,0.555555555556,0.0,0.0,0.0,undefined,0.0,95.9886198044
wh160130,linearsvc_C0.01,81652,0.307383035432,0.555555555556,0.0,0.0,0.0,undefined,0.0,91.3121628761
wh160130,linearsvc_C0.01,77570,0.29201614239,0.555555555556,0.0,0.0,0.0,undefined,0.0,86.9243149757
wh160130,linearsvc_C0.01,73692,0.277417217546,0.555555555556,0.0,0.0,0.0,undefined,0.0,82.4577038288
wh160130,linearsvc_C0.01,70008,0.263548615399,0.555555555556,0.0,0.0,0.0,undefined,0.0,78.1378819942
wh160130,linearsvc_C0.01,66508,0.250372690449,0.555555555556,0.0,0.0,0.0,undefined,0.0,74.3264029026
wh160130,linearsvc_C0.01,63183,0.237855561746,0.555555555556,0.0,0.0,0.0,undefined,0.0,70.2971599102
wh160130,linearsvc_C0.01,60024,0.225963348341,0.555555555556,0.0,0.0,0.0,undefined,0.0,66.7572669983
wh160130,linearsvc_C0.01,57023,0.214665933834,0.555555555556,0.0,0.0,0.0,undefined,0.0,63.5987040997
wh160130,linearsvc_C0.01,54172,0.203933201825,0.555555555556,0.0,0.0,0.0,undefined,0.0,60.0397830009
wh160130,linearsvc_C0.01,51464,0.193738800464,0.555555555556,0.0,0.0,0.0,undefined,0.0,57.1233420372
wh160130,linearsvc_C0.01,48891,0.184052613351,0.555555555556,0.0,0.0,0.0,undefined,0.0,54.1528809071
wh160130,linearsvc_C0.01,46447,0.174852053186,0.555555555556,0.0,0.0,0.0,undefined,0.0,52.0714819431
wh160130,linearsvc_C0.01,44125,0.166110768119,0.555555555556,0.0,0.0,0.0,undefined,0.0,50.6117129326
wh160130,linearsvc_C0.01,41919,0.15780617085,0.555555555556,0.0,0.0,0.0,undefined,0.0,46.58137393
wh160130,linearsvc_C0.01,39824,0.14991943863,0.555555555556,0.0,0.0,0.0,undefined,0.0,44.6909770966
wh160130,linearsvc_C0.01,37833,0.142424219609,0.555555555556,0.0,0.0,0.0,undefined,0.0,44.3799109459
wh160130,linearsvc_C0.01,35942,0.135305455586,0.555555555556,0.0,0.0,0.0,undefined,0.0,44.8215339184
wh160130,linearsvc_C0.01,34145,0.128540559262,0.555555555556,0.0,0.0,0.0,undefined,0.0,41.2408101559
wh160130,linearsvc_C0.01,32438,0.122114472436,0.555555555556,0.0,0.0,0.0,undefined,0.0,37.2161960602
wh160130,linearsvc_C0.01,30817,0.116012136909,0.555555555556,0.0,0.0,0.0,undefined,0.0,34.0588810444
wh160130,linearsvc_C0.01,29277,0.110214729931,0.555555555556,0.0,0.0,0.0,undefined,0.0,35.6055860519
wh160130,linearsvc_C0.01,27814,0.104707193302,0.555555555556,0.0,0.0,0.0,undefined,0.0,29.908135891
wh160130,linearsvc_C0.01,26424,0.099474468822,0.555555555556,0.0,0.0,0.0,undefined,0.0,27.0598549843
wh160130,linearsvc_C0.01,25103,0.0945014982909,0.555555555556,0.0,0.0,0.0,undefined,0.0,24.763561964
wh160130,linearsvc_C0.01,23848,0.0897769880588,0.611111111111,0.0,0.0,0.0,undefined,0.0,22.8176949024
wh160130,linearsvc_C0.01,22656,0.0852896444759,0.611111111111,0.0,0.0,0.0,undefined,0.0,20.9588518143
wh160130,linearsvc_C0.01,21524,0.0810281738921,0.611111111111,0.0,0.0,0.0,undefined,0.0,19.6356151104
wh160130,linearsvc_C0.01,20448,0.0769775181075,0.611111111111,0.0,0.0,0.0,undefined,0.0,17.7275428772
wh160130,linearsvc_C0.01,19426,0.0731301480221,0.611111111111,0.0,0.0,0.0,undefined,0.0,15.9877099991
wh160130,linearsvc_C0.01,18455,0.069474769986,0.611111111111,0.0,0.0,0.0,undefined,0.0,15.5520219803
wh160130,linearsvc_C0.01,17533,0.0660038548992,0.611111111111,0.0,0.0,0.0,undefined,0.0,14.1518678665
wh160130,linearsvc_C0.01,16657,0.0627061091117,0.611111111111,0.0,0.0,0.0,undefined,0.0,12.2940490246
wh160130,linearsvc_C0.01,15825,0.0595740035236,0.611111111111,0.0,0.0,0.0,undefined,0.0,11.4892039299
wh160130,linearsvc_C0.01,15034,0.0565962444849,0.555555555556,0.0,0.0,0.0,undefined,0.0,10.89646101
wh160130,linearsvc_C0.01,14283,0.0537690674457,0.611111111111,0.0,0.0,0.0,undefined,0.0,9.5603120327
wh160130,linearsvc_C0.01,13569,0.0510811787559,0.666666666667,0.0,0.0,0.0,undefined,0.0,8.83308005333
wh160130,linearsvc_C0.01,12891,0.0485288138656,0.611111111111,0.0,0.0,0.0,undefined,0.0,6.61319684982
wh160130,linearsvc_C0.01,12247,0.0461044436748,0.555555555556,0.0,0.0,0.0,undefined,0.0,7.50034713745
wh160130,linearsvc_C0.01,11635,0.0438005390836,0.611111111111,0.0,0.0,0.0,undefined,0.0,6.37635993958
wh160130,linearsvc_C0.01,11054,0.0416133355419,0.555555555556,0.0,0.0,0.0,undefined,0.0,6.4467830658
wh160130,linearsvc_C0.01,10502,0.0395353039498,0.555555555556,0.0,0.0,0.0,undefined,0.0,5.34232997894
wh160130,linearsvc_C0.01,9977,0.0375589152073,0.611111111111,0.0,0.0,0.0,undefined,0.0,5.19045090675
wh160130,linearsvc_C0.01,9479,0.0356841693144,0.611111111111,0.0,0.0,0.0,undefined,0.0,4.44274091721
wh160130,linearsvc_C0.01,9006,0.0339035371712,0.611111111111,0.0,0.0,0.0,undefined,0.0,4.08739686012
wh160130,linearsvc_C0.01,8556,0.0322094896776,0.611111111111,0.0,0.0,0.0,undefined,0.0,3.5499458313
wh160130,linearsvc_C0.01,8129,0.0306020268337,0.555555555556,0.0,0.0,0.0,undefined,0.0,3.54484295845
wh160130,linearsvc_C0.01,7723,0.0290736195395,0.555555555556,0.0,0.0,0.0,undefined,0.0,3.46721506119
wh160130,linearsvc_C0.01,7337,0.027620503245,0.611111111111,0.0,0.0,0.0,undefined,0.0,2.98156499863
wh160130,linearsvc_C0.01,6971,0.0262426779503,0.611111111111,0.0,0.0,0.0,undefined,0.0,2.93332290649
wh160130,linearsvc_C0.01,6623,0.0249326145553,0.555555555556,0.0,0.0,0.0,undefined,0.0,2.49485492706
wh160130,linearsvc_C0.01,6292,0.02368654851,0.611111111111,0.0,0.0,0.0,undefined,0.0,1.89318704605
wh160130,linearsvc_C0.01,5978,0.0225044798145,0.611111111111,0.0,0.0,0.0,undefined,0.0,1.90925002098
wh160130,linearsvc_C0.01,5680,0.0213826439187,0.611111111111,0.0,0.0,0.0,undefined,0.0,1.77956414223
wh160130,linearsvc_C0.01,5396,0.0203135117228,0.611111111111,0.0,0.0,0.0,undefined,0.0,1.62675380707
wh160130,linearsvc_C0.01,5127,0.0193008477767,0.611111111111,0.0,0.0,0.0,undefined,0.0,1.5476770401
wh160130,linearsvc_C0.01,4871,0.0183371229803,0.611111111111,0.0,0.0,0.0,undefined,0.0,1.24513483047
wh160130,linearsvc_C0.01,4628,0.0174223373338,0.666666666667,0.0,0.0,0.0,undefined,0.0,1.0912361145
wh160130,linearsvc_C0.01,4397,0.0165527262871,0.666666666667,0.0,0.0,0.0,undefined,0.0,0.898615121841
wh160130,linearsvc_C0.01,4178,0.0157282898402,0.666666666667,0.0,0.0,0.0,undefined,0.0,1.04860901833
wh160130,linearsvc_C0.01,3970,0.0149452634432,0.722222222222,0.0,0.0,0.0,undefined,0.0,0.847607851028
wh160130,linearsvc_C0.01,3772,0.014199882546,0.777777777778,0.0,0.0,0.0,undefined,0.0,0.78621506691
wh160130,linearsvc_C0.01,3584,0.0134921471487,0.777777777778,0.0,0.0,0.0,undefined,0.0,0.71607708931
wh160130,linearsvc_C0.01,3405,0.0128182927013,0.722222222222,0.0,0.0,0.0,undefined,0.0,0.784795999527
wh160130,linearsvc_C0.01,3235,0.0121783192037,0.722222222222,0.0,0.0,0.0,undefined,0.0,0.615650177002
wh160130,linearsvc_C0.01,3074,0.011572226656,0.777777777778,0.0,0.0,0.0,undefined,0.0,0.535567045212
wh160130,linearsvc_C0.01,2921,0.0109962505082,0.777777777778,0.0,0.0,0.0,undefined,0.0,0.564661026001
wh160130,linearsvc_C0.01,2775,0.0104466262103,0.722222222222,0.0,0.0,0.0,undefined,0.0,0.510762929916
wh160130,linearsvc_C0.01,2637,0.00992711831228,0.722222222222,0.0,0.0,0.0,undefined,0.0,0.413832902908
wh160130,linearsvc_C0.01,2506,0.00943396226415,0.611111111111,0.0,0.0,0.0,undefined,0.0,0.412011861801
wh160130,linearsvc_C0.01,2381,0.00896339351594,0.611111111111,0.0,0.0,0.0,undefined,0.0,0.379645109177
wh160130,linearsvc_C0.01,2262,0.00851541206764,0.611111111111,0.0,0.0,0.0,undefined,0.0,0.317699193954
wh160130,linearsvc_C0.01,2149,0.00809001791926,0.666666666667,0.0,0.0,0.0,undefined,0.0,0.319522857666
wh160130,linearsvc_C0.01,2042,0.00768721107079,0.666666666667,0.0,0.0,0.0,undefined,0.0,0.295772075653
wh160130,linearsvc_C0.01,1940,0.00730322697225,0.611111111111,0.0,0.0,0.0,undefined,0.0,0.295766830444
wh160130,linearsvc_C0.01,1843,0.00693806562364,0.555555555556,0.0,0.0,0.0,undefined,0.0,0.256900072098
wh160130,linearsvc_C0.01,1751,0.00659172702495,0.5,0.0,0.0,0.0,undefined,0.0,0.232357025146
wh160130,linearsvc_C0.01,1664,0.0062642111762,0.555555555556,0.0,0.0,0.0,undefined,0.0,0.223926067352
wh160130,linearsvc_C0.01,1581,0.00595175352738,0.444444444444,0.0,0.0,0.0,undefined,0.0,0.203027009964
wh160130,linearsvc_C0.01,1502,0.00565435407851,0.555555555556,0.0,0.0,0.0,undefined,0.0,0.215745210648
wh160130,linearsvc_C0.01,1427,0.00537201282959,0.555555555556,0.0,0.0,0.0,undefined,0.0,0.180377006531
wh160130,linearsvc_C0.01,1356,0.0051047297806,0.555555555556,0.0,0.0,0.0,undefined,0.0,0.161561965942
wh160130,linearsvc_C0.1,265636,1.0,0.555555555556,0.0,0.0,0.0,undefined,0.0,25.3517458439
wh160130,linearsvc_C0.1,252355,0.95000301164,0.555555555556,0.0,0.0,0.0,undefined,0.0,62.1620399952
wh160130,linearsvc_C0.1,239738,0.90250568447,0.555555555556,0.0,0.0,0.0,undefined,0.0,75.9181690216
wh160130,linearsvc_C0.1,227752,0.857383788342,0.555555555556,0.0,0.0,0.0,undefined,0.0,19.1465320587
wh160130,linearsvc_C0.1,216365,0.814516857655,0.555555555556,0.0,0.0,0.0,undefined,0.0,18.6140799522
wh160130,linearsvc_C0.1,205547,0.77379195591,0.555555555556,0.0,0.0,0.0,undefined,0.0,30.3333530426
wh160130,linearsvc_C0.1,195270,0.735103675707,0.555555555556,0.0,0.0,0.0,undefined,0.0,21.6969840527
wh160130,linearsvc_C0.1,185507,0.698350374196,0.555555555556,0.0,0.0,0.0,undefined,0.0,15.3045289516
wh160130,linearsvc_C0.1,176232,0.663434173079,0.555555555556,0.0,0.0,0.0,undefined,0.0,24.3773601055
wh160130,linearsvc_C0.1,167421,0.630264723155,0.555555555556,0.0,0.0,0.0,undefined,0.0,13.3813350201
wh160130,linearsvc_C0.1,159050,0.598751675225,0.555555555556,0.0,0.0,0.0,undefined,0.0,19.6054489613
wh160130,linearsvc_C0.1,151098,0.568815973738,0.555555555556,0.0,0.0,0.0,undefined,0.0,21.4035339355
wh160130,linearsvc_C0.1,143544,0.540378563147,0.555555555556,0.0,0.0,0.0,undefined,0.0,16.257019043
wh160130,linearsvc_C0.1,136367,0.513360387899,0.555555555556,0.0,0.0,0.0,undefined,0.0,25.507488966
wh160130,linearsvc_C0.1,129549,0.487693686097,0.555555555556,0.0,0.0,0.0,undefined,0.0,52.9444630146
wh160130,linearsvc_C0.1,123072,0.463310695839,0.555555555556,0.0,0.0,0.0,undefined,0.0,88.7569081783
wh160130,linearsvc_C0.1,116919,0.440147419777,0.555555555556,0.0,0.0,0.0,undefined,0.0,8.96952795982
wh160130,linearsvc_C0.1,111074,0.418143625111,0.555555555556,0.0,0.0,0.0,undefined,0.0,143.038487911
wh160130,linearsvc_C0.1,105521,0.39723907904,0.555555555556,0.0,0.0,0.0,undefined,0.0,18.0846409798
wh160130,linearsvc_C0.1,100245,0.377377313316,0.555555555556,0.0,0.0,0.0,undefined,0.0,71.0322699547
wh160130,linearsvc_C0.1,95233,0.358509388788,0.555555555556,0.0,0.0,0.0,undefined,0.0,67.3743851185
wh160130,linearsvc_C0.1,90472,0.340586366306,0.555555555556,0.0,0.0,0.0,undefined,0.0,106.177390099
wh160130,linearsvc_C0.1,85949,0.32355930672,0.555555555556,0.0,0.0,0.0,undefined,0.0,109.584514856
wh160130,linearsvc_C0.1,81652,0.307383035432,0.555555555556,0.0,0.0,0.0,undefined,0.0,103.183382034
wh160130,linearsvc_C0.1,77570,0.29201614239,0.555555555556,0.0,0.0,0.0,undefined,0.0,91.0239560604
wh160130,linearsvc_C0.1,73692,0.277417217546,0.555555555556,0.0,0.0,0.0,undefined,0.0,92.7945849895
wh160130,linearsvc_C0.1,70008,0.263548615399,0.555555555556,0.0,0.0,0.0,undefined,0.0,88.2227218151
wh160130,linearsvc_C0.1,66508,0.250372690449,0.555555555556,0.0,0.0,0.0,undefined,0.0,83.7647109032
wh160130,linearsvc_C0.1,63183,0.237855561746,0.555555555556,0.0,0.0,0.0,undefined,0.0,78.1143641472
wh160130,linearsvc_C0.1,60024,0.225963348341,0.555555555556,0.0,0.0,0.0,undefined,0.0,74.9140169621
wh160130,linearsvc_C0.1,57023,0.214665933834,0.555555555556,0.0,0.0,0.0,undefined,0.0,70.7988381386
wh160130,linearsvc_C0.1,54172,0.203933201825,0.555555555556,0.0,0.0,0.0,undefined,0.0,67.1199331284
wh160130,linearsvc_C0.1,51464,0.193738800464,0.555555555556,0.0,0.0,0.0,undefined,0.0,63.409129858
wh160130,linearsvc_C0.1,48891,0.184052613351,0.555555555556,0.0,0.0,0.0,undefined,0.0,60.4958980083
wh160130,linearsvc_C0.1,46447,0.174852053186,0.555555555556,0.0,0.0,0.0,undefined,0.0,56.4756820202
wh160130,linearsvc_C0.1,44125,0.166110768119,0.555555555556,0.0,0.0,0.0,undefined,0.0,54.5010280609
wh160130,linearsvc_C0.1,41919,0.15780617085,0.555555555556,0.0,0.0,0.0,undefined,0.0,51.4153831005
wh160130,linearsvc_C0.1,39824,0.14991943863,0.555555555556,0.0,0.0,0.0,undefined,0.0,49.0382630825
wh160130,linearsvc_C0.1,37833,0.142424219609,0.555555555556,0.0,0.0,0.0,undefined,0.0,46.7053570747
wh160130,linearsvc_C0.1,35942,0.135305455586,0.555555555556,0.0,0.0,0.0,undefined,0.0,43.9516742229
wh160130,linearsvc_C0.1,34145,0.128540559262,0.555555555556,0.0,0.0,0.0,undefined,0.0,41.8320150375
wh160130,linearsvc_C0.1,32438,0.122114472436,0.611111111111,0.0,0.0,0.0,undefined,0.0,39.7744829655
wh160130,linearsvc_C0.1,30817,0.116012136909,0.611111111111,0.0,0.0,0.0,undefined,0.0,30.4054350853
wh160130,linearsvc_C0.1,29277,0.110214729931,0.611111111111,0.0,0.0,0.0,undefined,0.0,35.955488205
wh160130,linearsvc_C0.1,27814,0.104707193302,0.611111111111,0.0,0.0,0.0,undefined,0.0,34.0202519894
wh160130,linearsvc_C0.1,26424,0.099474468822,0.611111111111,0.0,0.0,0.0,undefined,0.0,32.4398639202
wh160130,linearsvc_C0.1,25103,0.0945014982909,0.611111111111,0.0,0.0,0.0,undefined,0.0,30.8970789909
wh160130,linearsvc_C0.1,23848,0.0897769880588,0.611111111111,0.0,0.0,0.0,undefined,0.0,29.3536510468
wh160130,linearsvc_C0.1,22656,0.0852896444759,0.611111111111,0.0,0.0,0.0,undefined,0.0,27.973911047
wh160130,linearsvc_C0.1,21524,0.0810281738921,0.611111111111,0.0,0.0,0.0,undefined,0.0,26.1217978001
wh160130,linearsvc_C0.1,20448,0.0769775181075,0.611111111111,0.0,0.0,0.0,undefined,0.0,25.1378650665
wh160130,linearsvc_C0.1,19426,0.0731301480221,0.611111111111,0.0,0.0,0.0,undefined,0.0,23.6982061863
wh160130,linearsvc_C0.1,18455,0.069474769986,0.611111111111,0.0,0.0,0.0,undefined,0.0,22.5362761021
wh160130,linearsvc_C0.1,17533,0.0660038548992,0.611111111111,0.0,0.0,0.0,undefined,0.0,21.1815559864
wh160130,linearsvc_C0.1,16657,0.0627061091117,0.611111111111,0.0,0.0,0.0,undefined,0.0,20.0066549778
wh160130,linearsvc_C0.1,15825,0.0595740035236,0.611111111111,0.0,0.0,0.0,undefined,0.0,19.1278450489
wh160130,linearsvc_C0.1,15034,0.0565962444849,0.611111111111,0.0,0.0,0.0,undefined,0.0,17.4424488544
wh160130,linearsvc_C0.1,14283,0.0537690674457,0.611111111111,0.0,0.0,0.0,undefined,0.0,17.0031809807
wh160130,linearsvc_C0.1,13569,0.0510811787559,0.611111111111,0.0,0.0,0.0,undefined,0.0,14.0499410629
wh160130,linearsvc_C0.1,12891,0.0485288138656,0.611111111111,0.0,0.0,0.0,undefined,0.0,14.9693620205
wh160130,linearsvc_C0.1,12247,0.0461044436748,0.611111111111,0.0,0.0,0.0,undefined,0.0,14.2983849049
wh160130,linearsvc_C0.1,11635,0.0438005390836,0.611111111111,0.0,0.0,0.0,undefined,0.0,13.2760419846
wh160130,linearsvc_C0.1,11054,0.0416133355419,0.611111111111,0.0,0.0,0.0,undefined,0.0,12.6223740578
wh160130,linearsvc_C0.1,10502,0.0395353039498,0.722222222222,0.0,0.0,0.0,undefined,0.0,12.023430109
wh160130,linearsvc_C0.1,9977,0.0375589152073,0.722222222222,0.0,0.0,0.0,undefined,0.0,11.0754008293
wh160130,linearsvc_C0.1,9479,0.0356841693144,0.722222222222,0.0,0.0,0.0,undefined,0.0,10.7724900246
wh160130,linearsvc_C0.1,9006,0.0339035371712,0.666666666667,0.0,0.0,0.0,undefined,0.0,9.89693498611
wh160130,linearsvc_C0.1,8556,0.0322094896776,0.666666666667,0.0,0.0,0.0,undefined,0.0,9.44138288498
wh160130,linearsvc_C0.1,8129,0.0306020268337,0.722222222222,0.0,0.0,0.0,undefined,0.0,9.0173201561
wh160130,linearsvc_C0.1,7723,0.0290736195395,0.777777777778,0.0,0.0,0.0,undefined,0.0,8.46151089668
wh160130,linearsvc_C0.1,7337,0.027620503245,0.777777777778,0.0,0.0,0.0,undefined,0.0,8.04877495766
wh160130,linearsvc_C0.1,6971,0.0262426779503,0.777777777778,0.0,0.0,0.0,undefined,0.0,7.64965701103
wh160130,linearsvc_C0.1,6623,0.0249326145553,0.722222222222,0.0,0.0,0.0,undefined,0.0,7.29128289223
wh160130,linearsvc_C0.1,6292,0.02368654851,0.722222222222,0.0,0.0,0.0,undefined,0.0,6.80051088333
wh160130,linearsvc_C0.1,5978,0.0225044798145,0.722222222222,0.0,0.0,0.0,undefined,0.0,6.20303320885
wh160130,linearsvc_C0.1,5680,0.0213826439187,0.722222222222,0.0,0.0,0.0,undefined,0.0,5.41841411591
wh160130,linearsvc_C0.1,5396,0.0203135117228,0.777777777778,0.0,0.0,0.0,undefined,0.0,5.7333278656
wh160130,linearsvc_C0.1,5127,0.0193008477767,0.666666666667,0.0,0.0,0.0,undefined,0.0,5.36772704124
wh160130,linearsvc_C0.1,4871,0.0183371229803,0.666666666667,0.0,0.0,0.0,undefined,0.0,4.73963999748
wh160130,linearsvc_C0.1,4628,0.0174223373338,0.666666666667,0.0,0.0,0.0,undefined,0.0,4.91239500046
wh160130,linearsvc_C0.1,4397,0.0165527262871,0.666666666667,0.0,0.0,0.0,undefined,0.0,4.70940899849
wh160130,linearsvc_C0.1,4178,0.0157282898402,0.666666666667,0.0,0.0,0.0,undefined,0.0,3.86118793488
wh160130,linearsvc_C0.1,3970,0.0149452634432,0.722222222222,0.0,0.0,0.0,undefined,0.0,3.87572407722
wh160130,linearsvc_C0.1,3772,0.014199882546,0.777777777778,0.0,0.0,0.0,undefined,0.0,4.01187205315
wh160130,linearsvc_C0.1,3584,0.0134921471487,0.777777777778,0.0,0.0,0.0,undefined,0.0,3.26208901405
wh160130,linearsvc_C0.1,3405,0.0128182927013,0.666666666667,0.0,0.0,0.0,undefined,0.0,2.88835215569
wh160130,linearsvc_C0.1,3235,0.0121783192037,0.666666666667,0.0,0.0,0.0,undefined,0.0,3.33952093124
wh160130,linearsvc_C0.1,3074,0.011572226656,0.611111111111,0.0,0.0,0.0,undefined,0.0,2.38114380836
wh160130,linearsvc_C0.1,2921,0.0109962505082,0.611111111111,0.0,0.0,0.0,undefined,0.0,2.69350504875
wh160130,linearsvc_C0.1,2775,0.0104466262103,0.777777777778,0.0,0.0,0.0,undefined,0.0,2.65629816055
wh160130,linearsvc_C0.1,2637,0.00992711831228,0.777777777778,0.0,0.0,0.0,undefined,0.0,2.26059889793
wh160130,linearsvc_C0.1,2506,0.00943396226415,0.722222222222,0.0,0.0,0.0,undefined,0.0,1.70912098885
wh160130,linearsvc_C0.1,2381,0.00896339351594,0.722222222222,0.0,0.0,0.0,undefined,0.0,2.30683493614
wh160130,linearsvc_C0.1,2262,0.00851541206764,0.722222222222,0.0,0.0,0.0,undefined,0.0,1.73049783707
wh160130,linearsvc_C0.1,2149,0.00809001791926,0.777777777778,0.0,0.0,0.0,undefined,0.0,1.42306303978
wh160130,linearsvc_C0.1,2042,0.00768721107079,0.722222222222,0.0,0.0,0.0,undefined,0.0,1.7682299614
wh160130,linearsvc_C0.1,1940,0.00730322697225,0.666666666667,0.0,0.0,0.0,undefined,0.0,1.08126306534
wh160130,linearsvc_C0.1,1843,0.00693806562364,0.666666666667,0.0,0.0,0.0,undefined,0.0,1.11190891266
wh160130,linearsvc_C0.1,1751,0.00659172702495,0.666666666667,0.0,0.0,0.0,undefined,0.0,1.26996088028
wh160130,linearsvc_C0.1,1664,0.0062642111762,0.666666666667,0.0,0.0,0.0,undefined,0.0,1.03396320343
wh160130,linearsvc_C0.1,1581,0.00595175352738,0.666666666667,0.0,0.0,0.0,undefined,0.0,1.05275607109
wh160130,linearsvc_C0.1,1502,0.00565435407851,0.666666666667,0.0,0.0,0.0,undefined,0.0,0.837527990341
wh160130,linearsvc_C0.1,1427,0.00537201282959,0.666666666667,0.0,0.0,0.0,undefined,0.0,0.681672811508
wh160130,linearsvc_C0.1,1356,0.0051047297806,0.777777777778,0.0,0.0,0.0,undefined,0.0,0.571640968323
wh160130,linearsvc_C1.0,265636,1.0,0.5,0.0,0.0,0.0,undefined,0.0,21.4137101173
wh160130,linearsvc_C1.0,252355,0.95000301164,0.5,0.0,0.0,0.0,undefined,0.0,19.6263790131
wh160130,linearsvc_C1.0,239738,0.90250568447,0.5,0.0,0.0,0.0,undefined,0.0,19.1415128708
wh160130,linearsvc_C1.0,227752,0.857383788342,0.5,0.0,0.0,0.0,undefined,0.0,17.3014888763
wh160130,linearsvc_C1.0,216365,0.814516857655,0.5,0.0,0.0,0.0,undefined,0.0,16.4396362305
wh160130,linearsvc_C1.0,205547,0.77379195591,0.5,0.0,0.0,0.0,undefined,0.0,15.2321691513
wh160130,linearsvc_C1.0,195270,0.735103675707,0.5,0.0,0.0,0.0,undefined,0.0,14.1124920845
wh160130,linearsvc_C1.0,185507,0.698350374196,0.5,0.0,0.0,0.0,undefined,0.0,13.3183820248
wh160130,linearsvc_C1.0,176232,0.663434173079,0.5,0.0,0.0,0.0,undefined,0.0,12.6585509777
wh160130,linearsvc_C1.0,167421,0.630264723155,0.5,0.0,0.0,0.0,undefined,0.0,11.9134478569
wh160130,linearsvc_C1.0,159050,0.598751675225,0.5,0.0,0.0,0.0,undefined,0.0,11.0884859562
wh160130,linearsvc_C1.0,151098,0.568815973738,0.5,0.0,0.0,0.0,undefined,0.0,10.1568539143
wh160130,linearsvc_C1.0,143544,0.540378563147,0.5,0.0,0.0,0.0,undefined,0.0,9.80295181274
wh160130,linearsvc_C1.0,136367,0.513360387899,0.5,0.0,0.0,0.0,undefined,0.0,9.29727077484
wh160130,linearsvc_C1.0,129549,0.487693686097,0.555555555556,0.0,0.0,0.0,undefined,0.0,8.65433001518
wh160130,linearsvc_C1.0,123072,0.463310695839,0.5,0.0,0.0,0.0,undefined,0.0,8.03360104561
wh160130,linearsvc_C1.0,116919,0.440147419777,0.5,0.0,0.0,0.0,undefined,0.0,7.61886286736
wh160130,linearsvc_C1.0,111074,0.418143625111,0.5,0.0,0.0,0.0,undefined,0.0,7.21916794777
wh160130,linearsvc_C1.0,105521,0.39723907904,0.555555555556,0.0,0.0,0.0,undefined,0.0,6.62140798569
wh160130,linearsvc_C1.0,100245,0.377377313316,0.555555555556,0.0,0.0,0.0,undefined,0.0,6.27601790428
wh160130,linearsvc_C1.0,95233,0.358509388788,0.5,0.0,0.0,0.0,undefined,0.0,6.01419901848
wh160130,linearsvc_C1.0,90472,0.340586366306,0.5,0.0,0.0,0.0,undefined,0.0,5.71412801743
wh160130,linearsvc_C1.0,85949,0.32355930672,0.5,0.0,0.0,0.0,undefined,0.0,5.30613708496
wh160130,linearsvc_C1.0,81652,0.307383035432,0.5,0.0,0.0,0.0,undefined,0.0,4.91690397263
wh160130,linearsvc_C1.0,77570,0.29201614239,0.5,0.0,0.0,0.0,undefined,0.0,4.64925503731
wh160130,linearsvc_C1.0,73692,0.277417217546,0.5,0.0,0.0,0.0,undefined,0.0,4.44437193871
wh160130,linearsvc_C1.0,70008,0.263548615399,0.5,0.0,0.0,0.0,undefined,0.0,4.21303606033
wh160130,linearsvc_C1.0,66508,0.250372690449,0.5,0.0,0.0,0.0,undefined,0.0,3.99132108688
wh160130,linearsvc_C1.0,63183,0.237855561746,0.5,0.0,0.0,0.0,undefined,0.0,3.70961117744
wh160130,linearsvc_C1.0,60024,0.225963348341,0.5,0.0,0.0,0.0,undefined,0.0,3.51513695717
wh160130,linearsvc_C1.0,57023,0.214665933834,0.5,0.0,0.0,0.0,undefined,0.0,3.30977606773
wh160130,linearsvc_C1.0,54172,0.203933201825,0.5,0.0,0.0,0.0,undefined,0.0,3.02739691734
wh160130,linearsvc_C1.0,51464,0.193738800464,0.5,0.0,0.0,0.0,undefined,0.0,3.047508955
wh160130,linearsvc_C1.0,48891,0.184052613351,0.555555555556,0.0,0.0,0.0,undefined,0.0,2.74662184715
wh160130,linearsvc_C1.0,46447,0.174852053186,0.5,0.0,0.0,0.0,undefined,0.0,2.67221999168
wh160130,linearsvc_C1.0,44125,0.166110768119,0.5,0.0,0.0,0.0,undefined,0.0,2.59562110901
wh160130,linearsvc_C1.0,41919,0.15780617085,0.5,0.0,0.0,0.0,undefined,0.0,2.34283709526
wh160130,linearsvc_C1.0,39824,0.14991943863,0.5,0.0,0.0,0.0,undefined,0.0,2.2366271019
wh160130,linearsvc_C1.0,37833,0.142424219609,0.5,0.0,0.0,0.0,undefined,0.0,2.07647585869
wh160130,linearsvc_C1.0,35942,0.135305455586,0.5,0.0,0.0,0.0,undefined,0.0,1.95832300186
wh160130,linearsvc_C1.0,34145,0.128540559262,0.5,0.0,0.0,0.0,undefined,0.0,1.87672400475
wh160130,linearsvc_C1.0,32438,0.122114472436,0.5,0.0,0.0,0.0,undefined,0.0,1.75990009308
wh160130,linearsvc_C1.0,30817,0.116012136909,0.5,0.0,0.0,0.0,undefined,0.0,1.75475287437
wh160130,linearsvc_C1.0,29277,0.110214729931,0.5,0.0,0.0,0.0,undefined,0.0,1.58522486687
wh160130,linearsvc_C1.0,27814,0.104707193302,0.5,0.0,0.0,0.0,undefined,0.0,1.58534288406
wh160130,linearsvc_C1.0,26424,0.099474468822,0.5,0.0,0.0,0.0,undefined,0.0,1.43947601318
wh160130,linearsvc_C1.0,25103,0.0945014982909,0.5,0.0,0.0,0.0,undefined,0.0,1.30744314194
wh160130,linearsvc_C1.0,23848,0.0897769880588,0.5,0.0,0.0,0.0,undefined,0.0,1.26561498642
wh160130,linearsvc_C1.0,22656,0.0852896444759,0.5,0.0,0.0,0.0,undefined,0.0,1.13356089592
wh160130,linearsvc_C1.0,21524,0.0810281738921,0.5,0.0,0.0,0.0,undefined,0.0,1.10619306564
wh160130,linearsvc_C1.0,20448,0.0769775181075,0.5,0.0,0.0,0.0,undefined,0.0,1.02014899254
wh160130,linearsvc_C1.0,19426,0.0731301480221,0.5,0.0,0.0,0.0,undefined,0.0,0.99622297287
wh160130,linearsvc_C1.0,18455,0.069474769986,0.5,0.0,0.0,0.0,undefined,0.0,1.01046895981
wh160130,linearsvc_C1.0,17533,0.0660038548992,0.5,0.0,0.0,0.0,undefined,0.0,0.852108001709
wh160130,linearsvc_C1.0,16657,0.0627061091117,0.5,0.0,0.0,0.0,undefined,0.0,0.824723005295
wh160130,linearsvc_C1.0,15825,0.0595740035236,0.5,0.0,0.0,0.0,undefined,0.0,0.881004095078
wh160130,linearsvc_C1.0,15034,0.0565962444849,0.555555555556,0.0,0.0,0.0,undefined,0.0,0.742110967636
wh160130,linearsvc_C1.0,14283,0.0537690674457,0.555555555556,0.0,0.0,0.0,undefined,0.0,0.696625947952
wh160130,linearsvc_C1.0,13569,0.0510811787559,0.555555555556,0.0,0.0,0.0,undefined,0.0,0.708575963974
wh160130,linearsvc_C1.0,12891,0.0485288138656,0.555555555556,0.0,0.0,0.0,undefined,0.0,0.635279893875
wh160130,linearsvc_C1.0,12247,0.0461044436748,0.555555555556,0.0,0.0,0.0,undefined,0.0,0.641471862793
wh160130,linearsvc_C1.0,11635,0.0438005390836,0.555555555556,0.0,0.0,0.0,undefined,0.0,0.57035112381
wh160130,linearsvc_C1.0,11054,0.0416133355419,0.555555555556,0.0,0.0,0.0,undefined,0.0,0.497143983841
wh160130,linearsvc_C1.0,10502,0.0395353039498,0.611111111111,0.0,0.0,0.0,undefined,0.0,0.469039916992
wh160130,linearsvc_C1.0,9977,0.0375589152073,0.611111111111,0.0,0.0,0.0,undefined,0.0,0.464601039886
wh160130,linearsvc_C1.0,9479,0.0356841693144,0.611111111111,0.0,0.0,0.0,undefined,0.0,0.416401863098
wh160130,linearsvc_C1.0,9006,0.0339035371712,0.555555555556,0.0,0.0,0.0,undefined,0.0,0.431317806244
wh160130,linearsvc_C1.0,8556,0.0322094896776,0.5,0.0,0.0,0.0,undefined,0.0,0.361880064011
wh160130,linearsvc_C1.0,8129,0.0306020268337,0.555555555556,0.0,0.0,0.0,undefined,0.0,0.356741905212
wh160130,linearsvc_C1.0,7723,0.0290736195395,0.5,0.0,0.0,0.0,undefined,0.0,0.358637094498
wh160130,linearsvc_C1.0,7337,0.027620503245,0.5,0.0,0.0,0.0,undefined,0.0,0.37174487114
wh160130,linearsvc_C1.0,6971,0.0262426779503,0.5,0.0,0.0,0.0,undefined,0.0,0.282226085663
wh160130,linearsvc_C1.0,6623,0.0249326145553,0.5,0.0,0.0,0.0,undefined,0.0,0.292584896088
wh160130,linearsvc_C1.0,6292,0.02368654851,0.5,0.0,0.0,0.0,undefined,0.0,0.277959108353
wh160130,linearsvc_C1.0,5978,0.0225044798145,0.5,0.0,0.0,0.0,undefined,0.0,0.2855219841
wh160130,linearsvc_C1.0,5680,0.0213826439187,0.611111111111,0.0,0.0,0.0,undefined,0.0,0.232291936874
wh160130,linearsvc_C1.0,5396,0.0203135117228,0.611111111111,0.0,0.0,0.0,undefined,0.0,0.244849920273
wh160130,linearsvc_C1.0,5127,0.0193008477767,0.5,0.0,0.0,0.0,undefined,0.0,0.226416826248
wh160130,linearsvc_C1.0,4871,0.0183371229803,0.444444444444,0.0,0.0,0.0,undefined,0.0,0.215869903564
wh160130,linearsvc_C1.0,4628,0.0174223373338,0.555555555556,0.0,0.0,0.0,undefined,0.0,0.226146221161
wh160130,linearsvc_C1.0,4397,0.0165527262871,0.611111111111,0.0,0.0,0.0,undefined,0.0,0.216933965683
wh160130,linearsvc_C1.0,4178,0.0157282898402,0.5,0.0,0.0,0.0,undefined,0.0,0.204600095749
wh160130,linearsvc_C1.0,3970,0.0149452634432,0.555555555556,0.0,0.0,0.0,undefined,0.0,0.189349889755
wh160130,linearsvc_C1.0,3772,0.014199882546,0.555555555556,0.0,0.0,0.0,undefined,0.0,0.205374956131
wh160130,linearsvc_C1.0,3584,0.0134921471487,0.5,0.0,0.0,0.0,undefined,0.0,0.182928085327
wh160130,linearsvc_C1.0,3405,0.0128182927013,0.611111111111,0.0,0.0,0.0,undefined,0.0,0.167416095734
wh160130,linearsvc_C1.0,3235,0.0121783192037,0.611111111111,0.0,0.0,0.0,undefined,0.0,0.151228904724
wh160130,linearsvc_C1.0,3074,0.011572226656,0.611111111111,0.0,0.0,0.0,undefined,0.0,0.148036003113
wh160130,linearsvc_C1.0,2921,0.0109962505082,0.666666666667,0.0,0.0,0.0,undefined,0.0,0.934349060059
wh160130,linearsvc_C1.0,2775,0.0104466262103,0.666666666667,0.0,0.0,0.0,undefined,0.0,0.260538816452
wh160130,linearsvc_C1.0,2637,0.00992711831228,0.611111111111,0.0,0.0,0.0,undefined,0.0,0.746809959412
wh160130,linearsvc_C1.0,2506,0.00943396226415,0.555555555556,0.0,0.0,0.0,undefined,0.0,0.420680046082
wh160130,linearsvc_C1.0,2381,0.00896339351594,0.666666666667,0.0,0.0,0.0,undefined,0.0,0.22922706604
wh160130,linearsvc_C1.0,2262,0.00851541206764,0.611111111111,0.0,0.0,0.0,undefined,0.0,0.8577439785
wh160130,linearsvc_C1.0,2149,0.00809001791926,0.611111111111,0.0,0.0,0.0,undefined,0.0,1.67124795914
wh160130,linearsvc_C1.0,2042,0.00768721107079,0.555555555556,0.0,0.0,0.0,undefined,0.0,0.951709985733
wh160130,linearsvc_C1.0,1940,0.00730322697225,0.555555555556,0.0,0.0,0.0,undefined,0.0,1.84268689156
wh160130,linearsvc_C1.0,1843,0.00693806562364,0.555555555556,0.0,0.0,0.0,undefined,0.0,1.13105797768
wh160130,linearsvc_C1.0,1751,0.00659172702495,0.666666666667,0.0,0.0,0.0,undefined,0.0,1.62068891525
wh160130,linearsvc_C1.0,1664,0.0062642111762,0.611111111111,0.0,0.0,0.0,undefined,0.0,1.30302596092
wh160130,linearsvc_C1.0,1581,0.00595175352738,0.666666666667,0.0,0.0,0.0,undefined,0.0,1.29732203484
wh160130,linearsvc_C1.0,1502,0.00565435407851,0.666666666667,0.0,0.0,0.0,undefined,0.0,1.24443292618
wh160130,linearsvc_C1.0,1427,0.00537201282959,0.666666666667,0.0,0.0,0.0,undefined,0.0,1.12215518951
wh160130,linearsvc_C1.0,1356,0.0051047297806,0.666666666667,0.0,0.0,0.0,undefined,0.0,1.0143558979
wh160130,linearsvc_C10.0,265636,1.0,0.5,0.0,0.0,0.0,undefined,0.0,21.735462904
wh160130,linearsvc_C10.0,252355,0.95000301164,0.5,0.0,0.0,0.0,undefined,0.0,20.3455882072
wh160130,linearsvc_C10.0,239738,0.90250568447,0.5,0.0,0.0,0.0,undefined,0.0,19.3005700111
wh160130,linearsvc_C10.0,227752,0.857383788342,0.5,0.0,0.0,0.0,undefined,0.0,17.4515688419
wh160130,linearsvc_C10.0,216365,0.814516857655,0.5,0.0,0.0,0.0,undefined,0.0,17.002466917
wh160130,linearsvc_C10.0,205547,0.77379195591,0.5,0.0,0.0,0.0,undefined,0.0,15.8974740505
wh160130,linearsvc_C10.0,195270,0.735103675707,0.5,0.0,0.0,0.0,undefined,0.0,14.8486578465
wh160130,linearsvc_C10.0,185507,0.698350374196,0.5,0.0,0.0,0.0,undefined,0.0,14.1007421017
wh160130,linearsvc_C10.0,176232,0.663434173079,0.5,0.0,0.0,0.0,undefined,0.0,13.1659231186
wh160130,linearsvc_C10.0,167421,0.630264723155,0.5,0.0,0.0,0.0,undefined,0.0,12.351498127
wh160130,linearsvc_C10.0,159050,0.598751675225,0.5,0.0,0.0,0.0,undefined,0.0,11.5687990189
wh160130,linearsvc_C10.0,151098,0.568815973738,0.5,0.0,0.0,0.0,undefined,0.0,10.6094920635
wh160130,linearsvc_C10.0,143544,0.540378563147,0.5,0.0,0.0,0.0,undefined,0.0,10.6778180599
wh160130,linearsvc_C10.0,136367,0.513360387899,0.5,0.0,0.0,0.0,undefined,0.0,9.64662289619
wh160130,linearsvc_C10.0,129549,0.487693686097,0.5,0.0,0.0,0.0,undefined,0.0,9.22016310692
wh160130,linearsvc_C10.0,123072,0.463310695839,0.5,0.0,0.0,0.0,undefined,0.0,8.28603506088
wh160130,linearsvc_C10.0,116919,0.440147419777,0.5,0.0,0.0,0.0,undefined,0.0,7.86314296722
wh160130,linearsvc_C10.0,111074,0.418143625111,0.5,0.0,0.0,0.0,undefined,0.0,7.59091687202
wh160130,linearsvc_C10.0,105521,0.39723907904,0.5,0.0,0.0,0.0,undefined,0.0,7.13920116425
wh160130,linearsvc_C10.0,100245,0.377377313316,0.5,0.0,0.0,0.0,undefined,0.0,6.71842980385
wh160130,linearsvc_C10.0,95233,0.358509388788,0.5,0.0,0.0,0.0,undefined,0.0,6.21598291397
wh160130,linearsvc_C10.0,90472,0.340586366306,0.5,0.0,0.0,0.0,undefined,0.0,5.69080805779
wh160130,linearsvc_C10.0,85949,0.32355930672,0.5,0.0,0.0,0.0,undefined,0.0,5.49829292297
wh160130,linearsvc_C10.0,81652,0.307383035432,0.5,0.0,0.0,0.0,undefined,0.0,5.20022010803
wh160130,linearsvc_C10.0,77570,0.29201614239,0.5,0.0,0.0,0.0,undefined,0.0,4.94164204597
wh160130,linearsvc_C10.0,73692,0.277417217546,0.5,0.0,0.0,0.0,undefined,0.0,4.54326510429
wh160130,linearsvc_C10.0,70008,0.263548615399,0.5,0.0,0.0,0.0,undefined,0.0,4.30433988571
wh160130,linearsvc_C10.0,66508,0.250372690449,0.5,0.0,0.0,0.0,undefined,0.0,4.06435918808
wh160130,linearsvc_C10.0,63183,0.237855561746,0.5,0.0,0.0,0.0,undefined,0.0,3.89138793945
wh160130,linearsvc_C10.0,60024,0.225963348341,0.5,0.0,0.0,0.0,undefined,0.0,3.74206519127
wh160130,linearsvc_C10.0,57023,0.214665933834,0.5,0.0,0.0,0.0,undefined,0.0,3.47738194466
wh160130,linearsvc_C10.0,54172,0.203933201825,0.5,0.0,0.0,0.0,undefined,0.0,3.3133430481
wh160130,linearsvc_C10.0,51464,0.193738800464,0.5,0.0,0.0,0.0,undefined,0.0,3.1496629715
wh160130,linearsvc_C10.0,48891,0.184052613351,0.5,0.0,0.0,0.0,undefined,0.0,2.88827013969
wh160130,linearsvc_C10.0,46447,0.174852053186,0.5,0.0,0.0,0.0,undefined,0.0,2.78063797951
wh160130,linearsvc_C10.0,44125,0.166110768119,0.5,0.0,0.0,0.0,undefined,0.0,2.61083102226
wh160130,linearsvc_C10.0,41919,0.15780617085,0.5,0.0,0.0,0.0,undefined,0.0,2.4244799614
wh160130,linearsvc_C10.0,39824,0.14991943863,0.5,0.0,0.0,0.0,undefined,0.0,2.41623902321
wh160130,linearsvc_C10.0,37833,0.142424219609,0.5,0.0,0.0,0.0,undefined,0.0,2.14896893501
wh160130,linearsvc_C10.0,35942,0.135305455586,0.5,0.0,0.0,0.0,undefined,0.0,2.09031701088
wh160130,linearsvc_C10.0,34145,0.128540559262,0.5,0.0,0.0,0.0,undefined,0.0,1.97592711449
wh160130,linearsvc_C10.0,32438,0.122114472436,0.5,0.0,0.0,0.0,undefined,0.0,1.90020108223
wh160130,linearsvc_C10.0,30817,0.116012136909,0.5,0.0,0.0,0.0,undefined,0.0,1.70449995995
wh160130,linearsvc_C10.0,29277,0.110214729931,0.5,0.0,0.0,0.0,undefined,0.0,1.64116501808
wh160130,linearsvc_C10.0,27814,0.104707193302,0.5,0.0,0.0,0.0,undefined,0.0,1.57575488091
wh160130,linearsvc_C10.0,26424,0.099474468822,0.5,0.0,0.0,0.0,undefined,0.0,1.45694899559
wh160130,linearsvc_C10.0,25103,0.0945014982909,0.5,0.0,0.0,0.0,undefined,0.0,1.40895986557
wh160130,linearsvc_C10.0,23848,0.0897769880588,0.5,0.0,0.0,0.0,undefined,0.0,1.2827129364
wh160130,linearsvc_C10.0,22656,0.0852896444759,0.5,0.0,0.0,0.0,undefined,0.0,1.2442920208
wh160130,linearsvc_C10.0,21524,0.0810281738921,0.5,0.0,0.0,0.0,undefined,0.0,1.17135190964
wh160130,linearsvc_C10.0,20448,0.0769775181075,0.5,0.0,0.0,0.0,undefined,0.0,1.10752511024
wh160130,linearsvc_C10.0,19426,0.0731301480221,0.5,0.0,0.0,0.0,undefined,0.0,1.02775907516
wh160130,linearsvc_C10.0,18455,0.069474769986,0.5,0.0,0.0,0.0,undefined,0.0,1.0281829834
wh160130,linearsvc_C10.0,17533,0.0660038548992,0.5,0.0,0.0,0.0,undefined,0.0,0.932426929474
wh160130,linearsvc_C10.0,16657,0.0627061091117,0.5,0.0,0.0,0.0,undefined,0.0,0.923126935959
wh160130,linearsvc_C10.0,15825,0.0595740035236,0.5,0.0,0.0,0.0,undefined,0.0,0.838371992111
wh160130,linearsvc_C10.0,15034,0.0565962444849,0.5,0.0,0.0,0.0,undefined,0.0,0.751458883286
wh160130,linearsvc_C10.0,14283,0.0537690674457,0.5,0.0,0.0,0.0,undefined,0.0,0.682080984116
wh160130,linearsvc_C10.0,13569,0.0510811787559,0.5,0.0,0.0,0.0,undefined,0.0,0.686205148697
wh160130,linearsvc_C10.0,12891,0.0485288138656,0.5,0.0,0.0,0.0,undefined,0.0,0.63196015358
wh160130,linearsvc_C10.0,12247,0.0461044436748,0.5,0.0,0.0,0.0,undefined,0.0,0.610948801041
wh160130,linearsvc_C10.0,11635,0.0438005390836,0.5,0.0,0.0,0.0,undefined,0.0,0.563410997391
wh160130,linearsvc_C10.0,11054,0.0416133355419,0.5,0.0,0.0,0.0,undefined,0.0,0.522099971771
wh160130,linearsvc_C10.0,10502,0.0395353039498,0.5,0.0,0.0,0.0,undefined,0.0,0.496360778809
wh160130,linearsvc_C10.0,9977,0.0375589152073,0.5,0.0,0.0,0.0,undefined,0.0,0.47655582428
wh160130,linearsvc_C10.0,9479,0.0356841693144,0.5,0.0,0.0,0.0,undefined,0.0,0.420299053192
wh160130,linearsvc_C10.0,9006,0.0339035371712,0.5,0.0,0.0,0.0,undefined,0.0,0.405487060547
wh160130,linearsvc_C10.0,8556,0.0322094896776,0.5,0.0,0.0,0.0,undefined,0.0,0.395352125168
wh160130,linearsvc_C10.0,8129,0.0306020268337,0.5,0.0,0.0,0.0,undefined,0.0,0.356559038162
wh160130,linearsvc_C10.0,7723,0.0290736195395,0.5,0.0,0.0,0.0,undefined,0.0,0.326312065125
wh160130,linearsvc_C10.0,7337,0.027620503245,0.555555555556,0.0,0.0,0.0,undefined,0.0,0.296521186829
wh160130,linearsvc_C10.0,6971,0.0262426779503,0.555555555556,0.0,0.0,0.0,undefined,0.0,0.302309989929
wh160130,linearsvc_C10.0,6623,0.0249326145553,0.555555555556,0.0,0.0,0.0,undefined,0.0,0.259391069412
wh160130,linearsvc_C10.0,6292,0.02368654851,0.5,0.0,0.0,0.0,undefined,0.0,0.272597074509
wh160130,linearsvc_C10.0,5978,0.0225044798145,0.611111111111,0.0,0.0,0.0,undefined,0.0,0.282644033432
wh160130,linearsvc_C10.0,5680,0.0213826439187,0.555555555556,0.0,0.0,0.0,undefined,0.0,0.231732130051
wh160130,linearsvc_C10.0,5396,0.0203135117228,0.555555555556,0.0,0.0,0.0,undefined,0.0,0.211019039154
wh160130,linearsvc_C10.0,5127,0.0193008477767,0.444444444444,0.0,0.0,0.0,undefined,0.0,0.205352067947
wh160130,linearsvc_C10.0,4871,0.0183371229803,0.611111111111,0.0,0.0,0.0,undefined,0.0,0.191874980927
wh160130,linearsvc_C10.0,4628,0.0174223373338,0.611111111111,0.0,0.0,0.0,undefined,0.0,0.188907146454
wh160130,linearsvc_C10.0,4397,0.0165527262871,0.611111111111,0.0,0.0,0.0,undefined,0.0,0.177325963974
wh160130,linearsvc_C10.0,4178,0.0157282898402,0.5,0.0,0.0,0.0,undefined,0.0,0.202889919281
wh160130,linearsvc_C10.0,3970,0.0149452634432,0.555555555556,0.0,0.0,0.0,undefined,0.0,0.19650387764
wh160130,linearsvc_C10.0,3772,0.014199882546,0.5,0.0,0.0,0.0,undefined,0.0,0.157850027084
wh160130,linearsvc_C10.0,3584,0.0134921471487,0.5,0.0,0.0,0.0,undefined,0.0,0.137711048126
wh160130,linearsvc_C10.0,3405,0.0128182927013,0.5,0.0,0.0,0.0,undefined,0.0,0.178565979004
wh160130,linearsvc_C10.0,3235,0.0121783192037,0.555555555556,0.0,0.0,0.0,undefined,0.0,0.152973890305
wh160130,linearsvc_C10.0,3074,0.011572226656,0.555555555556,0.0,0.0,0.0,undefined,0.0,0.164134025574
wh160130,linearsvc_C10.0,2921,0.0109962505082,0.555555555556,0.0,0.0,0.0,undefined,0.0,0.164095878601
wh160130,linearsvc_C10.0,2775,0.0104466262103,0.611111111111,0.0,0.0,0.0,undefined,0.0,0.145230054855
wh160130,linearsvc_C10.0,2637,0.00992711831228,0.722222222222,0.0,0.0,0.0,undefined,0.0,0.122028112411
wh160130,linearsvc_C10.0,2506,0.00943396226415,0.555555555556,0.0,0.0,0.0,undefined,0.0,0.1270570755
wh160130,linearsvc_C10.0,2381,0.00896339351594,0.666666666667,0.0,0.0,0.0,undefined,0.0,0.122364044189
wh160130,linearsvc_C10.0,2262,0.00851541206764,0.666666666667,0.0,0.0,0.0,undefined,0.0,0.106374979019
wh160130,linearsvc_C10.0,2149,0.00809001791926,0.611111111111,0.0,0.0,0.0,undefined,0.0,0.110202074051
wh160130,linearsvc_C10.0,2042,0.00768721107079,0.666666666667,0.0,0.0,0.0,undefined,0.0,0.103065013885
wh160130,linearsvc_C10.0,1940,0.00730322697225,0.666666666667,0.0,0.0,0.0,undefined,0.0,0.0988278388977
wh160130,linearsvc_C10.0,1843,0.00693806562364,0.666666666667,0.0,0.0,0.0,undefined,0.0,0.0935001373291
wh160130,linearsvc_C10.0,1751,0.00659172702495,0.722222222222,0.0,0.0,0.0,undefined,0.0,0.119027137756
wh160130,linearsvc_C10.0,1664,0.0062642111762,0.722222222222,0.0,0.0,0.0,undefined,0.0,0.112087011337
wh160130,linearsvc_C10.0,1581,0.00595175352738,0.722222222222,0.0,0.0,0.0,undefined,0.0,0.120591878891
wh160130,linearsvc_C10.0,1502,0.00565435407851,0.722222222222,0.0,0.0,0.0,undefined,0.0,0.11584687233
wh160130,linearsvc_C10.0,1427,0.00537201282959,0.722222222222,0.0,0.0,0.0,undefined,0.0,0.0998849868774
wh160130,linearsvc_C10.0,1356,0.0051047297806,0.722222222222,0.0,0.0,0.0,undefined,0.0,0.10092997551
wh160130,linearsvc_C100.0,265636,1.0,0.555555555556,0.0,0.0,0.0,undefined,0.0,24.5518760681
wh160130,linearsvc_C100.0,252355,0.95000301164,0.555555555556,0.0,0.0,0.0,undefined,0.0,23.0110168457
wh160130,linearsvc_C100.0,239738,0.90250568447,0.555555555556,0.0,0.0,0.0,undefined,0.0,21.4984469414
wh160130,linearsvc_C100.0,227752,0.857383788342,0.555555555556,0.0,0.0,0.0,undefined,0.0,20.7474730015
wh160130,linearsvc_C100.0,216365,0.814516857655,0.555555555556,0.0,0.0,0.0,undefined,0.0,19.2057909966
wh160130,linearsvc_C100.0,205547,0.77379195591,0.555555555556,0.0,0.0,0.0,undefined,0.0,17.9879288673
wh160130,linearsvc_C100.0,195270,0.735103675707,0.555555555556,0.0,0.0,0.0,undefined,0.0,17.2515850067
wh160130,linearsvc_C100.0,185507,0.698350374196,0.555555555556,0.0,0.0,0.0,undefined,0.0,16.0076918602
wh160130,linearsvc_C100.0,176232,0.663434173079,0.555555555556,0.0,0.0,0.0,undefined,0.0,15.5656011105
wh160130,linearsvc_C100.0,167421,0.630264723155,0.555555555556,0.0,0.0,0.0,undefined,0.0,14.0430729389
wh160130,linearsvc_C100.0,159050,0.598751675225,0.555555555556,0.0,0.0,0.0,undefined,0.0,13.3184788227
wh160130,linearsvc_C100.0,151098,0.568815973738,0.555555555556,0.0,0.0,0.0,undefined,0.0,12.9625542164
wh160130,linearsvc_C100.0,143544,0.540378563147,0.555555555556,0.0,0.0,0.0,undefined,0.0,11.9668438435
wh160130,linearsvc_C100.0,136367,0.513360387899,0.555555555556,0.0,0.0,0.0,undefined,0.0,17.3107299805
wh160130,linearsvc_C100.0,129549,0.487693686097,0.555555555556,0.0,0.0,0.0,undefined,0.0,10.6740369797
wh160130,linearsvc_C100.0,123072,0.463310695839,0.555555555556,0.0,0.0,0.0,undefined,0.0,9.97502589226
wh160130,linearsvc_C100.0,116919,0.440147419777,0.555555555556,0.0,0.0,0.0,undefined,0.0,9.17479801178
wh160130,linearsvc_C100.0,111074,0.418143625111,0.555555555556,0.0,0.0,0.0,undefined,0.0,8.52522492409
wh160130,linearsvc_C100.0,105521,0.39723907904,0.555555555556,0.0,0.0,0.0,undefined,0.0,8.31795096397
wh160130,linearsvc_C100.0,100245,0.377377313316,0.555555555556,0.0,0.0,0.0,undefined,0.0,11.7107951641
wh160130,linearsvc_C100.0,95233,0.358509388788,0.555555555556,0.0,0.0,0.0,undefined,0.0,10.4841060638
wh160130,linearsvc_C100.0,90472,0.340586366306,0.555555555556,0.0,0.0,0.0,undefined,0.0,6.7931740284
wh160130,linearsvc_C100.0,85949,0.32355930672,0.555555555556,0.0,0.0,0.0,undefined,0.0,6.36174917221
wh160130,linearsvc_C100.0,81652,0.307383035432,0.555555555556,0.0,0.0,0.0,undefined,0.0,6.2389061451
wh160130,linearsvc_C100.0,77570,0.29201614239,0.555555555556,0.0,0.0,0.0,undefined,0.0,5.61331605911
wh160130,linearsvc_C100.0,73692,0.277417217546,0.555555555556,0.0,0.0,0.0,undefined,0.0,5.16592693329
wh160130,linearsvc_C100.0,70008,0.263548615399,0.555555555556,0.0,0.0,0.0,undefined,0.0,5.01669287682
wh160130,linearsvc_C100.0,66508,0.250372690449,0.555555555556,0.0,0.0,0.0,undefined,0.0,4.62748003006
wh160130,linearsvc_C100.0,63183,0.237855561746,0.555555555556,0.0,0.0,0.0,undefined,0.0,4.56430387497
wh160130,linearsvc_C100.0,60024,0.225963348341,0.555555555556,0.0,0.0,0.0,undefined,0.0,4.37353897095
wh160130,linearsvc_C100.0,57023,0.214665933834,0.555555555556,0.0,0.0,0.0,undefined,0.0,3.84786915779
wh160130,linearsvc_C100.0,54172,0.203933201825,0.555555555556,0.0,0.0,0.0,undefined,0.0,3.65105009079
wh160130,linearsvc_C100.0,51464,0.193738800464,0.555555555556,0.0,0.0,0.0,undefined,0.0,3.576431036
wh160130,linearsvc_C100.0,48891,0.184052613351,0.555555555556,0.0,0.0,0.0,undefined,0.0,3.32723808289
wh160130,linearsvc_C100.0,46447,0.174852053186,0.555555555556,0.0,0.0,0.0,undefined,0.0,3.09694981575
wh160130,linearsvc_C100.0,44125,0.166110768119,0.555555555556,0.0,0.0,0.0,undefined,0.0,2.95293188095
wh160130,linearsvc_C100.0,41919,0.15780617085,0.555555555556,0.0,0.0,0.0,undefined,0.0,2.73637294769
wh160130,linearsvc_C100.0,39824,0.14991943863,0.555555555556,0.0,0.0,0.0,undefined,0.0,2.58622002602
wh160130,linearsvc_C100.0,37833,0.142424219609,0.555555555556,0.0,0.0,0.0,undefined,0.0,2.5612142086
wh160130,linearsvc_C100.0,35942,0.135305455586,0.555555555556,0.0,0.0,0.0,undefined,0.0,2.39688682556
wh160130,linearsvc_C100.0,34145,0.128540559262,0.555555555556,0.0,0.0,0.0,undefined,0.0,2.15999388695
wh160130,linearsvc_C100.0,32438,0.122114472436,0.555555555556,0.0,0.0,0.0,undefined,0.0,2.04406285286
wh160130,linearsvc_C100.0,30817,0.116012136909,0.555555555556,0.0,0.0,0.0,undefined,0.0,1.94395899773
wh160130,linearsvc_C100.0,29277,0.110214729931,0.555555555556,0.0,0.0,0.0,undefined,0.0,1.80886387825
wh160130,linearsvc_C100.0,27814,0.104707193302,0.555555555556,0.0,0.0,0.0,undefined,0.0,1.7127840519
wh160130,linearsvc_C100.0,26424,0.099474468822,0.555555555556,0.0,0.0,0.0,undefined,0.0,1.55842614174
wh160130,linearsvc_C100.0,25103,0.0945014982909,0.555555555556,0.0,0.0,0.0,undefined,0.0,1.54818606377
wh160130,linearsvc_C100.0,23848,0.0897769880588,0.555555555556,0.0,0.0,0.0,undefined,0.0,1.44650602341
wh160130,linearsvc_C100.0,22656,0.0852896444759,0.555555555556,0.0,0.0,0.0,undefined,0.0,1.28057813644
wh160130,linearsvc_C100.0,21524,0.0810281738921,0.555555555556,0.0,0.0,0.0,undefined,0.0,1.23620390892
wh160130,linearsvc_C100.0,20448,0.0769775181075,0.555555555556,0.0,0.0,0.0,undefined,0.0,1.18889117241
wh160130,linearsvc_C100.0,19426,0.0731301480221,0.555555555556,0.0,0.0,0.0,undefined,0.0,1.08173203468
wh160130,linearsvc_C100.0,18455,0.069474769986,0.555555555556,0.0,0.0,0.0,undefined,0.0,1.02975583076
wh160130,linearsvc_C100.0,17533,0.0660038548992,0.555555555556,0.0,0.0,0.0,undefined,0.0,1.0071978569
wh160130,linearsvc_C100.0,16657,0.0627061091117,0.555555555556,0.0,0.0,0.0,undefined,0.0,0.924920082092
wh160130,linearsvc_C100.0,15825,0.0595740035236,0.5,0.0,0.0,0.0,undefined,0.0,0.832942008972
wh160130,linearsvc_C100.0,15034,0.0565962444849,0.5,0.0,0.0,0.0,undefined,0.0,0.740820169449
wh160130,linearsvc_C100.0,14283,0.0537690674457,0.555555555556,0.0,0.0,0.0,undefined,0.0,0.782605171204
wh160130,linearsvc_C100.0,13569,0.0510811787559,0.555555555556,0.0,0.0,0.0,undefined,0.0,0.710468053818
wh160130,linearsvc_C100.0,12891,0.0485288138656,0.555555555556,0.0,0.0,0.0,undefined,0.0,0.661832094193
wh160130,linearsvc_C100.0,12247,0.0461044436748,0.555555555556,0.0,0.0,0.0,undefined,0.0,0.598096132278
wh160130,linearsvc_C100.0,11635,0.0438005390836,0.555555555556,0.0,0.0,0.0,undefined,0.0,0.593862056732
wh160130,linearsvc_C100.0,11054,0.0416133355419,0.555555555556,0.0,0.0,0.0,undefined,0.0,0.539528846741
wh160130,linearsvc_C100.0,10502,0.0395353039498,0.555555555556,0.0,0.0,0.0,undefined,0.0,0.501144170761
wh160130,linearsvc_C100.0,9977,0.0375589152073,0.555555555556,0.0,0.0,0.0,undefined,0.0,0.459048986435
wh160130,linearsvc_C100.0,9479,0.0356841693144,0.5,0.0,0.0,0.0,undefined,0.0,0.458101987839
wh160130,linearsvc_C100.0,9006,0.0339035371712,0.5,0.0,0.0,0.0,undefined,0.0,0.442394971848
wh160130,linearsvc_C100.0,8556,0.0322094896776,0.444444444444,0.0,0.0,0.0,undefined,0.0,0.495302915573
wh160130,linearsvc_C100.0,8129,0.0306020268337,0.444444444444,0.0,0.0,0.0,undefined,0.0,0.347638130188
wh160130,linearsvc_C100.0,7723,0.0290736195395,0.444444444444,0.0,0.0,0.0,undefined,0.0,0.387650966644
wh160130,linearsvc_C100.0,7337,0.027620503245,0.444444444444,0.0,0.0,0.0,undefined,0.0,0.287731170654
wh160130,linearsvc_C100.0,6971,0.0262426779503,0.444444444444,0.0,0.0,0.0,undefined,0.0,0.33162689209
wh160130,linearsvc_C100.0,6623,0.0249326145553,0.444444444444,0.0,0.0,0.0,undefined,0.0,0.301526069641
wh160130,linearsvc_C100.0,6292,0.02368654851,0.444444444444,0.0,0.0,0.0,undefined,0.0,0.265045881271
wh160130,linearsvc_C100.0,5978,0.0225044798145,0.444444444444,0.0,0.0,0.0,undefined,0.0,0.270419120789
wh160130,linearsvc_C100.0,5680,0.0213826439187,0.333333333333,0.0,0.0,0.0,undefined,0.0,0.265887022018
wh160130,linearsvc_C100.0,5396,0.0203135117228,0.333333333333,0.0,0.0,0.0,undefined,0.0,0.229346990585
wh160130,linearsvc_C100.0,5127,0.0193008477767,0.333333333333,0.0,0.0,0.0,undefined,0.0,0.193155765533
wh160130,linearsvc_C100.0,4871,0.0183371229803,0.388888888889,0.0,0.0,0.0,undefined,0.0,0.19001698494
wh160130,linearsvc_C100.0,4628,0.0174223373338,0.388888888889,0.0,0.0,0.0,undefined,0.0,0.21700501442
wh160130,linearsvc_C100.0,4397,0.0165527262871,0.333333333333,0.0,0.0,0.0,undefined,0.0,0.233798027039
wh160130,linearsvc_C100.0,4178,0.0157282898402,0.333333333333,0.0,0.0,0.0,undefined,0.0,0.190826177597
wh160130,linearsvc_C100.0,3970,0.0149452634432,0.388888888889,0.0,0.0,0.0,undefined,0.0,0.168380975723
wh160130,linearsvc_C100.0,3772,0.014199882546,0.388888888889,0.0,0.0,0.0,undefined,0.0,0.193866968155
wh160130,linearsvc_C100.0,3584,0.0134921471487,0.444444444444,0.0,0.0,0.0,undefined,0.0,0.145076990128
wh160130,linearsvc_C100.0,3405,0.0128182927013,0.333333333333,0.0,0.0,0.0,undefined,0.0,0.171545982361
wh160130,linearsvc_C100.0,3235,0.0121783192037,0.388888888889,0.0,0.0,0.0,undefined,0.0,0.154128074646
wh160130,linearsvc_C100.0,3074,0.011572226656,0.388888888889,0.0,0.0,0.0,undefined,0.0,0.141539096832
wh160130,linearsvc_C100.0,2921,0.0109962505082,0.388888888889,0.0,0.0,0.0,undefined,0.0,0.15124297142
wh160130,linearsvc_C100.0,2775,0.0104466262103,0.388888888889,0.0,0.0,0.0,undefined,0.0,0.145416975021
wh160130,linearsvc_C100.0,2637,0.00992711831228,0.388888888889,0.0,0.0,0.0,undefined,0.0,0.140727996826
wh160130,linearsvc_C100.0,2506,0.00943396226415,0.388888888889,0.0,0.0,0.0,undefined,0.0,0.10803103447
wh160130,linearsvc_C100.0,2381,0.00896339351594,0.388888888889,0.0,0.0,0.0,undefined,0.0,0.142536878586
wh160130,linearsvc_C100.0,2262,0.00851541206764,0.388888888889,0.0,0.0,0.0,undefined,0.0,0.11562204361
wh160130,linearsvc_C100.0,2149,0.00809001791926,0.388888888889,0.0,0.0,0.0,undefined,0.0,0.106726169586
wh160130,linearsvc_C100.0,2042,0.00768721107079,0.388888888889,0.0,0.0,0.0,undefined,0.0,0.121166944504
wh160130,linearsvc_C100.0,1940,0.00730322697225,0.333333333333,0.0,0.0,0.0,undefined,0.0,0.0879061222076
wh160130,linearsvc_C100.0,1843,0.00693806562364,0.333333333333,0.0,0.0,0.0,undefined,0.0,0.121958971024
wh160130,linearsvc_C100.0,1751,0.00659172702495,0.277777777778,0.0,0.0,0.0,undefined,0.0,0.0948588848114
wh160130,linearsvc_C100.0,1664,0.0062642111762,0.277777777778,0.0,0.0,0.0,undefined,0.0,0.119181156158
wh160130,linearsvc_C100.0,1581,0.00595175352738,0.277777777778,0.0,0.0,0.0,undefined,0.0,0.111186027527
wh160130,linearsvc_C100.0,1502,0.00565435407851,0.333333333333,0.0,0.0,0.0,undefined,0.0,0.112268924713
wh160130,linearsvc_C100.0,1427,0.00537201282959,0.333333333333,0.0,0.0,0.0,undefined,0.0,0.107123851776
wh160130,linearsvc_C100.0,1356,0.0051047297806,0.388888888889,0.0,0.0,0.0,undefined,0.0,0.102881193161
wh160130,linearsvc_C1000.0,265636,1.0,0.555555555556,0.0,0.0,0.0,undefined,0.0,20.3918659687
wh160130,linearsvc_C1000.0,252355,0.95000301164,0.555555555556,0.0,0.0,0.0,undefined,0.0,19.3343098164
wh160130,linearsvc_C1000.0,239738,0.90250568447,0.555555555556,0.0,0.0,0.0,undefined,0.0,18.3246779442
wh160130,linearsvc_C1000.0,227752,0.857383788342,0.555555555556,0.0,0.0,0.0,undefined,0.0,17.1606619358
wh160130,linearsvc_C1000.0,216365,0.814516857655,0.555555555556,0.0,0.0,0.0,undefined,0.0,16.0206069946
wh160130,linearsvc_C1000.0,205547,0.77379195591,0.555555555556,0.0,0.0,0.0,undefined,0.0,14.9388680458
wh160130,linearsvc_C1000.0,195270,0.735103675707,0.555555555556,0.0,0.0,0.0,undefined,0.0,14.4169809818
wh160130,linearsvc_C1000.0,185507,0.698350374196,0.555555555556,0.0,0.0,0.0,undefined,0.0,13.4587631226
wh160130,linearsvc_C1000.0,176232,0.663434173079,0.555555555556,0.0,0.0,0.0,undefined,0.0,12.3348379135
wh160130,linearsvc_C1000.0,167421,0.630264723155,0.555555555556,0.0,0.0,0.0,undefined,0.0,11.7917048931
wh160130,linearsvc_C1000.0,159050,0.598751675225,0.555555555556,0.0,0.0,0.0,undefined,0.0,11.1022109985
wh160130,linearsvc_C1000.0,151098,0.568815973738,0.555555555556,0.0,0.0,0.0,undefined,0.0,10.7458260059
wh160130,linearsvc_C1000.0,143544,0.540378563147,0.555555555556,0.0,0.0,0.0,undefined,0.0,9.99394202232
wh160130,linearsvc_C1000.0,136367,0.513360387899,0.555555555556,0.0,0.0,0.0,undefined,0.0,9.02291297913
wh160130,linearsvc_C1000.0,129549,0.487693686097,0.555555555556,0.0,0.0,0.0,undefined,0.0,8.74696207047
wh160130,linearsvc_C1000.0,123072,0.463310695839,0.555555555556,0.0,0.0,0.0,undefined,0.0,7.97061014175
wh160130,linearsvc_C1000.0,116919,0.440147419777,0.555555555556,0.0,0.0,0.0,undefined,0.0,7.89217209816
wh160130,linearsvc_C1000.0,111074,0.418143625111,0.555555555556,0.0,0.0,0.0,undefined,0.0,7.4103000164
wh160130,linearsvc_C1000.0,105521,0.39723907904,0.555555555556,0.0,0.0,0.0,undefined,0.0,6.81192207336
wh160130,linearsvc_C1000.0,100245,0.377377313316,0.555555555556,0.0,0.0,0.0,undefined,0.0,6.42031908035
wh160130,linearsvc_C1000.0,95233,0.358509388788,0.555555555556,0.0,0.0,0.0,undefined,0.0,6.22606611252
wh160130,linearsvc_C1000.0,90472,0.340586366306,0.555555555556,0.0,0.0,0.0,undefined,0.0,5.79431509972
wh160130,linearsvc_C1000.0,85949,0.32355930672,0.555555555556,0.0,0.0,0.0,undefined,0.0,5.47147989273
wh160130,linearsvc_C1000.0,81652,0.307383035432,0.555555555556,0.0,0.0,0.0,undefined,0.0,5.09937691689
wh160130,linearsvc_C1000.0,77570,0.29201614239,0.555555555556,0.0,0.0,0.0,undefined,0.0,4.73001098633
wh160130,linearsvc_C1000.0,73692,0.277417217546,0.555555555556,0.0,0.0,0.0,undefined,0.0,4.47243285179
wh160130,linearsvc_C1000.0,70008,0.263548615399,0.555555555556,0.0,0.0,0.0,undefined,0.0,4.279266119
wh160130,linearsvc_C1000.0,66508,0.250372690449,0.555555555556,0.0,0.0,0.0,undefined,0.0,3.96027994156
wh160130,linearsvc_C1000.0,63183,0.237855561746,0.555555555556,0.0,0.0,0.0,undefined,0.0,3.86098504066
wh160130,linearsvc_C1000.0,60024,0.225963348341,0.555555555556,0.0,0.0,0.0,undefined,0.0,3.59055995941
wh160130,linearsvc_C1000.0,57023,0.214665933834,0.555555555556,0.0,0.0,0.0,undefined,0.0,3.20181107521
wh160130,linearsvc_C1000.0,54172,0.203933201825,0.555555555556,0.0,0.0,0.0,undefined,0.0,3.16300082207
wh160130,linearsvc_C1000.0,51464,0.193738800464,0.555555555556,0.0,0.0,0.0,undefined,0.0,2.9974770546
wh160130,linearsvc_C1000.0,48891,0.184052613351,0.611111111111,0.0,0.0,0.0,undefined,0.0,2.82517313957
wh160130,linearsvc_C1000.0,46447,0.174852053186,0.611111111111,0.0,0.0,0.0,undefined,0.0,2.59954094887
wh160130,linearsvc_C1000.0,44125,0.166110768119,0.611111111111,0.0,0.0,0.0,undefined,0.0,2.5531578064
wh160130,linearsvc_C1000.0,41919,0.15780617085,0.611111111111,0.0,0.0,0.0,undefined,0.0,2.39829802513
wh160130,linearsvc_C1000.0,39824,0.14991943863,0.611111111111,0.0,0.0,0.0,undefined,0.0,2.16219902039
wh160130,linearsvc_C1000.0,37833,0.142424219609,0.611111111111,0.0,0.0,0.0,undefined,0.0,2.10633206367
wh160130,linearsvc_C1000.0,35942,0.135305455586,0.611111111111,0.0,0.0,0.0,undefined,0.0,1.9755628109
wh160130,linearsvc_C1000.0,34145,0.128540559262,0.611111111111,0.0,0.0,0.0,undefined,0.0,1.88396596909
wh160130,linearsvc_C1000.0,32438,0.122114472436,0.611111111111,0.0,0.0,0.0,undefined,0.0,1.69610214233
wh160130,linearsvc_C1000.0,30817,0.116012136909,0.611111111111,0.0,0.0,0.0,undefined,0.0,1.64907717705
wh160130,linearsvc_C1000.0,29277,0.110214729931,0.611111111111,0.0,0.0,0.0,undefined,0.0,1.51918315887
wh160130,linearsvc_C1000.0,27814,0.104707193302,0.611111111111,0.0,0.0,0.0,undefined,0.0,1.5008251667
wh160130,linearsvc_C1000.0,26424,0.099474468822,0.611111111111,0.0,0.0,0.0,undefined,0.0,1.45142602921
wh160130,linearsvc_C1000.0,25103,0.0945014982909,0.611111111111,0.0,0.0,0.0,undefined,0.0,1.34197306633
wh160130,linearsvc_C1000.0,23848,0.0897769880588,0.611111111111,0.0,0.0,0.0,undefined,0.0,1.28367495537
wh160130,linearsvc_C1000.0,22656,0.0852896444759,0.611111111111,0.0,0.0,0.0,undefined,0.0,1.19121003151
wh160130,linearsvc_C1000.0,21524,0.0810281738921,0.611111111111,0.0,0.0,0.0,undefined,0.0,1.08358287811
wh160130,linearsvc_C1000.0,20448,0.0769775181075,0.611111111111,0.0,0.0,0.0,undefined,0.0,1.06299996376
wh160130,linearsvc_C1000.0,19426,0.0731301480221,0.611111111111,0.0,0.0,0.0,undefined,0.0,1.03025698662
wh160130,linearsvc_C1000.0,18455,0.069474769986,0.611111111111,0.0,0.0,0.0,undefined,0.0,0.97275185585
wh160130,linearsvc_C1000.0,17533,0.0660038548992,0.611111111111,0.0,0.0,0.0,undefined,0.0,0.903923034668
wh160130,linearsvc_C1000.0,16657,0.0627061091117,0.611111111111,0.0,0.0,0.0,undefined,0.0,0.845561981201
wh160130,linearsvc_C1000.0,15825,0.0595740035236,0.611111111111,0.0,0.0,0.0,undefined,0.0,0.800094842911
wh160130,linearsvc_C1000.0,15034,0.0565962444849,0.611111111111,0.0,0.0,0.0,undefined,0.0,0.724203109741
wh160130,linearsvc_C1000.0,14283,0.0537690674457,0.611111111111,0.0,0.0,0.0,undefined,0.0,0.699506044388
wh160130,linearsvc_C1000.0,13569,0.0510811787559,0.611111111111,0.0,0.0,0.0,undefined,0.0,0.628451108932
wh160130,linearsvc_C1000.0,12891,0.0485288138656,0.611111111111,0.0,0.0,0.0,undefined,0.0,0.598107814789
wh160130,linearsvc_C1000.0,12247,0.0461044436748,0.611111111111,0.0,0.0,0.0,undefined,0.0,0.579787015915
wh160130,linearsvc_C1000.0,11635,0.0438005390836,0.611111111111,0.0,0.0,0.0,undefined,0.0,0.505009174347
wh160130,linearsvc_C1000.0,11054,0.0416133355419,0.611111111111,0.0,0.0,0.0,undefined,0.0,0.500910043716
wh160130,linearsvc_C1000.0,10502,0.0395353039498,0.611111111111,0.0,0.0,0.0,undefined,0.0,0.503009080887
wh160130,linearsvc_C1000.0,9977,0.0375589152073,0.611111111111,0.0,0.0,0.0,undefined,0.0,0.448804140091
wh160130,linearsvc_C1000.0,9479,0.0356841693144,0.611111111111,0.0,0.0,0.0,undefined,0.0,0.447529792786
wh160130,linearsvc_C1000.0,9006,0.0339035371712,0.666666666667,0.0,0.0,0.0,undefined,0.0,0.379456043243
wh160130,linearsvc_C1000.0,8556,0.0322094896776,0.666666666667,0.0,0.0,0.0,undefined,0.0,0.353731870651
wh160130,linearsvc_C1000.0,8129,0.0306020268337,0.666666666667,0.0,0.0,0.0,undefined,0.0,0.34207701683
wh160130,linearsvc_C1000.0,7723,0.0290736195395,0.611111111111,0.0,0.0,0.0,undefined,0.0,0.316816091537
wh160130,linearsvc_C1000.0,7337,0.027620503245,0.611111111111,0.0,0.0,0.0,undefined,0.0,0.281418085098
wh160130,linearsvc_C1000.0,6971,0.0262426779503,0.611111111111,0.0,0.0,0.0,undefined,0.0,0.299088954926
wh160130,linearsvc_C1000.0,6623,0.0249326145553,0.611111111111,0.0,0.0,0.0,undefined,0.0,0.281940937042
wh160130,linearsvc_C1000.0,6292,0.02368654851,0.611111111111,0.0,0.0,0.0,undefined,0.0,0.267884969711
wh160130,linearsvc_C1000.0,5978,0.0225044798145,0.611111111111,0.0,0.0,0.0,undefined,0.0,0.224477052689
wh160130,linearsvc_C1000.0,5680,0.0213826439187,0.611111111111,0.0,0.0,0.0,undefined,0.0,0.205937147141
wh160130,linearsvc_C1000.0,5396,0.0203135117228,0.611111111111,0.0,0.0,0.0,undefined,0.0,0.233777046204
wh160130,linearsvc_C1000.0,5127,0.0193008477767,0.611111111111,0.0,0.0,0.0,undefined,0.0,0.206662893295
wh160130,linearsvc_C1000.0,4871,0.0183371229803,0.611111111111,0.0,0.0,0.0,undefined,0.0,0.204564094543
wh160130,linearsvc_C1000.0,4628,0.0174223373338,0.611111111111,0.0,0.0,0.0,undefined,0.0,0.176901102066
wh160130,linearsvc_C1000.0,4397,0.0165527262871,0.666666666667,0.0,0.0,0.0,undefined,0.0,0.159170150757
wh160130,linearsvc_C1000.0,4178,0.0157282898402,0.611111111111,0.0,0.0,0.0,undefined,0.0,0.193650960922
wh160130,linearsvc_C1000.0,3970,0.0149452634432,0.611111111111,0.0,0.0,0.0,undefined,0.0,0.155069112778
wh160130,linearsvc_C1000.0,3772,0.014199882546,0.611111111111,0.0,0.0,0.0,undefined,0.0,0.167845964432
wh160130,linearsvc_C1000.0,3584,0.0134921471487,0.611111111111,0.0,0.0,0.0,undefined,0.0,0.133907079697
wh160130,linearsvc_C1000.0,3405,0.0128182927013,0.611111111111,0.0,0.0,0.0,undefined,0.0,0.143030166626
wh160130,linearsvc_C1000.0,3235,0.0121783192037,0.555555555556,0.0,0.0,0.0,undefined,0.0,0.156669855118
wh160130,linearsvc_C1000.0,3074,0.011572226656,0.555555555556,0.0,0.0,0.0,undefined,0.0,0.119755983353
wh160130,linearsvc_C1000.0,2921,0.0109962505082,0.555555555556,0.0,0.0,0.0,undefined,0.0,0.135526180267
wh160130,linearsvc_C1000.0,2775,0.0104466262103,0.555555555556,0.0,0.0,0.0,undefined,0.0,0.113786935806
wh160130,linearsvc_C1000.0,2637,0.00992711831228,0.555555555556,0.0,0.0,0.0,undefined,0.0,0.137248039246
wh160130,linearsvc_C1000.0,2506,0.00943396226415,0.5,0.0,0.0,0.0,undefined,0.0,0.119158983231
wh160130,linearsvc_C1000.0,2381,0.00896339351594,0.388888888889,0.0,0.0,0.0,undefined,0.0,0.109509944916
wh160130,linearsvc_C1000.0,2262,0.00851541206764,0.5,0.0,0.0,0.0,undefined,0.0,0.105758905411
wh160130,linearsvc_C1000.0,2149,0.00809001791926,0.5,0.0,0.0,0.0,undefined,0.0,0.105698108673
wh160130,linearsvc_C1000.0,2042,0.00768721107079,0.5,0.0,0.0,0.0,undefined,0.0,0.13290309906
wh160130,linearsvc_C1000.0,1940,0.00730322697225,0.5,0.0,0.0,0.0,undefined,0.0,0.135096073151
wh160130,linearsvc_C1000.0,1843,0.00693806562364,0.5,0.0,0.0,0.0,undefined,0.0,0.115375041962
wh160130,linearsvc_C1000.0,1751,0.00659172702495,0.5,0.0,0.0,0.0,undefined,0.0,0.0824501514435
wh160130,linearsvc_C1000.0,1664,0.0062642111762,0.444444444444,0.0,0.0,0.0,undefined,0.0,0.117933988571
wh160130,linearsvc_C1000.0,1581,0.00595175352738,0.5,0.0,0.0,0.0,undefined,0.0,0.107481956482
wh160130,linearsvc_C1000.0,1502,0.00565435407851,0.444444444444,0.0,0.0,0.0,undefined,0.0,0.114573955536
wh160130,linearsvc_C1000.0,1427,0.00537201282959,0.444444444444,0.0,0.0,0.0,undefined,0.0,0.121213912964
wh160130,linearsvc_C1000.0,1356,0.0051047297806,0.388888888889,0.0,0.0,0.0,undefined,0.0,0.11935210228
wh160130,elasticnetiter1000_l1ratio0.15,265636,1.0,0.444444444444,0.0,0.0,0.0,undefined,0.0,1013.71326399
wh160130,elasticnetiter1000_l1ratio0.15,252355,0.95000301164,0.444444444444,0.0,0.0,0.0,undefined,0.0,975.51393795
wh160130,elasticnetiter1000_l1ratio0.15,239738,0.90250568447,0.611111111111,0.0,0.0,0.0,undefined,0.0,934.845098972
wh160130,elasticnetiter1000_l1ratio0.15,227752,0.857383788342,0.555555555556,0.0,0.0,0.0,undefined,0.0,894.319483995
wh160130,elasticnetiter1000_l1ratio0.15,216365,0.814516857655,0.5,0.0,0.0,0.0,undefined,0.0,860.099705219
wh160130,elasticnetiter1000_l1ratio0.15,205547,0.77379195591,0.333333333333,0.0,0.0,0.0,undefined,0.0,822.896691084
wh160130,elasticnetiter1000_l1ratio0.15,195270,0.735103675707,0.444444444444,0.0,0.0,0.0,undefined,0.0,784.567316055
wh160130,elasticnetiter1000_l1ratio0.15,185507,0.698350374196,0.555555555556,0.0,0.0,0.0,undefined,0.0,746.415456057
wh160130,elasticnetiter1000_l1ratio0.15,176232,0.663434173079,0.444444444444,0.0,0.0,0.0,undefined,0.0,715.456130028
wh160130,elasticnetiter1000_l1ratio0.15,167421,0.630264723155,0.5,0.0,0.0,0.0,undefined,0.0,679.256175041
wh160130,elasticnetiter1000_l1ratio0.15,159050,0.598751675225,0.444444444444,0.0,0.0,0.0,undefined,0.0,657.742053986
wh160130,elasticnetiter1000_l1ratio0.15,151098,0.568815973738,0.222222222222,0.0,0.0,0.0,undefined,0.0,629.775399923
wh160130,elasticnetiter1000_l1ratio0.15,143544,0.540378563147,0.444444444444,0.0,0.0,0.0,undefined,0.0,593.234354973
wh160130,elasticnetiter1000_l1ratio0.15,136367,0.513360387899,0.555555555556,0.0,0.0,0.0,undefined,0.0,566.38577795
wh160130,elasticnetiter1000_l1ratio0.15,129549,0.487693686097,0.388888888889,0.0,0.0,0.0,undefined,0.0,541.862539053
wh160130,elasticnetiter1000_l1ratio0.15,123072,0.463310695839,0.5,0.0,0.0,0.0,undefined,0.0,520.01730299
wh160130,elasticnetiter1000_l1ratio0.15,116919,0.440147419777,0.555555555556,0.0,0.0,0.0,undefined,0.0,504.511873007
wh160130,elasticnetiter1000_l1ratio0.15,111074,0.418143625111,0.5,0.0,0.0,0.0,undefined,0.0,467.993764162
wh160130,elasticnetiter1000_l1ratio0.15,105521,0.39723907904,0.444444444444,0.0,0.0,0.0,undefined,0.0,459.187912941
wh160130,elasticnetiter1000_l1ratio0.15,100245,0.377377313316,0.388888888889,0.0,0.0,0.0,undefined,0.0,431.534394979
wh160130,elasticnetiter1000_l1ratio0.15,95233,0.358509388788,0.5,0.0,0.0,0.0,undefined,0.0,433.117243052
wh160130,elasticnetiter1000_l1ratio0.15,90472,0.340586366306,0.5,0.0,0.0,0.0,undefined,0.0,398.717222929
wh160130,elasticnetiter1000_l1ratio0.15,85949,0.32355930672,0.222222222222,0.0,0.0,0.0,undefined,0.0,372.873215199
wh160130,elasticnetiter1000_l1ratio0.15,81652,0.307383035432,0.555555555556,0.0,0.0,0.0,undefined,0.0,370.840977907
wh160130,elasticnetiter1000_l1ratio0.15,77570,0.29201614239,0.444444444444,0.0,0.0,0.0,undefined,0.0,334.252166033
wh160130,elasticnetiter1000_l1ratio0.15,73692,0.277417217546,0.333333333333,0.0,0.0,0.0,undefined,0.0,321.134114027
wh160130,elasticnetiter1000_l1ratio0.15,70008,0.263548615399,0.333333333333,0.0,0.0,0.0,undefined,0.0,351.092020035
wh160130,elasticnetiter1000_l1ratio0.15,66508,0.250372690449,0.388888888889,0.0,0.0,0.0,undefined,0.0,294.821997166
wh160130,elasticnetiter1000_l1ratio0.15,63183,0.237855561746,0.333333333333,0.0,0.0,0.0,undefined,0.0,301.215396166
wh160130,elasticnetiter1000_l1ratio0.15,60024,0.225963348341,0.388888888889,0.0,0.0,0.0,undefined,0.0,274.172827959
wh160130,elasticnetiter1000_l1ratio0.15,57023,0.214665933834,0.277777777778,0.0,0.0,0.0,undefined,0.0,261.867439985
wh160130,elasticnetiter1000_l1ratio0.15,54172,0.203933201825,0.111111111111,0.0,0.0,0.0,undefined,0.0,250.083814859
wh160130,elasticnetiter1000_l1ratio0.15,51464,0.193738800464,0.222222222222,0.0,0.0,0.0,undefined,0.0,248.511784077
wh160130,elasticnetiter1000_l1ratio0.15,48891,0.184052613351,0.111111111111,0.0,0.0,0.0,undefined,0.0,227.085003138
wh160130,elasticnetiter1000_l1ratio0.15,46447,0.174852053186,0.166666666667,0.0,0.0,0.0,undefined,0.0,215.682879925
wh160130,elasticnetiter1000_l1ratio0.15,44125,0.166110768119,0.0555555555556,0.0,0.0,0.0,undefined,0.0,214.222117186
wh160130,elasticnetiter1000_l1ratio0.15,41919,0.15780617085,0.277777777778,0.0,0.0,0.0,undefined,0.0,196.199513912
wh160130,elasticnetiter1000_l1ratio0.15,39824,0.14991943863,0.222222222222,0.0,0.0,0.0,undefined,0.0,196.878923893
wh160130,elasticnetiter1000_l1ratio0.15,37833,0.142424219609,0.166666666667,0.0,0.0,0.0,undefined,0.0,174.212509155
wh160130,elasticnetiter1000_l1ratio0.15,35942,0.135305455586,0.166666666667,0.0,0.0,0.0,undefined,0.0,164.765301943
wh160130,elasticnetiter1000_l1ratio0.15,34145,0.128540559262,0.0555555555556,0.0,0.0,0.0,undefined,0.0,165.067512035
wh160130,elasticnetiter1000_l1ratio0.15,32438,0.122114472436,0.222222222222,0.0,0.0,0.0,undefined,0.0,166.396440029
wh160130,elasticnetiter1000_l1ratio0.15,30817,0.116012136909,0.111111111111,0.0,0.0,0.0,undefined,0.0,158.964529037
wh160130,elasticnetiter1000_l1ratio0.15,29277,0.110214729931,0.0,0.0,0.0,0.0,undefined,0.0,146.644433022
wh160130,elasticnetiter1000_l1ratio0.15,27814,0.104707193302,0.0555555555556,0.0,0.0,0.0,undefined,0.0,137.458451033
wh160130,elasticnetiter1000_l1ratio0.15,26424,0.099474468822,0.0555555555556,0.0,0.0,0.0,undefined,0.0,138.07750988
wh160130,elasticnetiter1000_l1ratio0.15,25103,0.0945014982909,0.333333333333,0.0,0.0,0.0,undefined,0.0,129.05090785
wh160130,elasticnetiter1000_l1ratio0.15,23848,0.0897769880588,0.111111111111,0.0,0.0,0.0,undefined,0.0,120.552085161
wh160130,elasticnetiter1000_l1ratio0.15,22656,0.0852896444759,0.0,0.0,0.0,0.0,undefined,0.0,110.989944935
wh160130,elasticnetiter1000_l1ratio0.15,21524,0.0810281738921,0.0,0.0,0.0,0.0,undefined,0.0,102.650204182
wh160130,elasticnetiter1000_l1ratio0.15,20448,0.0769775181075,0.0555555555556,0.0,0.0,0.0,undefined,0.0,103.491772175
wh160130,elasticnetiter1000_l1ratio0.15,19426,0.0731301480221,0.333333333333,0.0,0.0,0.0,undefined,0.0,98.7033851147
wh160130,elasticnetiter1000_l1ratio0.15,18455,0.069474769986,0.0555555555556,0.0,0.0,0.0,undefined,0.0,91.5384230614
wh160130,elasticnetiter1000_l1ratio0.15,17533,0.0660038548992,0.0,0.0,0.0,0.0,undefined,0.0,90.4999449253
wh160130,elasticnetiter1000_l1ratio0.15,16657,0.0627061091117,0.0,0.0,0.0,0.0,undefined,0.0,85.4828681946
wh160130,elasticnetiter1000_l1ratio0.15,15825,0.0595740035236,0.0555555555556,0.0,0.0,0.0,undefined,0.0,79.6113238335
wh160130,elasticnetiter1000_l1ratio0.15,15034,0.0565962444849,0.0,0.0,0.0,0.0,undefined,0.0,76.6796090603
wh160130,elasticnetiter1000_l1ratio0.15,14283,0.0537690674457,0.0,0.0,0.0,0.0,undefined,0.0,72.6368410587
wh160130,elasticnetiter1000_l1ratio0.15,13569,0.0510811787559,0.0,0.0,0.0,0.0,undefined,0.0,69.8895051479
wh160130,elasticnetiter1000_l1ratio0.15,12891,0.0485288138656,0.0,0.0,0.0,0.0,undefined,0.0,64.9250340462
wh160130,elasticnetiter1000_l1ratio0.15,12247,0.0461044436748,0.0,0.0,0.0,0.0,undefined,0.0,62.3884949684
wh160130,elasticnetiter1000_l1ratio0.15,11635,0.0438005390836,0.0,0.0,0.0,0.0,undefined,0.0,58.1211438179
wh160130,elasticnetiter1000_l1ratio0.15,11054,0.0416133355419,0.0555555555556,0.0,0.0,0.0,undefined,0.0,55.5729441643
wh160130,elasticnetiter1000_l1ratio0.15,10502,0.0395353039498,0.0555555555556,0.0,0.0,0.0,undefined,0.0,52.6786768436
wh160130,elasticnetiter1000_l1ratio0.15,9977,0.0375589152073,0.0555555555556,0.0,0.0,0.0,undefined,0.0,50.2865419388
wh160130,elasticnetiter1000_l1ratio0.15,9479,0.0356841693144,0.0,0.0,0.0,0.0,undefined,0.0,47.718971014
wh160130,elasticnetiter1000_l1ratio0.15,9006,0.0339035371712,0.0,0.0,0.0,0.0,undefined,0.0,44.8926270008
wh160130,elasticnetiter1000_l1ratio0.15,8556,0.0322094896776,0.0,0.0,0.0,0.0,undefined,0.0,41.3381040096
wh160130,elasticnetiter1000_l1ratio0.15,8129,0.0306020268337,0.0,0.0,0.0,0.0,undefined,0.0,40.2417609692
wh160130,elasticnetiter1000_l1ratio0.15,7723,0.0290736195395,0.0,0.0,0.0,0.0,undefined,0.0,37.1416909695
wh160130,elasticnetiter1000_l1ratio0.15,7337,0.027620503245,0.0,0.0,0.0,0.0,undefined,0.0,35.89605093
wh160130,elasticnetiter1000_l1ratio0.15,6971,0.0262426779503,0.0,0.0,0.0,0.0,undefined,0.0,34.1200630665
wh160130,elasticnetiter1000_l1ratio0.15,6623,0.0249326145553,0.0,0.0,0.0,0.0,undefined,0.0,33.204996109
wh160130,elasticnetiter1000_l1ratio0.15,6292,0.02368654851,0.0,0.0,0.0,0.0,undefined,0.0,30.8077499866
wh160130,elasticnetiter1000_l1ratio0.15,5978,0.0225044798145,0.0,0.0,0.0,0.0,undefined,0.0,28.7402689457
wh160130,elasticnetiter1000_l1ratio0.15,5680,0.0213826439187,0.0,0.0,0.0,0.0,undefined,0.0,27.0436639786
wh160130,elasticnetiter1000_l1ratio0.15,5396,0.0203135117228,0.0,0.0,0.0,0.0,undefined,0.0,25.5518319607
wh160130,elasticnetiter1000_l1ratio0.15,5127,0.0193008477767,0.0,0.0,0.0,0.0,undefined,0.0,24.1623709202
wh160130,elasticnetiter1000_l1ratio0.15,4871,0.0183371229803,0.0,0.0,0.0,0.0,undefined,0.0,23.1327528954
wh160130,elasticnetiter1000_l1ratio0.15,4628,0.0174223373338,0.0,0.0,0.0,0.0,undefined,0.0,22.0789000988
wh160130,elasticnetiter1000_l1ratio0.15,4397,0.0165527262871,0.0555555555556,0.0,0.0,0.0,undefined,0.0,20.5321178436
wh160130,elasticnetiter1000_l1ratio0.15,4178,0.0157282898402,0.0,0.0,0.0,0.0,undefined,0.0,20.1252999306
wh160130,elasticnetiter1000_l1ratio0.15,3970,0.0149452634432,0.0,0.0,0.0,0.0,undefined,0.0,18.103760004
wh160130,elasticnetiter1000_l1ratio0.15,3772,0.014199882546,0.0,0.0,0.0,0.0,undefined,0.0,17.6528100967
wh160130,elasticnetiter1000_l1ratio0.15,3584,0.0134921471487,0.0,0.0,0.0,0.0,undefined,0.0,16.3001208305
wh160130,elasticnetiter1000_l1ratio0.15,3405,0.0128182927013,0.0,0.0,0.0,0.0,undefined,0.0,16.1408801079
wh160130,elasticnetiter1000_l1ratio0.15,3235,0.0121783192037,0.0,0.0,0.0,0.0,undefined,0.0,15.5836970806
wh160130,elasticnetiter1000_l1ratio0.15,3074,0.011572226656,0.0,0.0,0.0,0.0,undefined,0.0,13.7938511372
wh160130,elasticnetiter1000_l1ratio0.15,2921,0.0109962505082,0.0,0.0,0.0,0.0,undefined,0.0,12.8454251289
wh160130,elasticnetiter1000_l1ratio0.15,2775,0.0104466262103,0.0,0.0,0.0,0.0,undefined,0.0,12.6173288822
wh160130,elasticnetiter1000_l1ratio0.15,2637,0.00992711831228,0.0,0.0,0.0,0.0,undefined,0.0,12.0997531414
wh160130,elasticnetiter1000_l1ratio0.15,2506,0.00943396226415,0.0,0.0,0.0,0.0,undefined,0.0,10.8863720894
wh160130,elasticnetiter1000_l1ratio0.15,2381,0.00896339351594,0.0,0.0,0.0,0.0,undefined,0.0,10.3907661438
wh160130,elasticnetiter1000_l1ratio0.15,2262,0.00851541206764,0.0,0.0,0.0,0.0,undefined,0.0,9.96034693718
wh160130,elasticnetiter1000_l1ratio0.15,2149,0.00809001791926,0.0,0.0,0.0,0.0,undefined,0.0,9.41605806351
wh160130,elasticnetiter1000_l1ratio0.15,2042,0.00768721107079,0.0,0.0,0.0,0.0,undefined,0.0,8.53957700729
wh160130,elasticnetiter1000_l1ratio0.15,1940,0.00730322697225,0.0,0.0,0.0,0.0,undefined,0.0,8.37468004227
wh160130,elasticnetiter1000_l1ratio0.15,1843,0.00693806562364,0.0,0.0,0.0,0.0,undefined,0.0,7.65955495834
wh160130,elasticnetiter1000_l1ratio0.15,1751,0.00659172702495,0.0,0.0,0.0,0.0,undefined,0.0,7.15791702271
wh160130,elasticnetiter1000_l1ratio0.15,1664,0.0062642111762,0.0,0.0,0.0,0.0,undefined,0.0,6.88677000999
wh160130,elasticnetiter1000_l1ratio0.15,1581,0.00595175352738,0.0,0.0,0.0,0.0,undefined,0.0,6.41259694099
wh160130,elasticnetiter1000_l1ratio0.15,1502,0.00565435407851,0.0,0.0,0.0,0.0,undefined,0.0,5.95146489143
wh160130,elasticnetiter1000_l1ratio0.15,1427,0.00537201282959,0.0,0.0,0.0,0.0,undefined,0.0,5.89181208611
wh160130,elasticnetiter1000_l1ratio0.15,1356,0.0051047297806,0.0,0.0,0.0,0.0,undefined,0.0,5.46564006805
