zm160627,linearsvc_C0.0001,265636,1.0,0.833333333333,0.0,0.0,0.0,undefined,0.0,139.195982933
zm160627,linearsvc_C0.0001,252355,0.95000301164,0.833333333333,0.0,0.0,0.0,undefined,0.0,114.940176964
zm160627,linearsvc_C0.0001,239738,0.90250568447,0.833333333333,0.0,0.0,0.0,undefined,0.0,94.6487929821
zm160627,linearsvc_C0.0001,227752,0.857383788342,0.833333333333,0.0,0.0,0.0,undefined,0.0,91.1101970673
zm160627,linearsvc_C0.0001,216365,0.814516857655,0.833333333333,0.0,0.0,0.0,undefined,0.0,87.565089941
zm160627,linearsvc_C0.0001,205547,0.77379195591,0.833333333333,0.0,0.0,0.0,undefined,0.0,68.0768051147
zm160627,linearsvc_C0.0001,195270,0.735103675707,0.833333333333,0.0,0.0,0.0,undefined,0.0,73.2630560398
zm160627,linearsvc_C0.0001,185507,0.698350374196,0.777777777778,0.0,0.0,0.0,undefined,0.0,61.2159700394
zm160627,linearsvc_C0.0001,176232,0.663434173079,0.833333333333,0.0,0.0,0.0,undefined,0.0,100.251986027
zm160627,linearsvc_C0.0001,167421,0.630264723155,0.833333333333,0.0,0.0,0.0,undefined,0.0,51.5780539513
zm160627,linearsvc_C0.0001,159050,0.598751675225,0.833333333333,0.0,0.0,0.0,undefined,0.0,48.3303079605
zm160627,linearsvc_C0.0001,151098,0.568815973738,0.777777777778,0.0,0.0,0.0,undefined,0.0,37.0428478718
zm160627,linearsvc_C0.0001,143544,0.540378563147,0.722222222222,0.0,0.0,0.0,undefined,0.0,49.4598450661
zm160627,linearsvc_C0.0001,136367,0.513360387899,0.777777777778,0.0,0.0,0.0,undefined,0.0,40.0947749615
zm160627,linearsvc_C0.0001,129549,0.487693686097,0.777777777778,0.0,0.0,0.0,undefined,0.0,35.0174307823
zm160627,linearsvc_C0.0001,123072,0.463310695839,0.833333333333,0.0,0.0,0.0,undefined,0.0,28.7185509205
zm160627,linearsvc_C0.0001,116919,0.440147419777,0.777777777778,0.0,0.0,0.0,undefined,0.0,25.8442368507
zm160627,linearsvc_C0.0001,111074,0.418143625111,0.833333333333,0.0,0.0,0.0,undefined,0.0,28.0021469593
zm160627,linearsvc_C0.0001,105521,0.39723907904,0.833333333333,0.0,0.0,0.0,undefined,0.0,24.6735219955
zm160627,linearsvc_C0.0001,100245,0.377377313316,0.833333333333,0.0,0.0,0.0,undefined,0.0,19.6350059509
zm160627,linearsvc_C0.0001,95233,0.358509388788,0.833333333333,0.0,0.0,0.0,undefined,0.0,21.2420988083
zm160627,linearsvc_C0.0001,90472,0.340586366306,0.833333333333,0.0,0.0,0.0,undefined,0.0,12.5302329063
zm160627,linearsvc_C0.0001,85949,0.32355930672,0.833333333333,0.0,0.0,0.0,undefined,0.0,17.906717062
zm160627,linearsvc_C0.0001,81652,0.307383035432,0.833333333333,0.0,0.0,0.0,undefined,0.0,13.5052537918
zm160627,linearsvc_C0.0001,77570,0.29201614239,0.833333333333,0.0,0.0,0.0,undefined,0.0,11.436964035
zm160627,linearsvc_C0.0001,73692,0.277417217546,0.833333333333,0.0,0.0,0.0,undefined,0.0,12.3483138084
zm160627,linearsvc_C0.0001,70008,0.263548615399,0.833333333333,0.0,0.0,0.0,undefined,0.0,9.50069093704
zm160627,linearsvc_C0.0001,66508,0.250372690449,0.833333333333,0.0,0.0,0.0,undefined,0.0,11.1796050072
zm160627,linearsvc_C0.0001,63183,0.237855561746,0.833333333333,0.0,0.0,0.0,undefined,0.0,9.15033793449
zm160627,linearsvc_C0.0001,60024,0.225963348341,0.833333333333,0.0,0.0,0.0,undefined,0.0,9.06928086281
zm160627,linearsvc_C0.0001,57023,0.214665933834,0.833333333333,0.0,0.0,0.0,undefined,0.0,6.99005508423
zm160627,linearsvc_C0.0001,54172,0.203933201825,0.833333333333,0.0,0.0,0.0,undefined,0.0,7.00229096413
zm160627,linearsvc_C0.0001,51464,0.193738800464,0.833333333333,0.0,0.0,0.0,undefined,0.0,4.15961813927
zm160627,linearsvc_C0.0001,48891,0.184052613351,0.833333333333,0.0,0.0,0.0,undefined,0.0,6.31767702103
zm160627,linearsvc_C0.0001,46447,0.174852053186,0.833333333333,0.0,0.0,0.0,undefined,0.0,4.96696782112
zm160627,linearsvc_C0.0001,44125,0.166110768119,0.777777777778,0.0,0.0,0.0,undefined,0.0,5.19495201111
zm160627,linearsvc_C0.0001,41919,0.15780617085,0.777777777778,0.0,0.0,0.0,undefined,0.0,5.00065588951
zm160627,linearsvc_C0.0001,39824,0.14991943863,0.777777777778,0.0,0.0,0.0,undefined,0.0,3.87705898285
zm160627,linearsvc_C0.0001,37833,0.142424219609,0.777777777778,0.0,0.0,0.0,undefined,0.0,3.48431706429
zm160627,linearsvc_C0.0001,35942,0.135305455586,0.777777777778,0.0,0.0,0.0,undefined,0.0,3.52579498291
zm160627,linearsvc_C0.0001,34145,0.128540559262,0.777777777778,0.0,0.0,0.0,undefined,0.0,3.4727678299
zm160627,linearsvc_C0.0001,32438,0.122114472436,0.777777777778,0.0,0.0,0.0,undefined,0.0,2.93360805511
zm160627,linearsvc_C0.0001,30817,0.116012136909,0.666666666667,0.0,0.0,0.0,undefined,0.0,2.62594485283
zm160627,linearsvc_C0.0001,29277,0.110214729931,0.666666666667,0.0,0.0,0.0,undefined,0.0,2.50039792061
zm160627,linearsvc_C0.0001,27814,0.104707193302,0.666666666667,0.0,0.0,0.0,undefined,0.0,2.25735998154
zm160627,linearsvc_C0.0001,26424,0.099474468822,0.666666666667,0.0,0.0,0.0,undefined,0.0,1.9805970192
zm160627,linearsvc_C0.0001,25103,0.0945014982909,0.722222222222,0.0,0.0,0.0,undefined,0.0,2.04014706612
zm160627,linearsvc_C0.0001,23848,0.0897769880588,0.722222222222,0.0,0.0,0.0,undefined,0.0,1.97632694244
zm160627,linearsvc_C0.0001,22656,0.0852896444759,0.722222222222,0.0,0.0,0.0,undefined,0.0,1.64503407478
zm160627,linearsvc_C0.0001,21524,0.0810281738921,0.722222222222,0.0,0.0,0.0,undefined,0.0,1.32494878769
zm160627,linearsvc_C0.0001,20448,0.0769775181075,0.722222222222,0.0,0.0,0.0,undefined,0.0,1.41134405136
zm160627,linearsvc_C0.0001,19426,0.0731301480221,0.722222222222,0.0,0.0,0.0,undefined,0.0,1.36111593246
zm160627,linearsvc_C0.0001,18455,0.069474769986,0.722222222222,0.0,0.0,0.0,undefined,0.0,1.08309102058
zm160627,linearsvc_C0.0001,17533,0.0660038548992,0.722222222222,0.0,0.0,0.0,undefined,0.0,1.11149406433
zm160627,linearsvc_C0.0001,16657,0.0627061091117,0.722222222222,0.0,0.0,0.0,undefined,0.0,0.881175994873
zm160627,linearsvc_C0.0001,15825,0.0595740035236,0.722222222222,0.0,0.0,0.0,undefined,0.0,0.910661935806
zm160627,linearsvc_C0.0001,15034,0.0565962444849,0.722222222222,0.0,0.0,0.0,undefined,0.0,0.787865161896
zm160627,linearsvc_C0.0001,14283,0.0537690674457,0.722222222222,0.0,0.0,0.0,undefined,0.0,0.761377096176
zm160627,linearsvc_C0.0001,13569,0.0510811787559,0.666666666667,0.0,0.0,0.0,undefined,0.0,0.737357854843
zm160627,linearsvc_C0.0001,12891,0.0485288138656,0.666666666667,0.0,0.0,0.0,undefined,0.0,0.573621988297
zm160627,linearsvc_C0.0001,12247,0.0461044436748,0.666666666667,0.0,0.0,0.0,undefined,0.0,0.551548957825
zm160627,linearsvc_C0.0001,11635,0.0438005390836,0.666666666667,0.0,0.0,0.0,undefined,0.0,0.538210868835
zm160627,linearsvc_C0.0001,11054,0.0416133355419,0.666666666667,0.0,0.0,0.0,undefined,0.0,0.504390954971
zm160627,linearsvc_C0.0001,10502,0.0395353039498,0.666666666667,0.0,0.0,0.0,undefined,0.0,0.452373981476
zm160627,linearsvc_C0.0001,9977,0.0375589152073,0.666666666667,0.0,0.0,0.0,undefined,0.0,0.367541074753
zm160627,linearsvc_C0.0001,9479,0.0356841693144,0.666666666667,0.0,0.0,0.0,undefined,0.0,0.364864110947
zm160627,linearsvc_C0.0001,9006,0.0339035371712,0.666666666667,0.0,0.0,0.0,undefined,0.0,0.362254142761
zm160627,linearsvc_C0.0001,8556,0.0322094896776,0.666666666667,0.0,0.0,0.0,undefined,0.0,0.273292064667
zm160627,linearsvc_C0.0001,8129,0.0306020268337,0.611111111111,0.0,0.0,0.0,undefined,0.0,0.306032896042
zm160627,linearsvc_C0.0001,7723,0.0290736195395,0.611111111111,0.0,0.0,0.0,undefined,0.0,0.240664958954
zm160627,linearsvc_C0.0001,7337,0.027620503245,0.611111111111,0.0,0.0,0.0,undefined,0.0,0.271708011627
zm160627,linearsvc_C0.0001,6971,0.0262426779503,0.555555555556,0.0,0.0,0.0,undefined,0.0,0.225201129913
zm160627,linearsvc_C0.0001,6623,0.0249326145553,0.555555555556,0.0,0.0,0.0,undefined,0.0,0.194680929184
zm160627,linearsvc_C0.0001,6292,0.02368654851,0.555555555556,0.0,0.0,0.0,undefined,0.0,0.188320159912
zm160627,linearsvc_C0.0001,5978,0.0225044798145,0.555555555556,0.0,0.0,0.0,undefined,0.0,0.159414052963
zm160627,linearsvc_C0.0001,5680,0.0213826439187,0.555555555556,0.0,0.0,0.0,undefined,0.0,0.14018702507
zm160627,linearsvc_C0.0001,5396,0.0203135117228,0.666666666667,0.0,0.0,0.0,undefined,0.0,0.137652158737
zm160627,linearsvc_C0.0001,5127,0.0193008477767,0.666666666667,0.0,0.0,0.0,undefined,0.0,0.141157865524
zm160627,linearsvc_C0.0001,4871,0.0183371229803,0.666666666667,0.0,0.0,0.0,undefined,0.0,0.140214920044
zm160627,linearsvc_C0.0001,4628,0.0174223373338,0.611111111111,0.0,0.0,0.0,undefined,0.0,0.120432138443
zm160627,linearsvc_C0.0001,4397,0.0165527262871,0.611111111111,0.0,0.0,0.0,undefined,0.0,0.117761135101
zm160627,linearsvc_C0.0001,4178,0.0157282898402,0.611111111111,0.0,0.0,0.0,undefined,0.0,0.105109930038
zm160627,linearsvc_C0.0001,3970,0.0149452634432,0.666666666667,0.0,0.0,0.0,undefined,0.0,0.0978770256042
zm160627,linearsvc_C0.0001,3772,0.014199882546,0.666666666667,0.0,0.0,0.0,undefined,0.0,0.104007005692
zm160627,linearsvc_C0.0001,3584,0.0134921471487,0.666666666667,0.0,0.0,0.0,undefined,0.0,0.0891160964966
zm160627,linearsvc_C0.0001,3405,0.0128182927013,0.666666666667,0.0,0.0,0.0,undefined,0.0,0.0923187732697
zm160627,linearsvc_C0.0001,3235,0.0121783192037,0.666666666667,0.0,0.0,0.0,undefined,0.0,0.0897629261017
zm160627,linearsvc_C0.0001,3074,0.011572226656,0.611111111111,0.0,0.0,0.0,undefined,0.0,0.0841979980469
zm160627,linearsvc_C0.0001,2921,0.0109962505082,0.611111111111,0.0,0.0,0.0,undefined,0.0,0.0774328708649
zm160627,linearsvc_C0.0001,2775,0.0104466262103,0.611111111111,0.0,0.0,0.0,undefined,0.0,0.0763931274414
zm160627,linearsvc_C0.0001,2637,0.00992711831228,0.611111111111,0.0,0.0,0.0,undefined,0.0,0.0722689628601
zm160627,linearsvc_C0.0001,2506,0.00943396226415,0.611111111111,0.0,0.0,0.0,undefined,0.0,0.0682651996613
zm160627,linearsvc_C0.0001,2381,0.00896339351594,0.611111111111,0.0,0.0,0.0,undefined,0.0,0.065083026886
zm160627,linearsvc_C0.0001,2262,0.00851541206764,0.611111111111,0.0,0.0,0.0,undefined,0.0,0.060427904129
zm160627,linearsvc_C0.0001,2149,0.00809001791926,0.611111111111,0.0,0.0,0.0,undefined,0.0,0.0553319454193
zm160627,linearsvc_C0.0001,2042,0.00768721107079,0.555555555556,0.0,0.0,0.0,undefined,0.0,0.0542659759521
zm160627,linearsvc_C0.0001,1940,0.00730322697225,0.611111111111,0.0,0.0,0.0,undefined,0.0,0.0872490406036
zm160627,linearsvc_C0.0001,1843,0.00693806562364,0.611111111111,0.0,0.0,0.0,undefined,0.0,0.0822930335999
zm160627,linearsvc_C0.0001,1751,0.00659172702495,0.555555555556,0.0,0.0,0.0,undefined,0.0,0.0787041187286
zm160627,linearsvc_C0.0001,1664,0.0062642111762,0.611111111111,0.0,0.0,0.0,undefined,0.0,0.0767869949341
zm160627,linearsvc_C0.0001,1581,0.00595175352738,0.666666666667,0.0,0.0,0.0,undefined,0.0,0.0794661045074
zm160627,linearsvc_C0.0001,1502,0.00565435407851,0.666666666667,0.0,0.0,0.0,undefined,0.0,0.073086977005
zm160627,linearsvc_C0.0001,1427,0.00537201282959,0.611111111111,0.0,0.0,0.0,undefined,0.0,0.0729179382324
zm160627,linearsvc_C0.0001,1356,0.0051047297806,0.611111111111,0.0,0.0,0.0,undefined,0.0,0.0708100795746
zm160627,linearsvc_C0.001,265636,1.0,0.777777777778,0.0,0.0,0.0,undefined,0.0,296.295398951
zm160627,linearsvc_C0.001,252355,0.95000301164,0.777777777778,0.0,0.0,0.0,undefined,0.0,282.647745848
zm160627,linearsvc_C0.001,239738,0.90250568447,0.777777777778,0.0,0.0,0.0,undefined,0.0,268.190129995
zm160627,linearsvc_C0.001,227752,0.857383788342,0.777777777778,0.0,0.0,0.0,undefined,0.0,230.535889149
zm160627,linearsvc_C0.001,216365,0.814516857655,0.777777777778,0.0,0.0,0.0,undefined,0.0,254.322960138
zm160627,linearsvc_C0.001,205547,0.77379195591,0.777777777778,0.0,0.0,0.0,undefined,0.0,240.705111027
zm160627,linearsvc_C0.001,195270,0.735103675707,0.777777777778,0.0,0.0,0.0,undefined,0.0,228.168951988
zm160627,linearsvc_C0.001,185507,0.698350374196,0.777777777778,0.0,0.0,0.0,undefined,0.0,216.979299068
zm160627,linearsvc_C0.001,176232,0.663434173079,0.777777777778,0.0,0.0,0.0,undefined,0.0,195.005413055
zm160627,linearsvc_C0.001,167421,0.630264723155,0.777777777778,0.0,0.0,0.0,undefined,0.0,179.897311926
zm160627,linearsvc_C0.001,159050,0.598751675225,0.777777777778,0.0,0.0,0.0,undefined,0.0,184.540647984
zm160627,linearsvc_C0.001,151098,0.568815973738,0.777777777778,0.0,0.0,0.0,undefined,0.0,146.005100012
zm160627,linearsvc_C0.001,143544,0.540378563147,0.777777777778,0.0,0.0,0.0,undefined,0.0,165.858336926
zm160627,linearsvc_C0.001,136367,0.513360387899,0.777777777778,0.0,0.0,0.0,undefined,0.0,123.599675894
zm160627,linearsvc_C0.001,129549,0.487693686097,0.777777777778,0.0,0.0,0.0,undefined,0.0,107.891789913
zm160627,linearsvc_C0.001,123072,0.463310695839,0.777777777778,0.0,0.0,0.0,undefined,0.0,119.539767027
zm160627,linearsvc_C0.001,116919,0.440147419777,0.777777777778,0.0,0.0,0.0,undefined,0.0,76.2299170494
zm160627,linearsvc_C0.001,111074,0.418143625111,0.777777777778,0.0,0.0,0.0,undefined,0.0,104.435731888
zm160627,linearsvc_C0.001,105521,0.39723907904,0.777777777778,0.0,0.0,0.0,undefined,0.0,75.1763420105
zm160627,linearsvc_C0.001,100245,0.377377313316,0.777777777778,0.0,0.0,0.0,undefined,0.0,65.9245820045
zm160627,linearsvc_C0.001,95233,0.358509388788,0.777777777778,0.0,0.0,0.0,undefined,0.0,71.1628141403
zm160627,linearsvc_C0.001,90472,0.340586366306,0.777777777778,0.0,0.0,0.0,undefined,0.0,59.3363070488
zm160627,linearsvc_C0.001,85949,0.32355930672,0.833333333333,0.0,0.0,0.0,undefined,0.0,47.0757029057
zm160627,linearsvc_C0.001,81652,0.307383035432,0.833333333333,0.0,0.0,0.0,undefined,0.0,56.817330122
zm160627,linearsvc_C0.001,77570,0.29201614239,0.777777777778,0.0,0.0,0.0,undefined,0.0,50.0845830441
zm160627,linearsvc_C0.001,73692,0.277417217546,0.777777777778,0.0,0.0,0.0,undefined,0.0,45.2414271832
zm160627,linearsvc_C0.001,70008,0.263548615399,0.777777777778,0.0,0.0,0.0,undefined,0.0,35.7900259495
zm160627,linearsvc_C0.001,66508,0.250372690449,0.777777777778,0.0,0.0,0.0,undefined,0.0,38.2859890461
zm160627,linearsvc_C0.001,63183,0.237855561746,0.777777777778,0.0,0.0,0.0,undefined,0.0,31.5009551048
zm160627,linearsvc_C0.001,60024,0.225963348341,0.777777777778,0.0,0.0,0.0,undefined,0.0,32.9201948643
zm160627,linearsvc_C0.001,57023,0.214665933834,0.777777777778,0.0,0.0,0.0,undefined,0.0,26.3788280487
zm160627,linearsvc_C0.001,54172,0.203933201825,0.777777777778,0.0,0.0,0.0,undefined,0.0,21.3277888298
zm160627,linearsvc_C0.001,51464,0.193738800464,0.777777777778,0.0,0.0,0.0,undefined,0.0,22.9401869774
zm160627,linearsvc_C0.001,48891,0.184052613351,0.777777777778,0.0,0.0,0.0,undefined,0.0,21.5424909592
zm160627,linearsvc_C0.001,46447,0.174852053186,0.777777777778,0.0,0.0,0.0,undefined,0.0,17.2767891884
zm160627,linearsvc_C0.001,44125,0.166110768119,0.777777777778,0.0,0.0,0.0,undefined,0.0,18.6279530525
zm160627,linearsvc_C0.001,41919,0.15780617085,0.777777777778,0.0,0.0,0.0,undefined,0.0,14.5134878159
zm160627,linearsvc_C0.001,39824,0.14991943863,0.833333333333,0.0,0.0,0.0,undefined,0.0,15.2007079124
zm160627,linearsvc_C0.001,37833,0.142424219609,0.833333333333,0.0,0.0,0.0,undefined,0.0,11.4370369911
zm160627,linearsvc_C0.001,35942,0.135305455586,0.833333333333,0.0,0.0,0.0,undefined,0.0,13.062443018
zm160627,linearsvc_C0.001,34145,0.128540559262,0.833333333333,0.0,0.0,0.0,undefined,0.0,9.99938511848
zm160627,linearsvc_C0.001,32438,0.122114472436,0.833333333333,0.0,0.0,0.0,undefined,0.0,10.1165559292
zm160627,linearsvc_C0.001,30817,0.116012136909,0.833333333333,0.0,0.0,0.0,undefined,0.0,8.60254001617
zm160627,linearsvc_C0.001,29277,0.110214729931,0.833333333333,0.0,0.0,0.0,undefined,0.0,8.19859600067
zm160627,linearsvc_C0.001,27814,0.104707193302,0.833333333333,0.0,0.0,0.0,undefined,0.0,6.53693199158
zm160627,linearsvc_C0.001,26424,0.099474468822,0.833333333333,0.0,0.0,0.0,undefined,0.0,6.78039002419
zm160627,linearsvc_C0.001,25103,0.0945014982909,0.777777777778,0.0,0.0,0.0,undefined,0.0,6.18047499657
zm160627,linearsvc_C0.001,23848,0.0897769880588,0.777777777778,0.0,0.0,0.0,undefined,0.0,4.6118850708
zm160627,linearsvc_C0.001,22656,0.0852896444759,0.777777777778,0.0,0.0,0.0,undefined,0.0,5.35199785233
zm160627,linearsvc_C0.001,21524,0.0810281738921,0.777777777778,0.0,0.0,0.0,undefined,0.0,3.39242291451
zm160627,linearsvc_C0.001,20448,0.0769775181075,0.777777777778,0.0,0.0,0.0,undefined,0.0,4.27265000343
zm160627,linearsvc_C0.001,19426,0.0731301480221,0.777777777778,0.0,0.0,0.0,undefined,0.0,3.96271514893
zm160627,linearsvc_C0.001,18455,0.069474769986,0.777777777778,0.0,0.0,0.0,undefined,0.0,3.66218495369
zm160627,linearsvc_C0.001,17533,0.0660038548992,0.777777777778,0.0,0.0,0.0,undefined,0.0,2.79775094986
zm160627,linearsvc_C0.001,16657,0.0627061091117,0.777777777778,0.0,0.0,0.0,undefined,0.0,2.68599200249
zm160627,linearsvc_C0.001,15825,0.0595740035236,0.777777777778,0.0,0.0,0.0,undefined,0.0,2.61233997345
zm160627,linearsvc_C0.001,15034,0.0565962444849,0.777777777778,0.0,0.0,0.0,undefined,0.0,2.06924796104
zm160627,linearsvc_C0.001,14283,0.0537690674457,0.777777777778,0.0,0.0,0.0,undefined,0.0,1.75767207146
zm160627,linearsvc_C0.001,13569,0.0510811787559,0.777777777778,0.0,0.0,0.0,undefined,0.0,2.01764917374
zm160627,linearsvc_C0.001,12891,0.0485288138656,0.777777777778,0.0,0.0,0.0,undefined,0.0,1.81568193436
zm160627,linearsvc_C0.001,12247,0.0461044436748,0.777777777778,0.0,0.0,0.0,undefined,0.0,1.6487891674
zm160627,linearsvc_C0.001,11635,0.0438005390836,0.777777777778,0.0,0.0,0.0,undefined,0.0,1.37395501137
zm160627,linearsvc_C0.001,11054,0.0416133355419,0.722222222222,0.0,0.0,0.0,undefined,0.0,1.25999212265
zm160627,linearsvc_C0.001,10502,0.0395353039498,0.777777777778,0.0,0.0,0.0,undefined,0.0,1.06216812134
zm160627,linearsvc_C0.001,9977,0.0375589152073,0.777777777778,0.0,0.0,0.0,undefined,0.0,1.22244596481
zm160627,linearsvc_C0.001,9479,0.0356841693144,0.777777777778,0.0,0.0,0.0,undefined,0.0,0.965016841888
zm160627,linearsvc_C0.001,9006,0.0339035371712,0.722222222222,0.0,0.0,0.0,undefined,0.0,0.909850120544
zm160627,linearsvc_C0.001,8556,0.0322094896776,0.666666666667,0.0,0.0,0.0,undefined,0.0,0.93182015419
zm160627,linearsvc_C0.001,8129,0.0306020268337,0.666666666667,0.0,0.0,0.0,undefined,0.0,0.827549934387
zm160627,linearsvc_C0.001,7723,0.0290736195395,0.666666666667,0.0,0.0,0.0,undefined,0.0,0.697071075439
zm160627,linearsvc_C0.001,7337,0.027620503245,0.611111111111,0.0,0.0,0.0,undefined,0.0,0.676144838333
zm160627,linearsvc_C0.001,6971,0.0262426779503,0.666666666667,0.0,0.0,0.0,undefined,0.0,0.649863958359
zm160627,linearsvc_C0.001,6623,0.0249326145553,0.611111111111,0.0,0.0,0.0,undefined,0.0,0.558081865311
zm160627,linearsvc_C0.001,6292,0.02368654851,0.611111111111,0.0,0.0,0.0,undefined,0.0,0.486858844757
zm160627,linearsvc_C0.001,5978,0.0225044798145,0.611111111111,0.0,0.0,0.0,undefined,0.0,0.374917984009
zm160627,linearsvc_C0.001,5680,0.0213826439187,0.611111111111,0.0,0.0,0.0,undefined,0.0,0.342918872833
zm160627,linearsvc_C0.001,5396,0.0203135117228,0.611111111111,0.0,0.0,0.0,undefined,0.0,0.327456951141
zm160627,linearsvc_C0.001,5127,0.0193008477767,0.611111111111,0.0,0.0,0.0,undefined,0.0,0.333102941513
zm160627,linearsvc_C0.001,4871,0.0183371229803,0.611111111111,0.0,0.0,0.0,undefined,0.0,0.298166036606
zm160627,linearsvc_C0.001,4628,0.0174223373338,0.611111111111,0.0,0.0,0.0,undefined,0.0,0.254820108414
zm160627,linearsvc_C0.001,4397,0.0165527262871,0.611111111111,0.0,0.0,0.0,undefined,0.0,0.314105987549
zm160627,linearsvc_C0.001,4178,0.0157282898402,0.611111111111,0.0,0.0,0.0,undefined,0.0,0.202214002609
zm160627,linearsvc_C0.001,3970,0.0149452634432,0.611111111111,0.0,0.0,0.0,undefined,0.0,0.199419975281
zm160627,linearsvc_C0.001,3772,0.014199882546,0.611111111111,0.0,0.0,0.0,undefined,0.0,0.236886024475
zm160627,linearsvc_C0.001,3584,0.0134921471487,0.611111111111,0.0,0.0,0.0,undefined,0.0,0.169636964798
zm160627,linearsvc_C0.001,3405,0.0128182927013,0.611111111111,0.0,0.0,0.0,undefined,0.0,0.178066968918
zm160627,linearsvc_C0.001,3235,0.0121783192037,0.611111111111,0.0,0.0,0.0,undefined,0.0,0.158938169479
zm160627,linearsvc_C0.001,3074,0.011572226656,0.611111111111,0.0,0.0,0.0,undefined,0.0,0.150418996811
zm160627,linearsvc_C0.001,2921,0.0109962505082,0.611111111111,0.0,0.0,0.0,undefined,0.0,0.136214971542
zm160627,linearsvc_C0.001,2775,0.0104466262103,0.611111111111,0.0,0.0,0.0,undefined,0.0,0.130327939987
zm160627,linearsvc_C0.001,2637,0.00992711831228,0.666666666667,0.0,0.0,0.0,undefined,0.0,0.147911071777
zm160627,linearsvc_C0.001,2506,0.00943396226415,0.666666666667,0.0,0.0,0.0,undefined,0.0,0.11930513382
zm160627,linearsvc_C0.001,2381,0.00896339351594,0.666666666667,0.0,0.0,0.0,undefined,0.0,0.0930800437927
zm160627,linearsvc_C0.001,2262,0.00851541206764,0.666666666667,0.0,0.0,0.0,undefined,0.0,0.0883131027222
zm160627,linearsvc_C0.001,2149,0.00809001791926,0.666666666667,0.0,0.0,0.0,undefined,0.0,0.0918531417847
zm160627,linearsvc_C0.001,2042,0.00768721107079,0.666666666667,0.0,0.0,0.0,undefined,0.0,0.112580060959
zm160627,linearsvc_C0.001,1940,0.00730322697225,0.666666666667,0.0,0.0,0.0,undefined,0.0,0.07643699646
zm160627,linearsvc_C0.001,1843,0.00693806562364,0.611111111111,0.0,0.0,0.0,undefined,0.0,0.096971988678
zm160627,linearsvc_C0.001,1751,0.00659172702495,0.555555555556,0.0,0.0,0.0,undefined,0.0,0.0966219902039
zm160627,linearsvc_C0.001,1664,0.0062642111762,0.555555555556,0.0,0.0,0.0,undefined,0.0,0.0911500453949
zm160627,linearsvc_C0.001,1581,0.00595175352738,0.555555555556,0.0,0.0,0.0,undefined,0.0,0.0873689651489
zm160627,linearsvc_C0.001,1502,0.00565435407851,0.555555555556,0.0,0.0,0.0,undefined,0.0,0.0958349704742
zm160627,linearsvc_C0.001,1427,0.00537201282959,0.611111111111,0.0,0.0,0.0,undefined,0.0,0.0853250026703
zm160627,linearsvc_C0.001,1356,0.0051047297806,0.555555555556,0.0,0.0,0.0,undefined,0.0,0.0826849937439
zm160627,linearsvc_C0.01,265636,1.0,0.777777777778,0.0,0.0,0.0,undefined,0.0,314.873724937
zm160627,linearsvc_C0.01,252355,0.95000301164,0.777777777778,0.0,0.0,0.0,undefined,0.0,299.118096828
zm160627,linearsvc_C0.01,239738,0.90250568447,0.777777777778,0.0,0.0,0.0,undefined,0.0,292.420734882
zm160627,linearsvc_C0.01,227752,0.857383788342,0.777777777778,0.0,0.0,0.0,undefined,0.0,282.936554909
zm160627,linearsvc_C0.01,216365,0.814516857655,0.777777777778,0.0,0.0,0.0,undefined,0.0,258.448525906
zm160627,linearsvc_C0.01,205547,0.77379195591,0.777777777778,0.0,0.0,0.0,undefined,0.0,245.877249956
zm160627,linearsvc_C0.01,195270,0.735103675707,0.777777777778,0.0,0.0,0.0,undefined,0.0,232.488806963
zm160627,linearsvc_C0.01,185507,0.698350374196,0.777777777778,0.0,0.0,0.0,undefined,0.0,222.14141202
zm160627,linearsvc_C0.01,176232,0.663434173079,0.777777777778,0.0,0.0,0.0,undefined,0.0,223.405560017
zm160627,linearsvc_C0.01,167421,0.630264723155,0.777777777778,0.0,0.0,0.0,undefined,0.0,211.258179903
zm160627,linearsvc_C0.01,159050,0.598751675225,0.777777777778,0.0,0.0,0.0,undefined,0.0,201.144394875
zm160627,linearsvc_C0.01,151098,0.568815973738,0.777777777778,0.0,0.0,0.0,undefined,0.0,190.839432001
zm160627,linearsvc_C0.01,143544,0.540378563147,0.777777777778,0.0,0.0,0.0,undefined,0.0,179.334841967
zm160627,linearsvc_C0.01,136367,0.513360387899,0.777777777778,0.0,0.0,0.0,undefined,0.0,172.048219204
zm160627,linearsvc_C0.01,129549,0.487693686097,0.777777777778,0.0,0.0,0.0,undefined,0.0,162.419183969
zm160627,linearsvc_C0.01,123072,0.463310695839,0.777777777778,0.0,0.0,0.0,undefined,0.0,152.370209932
zm160627,linearsvc_C0.01,116919,0.440147419777,0.777777777778,0.0,0.0,0.0,undefined,0.0,144.944723845
zm160627,linearsvc_C0.01,111074,0.418143625111,0.777777777778,0.0,0.0,0.0,undefined,0.0,138.848345995
zm160627,linearsvc_C0.01,105521,0.39723907904,0.777777777778,0.0,0.0,0.0,undefined,0.0,130.856534958
zm160627,linearsvc_C0.01,100245,0.377377313316,0.777777777778,0.0,0.0,0.0,undefined,0.0,122.172924995
zm160627,linearsvc_C0.01,95233,0.358509388788,0.777777777778,0.0,0.0,0.0,undefined,0.0,117.555465937
zm160627,linearsvc_C0.01,90472,0.340586366306,0.777777777778,0.0,0.0,0.0,undefined,0.0,111.305098057
zm160627,linearsvc_C0.01,85949,0.32355930672,0.777777777778,0.0,0.0,0.0,undefined,0.0,105.677832127
zm160627,linearsvc_C0.01,81652,0.307383035432,0.777777777778,0.0,0.0,0.0,undefined,0.0,99.5869071484
zm160627,linearsvc_C0.01,77570,0.29201614239,0.777777777778,0.0,0.0,0.0,undefined,0.0,95.0202379227
zm160627,linearsvc_C0.01,73692,0.277417217546,0.777777777778,0.0,0.0,0.0,undefined,0.0,90.6443431377
zm160627,linearsvc_C0.01,70008,0.263548615399,0.777777777778,0.0,0.0,0.0,undefined,0.0,84.9170210361
zm160627,linearsvc_C0.01,66508,0.250372690449,0.777777777778,0.0,0.0,0.0,undefined,0.0,81.2767419815
zm160627,linearsvc_C0.01,63183,0.237855561746,0.777777777778,0.0,0.0,0.0,undefined,0.0,76.1387040615
zm160627,linearsvc_C0.01,60024,0.225963348341,0.777777777778,0.0,0.0,0.0,undefined,0.0,73.0628130436
zm160627,linearsvc_C0.01,57023,0.214665933834,0.777777777778,0.0,0.0,0.0,undefined,0.0,69.2865948677
zm160627,linearsvc_C0.01,54172,0.203933201825,0.777777777778,0.0,0.0,0.0,undefined,0.0,65.0620529652
zm160627,linearsvc_C0.01,51464,0.193738800464,0.777777777778,0.0,0.0,0.0,undefined,0.0,62.0556621552
zm160627,linearsvc_C0.01,48891,0.184052613351,0.777777777778,0.0,0.0,0.0,undefined,0.0,59.8512980938
zm160627,linearsvc_C0.01,46447,0.174852053186,0.777777777778,0.0,0.0,0.0,undefined,0.0,55.5195219517
zm160627,linearsvc_C0.01,44125,0.166110768119,0.777777777778,0.0,0.0,0.0,undefined,0.0,52.8206140995
zm160627,linearsvc_C0.01,41919,0.15780617085,0.777777777778,0.0,0.0,0.0,undefined,0.0,50.1194000244
zm160627,linearsvc_C0.01,39824,0.14991943863,0.777777777778,0.0,0.0,0.0,undefined,0.0,48.3566761017
zm160627,linearsvc_C0.01,37833,0.142424219609,0.777777777778,0.0,0.0,0.0,undefined,0.0,45.1950540543
zm160627,linearsvc_C0.01,35942,0.135305455586,0.722222222222,0.0,0.0,0.0,undefined,0.0,42.5158131123
zm160627,linearsvc_C0.01,34145,0.128540559262,0.722222222222,0.0,0.0,0.0,undefined,0.0,40.4804410934
zm160627,linearsvc_C0.01,32438,0.122114472436,0.722222222222,0.0,0.0,0.0,undefined,0.0,38.0944390297
zm160627,linearsvc_C0.01,30817,0.116012136909,0.722222222222,0.0,0.0,0.0,undefined,0.0,35.970813036
zm160627,linearsvc_C0.01,29277,0.110214729931,0.722222222222,0.0,0.0,0.0,undefined,0.0,34.3737168312
zm160627,linearsvc_C0.01,27814,0.104707193302,0.722222222222,0.0,0.0,0.0,undefined,0.0,32.4804730415
zm160627,linearsvc_C0.01,26424,0.099474468822,0.722222222222,0.0,0.0,0.0,undefined,0.0,30.9547631741
zm160627,linearsvc_C0.01,25103,0.0945014982909,0.722222222222,0.0,0.0,0.0,undefined,0.0,26.3975100517
zm160627,linearsvc_C0.01,23848,0.0897769880588,0.722222222222,0.0,0.0,0.0,undefined,0.0,28.0626850128
zm160627,linearsvc_C0.01,22656,0.0852896444759,0.722222222222,0.0,0.0,0.0,undefined,0.0,26.4388768673
zm160627,linearsvc_C0.01,21524,0.0810281738921,0.722222222222,0.0,0.0,0.0,undefined,0.0,25.7270128727
zm160627,linearsvc_C0.01,20448,0.0769775181075,0.722222222222,0.0,0.0,0.0,undefined,0.0,24.1030600071
zm160627,linearsvc_C0.01,19426,0.0731301480221,0.722222222222,0.0,0.0,0.0,undefined,0.0,19.0758159161
zm160627,linearsvc_C0.01,18455,0.069474769986,0.722222222222,0.0,0.0,0.0,undefined,0.0,19.2108500004
zm160627,linearsvc_C0.01,17533,0.0660038548992,0.722222222222,0.0,0.0,0.0,undefined,0.0,14.9525380135
zm160627,linearsvc_C0.01,16657,0.0627061091117,0.722222222222,0.0,0.0,0.0,undefined,0.0,15.4624321461
zm160627,linearsvc_C0.01,15825,0.0595740035236,0.722222222222,0.0,0.0,0.0,undefined,0.0,13.97184515
zm160627,linearsvc_C0.01,15034,0.0565962444849,0.722222222222,0.0,0.0,0.0,undefined,0.0,13.1759622097
zm160627,linearsvc_C0.01,14283,0.0537690674457,0.722222222222,0.0,0.0,0.0,undefined,0.0,10.0132761002
zm160627,linearsvc_C0.01,13569,0.0510811787559,0.666666666667,0.0,0.0,0.0,undefined,0.0,10.5481979847
zm160627,linearsvc_C0.01,12891,0.0485288138656,0.666666666667,0.0,0.0,0.0,undefined,0.0,8.05359983444
zm160627,linearsvc_C0.01,12247,0.0461044436748,0.722222222222,0.0,0.0,0.0,undefined,0.0,8.01887798309
zm160627,linearsvc_C0.01,11635,0.0438005390836,0.611111111111,0.0,0.0,0.0,undefined,0.0,7.29837107658
zm160627,linearsvc_C0.01,11054,0.0416133355419,0.611111111111,0.0,0.0,0.0,undefined,0.0,8.08746504784
zm160627,linearsvc_C0.01,10502,0.0395353039498,0.611111111111,0.0,0.0,0.0,undefined,0.0,6.77435493469
zm160627,linearsvc_C0.01,9977,0.0375589152073,0.611111111111,0.0,0.0,0.0,undefined,0.0,5.18162608147
zm160627,linearsvc_C0.01,9479,0.0356841693144,0.611111111111,0.0,0.0,0.0,undefined,0.0,5.48684501648
zm160627,linearsvc_C0.01,9006,0.0339035371712,0.611111111111,0.0,0.0,0.0,undefined,0.0,4.48703598976
zm160627,linearsvc_C0.01,8556,0.0322094896776,0.611111111111,0.0,0.0,0.0,undefined,0.0,4.8369820118
zm160627,linearsvc_C0.01,8129,0.0306020268337,0.611111111111,0.0,0.0,0.0,undefined,0.0,4.09501886368
zm160627,linearsvc_C0.01,7723,0.0290736195395,0.611111111111,0.0,0.0,0.0,undefined,0.0,3.8896651268
zm160627,linearsvc_C0.01,7337,0.027620503245,0.611111111111,0.0,0.0,0.0,undefined,0.0,3.78007698059
zm160627,linearsvc_C0.01,6971,0.0262426779503,0.611111111111,0.0,0.0,0.0,undefined,0.0,3.53223609924
zm160627,linearsvc_C0.01,6623,0.0249326145553,0.555555555556,0.0,0.0,0.0,undefined,0.0,3.0911231041
zm160627,linearsvc_C0.01,6292,0.02368654851,0.555555555556,0.0,0.0,0.0,undefined,0.0,3.0276350975
zm160627,linearsvc_C0.01,5978,0.0225044798145,0.444444444444,0.0,0.0,0.0,undefined,0.0,2.17726898193
zm160627,linearsvc_C0.01,5680,0.0213826439187,0.444444444444,0.0,0.0,0.0,undefined,0.0,2.50017881393
zm160627,linearsvc_C0.01,5396,0.0203135117228,0.5,0.0,0.0,0.0,undefined,0.0,2.16048312187
zm160627,linearsvc_C0.01,5127,0.0193008477767,0.5,0.0,0.0,0.0,undefined,0.0,1.93921804428
zm160627,linearsvc_C0.01,4871,0.0183371229803,0.5,0.0,0.0,0.0,undefined,0.0,1.74069309235
zm160627,linearsvc_C0.01,4628,0.0174223373338,0.5,0.0,0.0,0.0,undefined,0.0,1.7168970108
zm160627,linearsvc_C0.01,4397,0.0165527262871,0.444444444444,0.0,0.0,0.0,undefined,0.0,1.57696413994
zm160627,linearsvc_C0.01,4178,0.0157282898402,0.444444444444,0.0,0.0,0.0,undefined,0.0,1.31296205521
zm160627,linearsvc_C0.01,3970,0.0149452634432,0.5,0.0,0.0,0.0,undefined,0.0,1.35175609589
zm160627,linearsvc_C0.01,3772,0.014199882546,0.5,0.0,0.0,0.0,undefined,0.0,1.18792295456
zm160627,linearsvc_C0.01,3584,0.0134921471487,0.5,0.0,0.0,0.0,undefined,0.0,0.953347921371
zm160627,linearsvc_C0.01,3405,0.0128182927013,0.5,0.0,0.0,0.0,undefined,0.0,0.883444070816
zm160627,linearsvc_C0.01,3235,0.0121783192037,0.5,0.0,0.0,0.0,undefined,0.0,0.770624876022
zm160627,linearsvc_C0.01,3074,0.011572226656,0.444444444444,0.0,0.0,0.0,undefined,0.0,0.871273040771
zm160627,linearsvc_C0.01,2921,0.0109962505082,0.5,0.0,0.0,0.0,undefined,0.0,0.754675149918
zm160627,linearsvc_C0.01,2775,0.0104466262103,0.444444444444,0.0,0.0,0.0,undefined,0.0,0.556144952774
zm160627,linearsvc_C0.01,2637,0.00992711831228,0.444444444444,0.0,0.0,0.0,undefined,0.0,0.641199111938
zm160627,linearsvc_C0.01,2506,0.00943396226415,0.444444444444,0.0,0.0,0.0,undefined,0.0,0.463001966476
zm160627,linearsvc_C0.01,2381,0.00896339351594,0.444444444444,0.0,0.0,0.0,undefined,0.0,0.548202037811
zm160627,linearsvc_C0.01,2262,0.00851541206764,0.444444444444,0.0,0.0,0.0,undefined,0.0,0.462381124496
zm160627,linearsvc_C0.01,2149,0.00809001791926,0.444444444444,0.0,0.0,0.0,undefined,0.0,0.437313079834
zm160627,linearsvc_C0.01,2042,0.00768721107079,0.444444444444,0.0,0.0,0.0,undefined,0.0,0.35518693924
zm160627,linearsvc_C0.01,1940,0.00730322697225,0.444444444444,0.0,0.0,0.0,undefined,0.0,0.388827085495
zm160627,linearsvc_C0.01,1843,0.00693806562364,0.444444444444,0.0,0.0,0.0,undefined,0.0,0.303755044937
zm160627,linearsvc_C0.01,1751,0.00659172702495,0.444444444444,0.0,0.0,0.0,undefined,0.0,0.29096698761
zm160627,linearsvc_C0.01,1664,0.0062642111762,0.444444444444,0.0,0.0,0.0,undefined,0.0,0.24911904335
zm160627,linearsvc_C0.01,1581,0.00595175352738,0.444444444444,0.0,0.0,0.0,undefined,0.0,0.267025947571
zm160627,linearsvc_C0.01,1502,0.00565435407851,0.444444444444,0.0,0.0,0.0,undefined,0.0,0.251173973083
zm160627,linearsvc_C0.01,1427,0.00537201282959,0.388888888889,0.0,0.0,0.0,undefined,0.0,0.258885860443
zm160627,linearsvc_C0.01,1356,0.0051047297806,0.333333333333,0.0,0.0,0.0,undefined,0.0,0.197190999985
zm160627,linearsvc_C0.1,265636,1.0,0.777777777778,0.0,0.0,0.0,undefined,0.0,20.2209010124
zm160627,linearsvc_C0.1,252355,0.95000301164,0.777777777778,0.0,0.0,0.0,undefined,0.0,19.4907119274
zm160627,linearsvc_C0.1,239738,0.90250568447,0.777777777778,0.0,0.0,0.0,undefined,0.0,18.3375959396
zm160627,linearsvc_C0.1,227752,0.857383788342,0.777777777778,0.0,0.0,0.0,undefined,0.0,16.7218000889
zm160627,linearsvc_C0.1,216365,0.814516857655,0.777777777778,0.0,0.0,0.0,undefined,0.0,15.6497960091
zm160627,linearsvc_C0.1,205547,0.77379195591,0.777777777778,0.0,0.0,0.0,undefined,0.0,14.4522130489
zm160627,linearsvc_C0.1,195270,0.735103675707,0.777777777778,0.0,0.0,0.0,undefined,0.0,21.9151620865
zm160627,linearsvc_C0.1,185507,0.698350374196,0.777777777778,0.0,0.0,0.0,undefined,0.0,15.4367890358
zm160627,linearsvc_C0.1,176232,0.663434173079,0.777777777778,0.0,0.0,0.0,undefined,0.0,12.5317699909
zm160627,linearsvc_C0.1,167421,0.630264723155,0.777777777778,0.0,0.0,0.0,undefined,0.0,11.1762349606
zm160627,linearsvc_C0.1,159050,0.598751675225,0.777777777778,0.0,0.0,0.0,undefined,0.0,11.0081789494
zm160627,linearsvc_C0.1,151098,0.568815973738,0.777777777778,0.0,0.0,0.0,undefined,0.0,11.6024971008
zm160627,linearsvc_C0.1,143544,0.540378563147,0.777777777778,0.0,0.0,0.0,undefined,0.0,17.2518599033
zm160627,linearsvc_C0.1,136367,0.513360387899,0.777777777778,0.0,0.0,0.0,undefined,0.0,25.7772390842
zm160627,linearsvc_C0.1,129549,0.487693686097,0.777777777778,0.0,0.0,0.0,undefined,0.0,11.8386280537
zm160627,linearsvc_C0.1,123072,0.463310695839,0.777777777778,0.0,0.0,0.0,undefined,0.0,10.6650459766
zm160627,linearsvc_C0.1,116919,0.440147419777,0.777777777778,0.0,0.0,0.0,undefined,0.0,18.5385029316
zm160627,linearsvc_C0.1,111074,0.418143625111,0.777777777778,0.0,0.0,0.0,undefined,0.0,37.3165519238
zm160627,linearsvc_C0.1,105521,0.39723907904,0.777777777778,0.0,0.0,0.0,undefined,0.0,42.8975529671
zm160627,linearsvc_C0.1,100245,0.377377313316,0.777777777778,0.0,0.0,0.0,undefined,0.0,47.7141849995
zm160627,linearsvc_C0.1,95233,0.358509388788,0.777777777778,0.0,0.0,0.0,undefined,0.0,19.188822031
zm160627,linearsvc_C0.1,90472,0.340586366306,0.777777777778,0.0,0.0,0.0,undefined,0.0,64.5703411102
zm160627,linearsvc_C0.1,85949,0.32355930672,0.777777777778,0.0,0.0,0.0,undefined,0.0,40.065833807
zm160627,linearsvc_C0.1,81652,0.307383035432,0.777777777778,0.0,0.0,0.0,undefined,0.0,49.6455972195
zm160627,linearsvc_C0.1,77570,0.29201614239,0.777777777778,0.0,0.0,0.0,undefined,0.0,80.5024681091
zm160627,linearsvc_C0.1,73692,0.277417217546,0.777777777778,0.0,0.0,0.0,undefined,0.0,72.1996350288
zm160627,linearsvc_C0.1,70008,0.263548615399,0.777777777778,0.0,0.0,0.0,undefined,0.0,76.4505839348
zm160627,linearsvc_C0.1,66508,0.250372690449,0.777777777778,0.0,0.0,0.0,undefined,0.0,62.2244651318
zm160627,linearsvc_C0.1,63183,0.237855561746,0.777777777778,0.0,0.0,0.0,undefined,0.0,74.4110040665
zm160627,linearsvc_C0.1,60024,0.225963348341,0.777777777778,0.0,0.0,0.0,undefined,0.0,49.4082961082
zm160627,linearsvc_C0.1,57023,0.214665933834,0.777777777778,0.0,0.0,0.0,undefined,0.0,62.4903099537
zm160627,linearsvc_C0.1,54172,0.203933201825,0.777777777778,0.0,0.0,0.0,undefined,0.0,62.2954130173
zm160627,linearsvc_C0.1,51464,0.193738800464,0.722222222222,0.0,0.0,0.0,undefined,0.0,59.7976610661
zm160627,linearsvc_C0.1,48891,0.184052613351,0.722222222222,0.0,0.0,0.0,undefined,0.0,56.8403220177
zm160627,linearsvc_C0.1,46447,0.174852053186,0.722222222222,0.0,0.0,0.0,undefined,0.0,53.1871452332
zm160627,linearsvc_C0.1,44125,0.166110768119,0.722222222222,0.0,0.0,0.0,undefined,0.0,51.1088001728
zm160627,linearsvc_C0.1,41919,0.15780617085,0.722222222222,0.0,0.0,0.0,undefined,0.0,49.0552051067
zm160627,linearsvc_C0.1,39824,0.14991943863,0.666666666667,0.0,0.0,0.0,undefined,0.0,45.9549438953
zm160627,linearsvc_C0.1,37833,0.142424219609,0.666666666667,0.0,0.0,0.0,undefined,0.0,43.4863841534
zm160627,linearsvc_C0.1,35942,0.135305455586,0.666666666667,0.0,0.0,0.0,undefined,0.0,41.4153909683
zm160627,linearsvc_C0.1,34145,0.128540559262,0.666666666667,0.0,0.0,0.0,undefined,0.0,39.5252740383
zm160627,linearsvc_C0.1,32438,0.122114472436,0.666666666667,0.0,0.0,0.0,undefined,0.0,37.3681130409
zm160627,linearsvc_C0.1,30817,0.116012136909,0.722222222222,0.0,0.0,0.0,undefined,0.0,35.2572407722
zm160627,linearsvc_C0.1,29277,0.110214729931,0.722222222222,0.0,0.0,0.0,undefined,0.0,33.1276671886
zm160627,linearsvc_C0.1,27814,0.104707193302,0.722222222222,0.0,0.0,0.0,undefined,0.0,32.1174969673
zm160627,linearsvc_C0.1,26424,0.099474468822,0.666666666667,0.0,0.0,0.0,undefined,0.0,30.388682127
zm160627,linearsvc_C0.1,25103,0.0945014982909,0.666666666667,0.0,0.0,0.0,undefined,0.0,28.6436669827
zm160627,linearsvc_C0.1,23848,0.0897769880588,0.722222222222,0.0,0.0,0.0,undefined,0.0,28.0063569546
zm160627,linearsvc_C0.1,22656,0.0852896444759,0.666666666667,0.0,0.0,0.0,undefined,0.0,26.227230072
zm160627,linearsvc_C0.1,21524,0.0810281738921,0.666666666667,0.0,0.0,0.0,undefined,0.0,24.6066658497
zm160627,linearsvc_C0.1,20448,0.0769775181075,0.666666666667,0.0,0.0,0.0,undefined,0.0,23.3430938721
zm160627,linearsvc_C0.1,19426,0.0731301480221,0.722222222222,0.0,0.0,0.0,undefined,0.0,21.8430271149
zm160627,linearsvc_C0.1,18455,0.069474769986,0.722222222222,0.0,0.0,0.0,undefined,0.0,21.020745039
zm160627,linearsvc_C0.1,17533,0.0660038548992,0.722222222222,0.0,0.0,0.0,undefined,0.0,19.9160709381
zm160627,linearsvc_C0.1,16657,0.0627061091117,0.722222222222,0.0,0.0,0.0,undefined,0.0,19.0290169716
zm160627,linearsvc_C0.1,15825,0.0595740035236,0.722222222222,0.0,0.0,0.0,undefined,0.0,17.85633111
zm160627,linearsvc_C0.1,15034,0.0565962444849,0.722222222222,0.0,0.0,0.0,undefined,0.0,16.727604866
zm160627,linearsvc_C0.1,14283,0.0537690674457,0.722222222222,0.0,0.0,0.0,undefined,0.0,15.9911408424
zm160627,linearsvc_C0.1,13569,0.0510811787559,0.611111111111,0.0,0.0,0.0,undefined,0.0,15.1779458523
zm160627,linearsvc_C0.1,12891,0.0485288138656,0.611111111111,0.0,0.0,0.0,undefined,0.0,14.4172179699
zm160627,linearsvc_C0.1,12247,0.0461044436748,0.611111111111,0.0,0.0,0.0,undefined,0.0,13.460408926
zm160627,linearsvc_C0.1,11635,0.0438005390836,0.611111111111,0.0,0.0,0.0,undefined,0.0,12.7138719559
zm160627,linearsvc_C0.1,11054,0.0416133355419,0.666666666667,0.0,0.0,0.0,undefined,0.0,12.0278630257
zm160627,linearsvc_C0.1,10502,0.0395353039498,0.666666666667,0.0,0.0,0.0,undefined,0.0,11.1586248875
zm160627,linearsvc_C0.1,9977,0.0375589152073,0.666666666667,0.0,0.0,0.0,undefined,0.0,10.9180519581
zm160627,linearsvc_C0.1,9479,0.0356841693144,0.611111111111,0.0,0.0,0.0,undefined,0.0,9.75581502914
zm160627,linearsvc_C0.1,9006,0.0339035371712,0.611111111111,0.0,0.0,0.0,undefined,0.0,9.67314720154
zm160627,linearsvc_C0.1,8556,0.0322094896776,0.611111111111,0.0,0.0,0.0,undefined,0.0,9.23308610916
zm160627,linearsvc_C0.1,8129,0.0306020268337,0.611111111111,0.0,0.0,0.0,undefined,0.0,8.47900509834
zm160627,linearsvc_C0.1,7723,0.0290736195395,0.611111111111,0.0,0.0,0.0,undefined,0.0,8.12661099434
zm160627,linearsvc_C0.1,7337,0.027620503245,0.611111111111,0.0,0.0,0.0,undefined,0.0,7.67080187798
zm160627,linearsvc_C0.1,6971,0.0262426779503,0.611111111111,0.0,0.0,0.0,undefined,0.0,7.03377008438
zm160627,linearsvc_C0.1,6623,0.0249326145553,0.611111111111,0.0,0.0,0.0,undefined,0.0,6.99730300903
zm160627,linearsvc_C0.1,6292,0.02368654851,0.611111111111,0.0,0.0,0.0,undefined,0.0,6.03936910629
zm160627,linearsvc_C0.1,5978,0.0225044798145,0.555555555556,0.0,0.0,0.0,undefined,0.0,6.33712601662
zm160627,linearsvc_C0.1,5680,0.0213826439187,0.5,0.0,0.0,0.0,undefined,0.0,5.83808398247
zm160627,linearsvc_C0.1,5396,0.0203135117228,0.5,0.0,0.0,0.0,undefined,0.0,4.83487391472
zm160627,linearsvc_C0.1,5127,0.0193008477767,0.5,0.0,0.0,0.0,undefined,0.0,5.32375502586
zm160627,linearsvc_C0.1,4871,0.0183371229803,0.5,0.0,0.0,0.0,undefined,0.0,4.24768400192
zm160627,linearsvc_C0.1,4628,0.0174223373338,0.5,0.0,0.0,0.0,undefined,0.0,3.64757299423
zm160627,linearsvc_C0.1,4397,0.0165527262871,0.5,0.0,0.0,0.0,undefined,0.0,3.41575098038
zm160627,linearsvc_C0.1,4178,0.0157282898402,0.5,0.0,0.0,0.0,undefined,0.0,3.77888703346
zm160627,linearsvc_C0.1,3970,0.0149452634432,0.5,0.0,0.0,0.0,undefined,0.0,3.53610396385
zm160627,linearsvc_C0.1,3772,0.014199882546,0.5,0.0,0.0,0.0,undefined,0.0,2.67531204224
zm160627,linearsvc_C0.1,3584,0.0134921471487,0.444444444444,0.0,0.0,0.0,undefined,0.0,3.25567007065
zm160627,linearsvc_C0.1,3405,0.0128182927013,0.444444444444,0.0,0.0,0.0,undefined,0.0,2.9920759201
zm160627,linearsvc_C0.1,3235,0.0121783192037,0.388888888889,0.0,0.0,0.0,undefined,0.0,2.36378002167
zm160627,linearsvc_C0.1,3074,0.011572226656,0.444444444444,0.0,0.0,0.0,undefined,0.0,2.2555770874
zm160627,linearsvc_C0.1,2921,0.0109962505082,0.444444444444,0.0,0.0,0.0,undefined,0.0,1.68387579918
zm160627,linearsvc_C0.1,2775,0.0104466262103,0.444444444444,0.0,0.0,0.0,undefined,0.0,2.15573096275
zm160627,linearsvc_C0.1,2637,0.00992711831228,0.388888888889,0.0,0.0,0.0,undefined,0.0,1.90186715126
zm160627,linearsvc_C0.1,2506,0.00943396226415,0.388888888889,0.0,0.0,0.0,undefined,0.0,1.94814300537
zm160627,linearsvc_C0.1,2381,0.00896339351594,0.388888888889,0.0,0.0,0.0,undefined,0.0,1.31433200836
zm160627,linearsvc_C0.1,2262,0.00851541206764,0.444444444444,0.0,0.0,0.0,undefined,0.0,1.31693315506
zm160627,linearsvc_C0.1,2149,0.00809001791926,0.444444444444,0.0,0.0,0.0,undefined,0.0,1.22354984283
zm160627,linearsvc_C0.1,2042,0.00768721107079,0.444444444444,0.0,0.0,0.0,undefined,0.0,1.22871494293
zm160627,linearsvc_C0.1,1940,0.00730322697225,0.5,0.0,0.0,0.0,undefined,0.0,0.877680778503
zm160627,linearsvc_C0.1,1843,0.00693806562364,0.5,0.0,0.0,0.0,undefined,0.0,0.950048923492
zm160627,linearsvc_C0.1,1751,0.00659172702495,0.5,0.0,0.0,0.0,undefined,0.0,0.892331123352
zm160627,linearsvc_C0.1,1664,0.0062642111762,0.444444444444,0.0,0.0,0.0,undefined,0.0,0.835385084152
zm160627,linearsvc_C0.1,1581,0.00595175352738,0.5,0.0,0.0,0.0,undefined,0.0,0.899973154068
zm160627,linearsvc_C0.1,1502,0.00565435407851,0.5,0.0,0.0,0.0,undefined,0.0,0.636299133301
zm160627,linearsvc_C0.1,1427,0.00537201282959,0.444444444444,0.0,0.0,0.0,undefined,0.0,0.628300905228
zm160627,linearsvc_C0.1,1356,0.0051047297806,0.444444444444,0.0,0.0,0.0,undefined,0.0,0.612847805023
zm160627,linearsvc_C1.0,265636,1.0,0.722222222222,0.0,0.0,0.0,undefined,0.0,21.4185409546
zm160627,linearsvc_C1.0,252355,0.95000301164,0.722222222222,0.0,0.0,0.0,undefined,0.0,19.1248600483
zm160627,linearsvc_C1.0,239738,0.90250568447,0.722222222222,0.0,0.0,0.0,undefined,0.0,18.6586930752
zm160627,linearsvc_C1.0,227752,0.857383788342,0.722222222222,0.0,0.0,0.0,undefined,0.0,17.9090759754
zm160627,linearsvc_C1.0,216365,0.814516857655,0.722222222222,0.0,0.0,0.0,undefined,0.0,16.0651469231
zm160627,linearsvc_C1.0,205547,0.77379195591,0.722222222222,0.0,0.0,0.0,undefined,0.0,15.3849749565
zm160627,linearsvc_C1.0,195270,0.735103675707,0.722222222222,0.0,0.0,0.0,undefined,0.0,14.1640341282
zm160627,linearsvc_C1.0,185507,0.698350374196,0.722222222222,0.0,0.0,0.0,undefined,0.0,13.8254401684
zm160627,linearsvc_C1.0,176232,0.663434173079,0.722222222222,0.0,0.0,0.0,undefined,0.0,12.3051269054
zm160627,linearsvc_C1.0,167421,0.630264723155,0.722222222222,0.0,0.0,0.0,undefined,0.0,11.3769769669
zm160627,linearsvc_C1.0,159050,0.598751675225,0.722222222222,0.0,0.0,0.0,undefined,0.0,11.0544061661
zm160627,linearsvc_C1.0,151098,0.568815973738,0.722222222222,0.0,0.0,0.0,undefined,0.0,10.765253067
zm160627,linearsvc_C1.0,143544,0.540378563147,0.722222222222,0.0,0.0,0.0,undefined,0.0,9.97651410103
zm160627,linearsvc_C1.0,136367,0.513360387899,0.722222222222,0.0,0.0,0.0,undefined,0.0,9.65830111504
zm160627,linearsvc_C1.0,129549,0.487693686097,0.722222222222,0.0,0.0,0.0,undefined,0.0,9.11967015266
zm160627,linearsvc_C1.0,123072,0.463310695839,0.722222222222,0.0,0.0,0.0,undefined,0.0,8.27518582344
zm160627,linearsvc_C1.0,116919,0.440147419777,0.722222222222,0.0,0.0,0.0,undefined,0.0,7.7615840435
zm160627,linearsvc_C1.0,111074,0.418143625111,0.722222222222,0.0,0.0,0.0,undefined,0.0,7.49070692062
zm160627,linearsvc_C1.0,105521,0.39723907904,0.722222222222,0.0,0.0,0.0,undefined,0.0,6.87859201431
zm160627,linearsvc_C1.0,100245,0.377377313316,0.722222222222,0.0,0.0,0.0,undefined,0.0,6.46827816963
zm160627,linearsvc_C1.0,95233,0.358509388788,0.722222222222,0.0,0.0,0.0,undefined,0.0,5.84616017342
zm160627,linearsvc_C1.0,90472,0.340586366306,0.722222222222,0.0,0.0,0.0,undefined,0.0,5.7699098587
zm160627,linearsvc_C1.0,85949,0.32355930672,0.722222222222,0.0,0.0,0.0,undefined,0.0,5.47843718529
zm160627,linearsvc_C1.0,81652,0.307383035432,0.722222222222,0.0,0.0,0.0,undefined,0.0,4.91602993011
zm160627,linearsvc_C1.0,77570,0.29201614239,0.666666666667,0.0,0.0,0.0,undefined,0.0,4.85695910454
zm160627,linearsvc_C1.0,73692,0.277417217546,0.666666666667,0.0,0.0,0.0,undefined,0.0,4.7205350399
zm160627,linearsvc_C1.0,70008,0.263548615399,0.666666666667,0.0,0.0,0.0,undefined,0.0,4.15696501732
zm160627,linearsvc_C1.0,66508,0.250372690449,0.666666666667,0.0,0.0,0.0,undefined,0.0,3.92371797562
zm160627,linearsvc_C1.0,63183,0.237855561746,0.666666666667,0.0,0.0,0.0,undefined,0.0,3.90482807159
zm160627,linearsvc_C1.0,60024,0.225963348341,0.666666666667,0.0,0.0,0.0,undefined,0.0,3.66764092445
zm160627,linearsvc_C1.0,57023,0.214665933834,0.666666666667,0.0,0.0,0.0,undefined,0.0,3.40732002258
zm160627,linearsvc_C1.0,54172,0.203933201825,0.666666666667,0.0,0.0,0.0,undefined,0.0,3.26894187927
zm160627,linearsvc_C1.0,51464,0.193738800464,0.666666666667,0.0,0.0,0.0,undefined,0.0,2.96484708786
zm160627,linearsvc_C1.0,48891,0.184052613351,0.666666666667,0.0,0.0,0.0,undefined,0.0,2.74398994446
zm160627,linearsvc_C1.0,46447,0.174852053186,0.666666666667,0.0,0.0,0.0,undefined,0.0,2.65684700012
zm160627,linearsvc_C1.0,44125,0.166110768119,0.666666666667,0.0,0.0,0.0,undefined,0.0,2.524310112
zm160627,linearsvc_C1.0,41919,0.15780617085,0.666666666667,0.0,0.0,0.0,undefined,0.0,2.33629012108
zm160627,linearsvc_C1.0,39824,0.14991943863,0.666666666667,0.0,0.0,0.0,undefined,0.0,2.2681620121
zm160627,linearsvc_C1.0,37833,0.142424219609,0.666666666667,0.0,0.0,0.0,undefined,0.0,2.10328388214
zm160627,linearsvc_C1.0,35942,0.135305455586,0.666666666667,0.0,0.0,0.0,undefined,0.0,1.92929291725
zm160627,linearsvc_C1.0,34145,0.128540559262,0.666666666667,0.0,0.0,0.0,undefined,0.0,1.83222699165
zm160627,linearsvc_C1.0,32438,0.122114472436,0.611111111111,0.0,0.0,0.0,undefined,0.0,1.73356389999
zm160627,linearsvc_C1.0,30817,0.116012136909,0.611111111111,0.0,0.0,0.0,undefined,0.0,1.56327986717
zm160627,linearsvc_C1.0,29277,0.110214729931,0.666666666667,0.0,0.0,0.0,undefined,0.0,1.57620501518
zm160627,linearsvc_C1.0,27814,0.104707193302,0.611111111111,0.0,0.0,0.0,undefined,0.0,1.50005412102
zm160627,linearsvc_C1.0,26424,0.099474468822,0.555555555556,0.0,0.0,0.0,undefined,0.0,1.37336611748
zm160627,linearsvc_C1.0,25103,0.0945014982909,0.555555555556,0.0,0.0,0.0,undefined,0.0,1.3087990284
zm160627,linearsvc_C1.0,23848,0.0897769880588,0.555555555556,0.0,0.0,0.0,undefined,0.0,1.23772096634
zm160627,linearsvc_C1.0,22656,0.0852896444759,0.555555555556,0.0,0.0,0.0,undefined,0.0,1.15192890167
zm160627,linearsvc_C1.0,21524,0.0810281738921,0.611111111111,0.0,0.0,0.0,undefined,0.0,1.05724000931
zm160627,linearsvc_C1.0,20448,0.0769775181075,0.555555555556,0.0,0.0,0.0,undefined,0.0,1.07058882713
zm160627,linearsvc_C1.0,19426,0.0731301480221,0.555555555556,0.0,0.0,0.0,undefined,0.0,1.00740695
zm160627,linearsvc_C1.0,18455,0.069474769986,0.555555555556,0.0,0.0,0.0,undefined,0.0,0.923825025558
zm160627,linearsvc_C1.0,17533,0.0660038548992,0.555555555556,0.0,0.0,0.0,undefined,0.0,0.856132984161
zm160627,linearsvc_C1.0,16657,0.0627061091117,0.5,0.0,0.0,0.0,undefined,0.0,0.788540124893
zm160627,linearsvc_C1.0,15825,0.0595740035236,0.5,0.0,0.0,0.0,undefined,0.0,0.717417001724
zm160627,linearsvc_C1.0,15034,0.0565962444849,0.5,0.0,0.0,0.0,undefined,0.0,0.704248905182
zm160627,linearsvc_C1.0,14283,0.0537690674457,0.5,0.0,0.0,0.0,undefined,0.0,0.676531076431
zm160627,linearsvc_C1.0,13569,0.0510811787559,0.5,0.0,0.0,0.0,undefined,0.0,0.660773992538
zm160627,linearsvc_C1.0,12891,0.0485288138656,0.5,0.0,0.0,0.0,undefined,0.0,0.606329917908
zm160627,linearsvc_C1.0,12247,0.0461044436748,0.5,0.0,0.0,0.0,undefined,0.0,0.569137811661
zm160627,linearsvc_C1.0,11635,0.0438005390836,0.555555555556,0.0,0.0,0.0,undefined,0.0,0.540620088577
zm160627,linearsvc_C1.0,11054,0.0416133355419,0.5,0.0,0.0,0.0,undefined,0.0,0.480065107346
zm160627,linearsvc_C1.0,10502,0.0395353039498,0.5,0.0,0.0,0.0,undefined,0.0,0.490854024887
zm160627,linearsvc_C1.0,9977,0.0375589152073,0.555555555556,0.0,0.0,0.0,undefined,0.0,0.442321062088
zm160627,linearsvc_C1.0,9479,0.0356841693144,0.5,0.0,0.0,0.0,undefined,0.0,0.395722866058
zm160627,linearsvc_C1.0,9006,0.0339035371712,0.5,0.0,0.0,0.0,undefined,0.0,0.381293058395
zm160627,linearsvc_C1.0,8556,0.0322094896776,0.5,0.0,0.0,0.0,undefined,0.0,0.395525217056
zm160627,linearsvc_C1.0,8129,0.0306020268337,0.5,0.0,0.0,0.0,undefined,0.0,0.374044895172
zm160627,linearsvc_C1.0,7723,0.0290736195395,0.5,0.0,0.0,0.0,undefined,0.0,0.358639955521
zm160627,linearsvc_C1.0,7337,0.027620503245,0.5,0.0,0.0,0.0,undefined,0.0,0.332723140717
zm160627,linearsvc_C1.0,6971,0.0262426779503,0.5,0.0,0.0,0.0,undefined,0.0,0.304133892059
zm160627,linearsvc_C1.0,6623,0.0249326145553,0.5,0.0,0.0,0.0,undefined,0.0,0.307775020599
zm160627,linearsvc_C1.0,6292,0.02368654851,0.5,0.0,0.0,0.0,undefined,0.0,0.261642932892
zm160627,linearsvc_C1.0,5978,0.0225044798145,0.5,0.0,0.0,0.0,undefined,0.0,0.265753984451
zm160627,linearsvc_C1.0,5680,0.0213826439187,0.5,0.0,0.0,0.0,undefined,0.0,0.22628903389
zm160627,linearsvc_C1.0,5396,0.0203135117228,0.555555555556,0.0,0.0,0.0,undefined,0.0,0.235764980316
zm160627,linearsvc_C1.0,5127,0.0193008477767,0.555555555556,0.0,0.0,0.0,undefined,0.0,0.255331039429
zm160627,linearsvc_C1.0,4871,0.0183371229803,0.555555555556,0.0,0.0,0.0,undefined,0.0,0.24178481102
zm160627,linearsvc_C1.0,4628,0.0174223373338,0.555555555556,0.0,0.0,0.0,undefined,0.0,0.197068929672
zm160627,linearsvc_C1.0,4397,0.0165527262871,0.444444444444,0.0,0.0,0.0,undefined,0.0,0.215684890747
zm160627,linearsvc_C1.0,4178,0.0157282898402,0.444444444444,0.0,0.0,0.0,undefined,0.0,0.243031978607
zm160627,linearsvc_C1.0,3970,0.0149452634432,0.444444444444,0.0,0.0,0.0,undefined,0.0,0.997667074203
zm160627,linearsvc_C1.0,3772,0.014199882546,0.5,0.0,0.0,0.0,undefined,0.0,0.466588973999
zm160627,linearsvc_C1.0,3584,0.0134921471487,0.5,0.0,0.0,0.0,undefined,0.0,0.366654872894
zm160627,linearsvc_C1.0,3405,0.0128182927013,0.444444444444,0.0,0.0,0.0,undefined,0.0,1.4046049118
zm160627,linearsvc_C1.0,3235,0.0121783192037,0.5,0.0,0.0,0.0,undefined,0.0,1.10769486427
zm160627,linearsvc_C1.0,3074,0.011572226656,0.555555555556,0.0,0.0,0.0,undefined,0.0,1.31129193306
zm160627,linearsvc_C1.0,2921,0.0109962505082,0.611111111111,0.0,0.0,0.0,undefined,0.0,1.89753293991
zm160627,linearsvc_C1.0,2775,0.0104466262103,0.611111111111,0.0,0.0,0.0,undefined,0.0,2.69492602348
zm160627,linearsvc_C1.0,2637,0.00992711831228,0.555555555556,0.0,0.0,0.0,undefined,0.0,1.26007986069
zm160627,linearsvc_C1.0,2506,0.00943396226415,0.5,0.0,0.0,0.0,undefined,0.0,2.19115185738
zm160627,linearsvc_C1.0,2381,0.00896339351594,0.5,0.0,0.0,0.0,undefined,0.0,1.80026602745
zm160627,linearsvc_C1.0,2262,0.00851541206764,0.5,0.0,0.0,0.0,undefined,0.0,2.10990405083
zm160627,linearsvc_C1.0,2149,0.00809001791926,0.5,0.0,0.0,0.0,undefined,0.0,1.55463504791
zm160627,linearsvc_C1.0,2042,0.00768721107079,0.444444444444,0.0,0.0,0.0,undefined,0.0,1.71591997147
zm160627,linearsvc_C1.0,1940,0.00730322697225,0.444444444444,0.0,0.0,0.0,undefined,0.0,1.77038002014
zm160627,linearsvc_C1.0,1843,0.00693806562364,0.5,0.0,0.0,0.0,undefined,0.0,1.57136416435
zm160627,linearsvc_C1.0,1751,0.00659172702495,0.444444444444,0.0,0.0,0.0,undefined,0.0,1.4407851696
zm160627,linearsvc_C1.0,1664,0.0062642111762,0.5,0.0,0.0,0.0,undefined,0.0,1.26454520226
zm160627,linearsvc_C1.0,1581,0.00595175352738,0.444444444444,0.0,0.0,0.0,undefined,0.0,1.36223196983
zm160627,linearsvc_C1.0,1502,0.00565435407851,0.444444444444,0.0,0.0,0.0,undefined,0.0,1.32973599434
zm160627,linearsvc_C1.0,1427,0.00537201282959,0.444444444444,0.0,0.0,0.0,undefined,0.0,1.19001603127
zm160627,linearsvc_C1.0,1356,0.0051047297806,0.5,0.0,0.0,0.0,undefined,0.0,0.998770952225
zm160627,linearsvc_C10.0,265636,1.0,0.777777777778,0.0,0.0,0.0,undefined,0.0,19.7754130363
zm160627,linearsvc_C10.0,252355,0.95000301164,0.777777777778,0.0,0.0,0.0,undefined,0.0,18.9510970116
zm160627,linearsvc_C10.0,239738,0.90250568447,0.777777777778,0.0,0.0,0.0,undefined,0.0,18.0622589588
zm160627,linearsvc_C10.0,227752,0.857383788342,0.777777777778,0.0,0.0,0.0,undefined,0.0,16.8858249187
zm160627,linearsvc_C10.0,216365,0.814516857655,0.777777777778,0.0,0.0,0.0,undefined,0.0,15.2947452068
zm160627,linearsvc_C10.0,205547,0.77379195591,0.777777777778,0.0,0.0,0.0,undefined,0.0,14.7698419094
zm160627,linearsvc_C10.0,195270,0.735103675707,0.777777777778,0.0,0.0,0.0,undefined,0.0,13.7321250439
zm160627,linearsvc_C10.0,185507,0.698350374196,0.777777777778,0.0,0.0,0.0,undefined,0.0,12.3336470127
zm160627,linearsvc_C10.0,176232,0.663434173079,0.777777777778,0.0,0.0,0.0,undefined,0.0,12.0720160007
zm160627,linearsvc_C10.0,167421,0.630264723155,0.777777777778,0.0,0.0,0.0,undefined,0.0,10.9207761288
zm160627,linearsvc_C10.0,159050,0.598751675225,0.777777777778,0.0,0.0,0.0,undefined,0.0,10.5825440884
zm160627,linearsvc_C10.0,151098,0.568815973738,0.777777777778,0.0,0.0,0.0,undefined,0.0,9.69376707077
zm160627,linearsvc_C10.0,143544,0.540378563147,0.777777777778,0.0,0.0,0.0,undefined,0.0,9.32894992828
zm160627,linearsvc_C10.0,136367,0.513360387899,0.777777777778,0.0,0.0,0.0,undefined,0.0,8.68951892853
zm160627,linearsvc_C10.0,129549,0.487693686097,0.777777777778,0.0,0.0,0.0,undefined,0.0,8.04424500465
zm160627,linearsvc_C10.0,123072,0.463310695839,0.777777777778,0.0,0.0,0.0,undefined,0.0,7.68572807312
zm160627,linearsvc_C10.0,116919,0.440147419777,0.777777777778,0.0,0.0,0.0,undefined,0.0,7.39110898972
zm160627,linearsvc_C10.0,111074,0.418143625111,0.777777777778,0.0,0.0,0.0,undefined,0.0,6.50837993622
zm160627,linearsvc_C10.0,105521,0.39723907904,0.777777777778,0.0,0.0,0.0,undefined,0.0,6.36268401146
zm160627,linearsvc_C10.0,100245,0.377377313316,0.777777777778,0.0,0.0,0.0,undefined,0.0,6.03335499763
zm160627,linearsvc_C10.0,95233,0.358509388788,0.777777777778,0.0,0.0,0.0,undefined,0.0,5.5457880497
zm160627,linearsvc_C10.0,90472,0.340586366306,0.777777777778,0.0,0.0,0.0,undefined,0.0,5.20343899727
zm160627,linearsvc_C10.0,85949,0.32355930672,0.777777777778,0.0,0.0,0.0,undefined,0.0,5.3033311367
zm160627,linearsvc_C10.0,81652,0.307383035432,0.777777777778,0.0,0.0,0.0,undefined,0.0,4.55115890503
zm160627,linearsvc_C10.0,77570,0.29201614239,0.777777777778,0.0,0.0,0.0,undefined,0.0,4.2242641449
zm160627,linearsvc_C10.0,73692,0.277417217546,0.777777777778,0.0,0.0,0.0,undefined,0.0,4.24780201912
zm160627,linearsvc_C10.0,70008,0.263548615399,0.777777777778,0.0,0.0,0.0,undefined,0.0,4.10385799408
zm160627,linearsvc_C10.0,66508,0.250372690449,0.777777777778,0.0,0.0,0.0,undefined,0.0,3.67600607872
zm160627,linearsvc_C10.0,63183,0.237855561746,0.777777777778,0.0,0.0,0.0,undefined,0.0,3.36368489265
zm160627,linearsvc_C10.0,60024,0.225963348341,0.777777777778,0.0,0.0,0.0,undefined,0.0,3.26534199715
zm160627,linearsvc_C10.0,57023,0.214665933834,0.777777777778,0.0,0.0,0.0,undefined,0.0,3.12024188042
zm160627,linearsvc_C10.0,54172,0.203933201825,0.777777777778,0.0,0.0,0.0,undefined,0.0,2.95906400681
zm160627,linearsvc_C10.0,51464,0.193738800464,0.777777777778,0.0,0.0,0.0,undefined,0.0,2.856580019
zm160627,linearsvc_C10.0,48891,0.184052613351,0.777777777778,0.0,0.0,0.0,undefined,0.0,2.47513484955
zm160627,linearsvc_C10.0,46447,0.174852053186,0.777777777778,0.0,0.0,0.0,undefined,0.0,2.437718153
zm160627,linearsvc_C10.0,44125,0.166110768119,0.777777777778,0.0,0.0,0.0,undefined,0.0,2.34977793694
zm160627,linearsvc_C10.0,41919,0.15780617085,0.722222222222,0.0,0.0,0.0,undefined,0.0,2.28637003899
zm160627,linearsvc_C10.0,39824,0.14991943863,0.722222222222,0.0,0.0,0.0,undefined,0.0,2.1466012001
zm160627,linearsvc_C10.0,37833,0.142424219609,0.722222222222,0.0,0.0,0.0,undefined,0.0,1.93760895729
zm160627,linearsvc_C10.0,35942,0.135305455586,0.722222222222,0.0,0.0,0.0,undefined,0.0,1.83399391174
zm160627,linearsvc_C10.0,34145,0.128540559262,0.722222222222,0.0,0.0,0.0,undefined,0.0,1.76748418808
zm160627,linearsvc_C10.0,32438,0.122114472436,0.722222222222,0.0,0.0,0.0,undefined,0.0,1.60938692093
zm160627,linearsvc_C10.0,30817,0.116012136909,0.722222222222,0.0,0.0,0.0,undefined,0.0,1.56778883934
zm160627,linearsvc_C10.0,29277,0.110214729931,0.722222222222,0.0,0.0,0.0,undefined,0.0,1.4985101223
zm160627,linearsvc_C10.0,27814,0.104707193302,0.722222222222,0.0,0.0,0.0,undefined,0.0,1.42488503456
zm160627,linearsvc_C10.0,26424,0.099474468822,0.722222222222,0.0,0.0,0.0,undefined,0.0,1.27677416801
zm160627,linearsvc_C10.0,25103,0.0945014982909,0.722222222222,0.0,0.0,0.0,undefined,0.0,1.27826786041
zm160627,linearsvc_C10.0,23848,0.0897769880588,0.722222222222,0.0,0.0,0.0,undefined,0.0,1.23191690445
zm160627,linearsvc_C10.0,22656,0.0852896444759,0.722222222222,0.0,0.0,0.0,undefined,0.0,1.12507486343
zm160627,linearsvc_C10.0,21524,0.0810281738921,0.722222222222,0.0,0.0,0.0,undefined,0.0,1.02175807953
zm160627,linearsvc_C10.0,20448,0.0769775181075,0.722222222222,0.0,0.0,0.0,undefined,0.0,1.02080392838
zm160627,linearsvc_C10.0,19426,0.0731301480221,0.722222222222,0.0,0.0,0.0,undefined,0.0,0.924087047577
zm160627,linearsvc_C10.0,18455,0.069474769986,0.722222222222,0.0,0.0,0.0,undefined,0.0,0.878231048584
zm160627,linearsvc_C10.0,17533,0.0660038548992,0.722222222222,0.0,0.0,0.0,undefined,0.0,0.901813030243
zm160627,linearsvc_C10.0,16657,0.0627061091117,0.722222222222,0.0,0.0,0.0,undefined,0.0,0.790434122086
zm160627,linearsvc_C10.0,15825,0.0595740035236,0.722222222222,0.0,0.0,0.0,undefined,0.0,0.769245862961
zm160627,linearsvc_C10.0,15034,0.0565962444849,0.722222222222,0.0,0.0,0.0,undefined,0.0,0.667489051819
zm160627,linearsvc_C10.0,14283,0.0537690674457,0.666666666667,0.0,0.0,0.0,undefined,0.0,0.631256103516
zm160627,linearsvc_C10.0,13569,0.0510811787559,0.666666666667,0.0,0.0,0.0,undefined,0.0,0.580953121185
zm160627,linearsvc_C10.0,12891,0.0485288138656,0.666666666667,0.0,0.0,0.0,undefined,0.0,0.564549207687
zm160627,linearsvc_C10.0,12247,0.0461044436748,0.666666666667,0.0,0.0,0.0,undefined,0.0,0.513852834702
zm160627,linearsvc_C10.0,11635,0.0438005390836,0.666666666667,0.0,0.0,0.0,undefined,0.0,0.521003007889
zm160627,linearsvc_C10.0,11054,0.0416133355419,0.666666666667,0.0,0.0,0.0,undefined,0.0,0.506530046463
zm160627,linearsvc_C10.0,10502,0.0395353039498,0.666666666667,0.0,0.0,0.0,undefined,0.0,0.513777017593
zm160627,linearsvc_C10.0,9977,0.0375589152073,0.611111111111,0.0,0.0,0.0,undefined,0.0,0.457321882248
zm160627,linearsvc_C10.0,9479,0.0356841693144,0.611111111111,0.0,0.0,0.0,undefined,0.0,0.390283107758
zm160627,linearsvc_C10.0,9006,0.0339035371712,0.611111111111,0.0,0.0,0.0,undefined,0.0,0.393972158432
zm160627,linearsvc_C10.0,8556,0.0322094896776,0.611111111111,0.0,0.0,0.0,undefined,0.0,0.379744052887
zm160627,linearsvc_C10.0,8129,0.0306020268337,0.611111111111,0.0,0.0,0.0,undefined,0.0,0.352735042572
zm160627,linearsvc_C10.0,7723,0.0290736195395,0.611111111111,0.0,0.0,0.0,undefined,0.0,0.307742118835
zm160627,linearsvc_C10.0,7337,0.027620503245,0.666666666667,0.0,0.0,0.0,undefined,0.0,0.334004163742
zm160627,linearsvc_C10.0,6971,0.0262426779503,0.666666666667,0.0,0.0,0.0,undefined,0.0,0.291655063629
zm160627,linearsvc_C10.0,6623,0.0249326145553,0.666666666667,0.0,0.0,0.0,undefined,0.0,0.254221916199
zm160627,linearsvc_C10.0,6292,0.02368654851,0.611111111111,0.0,0.0,0.0,undefined,0.0,0.256510019302
zm160627,linearsvc_C10.0,5978,0.0225044798145,0.666666666667,0.0,0.0,0.0,undefined,0.0,0.252561092377
zm160627,linearsvc_C10.0,5680,0.0213826439187,0.611111111111,0.0,0.0,0.0,undefined,0.0,0.257558107376
zm160627,linearsvc_C10.0,5396,0.0203135117228,0.611111111111,0.0,0.0,0.0,undefined,0.0,0.233464002609
zm160627,linearsvc_C10.0,5127,0.0193008477767,0.611111111111,0.0,0.0,0.0,undefined,0.0,0.228283882141
zm160627,linearsvc_C10.0,4871,0.0183371229803,0.611111111111,0.0,0.0,0.0,undefined,0.0,0.223891019821
zm160627,linearsvc_C10.0,4628,0.0174223373338,0.611111111111,0.0,0.0,0.0,undefined,0.0,0.178591966629
zm160627,linearsvc_C10.0,4397,0.0165527262871,0.611111111111,0.0,0.0,0.0,undefined,0.0,0.176126003265
zm160627,linearsvc_C10.0,4178,0.0157282898402,0.666666666667,0.0,0.0,0.0,undefined,0.0,0.178786039352
zm160627,linearsvc_C10.0,3970,0.0149452634432,0.666666666667,0.0,0.0,0.0,undefined,0.0,0.158722162247
zm160627,linearsvc_C10.0,3772,0.014199882546,0.666666666667,0.0,0.0,0.0,undefined,0.0,0.15921497345
zm160627,linearsvc_C10.0,3584,0.0134921471487,0.666666666667,0.0,0.0,0.0,undefined,0.0,0.166687965393
zm160627,linearsvc_C10.0,3405,0.0128182927013,0.722222222222,0.0,0.0,0.0,undefined,0.0,0.175322055817
zm160627,linearsvc_C10.0,3235,0.0121783192037,0.666666666667,0.0,0.0,0.0,undefined,0.0,0.155520915985
zm160627,linearsvc_C10.0,3074,0.011572226656,0.611111111111,0.0,0.0,0.0,undefined,0.0,0.156678915024
zm160627,linearsvc_C10.0,2921,0.0109962505082,0.666666666667,0.0,0.0,0.0,undefined,0.0,0.135556936264
zm160627,linearsvc_C10.0,2775,0.0104466262103,0.777777777778,0.0,0.0,0.0,undefined,0.0,0.14505314827
zm160627,linearsvc_C10.0,2637,0.00992711831228,0.722222222222,0.0,0.0,0.0,undefined,0.0,0.132425785065
zm160627,linearsvc_C10.0,2506,0.00943396226415,0.611111111111,0.0,0.0,0.0,undefined,0.0,0.121892929077
zm160627,linearsvc_C10.0,2381,0.00896339351594,0.611111111111,0.0,0.0,0.0,undefined,0.0,0.105849981308
zm160627,linearsvc_C10.0,2262,0.00851541206764,0.555555555556,0.0,0.0,0.0,undefined,0.0,0.113273143768
zm160627,linearsvc_C10.0,2149,0.00809001791926,0.666666666667,0.0,0.0,0.0,undefined,0.0,0.105455875397
zm160627,linearsvc_C10.0,2042,0.00768721107079,0.666666666667,0.0,0.0,0.0,undefined,0.0,0.0959939956665
zm160627,linearsvc_C10.0,1940,0.00730322697225,0.666666666667,0.0,0.0,0.0,undefined,0.0,0.104959011078
zm160627,linearsvc_C10.0,1843,0.00693806562364,0.666666666667,0.0,0.0,0.0,undefined,0.0,0.123557090759
zm160627,linearsvc_C10.0,1751,0.00659172702495,0.666666666667,0.0,0.0,0.0,undefined,0.0,0.113075971603
zm160627,linearsvc_C10.0,1664,0.0062642111762,0.666666666667,0.0,0.0,0.0,undefined,0.0,0.115458011627
zm160627,linearsvc_C10.0,1581,0.00595175352738,0.666666666667,0.0,0.0,0.0,undefined,0.0,0.11194896698
zm160627,linearsvc_C10.0,1502,0.00565435407851,0.611111111111,0.0,0.0,0.0,undefined,0.0,0.115844011307
zm160627,linearsvc_C10.0,1427,0.00537201282959,0.666666666667,0.0,0.0,0.0,undefined,0.0,0.106701850891
zm160627,linearsvc_C10.0,1356,0.0051047297806,0.611111111111,0.0,0.0,0.0,undefined,0.0,0.109983921051
zm160627,linearsvc_C100.0,265636,1.0,0.722222222222,0.0,0.0,0.0,undefined,0.0,20.8400690556
zm160627,linearsvc_C100.0,252355,0.95000301164,0.722222222222,0.0,0.0,0.0,undefined,0.0,19.0907449722
zm160627,linearsvc_C100.0,239738,0.90250568447,0.722222222222,0.0,0.0,0.0,undefined,0.0,18.4087841511
zm160627,linearsvc_C100.0,227752,0.857383788342,0.722222222222,0.0,0.0,0.0,undefined,0.0,16.8953249454
zm160627,linearsvc_C100.0,216365,0.814516857655,0.722222222222,0.0,0.0,0.0,undefined,0.0,16.4401550293
zm160627,linearsvc_C100.0,205547,0.77379195591,0.722222222222,0.0,0.0,0.0,undefined,0.0,15.5084550381
zm160627,linearsvc_C100.0,195270,0.735103675707,0.722222222222,0.0,0.0,0.0,undefined,0.0,14.3985979557
zm160627,linearsvc_C100.0,185507,0.698350374196,0.722222222222,0.0,0.0,0.0,undefined,0.0,13.343433857
zm160627,linearsvc_C100.0,176232,0.663434173079,0.722222222222,0.0,0.0,0.0,undefined,0.0,12.2651460171
zm160627,linearsvc_C100.0,167421,0.630264723155,0.722222222222,0.0,0.0,0.0,undefined,0.0,11.5421600342
zm160627,linearsvc_C100.0,159050,0.598751675225,0.722222222222,0.0,0.0,0.0,undefined,0.0,11.0634307861
zm160627,linearsvc_C100.0,151098,0.568815973738,0.722222222222,0.0,0.0,0.0,undefined,0.0,9.96650481224
zm160627,linearsvc_C100.0,143544,0.540378563147,0.722222222222,0.0,0.0,0.0,undefined,0.0,10.00177598
zm160627,linearsvc_C100.0,136367,0.513360387899,0.722222222222,0.0,0.0,0.0,undefined,0.0,8.7217540741
zm160627,linearsvc_C100.0,129549,0.487693686097,0.722222222222,0.0,0.0,0.0,undefined,0.0,8.38094592094
zm160627,linearsvc_C100.0,123072,0.463310695839,0.722222222222,0.0,0.0,0.0,undefined,0.0,7.78701901436
zm160627,linearsvc_C100.0,116919,0.440147419777,0.722222222222,0.0,0.0,0.0,undefined,0.0,7.6513800621
zm160627,linearsvc_C100.0,111074,0.418143625111,0.722222222222,0.0,0.0,0.0,undefined,0.0,6.84954595566
zm160627,linearsvc_C100.0,105521,0.39723907904,0.722222222222,0.0,0.0,0.0,undefined,0.0,6.69208693504
zm160627,linearsvc_C100.0,100245,0.377377313316,0.722222222222,0.0,0.0,0.0,undefined,0.0,6.31228017807
zm160627,linearsvc_C100.0,95233,0.358509388788,0.722222222222,0.0,0.0,0.0,undefined,0.0,5.97051501274
zm160627,linearsvc_C100.0,90472,0.340586366306,0.722222222222,0.0,0.0,0.0,undefined,0.0,5.68538808823
zm160627,linearsvc_C100.0,85949,0.32355930672,0.722222222222,0.0,0.0,0.0,undefined,0.0,5.21667695045
zm160627,linearsvc_C100.0,81652,0.307383035432,0.722222222222,0.0,0.0,0.0,undefined,0.0,5.04411005974
zm160627,linearsvc_C100.0,77570,0.29201614239,0.722222222222,0.0,0.0,0.0,undefined,0.0,4.60010814667
zm160627,linearsvc_C100.0,73692,0.277417217546,0.722222222222,0.0,0.0,0.0,undefined,0.0,4.27613401413
zm160627,linearsvc_C100.0,70008,0.263548615399,0.722222222222,0.0,0.0,0.0,undefined,0.0,4.10215687752
zm160627,linearsvc_C100.0,66508,0.250372690449,0.722222222222,0.0,0.0,0.0,undefined,0.0,3.89708805084
zm160627,linearsvc_C100.0,63183,0.237855561746,0.722222222222,0.0,0.0,0.0,undefined,0.0,3.68020105362
zm160627,linearsvc_C100.0,60024,0.225963348341,0.722222222222,0.0,0.0,0.0,undefined,0.0,3.59187579155
zm160627,linearsvc_C100.0,57023,0.214665933834,0.722222222222,0.0,0.0,0.0,undefined,0.0,3.15437889099
zm160627,linearsvc_C100.0,54172,0.203933201825,0.722222222222,0.0,0.0,0.0,undefined,0.0,3.07595705986
zm160627,linearsvc_C100.0,51464,0.193738800464,0.722222222222,0.0,0.0,0.0,undefined,0.0,2.92232298851
zm160627,linearsvc_C100.0,48891,0.184052613351,0.722222222222,0.0,0.0,0.0,undefined,0.0,2.84492087364
zm160627,linearsvc_C100.0,46447,0.174852053186,0.722222222222,0.0,0.0,0.0,undefined,0.0,2.50542593002
zm160627,linearsvc_C100.0,44125,0.166110768119,0.722222222222,0.0,0.0,0.0,undefined,0.0,2.36541199684
zm160627,linearsvc_C100.0,41919,0.15780617085,0.722222222222,0.0,0.0,0.0,undefined,0.0,2.36133909225
zm160627,linearsvc_C100.0,39824,0.14991943863,0.722222222222,0.0,0.0,0.0,undefined,0.0,2.13934183121
zm160627,linearsvc_C100.0,37833,0.142424219609,0.722222222222,0.0,0.0,0.0,undefined,0.0,2.08928179741
zm160627,linearsvc_C100.0,35942,0.135305455586,0.722222222222,0.0,0.0,0.0,undefined,0.0,2.03532600403
zm160627,linearsvc_C100.0,34145,0.128540559262,0.722222222222,0.0,0.0,0.0,undefined,0.0,1.75958895683
zm160627,linearsvc_C100.0,32438,0.122114472436,0.722222222222,0.0,0.0,0.0,undefined,0.0,1.69186997414
zm160627,linearsvc_C100.0,30817,0.116012136909,0.722222222222,0.0,0.0,0.0,undefined,0.0,1.52602505684
zm160627,linearsvc_C100.0,29277,0.110214729931,0.722222222222,0.0,0.0,0.0,undefined,0.0,1.52680706978
zm160627,linearsvc_C100.0,27814,0.104707193302,0.722222222222,0.0,0.0,0.0,undefined,0.0,1.32142305374
zm160627,linearsvc_C100.0,26424,0.099474468822,0.722222222222,0.0,0.0,0.0,undefined,0.0,1.34033608437
zm160627,linearsvc_C100.0,25103,0.0945014982909,0.722222222222,0.0,0.0,0.0,undefined,0.0,1.30318284035
zm160627,linearsvc_C100.0,23848,0.0897769880588,0.722222222222,0.0,0.0,0.0,undefined,0.0,1.14694404602
zm160627,linearsvc_C100.0,22656,0.0852896444759,0.722222222222,0.0,0.0,0.0,undefined,0.0,1.19713711739
zm160627,linearsvc_C100.0,21524,0.0810281738921,0.722222222222,0.0,0.0,0.0,undefined,0.0,1.0880548954
zm160627,linearsvc_C100.0,20448,0.0769775181075,0.666666666667,0.0,0.0,0.0,undefined,0.0,0.996030092239
zm160627,linearsvc_C100.0,19426,0.0731301480221,0.666666666667,0.0,0.0,0.0,undefined,0.0,1.04217410088
zm160627,linearsvc_C100.0,18455,0.069474769986,0.666666666667,0.0,0.0,0.0,undefined,0.0,0.879510164261
zm160627,linearsvc_C100.0,17533,0.0660038548992,0.722222222222,0.0,0.0,0.0,undefined,0.0,0.924494028091
zm160627,linearsvc_C100.0,16657,0.0627061091117,0.722222222222,0.0,0.0,0.0,undefined,0.0,0.803884029388
zm160627,linearsvc_C100.0,15825,0.0595740035236,0.722222222222,0.0,0.0,0.0,undefined,0.0,0.80452299118
zm160627,linearsvc_C100.0,15034,0.0565962444849,0.722222222222,0.0,0.0,0.0,undefined,0.0,0.705049991608
zm160627,linearsvc_C100.0,14283,0.0537690674457,0.666666666667,0.0,0.0,0.0,undefined,0.0,0.698343992233
zm160627,linearsvc_C100.0,13569,0.0510811787559,0.611111111111,0.0,0.0,0.0,undefined,0.0,0.626230955124
zm160627,linearsvc_C100.0,12891,0.0485288138656,0.611111111111,0.0,0.0,0.0,undefined,0.0,0.607370138168
zm160627,linearsvc_C100.0,12247,0.0461044436748,0.611111111111,0.0,0.0,0.0,undefined,0.0,0.564601898193
zm160627,linearsvc_C100.0,11635,0.0438005390836,0.611111111111,0.0,0.0,0.0,undefined,0.0,0.538492918015
zm160627,linearsvc_C100.0,11054,0.0416133355419,0.611111111111,0.0,0.0,0.0,undefined,0.0,0.495617866516
zm160627,linearsvc_C100.0,10502,0.0395353039498,0.611111111111,0.0,0.0,0.0,undefined,0.0,0.454798936844
zm160627,linearsvc_C100.0,9977,0.0375589152073,0.611111111111,0.0,0.0,0.0,undefined,0.0,0.442486047745
zm160627,linearsvc_C100.0,9479,0.0356841693144,0.666666666667,0.0,0.0,0.0,undefined,0.0,0.394941091537
zm160627,linearsvc_C100.0,9006,0.0339035371712,0.611111111111,0.0,0.0,0.0,undefined,0.0,0.416533946991
zm160627,linearsvc_C100.0,8556,0.0322094896776,0.611111111111,0.0,0.0,0.0,undefined,0.0,0.344305038452
zm160627,linearsvc_C100.0,8129,0.0306020268337,0.555555555556,0.0,0.0,0.0,undefined,0.0,0.364024162292
zm160627,linearsvc_C100.0,7723,0.0290736195395,0.555555555556,0.0,0.0,0.0,undefined,0.0,0.360983848572
zm160627,linearsvc_C100.0,7337,0.027620503245,0.555555555556,0.0,0.0,0.0,undefined,0.0,0.317807912827
zm160627,linearsvc_C100.0,6971,0.0262426779503,0.555555555556,0.0,0.0,0.0,undefined,0.0,0.287535905838
zm160627,linearsvc_C100.0,6623,0.0249326145553,0.555555555556,0.0,0.0,0.0,undefined,0.0,0.320083141327
zm160627,linearsvc_C100.0,6292,0.02368654851,0.555555555556,0.0,0.0,0.0,undefined,0.0,0.286643028259
zm160627,linearsvc_C100.0,5978,0.0225044798145,0.555555555556,0.0,0.0,0.0,undefined,0.0,0.239049911499
zm160627,linearsvc_C100.0,5680,0.0213826439187,0.555555555556,0.0,0.0,0.0,undefined,0.0,0.232908964157
zm160627,linearsvc_C100.0,5396,0.0203135117228,0.555555555556,0.0,0.0,0.0,undefined,0.0,0.219501972198
zm160627,linearsvc_C100.0,5127,0.0193008477767,0.611111111111,0.0,0.0,0.0,undefined,0.0,0.2242000103
zm160627,linearsvc_C100.0,4871,0.0183371229803,0.555555555556,0.0,0.0,0.0,undefined,0.0,0.238844156265
zm160627,linearsvc_C100.0,4628,0.0174223373338,0.555555555556,0.0,0.0,0.0,undefined,0.0,0.20587515831
zm160627,linearsvc_C100.0,4397,0.0165527262871,0.555555555556,0.0,0.0,0.0,undefined,0.0,0.207085132599
zm160627,linearsvc_C100.0,4178,0.0157282898402,0.555555555556,0.0,0.0,0.0,undefined,0.0,0.197386980057
zm160627,linearsvc_C100.0,3970,0.0149452634432,0.555555555556,0.0,0.0,0.0,undefined,0.0,0.185575008392
zm160627,linearsvc_C100.0,3772,0.014199882546,0.555555555556,0.0,0.0,0.0,undefined,0.0,0.183919906616
zm160627,linearsvc_C100.0,3584,0.0134921471487,0.5,0.0,0.0,0.0,undefined,0.0,0.187681913376
zm160627,linearsvc_C100.0,3405,0.0128182927013,0.555555555556,0.0,0.0,0.0,undefined,0.0,0.163682937622
zm160627,linearsvc_C100.0,3235,0.0121783192037,0.555555555556,0.0,0.0,0.0,undefined,0.0,0.172720193863
zm160627,linearsvc_C100.0,3074,0.011572226656,0.5,0.0,0.0,0.0,undefined,0.0,0.150421142578
zm160627,linearsvc_C100.0,2921,0.0109962505082,0.5,0.0,0.0,0.0,undefined,0.0,0.139862060547
zm160627,linearsvc_C100.0,2775,0.0104466262103,0.5,0.0,0.0,0.0,undefined,0.0,0.145283937454
zm160627,linearsvc_C100.0,2637,0.00992711831228,0.5,0.0,0.0,0.0,undefined,0.0,0.128091096878
zm160627,linearsvc_C100.0,2506,0.00943396226415,0.5,0.0,0.0,0.0,undefined,0.0,0.132984876633
zm160627,linearsvc_C100.0,2381,0.00896339351594,0.444444444444,0.0,0.0,0.0,undefined,0.0,0.12704205513
zm160627,linearsvc_C100.0,2262,0.00851541206764,0.444444444444,0.0,0.0,0.0,undefined,0.0,0.113070964813
zm160627,linearsvc_C100.0,2149,0.00809001791926,0.444444444444,0.0,0.0,0.0,undefined,0.0,0.122435808182
zm160627,linearsvc_C100.0,2042,0.00768721107079,0.444444444444,0.0,0.0,0.0,undefined,0.0,0.116107940674
zm160627,linearsvc_C100.0,1940,0.00730322697225,0.444444444444,0.0,0.0,0.0,undefined,0.0,0.124906778336
zm160627,linearsvc_C100.0,1843,0.00693806562364,0.444444444444,0.0,0.0,0.0,undefined,0.0,0.126160860062
zm160627,linearsvc_C100.0,1751,0.00659172702495,0.5,0.0,0.0,0.0,undefined,0.0,0.131792068481
zm160627,linearsvc_C100.0,1664,0.0062642111762,0.5,0.0,0.0,0.0,undefined,0.0,0.1174659729
zm160627,linearsvc_C100.0,1581,0.00595175352738,0.444444444444,0.0,0.0,0.0,undefined,0.0,0.119664907455
zm160627,linearsvc_C100.0,1502,0.00565435407851,0.444444444444,0.0,0.0,0.0,undefined,0.0,0.109092950821
zm160627,linearsvc_C100.0,1427,0.00537201282959,0.444444444444,0.0,0.0,0.0,undefined,0.0,0.114805936813
zm160627,linearsvc_C100.0,1356,0.0051047297806,0.444444444444,0.0,0.0,0.0,undefined,0.0,0.109664916992
zm160627,linearsvc_C1000.0,265636,1.0,0.777777777778,0.0,0.0,0.0,undefined,0.0,21.5939199924
zm160627,linearsvc_C1000.0,252355,0.95000301164,0.777777777778,0.0,0.0,0.0,undefined,0.0,20.5051500797
zm160627,linearsvc_C1000.0,239738,0.90250568447,0.777777777778,0.0,0.0,0.0,undefined,0.0,19.3712730408
zm160627,linearsvc_C1000.0,227752,0.857383788342,0.777777777778,0.0,0.0,0.0,undefined,0.0,18.1702530384
zm160627,linearsvc_C1000.0,216365,0.814516857655,0.777777777778,0.0,0.0,0.0,undefined,0.0,17.3349649906
zm160627,linearsvc_C1000.0,205547,0.77379195591,0.777777777778,0.0,0.0,0.0,undefined,0.0,16.2361068726
zm160627,linearsvc_C1000.0,195270,0.735103675707,0.777777777778,0.0,0.0,0.0,undefined,0.0,14.8110239506
zm160627,linearsvc_C1000.0,185507,0.698350374196,0.777777777778,0.0,0.0,0.0,undefined,0.0,13.9092988968
zm160627,linearsvc_C1000.0,176232,0.663434173079,0.777777777778,0.0,0.0,0.0,undefined,0.0,12.8410708904
zm160627,linearsvc_C1000.0,167421,0.630264723155,0.777777777778,0.0,0.0,0.0,undefined,0.0,12.5967738628
zm160627,linearsvc_C1000.0,159050,0.598751675225,0.777777777778,0.0,0.0,0.0,undefined,0.0,11.3885321617
zm160627,linearsvc_C1000.0,151098,0.568815973738,0.777777777778,0.0,0.0,0.0,undefined,0.0,10.9833061695
zm160627,linearsvc_C1000.0,143544,0.540378563147,0.777777777778,0.0,0.0,0.0,undefined,0.0,10.2601258755
zm160627,linearsvc_C1000.0,136367,0.513360387899,0.777777777778,0.0,0.0,0.0,undefined,0.0,9.84149694443
zm160627,linearsvc_C1000.0,129549,0.487693686097,0.777777777778,0.0,0.0,0.0,undefined,0.0,9.52080392838
zm160627,linearsvc_C1000.0,123072,0.463310695839,0.777777777778,0.0,0.0,0.0,undefined,0.0,10.261013031
zm160627,linearsvc_C1000.0,116919,0.440147419777,0.777777777778,0.0,0.0,0.0,undefined,0.0,8.10150790215
zm160627,linearsvc_C1000.0,111074,0.418143625111,0.777777777778,0.0,0.0,0.0,undefined,0.0,7.8195579052
zm160627,linearsvc_C1000.0,105521,0.39723907904,0.777777777778,0.0,0.0,0.0,undefined,0.0,7.27437901497
zm160627,linearsvc_C1000.0,100245,0.377377313316,0.777777777778,0.0,0.0,0.0,undefined,0.0,6.6228427887
zm160627,linearsvc_C1000.0,95233,0.358509388788,0.777777777778,0.0,0.0,0.0,undefined,0.0,5.98628401756
zm160627,linearsvc_C1000.0,90472,0.340586366306,0.777777777778,0.0,0.0,0.0,undefined,0.0,6.02274298668
zm160627,linearsvc_C1000.0,85949,0.32355930672,0.777777777778,0.0,0.0,0.0,undefined,0.0,5.76710700989
zm160627,linearsvc_C1000.0,81652,0.307383035432,0.777777777778,0.0,0.0,0.0,undefined,0.0,5.15814709663
zm160627,linearsvc_C1000.0,77570,0.29201614239,0.777777777778,0.0,0.0,0.0,undefined,0.0,4.83803200722
zm160627,linearsvc_C1000.0,73692,0.277417217546,0.777777777778,0.0,0.0,0.0,undefined,0.0,4.77907204628
zm160627,linearsvc_C1000.0,70008,0.263548615399,0.777777777778,0.0,0.0,0.0,undefined,0.0,4.48078989983
zm160627,linearsvc_C1000.0,66508,0.250372690449,0.777777777778,0.0,0.0,0.0,undefined,0.0,4.32993412018
zm160627,linearsvc_C1000.0,63183,0.237855561746,0.777777777778,0.0,0.0,0.0,undefined,0.0,3.83826708794
zm160627,linearsvc_C1000.0,60024,0.225963348341,0.777777777778,0.0,0.0,0.0,undefined,0.0,3.61215090752
zm160627,linearsvc_C1000.0,57023,0.214665933834,0.777777777778,0.0,0.0,0.0,undefined,0.0,3.58782505989
zm160627,linearsvc_C1000.0,54172,0.203933201825,0.777777777778,0.0,0.0,0.0,undefined,0.0,3.38126206398
zm160627,linearsvc_C1000.0,51464,0.193738800464,0.777777777778,0.0,0.0,0.0,undefined,0.0,3.10027694702
zm160627,linearsvc_C1000.0,48891,0.184052613351,0.777777777778,0.0,0.0,0.0,undefined,0.0,2.98163104057
zm160627,linearsvc_C1000.0,46447,0.174852053186,0.777777777778,0.0,0.0,0.0,undefined,0.0,2.65132594109
zm160627,linearsvc_C1000.0,44125,0.166110768119,0.777777777778,0.0,0.0,0.0,undefined,0.0,2.72540020943
zm160627,linearsvc_C1000.0,41919,0.15780617085,0.777777777778,0.0,0.0,0.0,undefined,0.0,2.33265089989
zm160627,linearsvc_C1000.0,39824,0.14991943863,0.777777777778,0.0,0.0,0.0,undefined,0.0,2.20823597908
zm160627,linearsvc_C1000.0,37833,0.142424219609,0.777777777778,0.0,0.0,0.0,undefined,0.0,2.22197508812
zm160627,linearsvc_C1000.0,35942,0.135305455586,0.777777777778,0.0,0.0,0.0,undefined,0.0,2.1132979393
zm160627,linearsvc_C1000.0,34145,0.128540559262,0.777777777778,0.0,0.0,0.0,undefined,0.0,1.87462997437
zm160627,linearsvc_C1000.0,32438,0.122114472436,0.777777777778,0.0,0.0,0.0,undefined,0.0,1.83809685707
zm160627,linearsvc_C1000.0,30817,0.116012136909,0.777777777778,0.0,0.0,0.0,undefined,0.0,1.6744120121
zm160627,linearsvc_C1000.0,29277,0.110214729931,0.777777777778,0.0,0.0,0.0,undefined,0.0,1.61012291908
zm160627,linearsvc_C1000.0,27814,0.104707193302,0.777777777778,0.0,0.0,0.0,undefined,0.0,1.50179481506
zm160627,linearsvc_C1000.0,26424,0.099474468822,0.777777777778,0.0,0.0,0.0,undefined,0.0,1.42419981956
zm160627,linearsvc_C1000.0,25103,0.0945014982909,0.777777777778,0.0,0.0,0.0,undefined,0.0,1.39392399788
zm160627,linearsvc_C1000.0,23848,0.0897769880588,0.777777777778,0.0,0.0,0.0,undefined,0.0,1.19112586975
zm160627,linearsvc_C1000.0,22656,0.0852896444759,0.777777777778,0.0,0.0,0.0,undefined,0.0,1.2223880291
zm160627,linearsvc_C1000.0,21524,0.0810281738921,0.777777777778,0.0,0.0,0.0,undefined,0.0,1.12751197815
zm160627,linearsvc_C1000.0,20448,0.0769775181075,0.777777777778,0.0,0.0,0.0,undefined,0.0,1.06077599525
zm160627,linearsvc_C1000.0,19426,0.0731301480221,0.722222222222,0.0,0.0,0.0,undefined,0.0,1.02063918114
zm160627,linearsvc_C1000.0,18455,0.069474769986,0.722222222222,0.0,0.0,0.0,undefined,0.0,0.959186077118
zm160627,linearsvc_C1000.0,17533,0.0660038548992,0.722222222222,0.0,0.0,0.0,undefined,0.0,0.897964000702
zm160627,linearsvc_C1000.0,16657,0.0627061091117,0.722222222222,0.0,0.0,0.0,undefined,0.0,0.871297121048
zm160627,linearsvc_C1000.0,15825,0.0595740035236,0.722222222222,0.0,0.0,0.0,undefined,0.0,0.793608903885
zm160627,linearsvc_C1000.0,15034,0.0565962444849,0.722222222222,0.0,0.0,0.0,undefined,0.0,0.757722854614
zm160627,linearsvc_C1000.0,14283,0.0537690674457,0.722222222222,0.0,0.0,0.0,undefined,0.0,0.726164102554
zm160627,linearsvc_C1000.0,13569,0.0510811787559,0.722222222222,0.0,0.0,0.0,undefined,0.0,0.654791116714
zm160627,linearsvc_C1000.0,12891,0.0485288138656,0.722222222222,0.0,0.0,0.0,undefined,0.0,0.627355098724
zm160627,linearsvc_C1000.0,12247,0.0461044436748,0.722222222222,0.0,0.0,0.0,undefined,0.0,0.596154928207
zm160627,linearsvc_C1000.0,11635,0.0438005390836,0.722222222222,0.0,0.0,0.0,undefined,0.0,0.521198987961
zm160627,linearsvc_C1000.0,11054,0.0416133355419,0.722222222222,0.0,0.0,0.0,undefined,0.0,0.506333827972
zm160627,linearsvc_C1000.0,10502,0.0395353039498,0.722222222222,0.0,0.0,0.0,undefined,0.0,0.497648000717
zm160627,linearsvc_C1000.0,9977,0.0375589152073,0.722222222222,0.0,0.0,0.0,undefined,0.0,0.429486989975
zm160627,linearsvc_C1000.0,9479,0.0356841693144,0.722222222222,0.0,0.0,0.0,undefined,0.0,0.405067920685
zm160627,linearsvc_C1000.0,9006,0.0339035371712,0.722222222222,0.0,0.0,0.0,undefined,0.0,0.413781881332
zm160627,linearsvc_C1000.0,8556,0.0322094896776,0.722222222222,0.0,0.0,0.0,undefined,0.0,0.363737106323
zm160627,linearsvc_C1000.0,8129,0.0306020268337,0.722222222222,0.0,0.0,0.0,undefined,0.0,0.329921960831
zm160627,linearsvc_C1000.0,7723,0.0290736195395,0.722222222222,0.0,0.0,0.0,undefined,0.0,0.323660135269
zm160627,linearsvc_C1000.0,7337,0.027620503245,0.722222222222,0.0,0.0,0.0,undefined,0.0,0.307729005814
zm160627,linearsvc_C1000.0,6971,0.0262426779503,0.666666666667,0.0,0.0,0.0,undefined,0.0,0.274420022964
zm160627,linearsvc_C1000.0,6623,0.0249326145553,0.666666666667,0.0,0.0,0.0,undefined,0.0,0.276081085205
zm160627,linearsvc_C1000.0,6292,0.02368654851,0.666666666667,0.0,0.0,0.0,undefined,0.0,0.242612838745
zm160627,linearsvc_C1000.0,5978,0.0225044798145,0.666666666667,0.0,0.0,0.0,undefined,0.0,0.246686935425
zm160627,linearsvc_C1000.0,5680,0.0213826439187,0.611111111111,0.0,0.0,0.0,undefined,0.0,0.18959403038
zm160627,linearsvc_C1000.0,5396,0.0203135117228,0.722222222222,0.0,0.0,0.0,undefined,0.0,0.212900161743
zm160627,linearsvc_C1000.0,5127,0.0193008477767,0.722222222222,0.0,0.0,0.0,undefined,0.0,0.197235107422
zm160627,linearsvc_C1000.0,4871,0.0183371229803,0.722222222222,0.0,0.0,0.0,undefined,0.0,0.174123048782
zm160627,linearsvc_C1000.0,4628,0.0174223373338,0.722222222222,0.0,0.0,0.0,undefined,0.0,0.20179104805
zm160627,linearsvc_C1000.0,4397,0.0165527262871,0.722222222222,0.0,0.0,0.0,undefined,0.0,0.194104909897
zm160627,linearsvc_C1000.0,4178,0.0157282898402,0.722222222222,0.0,0.0,0.0,undefined,0.0,0.185977935791
zm160627,linearsvc_C1000.0,3970,0.0149452634432,0.722222222222,0.0,0.0,0.0,undefined,0.0,0.18288898468
zm160627,linearsvc_C1000.0,3772,0.014199882546,0.722222222222,0.0,0.0,0.0,undefined,0.0,0.181651115417
zm160627,linearsvc_C1000.0,3584,0.0134921471487,0.666666666667,0.0,0.0,0.0,undefined,0.0,0.154607057571
zm160627,linearsvc_C1000.0,3405,0.0128182927013,0.722222222222,0.0,0.0,0.0,undefined,0.0,0.156682014465
zm160627,linearsvc_C1000.0,3235,0.0121783192037,0.611111111111,0.0,0.0,0.0,undefined,0.0,0.143338918686
zm160627,linearsvc_C1000.0,3074,0.011572226656,0.611111111111,0.0,0.0,0.0,undefined,0.0,0.148266792297
zm160627,linearsvc_C1000.0,2921,0.0109962505082,0.722222222222,0.0,0.0,0.0,undefined,0.0,0.124373912811
zm160627,linearsvc_C1000.0,2775,0.0104466262103,0.666666666667,0.0,0.0,0.0,undefined,0.0,0.14590215683
zm160627,linearsvc_C1000.0,2637,0.00992711831228,0.666666666667,0.0,0.0,0.0,undefined,0.0,0.121701002121
zm160627,linearsvc_C1000.0,2506,0.00943396226415,0.611111111111,0.0,0.0,0.0,undefined,0.0,0.125932216644
zm160627,linearsvc_C1000.0,2381,0.00896339351594,0.611111111111,0.0,0.0,0.0,undefined,0.0,0.11741900444
zm160627,linearsvc_C1000.0,2262,0.00851541206764,0.555555555556,0.0,0.0,0.0,undefined,0.0,0.109388828278
zm160627,linearsvc_C1000.0,2149,0.00809001791926,0.555555555556,0.0,0.0,0.0,undefined,0.0,0.111366033554
zm160627,linearsvc_C1000.0,2042,0.00768721107079,0.555555555556,0.0,0.0,0.0,undefined,0.0,0.102546930313
zm160627,linearsvc_C1000.0,1940,0.00730322697225,0.611111111111,0.0,0.0,0.0,undefined,0.0,0.0979208946228
zm160627,linearsvc_C1000.0,1843,0.00693806562364,0.666666666667,0.0,0.0,0.0,undefined,0.0,0.12215089798
zm160627,linearsvc_C1000.0,1751,0.00659172702495,0.611111111111,0.0,0.0,0.0,undefined,0.0,0.0948371887207
zm160627,linearsvc_C1000.0,1664,0.0062642111762,0.611111111111,0.0,0.0,0.0,undefined,0.0,0.124404907227
zm160627,linearsvc_C1000.0,1581,0.00595175352738,0.666666666667,0.0,0.0,0.0,undefined,0.0,0.118273973465
zm160627,linearsvc_C1000.0,1502,0.00565435407851,0.666666666667,0.0,0.0,0.0,undefined,0.0,0.106571912766
zm160627,linearsvc_C1000.0,1427,0.00537201282959,0.722222222222,0.0,0.0,0.0,undefined,0.0,0.110958099365
zm160627,linearsvc_C1000.0,1356,0.0051047297806,0.666666666667,0.0,0.0,0.0,undefined,0.0,0.108271837234
zm160627,elasticnetiter1000_l1ratio0.15,265636,1.0,0.722222222222,0.0,0.0,0.0,undefined,0.0,1041.84893298
zm160627,elasticnetiter1000_l1ratio0.15,252355,0.95000301164,0.666666666667,0.0,0.0,0.0,undefined,0.0,995.778718948
zm160627,elasticnetiter1000_l1ratio0.15,239738,0.90250568447,0.444444444444,0.0,0.0,0.0,undefined,0.0,948.988921881
zm160627,elasticnetiter1000_l1ratio0.15,227752,0.857383788342,0.444444444444,0.0,0.0,0.0,undefined,0.0,908.587603807
zm160627,elasticnetiter1000_l1ratio0.15,216365,0.814516857655,0.666666666667,0.0,0.0,0.0,undefined,0.0,856.686397076
zm160627,elasticnetiter1000_l1ratio0.15,205547,0.77379195591,0.722222222222,0.0,0.0,0.0,undefined,0.0,820.711333036
zm160627,elasticnetiter1000_l1ratio0.15,195270,0.735103675707,0.555555555556,0.0,0.0,0.0,undefined,0.0,789.476167917
zm160627,elasticnetiter1000_l1ratio0.15,185507,0.698350374196,0.666666666667,0.0,0.0,0.0,undefined,0.0,750.282846928
zm160627,elasticnetiter1000_l1ratio0.15,176232,0.663434173079,0.722222222222,0.0,0.0,0.0,undefined,0.0,714.698824883
zm160627,elasticnetiter1000_l1ratio0.15,167421,0.630264723155,0.611111111111,0.0,0.0,0.0,undefined,0.0,677.68759203
zm160627,elasticnetiter1000_l1ratio0.15,159050,0.598751675225,0.5,0.0,0.0,0.0,undefined,0.0,659.122018099
zm160627,elasticnetiter1000_l1ratio0.15,151098,0.568815973738,0.5,0.0,0.0,0.0,undefined,0.0,620.232870102
zm160627,elasticnetiter1000_l1ratio0.15,143544,0.540378563147,0.555555555556,0.0,0.0,0.0,undefined,0.0,599.508639097
zm160627,elasticnetiter1000_l1ratio0.15,136367,0.513360387899,0.611111111111,0.0,0.0,0.0,undefined,0.0,563.896414042
zm160627,elasticnetiter1000_l1ratio0.15,129549,0.487693686097,0.555555555556,0.0,0.0,0.0,undefined,0.0,545.272839069
zm160627,elasticnetiter1000_l1ratio0.15,123072,0.463310695839,0.444444444444,0.0,0.0,0.0,undefined,0.0,527.200191021
zm160627,elasticnetiter1000_l1ratio0.15,116919,0.440147419777,0.388888888889,0.0,0.0,0.0,undefined,0.0,497.913679838
zm160627,elasticnetiter1000_l1ratio0.15,111074,0.418143625111,0.444444444444,0.0,0.0,0.0,undefined,0.0,475.207207203
zm160627,elasticnetiter1000_l1ratio0.15,105521,0.39723907904,0.388888888889,0.0,0.0,0.0,undefined,0.0,447.161512852
zm160627,elasticnetiter1000_l1ratio0.15,100245,0.377377313316,0.5,0.0,0.0,0.0,undefined,0.0,426.202732801
zm160627,elasticnetiter1000_l1ratio0.15,95233,0.358509388788,0.388888888889,0.0,0.0,0.0,undefined,0.0,412.026493073
zm160627,elasticnetiter1000_l1ratio0.15,90472,0.340586366306,0.333333333333,0.0,0.0,0.0,undefined,0.0,403.59247303
zm160627,elasticnetiter1000_l1ratio0.15,85949,0.32355930672,0.277777777778,0.0,0.0,0.0,undefined,0.0,397.540018082
zm160627,elasticnetiter1000_l1ratio0.15,81652,0.307383035432,0.333333333333,0.0,0.0,0.0,undefined,0.0,372.225125074
zm160627,elasticnetiter1000_l1ratio0.15,77570,0.29201614239,0.222222222222,0.0,0.0,0.0,undefined,0.0,357.750690937
zm160627,elasticnetiter1000_l1ratio0.15,73692,0.277417217546,0.388888888889,0.0,0.0,0.0,undefined,0.0,342.593932867
zm160627,elasticnetiter1000_l1ratio0.15,70008,0.263548615399,0.444444444444,0.0,0.0,0.0,undefined,0.0,315.721547127
zm160627,elasticnetiter1000_l1ratio0.15,66508,0.250372690449,0.444444444444,0.0,0.0,0.0,undefined,0.0,315.704756975
zm160627,elasticnetiter1000_l1ratio0.15,63183,0.237855561746,0.333333333333,0.0,0.0,0.0,undefined,0.0,289.985931873
zm160627,elasticnetiter1000_l1ratio0.15,60024,0.225963348341,0.277777777778,0.0,0.0,0.0,undefined,0.0,280.613270998
zm160627,elasticnetiter1000_l1ratio0.15,57023,0.214665933834,0.111111111111,0.0,0.0,0.0,undefined,0.0,263.393097878
zm160627,elasticnetiter1000_l1ratio0.15,54172,0.203933201825,0.333333333333,0.0,0.0,0.0,undefined,0.0,247.155259132
zm160627,elasticnetiter1000_l1ratio0.15,51464,0.193738800464,0.444444444444,0.0,0.0,0.0,undefined,0.0,244.557795048
zm160627,elasticnetiter1000_l1ratio0.15,48891,0.184052613351,0.0555555555556,0.0,0.0,0.0,undefined,0.0,235.789269209
zm160627,elasticnetiter1000_l1ratio0.15,46447,0.174852053186,0.222222222222,0.0,0.0,0.0,undefined,0.0,211.471457005
zm160627,elasticnetiter1000_l1ratio0.15,44125,0.166110768119,0.388888888889,0.0,0.0,0.0,undefined,0.0,203.154399872
zm160627,elasticnetiter1000_l1ratio0.15,41919,0.15780617085,0.111111111111,0.0,0.0,0.0,undefined,0.0,194.022154093
zm160627,elasticnetiter1000_l1ratio0.15,39824,0.14991943863,0.333333333333,0.0,0.0,0.0,undefined,0.0,205.021512985
zm160627,elasticnetiter1000_l1ratio0.15,37833,0.142424219609,0.111111111111,0.0,0.0,0.0,undefined,0.0,194.32332921
zm160627,elasticnetiter1000_l1ratio0.15,35942,0.135305455586,0.111111111111,0.0,0.0,0.0,undefined,0.0,181.788159847
zm160627,elasticnetiter1000_l1ratio0.15,34145,0.128540559262,0.333333333333,0.0,0.0,0.0,undefined,0.0,172.721601009
zm160627,elasticnetiter1000_l1ratio0.15,32438,0.122114472436,0.111111111111,0.0,0.0,0.0,undefined,0.0,152.197317123
zm160627,elasticnetiter1000_l1ratio0.15,30817,0.116012136909,0.166666666667,0.0,0.0,0.0,undefined,0.0,140.965101957
zm160627,elasticnetiter1000_l1ratio0.15,29277,0.110214729931,0.111111111111,0.0,0.0,0.0,undefined,0.0,135.855329037
zm160627,elasticnetiter1000_l1ratio0.15,27814,0.104707193302,0.0555555555556,0.0,0.0,0.0,undefined,0.0,137.544064999
zm160627,elasticnetiter1000_l1ratio0.15,26424,0.099474468822,0.0555555555556,0.0,0.0,0.0,undefined,0.0,136.294198036
zm160627,elasticnetiter1000_l1ratio0.15,25103,0.0945014982909,0.166666666667,0.0,0.0,0.0,undefined,0.0,129.756211996
zm160627,elasticnetiter1000_l1ratio0.15,23848,0.0897769880588,0.0555555555556,0.0,0.0,0.0,undefined,0.0,124.392859221
zm160627,elasticnetiter1000_l1ratio0.15,22656,0.0852896444759,0.0,0.0,0.0,0.0,undefined,0.0,116.805600166
zm160627,elasticnetiter1000_l1ratio0.15,21524,0.0810281738921,0.0555555555556,0.0,0.0,0.0,undefined,0.0,110.149795055
zm160627,elasticnetiter1000_l1ratio0.15,20448,0.0769775181075,0.0555555555556,0.0,0.0,0.0,undefined,0.0,106.473754883
zm160627,elasticnetiter1000_l1ratio0.15,19426,0.0731301480221,0.0,0.0,0.0,0.0,undefined,0.0,101.117590189
zm160627,elasticnetiter1000_l1ratio0.15,18455,0.069474769986,0.0,0.0,0.0,0.0,undefined,0.0,93.4848430157
zm160627,elasticnetiter1000_l1ratio0.15,17533,0.0660038548992,0.0,0.0,0.0,0.0,undefined,0.0,91.2770087719
zm160627,elasticnetiter1000_l1ratio0.15,16657,0.0627061091117,0.111111111111,0.0,0.0,0.0,undefined,0.0,84.8195209503
zm160627,elasticnetiter1000_l1ratio0.15,15825,0.0595740035236,0.0,0.0,0.0,0.0,undefined,0.0,80.1240890026
zm160627,elasticnetiter1000_l1ratio0.15,15034,0.0565962444849,0.0,0.0,0.0,0.0,undefined,0.0,77.8591279984
zm160627,elasticnetiter1000_l1ratio0.15,14283,0.0537690674457,0.0,0.0,0.0,0.0,undefined,0.0,73.9774551392
zm160627,elasticnetiter1000_l1ratio0.15,13569,0.0510811787559,0.0555555555556,0.0,0.0,0.0,undefined,0.0,68.4938509464
zm160627,elasticnetiter1000_l1ratio0.15,12891,0.0485288138656,0.0,0.0,0.0,0.0,undefined,0.0,67.0756540298
zm160627,elasticnetiter1000_l1ratio0.15,12247,0.0461044436748,0.0555555555556,0.0,0.0,0.0,undefined,0.0,60.7381608486
zm160627,elasticnetiter1000_l1ratio0.15,11635,0.0438005390836,0.0,0.0,0.0,0.0,undefined,0.0,59.0966479778
zm160627,elasticnetiter1000_l1ratio0.15,11054,0.0416133355419,0.0,0.0,0.0,0.0,undefined,0.0,55.7005860806
zm160627,elasticnetiter1000_l1ratio0.15,10502,0.0395353039498,0.0,0.0,0.0,0.0,undefined,0.0,52.2570850849
zm160627,elasticnetiter1000_l1ratio0.15,9977,0.0375589152073,0.0,0.0,0.0,0.0,undefined,0.0,50.3462409973
zm160627,elasticnetiter1000_l1ratio0.15,9479,0.0356841693144,0.0,0.0,0.0,0.0,undefined,0.0,50.1791491508
zm160627,elasticnetiter1000_l1ratio0.15,9006,0.0339035371712,0.0,0.0,0.0,0.0,undefined,0.0,45.1296870708
zm160627,elasticnetiter1000_l1ratio0.15,8556,0.0322094896776,0.0,0.0,0.0,0.0,undefined,0.0,43.7751550674
zm160627,elasticnetiter1000_l1ratio0.15,8129,0.0306020268337,0.0,0.0,0.0,0.0,undefined,0.0,39.2842328548
zm160627,elasticnetiter1000_l1ratio0.15,7723,0.0290736195395,0.0,0.0,0.0,0.0,undefined,0.0,40.6627810001
zm160627,elasticnetiter1000_l1ratio0.15,7337,0.027620503245,0.0,0.0,0.0,0.0,undefined,0.0,37.41573596
zm160627,elasticnetiter1000_l1ratio0.15,6971,0.0262426779503,0.0,0.0,0.0,0.0,undefined,0.0,33.6748411655
zm160627,elasticnetiter1000_l1ratio0.15,6623,0.0249326145553,0.0,0.0,0.0,0.0,undefined,0.0,34.3209149837
zm160627,elasticnetiter1000_l1ratio0.15,6292,0.02368654851,0.0,0.0,0.0,0.0,undefined,0.0,31.762057066
zm160627,elasticnetiter1000_l1ratio0.15,5978,0.0225044798145,0.0,0.0,0.0,0.0,undefined,0.0,30.7702569962
zm160627,elasticnetiter1000_l1ratio0.15,5680,0.0213826439187,0.0,0.0,0.0,0.0,undefined,0.0,27.5825419426
zm160627,elasticnetiter1000_l1ratio0.15,5396,0.0203135117228,0.0,0.0,0.0,0.0,undefined,0.0,25.8846280575
zm160627,elasticnetiter1000_l1ratio0.15,5127,0.0193008477767,0.0,0.0,0.0,0.0,undefined,0.0,24.5838840008
zm160627,elasticnetiter1000_l1ratio0.15,4871,0.0183371229803,0.0,0.0,0.0,0.0,undefined,0.0,24.1220169067
zm160627,elasticnetiter1000_l1ratio0.15,4628,0.0174223373338,0.0,0.0,0.0,0.0,undefined,0.0,23.0700099468
zm160627,elasticnetiter1000_l1ratio0.15,4397,0.0165527262871,0.0,0.0,0.0,0.0,undefined,0.0,20.9805099964
zm160627,elasticnetiter1000_l1ratio0.15,4178,0.0157282898402,0.0,0.0,0.0,0.0,undefined,0.0,19.5270559788
zm160627,elasticnetiter1000_l1ratio0.15,3970,0.0149452634432,0.0,0.0,0.0,0.0,undefined,0.0,18.9814531803
zm160627,elasticnetiter1000_l1ratio0.15,3772,0.014199882546,0.0,0.0,0.0,0.0,undefined,0.0,17.5737240314
zm160627,elasticnetiter1000_l1ratio0.15,3584,0.0134921471487,0.0,0.0,0.0,0.0,undefined,0.0,16.3451230526
zm160627,elasticnetiter1000_l1ratio0.15,3405,0.0128182927013,0.0,0.0,0.0,0.0,undefined,0.0,16.1382861137
zm160627,elasticnetiter1000_l1ratio0.15,3235,0.0121783192037,0.0,0.0,0.0,0.0,undefined,0.0,14.7121329308
zm160627,elasticnetiter1000_l1ratio0.15,3074,0.011572226656,0.0,0.0,0.0,0.0,undefined,0.0,14.1290168762
zm160627,elasticnetiter1000_l1ratio0.15,2921,0.0109962505082,0.0,0.0,0.0,0.0,undefined,0.0,12.9666521549
zm160627,elasticnetiter1000_l1ratio0.15,2775,0.0104466262103,0.0,0.0,0.0,0.0,undefined,0.0,13.1211299896
zm160627,elasticnetiter1000_l1ratio0.15,2637,0.00992711831228,0.0,0.0,0.0,0.0,undefined,0.0,11.7656559944
zm160627,elasticnetiter1000_l1ratio0.15,2506,0.00943396226415,0.0,0.0,0.0,0.0,undefined,0.0,11.0638420582
zm160627,elasticnetiter1000_l1ratio0.15,2381,0.00896339351594,0.0,0.0,0.0,0.0,undefined,0.0,11.1041948795
zm160627,elasticnetiter1000_l1ratio0.15,2262,0.00851541206764,0.0,0.0,0.0,0.0,undefined,0.0,10.0089809895
zm160627,elasticnetiter1000_l1ratio0.15,2149,0.00809001791926,0.0,0.0,0.0,0.0,undefined,0.0,9.55450701714
zm160627,elasticnetiter1000_l1ratio0.15,2042,0.00768721107079,0.0,0.0,0.0,0.0,undefined,0.0,8.71079492569
zm160627,elasticnetiter1000_l1ratio0.15,1940,0.00730322697225,0.0,0.0,0.0,0.0,undefined,0.0,8.58810400963
zm160627,elasticnetiter1000_l1ratio0.15,1843,0.00693806562364,0.0,0.0,0.0,0.0,undefined,0.0,7.79789090157
zm160627,elasticnetiter1000_l1ratio0.15,1751,0.00659172702495,0.0,0.0,0.0,0.0,undefined,0.0,7.09626913071
zm160627,elasticnetiter1000_l1ratio0.15,1664,0.0062642111762,0.0,0.0,0.0,0.0,undefined,0.0,6.73538398743
zm160627,elasticnetiter1000_l1ratio0.15,1581,0.00595175352738,0.0,0.0,0.0,0.0,undefined,0.0,6.31189513206
zm160627,elasticnetiter1000_l1ratio0.15,1502,0.00565435407851,0.0,0.0,0.0,0.0,undefined,0.0,6.04823088646
zm160627,elasticnetiter1000_l1ratio0.15,1427,0.00537201282959,0.0,0.0,0.0,0.0,undefined,0.0,5.58970308304
zm160627,elasticnetiter1000_l1ratio0.15,1356,0.0051047297806,0.0,0.0,0.0,0.0,undefined,0.0,5.51251602173
